3.499471852702491503e+00 3.497914860611639032e+00 3.493255733989025114e+00 3.485529931601507148e+00 3.474796251470222419e+00 3.461136383382142245e+00 3.444654287181470043e+00 3.425475401572456224e+00 3.403745689455111911e+00 3.379630527059410472e+00 3.353313445332315457e+00 3.324994733156457993e+00 3.294889913030802475e+00 3.263228100814293153e+00 3.230250262015822216e+00 3.196207377901208790e+00 3.161358535374221734e+00 3.125968955168797692e+00 3.090307973359112115e+00 3.054646991549427870e+00 3.019257411344003383e+00 2.984408568817016327e+00 2.950365684702402902e+00 2.917387845903931964e+00 2.885726033687422643e+00 2.855621213561768013e+00 2.827302501385910105e+00 2.800985419658815090e+00 2.776870257263113206e+00 2.755140545145769337e+00 2.735961659536755519e+00 2.719479563336083316e+00 2.705819695248003587e+00 2.695086015116717970e+00 2.687360212729200892e+00 2.682701086106587862e+00 2.681144094015733614e+00 2.682701086106587862e+00 2.687360212729200892e+00 2.695086015116717970e+00 2.705819695248003587e+00 2.719479563336083316e+00 2.735961659536755519e+00 2.755140545145769337e+00 2.776870257263113206e+00 2.800985419658815090e+00 2.827302501385910105e+00 2.855621213561768013e+00 2.885726033687422643e+00 2.917387845903931964e+00 2.950365684702402902e+00 2.984408568817016327e+00 3.019257411344003383e+00 3.054646991549427870e+00 3.090307973359112115e+00 3.125968955168797692e+00 3.161358535374221734e+00 3.196207377901208790e+00 3.230250262015822216e+00 3.263228100814293153e+00 3.294889913030802475e+00 3.324994733156457993e+00 3.353313445332315457e+00 3.379630527059410472e+00 3.403745689455111911e+00 3.425475401572456224e+00 3.444654287181470043e+00 3.461136383382142245e+00 3.474796251470222419e+00 3.485529931601507148e+00 3.493255733989025114e+00 3.497914860611639032e+00 3.499471852702491503e+00 3.497914860611639032e+00 3.493255733989025114e+00 3.485529931601507148e+00 3.474796251470222419e+00 3.461136383382142245e+00 3.444654287181470043e+00 3.425475401572456224e+00 3.403745689455111911e+00 3.379630527059410472e+00 3.353313445332315457e+00 3.324994733156457993e+00 3.294889913030802475e+00 3.263228100814293153e+00 3.230250262015822216e+00 3.196207377901208790e+00 3.161358535374221734e+00 3.125968955168797692e+00 3.090307973359112115e+00 3.054646991549427870e+00 3.019257411344003383e+00 2.984408568817016327e+00 2.950365684702402902e+00 2.917387845903931964e+00 2.885726033687422643e+00 2.855621213561768013e+00 2.827302501385910105e+00 2.800985419658815090e+00 2.776870257263113206e+00 2.755140545145769337e+00 2.735961659536755519e+00 2.719479563336083316e+00 2.705819695248003587e+00 2.695086015116717970e+00 2.687360212729200892e+00 2.682701086106587862e+00 2.681144094015733614e+00 2.682701086106587862e+00 2.687360212729200892e+00 2.695086015116717970e+00 2.705819695248003587e+00 2.719479563336083316e+00 2.735961659536755519e+00 2.755140545145769337e+00 2.776870257263113206e+00 2.800985419658815090e+00 2.827302501385910105e+00 2.855621213561768013e+00 2.885726033687422643e+00 2.917387845903931964e+00 2.950365684702402902e+00 2.984408568817016327e+00 3.019257411344003383e+00 3.054646991549427870e+00 3.090307973359112115e+00 3.125968955168797692e+00 3.161358535374221734e+00 3.196207377901208790e+00 3.230250262015822216e+00 3.263228100814293153e+00 3.294889913030802475e+00 3.324994733156457993e+00 3.353313445332315457e+00 3.379630527059410472e+00 3.403745689455111911e+00 3.425475401572456224e+00 3.444654287181470043e+00 3.461136383382142245e+00 3.474796251470222419e+00 3.485529931601507148e+00 3.493255733989025114e+00 3.497914860611639032e+00
3.497914860611639032e+00 3.498627297332101538e+00 3.496230243445065611e+00 3.490746004017979853e+00 3.482220367862178367e+00 3.470722251342141629e+00 3.456343166206862438e+00 3.439196515508088581e+00 3.419416722978384282e+00 3.397158202509394709e+00 3.372594175587419585e+00 3.345915345700374743e+00 3.317328439818564068e+00 3.287054628063064587e+00 3.255327833602367438e+00 3.222392945653054230e+00 3.188503949197400988e+00 3.153921985664319916e+00 3.118913359345091063e+00 3.083747504727966326e+00 3.048694930232719980e+00 3.014025154005453455e+00 2.980004647493901260e+00 2.946894802463843277e+00 2.914949936938301178e+00 2.884415355244522861e+00 2.855525476941400242e+00 2.828502048875231711e+00 2.803552453978541248e+00 2.780868129689798351e+00 2.760623108037076445e+00 2.742972688502097522e+00 2.728052253770037794e+00 2.715976237382367930e+00 2.706837251153331181e+00 2.700705378994126438e+00 2.697627642521805313e+00 2.697627642521805313e+00 2.700705378994126438e+00 2.706837251153331181e+00 2.715976237382367930e+00 2.728052253770037794e+00 2.742972688502097522e+00 2.760623108037076445e+00 2.780868129689798351e+00 2.803552453978541248e+00 2.828502048875231711e+00 2.855525476941400242e+00 2.884415355244522861e+00 2.914949936938301178e+00 2.946894802463843277e+00 2.980004647493901260e+00 3.014025154005453455e+00 3.048694930232719980e+00 3.083747504727966326e+00 3.118913359345091063e+00 3.153921985664319916e+00 3.188503949197400988e+00 3.222392945653054230e+00 3.255327833602367438e+00 3.287054628063064587e+00 3.317328439818564068e+00 3.345915345700374743e+00 3.372594175587419585e+00 3.397158202509394709e+00 3.419416722978384282e+00 3.439196515508088581e+00 3.456343166206862438e+00 3.470722251342141629e+00 3.482220367862178367e+00 3.490746004017979853e+00 3.496230243445065611e+00 3.498627297332101538e+00 3.497914860611639032e+00 3.494094289447466029e+00 3.487190598653077789e+00 3.477252279046164407e+00 3.464350936114441115e+00 3.448580752728135579e+00 3.430057779973578302e+00 3.408919061490593094e+00 3.385321597963611762e+00 3.359441159633144824e+00 3.331470955851048021e+00 3.301620171791229463e+00 3.270112383438710690e+00 3.237183862906570564e+00 3.203081786965269018e+00 3.168062362405765331e+00 3.132388882491115023e+00 3.096329729276069642e+00 3.060156336986533443e+00 3.024141131947505556e+00 2.988555464727039368e+00 2.953667550223434191e+00 2.919740431362880084e+00 2.887029981895583131e+00 2.855782963481342307e+00 2.826235151842837023e+00 2.798609546239864354e+00 2.773114675884114089e+00 2.749943016176885191e+00 2.729269526816917146e+00 2.711250322898565823e+00 2.696021489109041269e+00 2.683698046044948882e+00 2.674373076511271652e+00 2.668117018449002842e+00 2.664977129870115036e+00 2.664977129870115036e+00 2.668117018449002842e+00 2.674373076511271652e+00 2.683698046044948882e+00 2.696021489109041269e+00 2.711250322898565823e+00 2.729269526816917146e+00 2.749943016176885191e+00 2.773114675884114089e+00 2.798609546239864354e+00 2.826235151842837023e+00 2.855782963481342307e+00 2.887029981895583131e+00 2.919740431362880084e+00 2.953667550223434191e+00 2.988555464727039368e+00 3.024141131947505556e+00 3.060156336986533443e+00 3.096329729276069642e+00 3.132388882491115023e+00 3.168062362405765331e+00 3.203081786965269018e+00 3.237183862906570564e+00 3.270112383438710690e+00 3.301620171791229463e+00 3.331470955851048021e+00 3.359441159633144824e+00 3.385321597963611762e+00 3.408919061490593094e+00 3.430057779973578302e+00 3.448580752728135579e+00 3.464350936114441115e+00 3.477252279046164407e+00 3.487190598653077789e+00 3.494094289447466029e+00
3.493255733989025114e+00 3.496230243445065611e+00 3.496099604258796845e+00 3.492872925723931044e+00 3.486582864415594951e+00 3.477285360236030076e+00 3.465059195318856755e+00 3.450005379178156861e+00 3.432246364810833228e+00 3.411925101747023792e+00 3.389203933284003600e+00 3.364263346324511961e+00 3.337300583361869855e+00 3.308528127202899238e+00 3.278172069987757897e+00 3.246470378945812030e+00 3.213671072111971672e+00 3.180030317912535764e+00 3.145810473108302308e+00 3.111278074051103903e+00 3.076701796564447644e+00 3.042350399996928356e+00 3.008490671116634374e+00 2.975385383515114057e+00 2.943291288070452705e+00 2.912457149781638943e+00 2.883121845932535177e+00 2.855512540075870742e+00 2.829842945749612593e+00 2.806311693154035058e+00 2.785100811233070406e+00 2.766374336724048533e+00 2.750277060772475135e+00 2.736933422660309478e+00 2.726446559075371479e+00 2.718897516164508588e+00 2.714344630372999223e+00 2.712823082786863793e+00 2.714344630372999223e+00 2.718897516164508588e+00 2.726446559075371479e+00 2.736933422660309478e+00 2.750277060772475135e+00 2.766374336724048533e+00 2.785100811233070406e+00 2.806311693154035058e+00 2.829842945749612593e+00 2.855512540075870742e+00 2.883121845932535177e+00 2.912457149781638943e+00 2.943291288070452705e+00 2.975385383515114057e+00 3.008490671116634374e+00 3.042350399996928356e+00 3.076701796564447644e+00 3.111278074051103903e+00 3.145810473108302308e+00 3.180030317912535764e+00 3.213671072111971672e+00 3.246470378945812030e+00 3.278172069987757897e+00 3.308528127202899238e+00 3.337300583361869855e+00 3.364263346324511961e+00 3.389203933284003600e+00 3.411925101747023792e+00 3.432246364810833228e+00 3.450005379178156861e+00 3.465059195318856755e+00 3.477285360236030076e+00 3.486582864415594951e+00 3.492872925723931044e+00 3.496099604258796845e+00 3.496230243445065611e+00 3.493255733989025114e+00 3.487190598653077789e+00 3.478072897176204048e+00 3.465963952034415652e+00 3.450947897098998851e+00 3.433131052598250132e+00 3.412641131110595083e+00 3.389626280603093900e+00 3.364253971769807894e+00 3.336709738109858936e+00 3.307195778306039724e+00 3.275929431513360246e+00 3.243141537134544450e+00 3.209074691539216762e+00 3.173981414968404469e+00 3.138122242550181795e+00 3.101763753930512735e+00 3.065176556491285620e+00 3.028633237481515916e+00 2.992406300625133131e+00 2.956766102887768088e+00 2.921978807084635310e+00 2.888304365892024439e+00 2.855994552586880619e+00 2.825291053484333847e+00 2.796423636574537408e+00 2.769608410281355848e+00 2.745046185580625409e+00 2.722920953930278998e+00 2.703398492584322188e+00 2.686625107894447861e+00 2.672726526154022952e+00 2.661806940417608569e+00 2.653948220543260295e+00 2.649209292463956977e+00 2.647625691407787141e+00 2.649209292463956977e+00 2.653948220543260295e+00 2.661806940417608569e+00 2.672726526154022952e+00 2.686625107894447861e+00 2.703398492584322188e+00 2.722920953930278998e+00 2.745046185580625409e+00 2.769608410281355848e+00 2.796423636574537408e+00 2.825291053484333847e+00 2.855994552586880619e+00 2.888304365892024439e+00 2.921978807084635310e+00 2.956766102887768088e+00 2.992406300625133131e+00 3.028633237481515916e+00 3.065176556491285620e+00 3.101763753930512735e+00 3.138122242550181795e+00 3.173981414968404469e+00 3.209074691539216762e+00 3.243141537134544450e+00 3.275929431513360246e+00 3.307195778306039724e+00 3.336709738109858936e+00 3.364253971769807894e+00 3.389626280603093900e+00 3.412641131110595083e+00 3.433131052598250132e+00 3.450947897098998851e+00 3.465963952034415652e+00 3.478072897176204048e+00 3.487190598653077789e+00
3.485529931601507148e+00 3.490746004017979853e+00 3.492872925723931044e+00 3.491906648003009650e+00 3.487866651701118759e+00 3.480795775881194043e+00 3.470759868773777956e+00 3.457847263723696329e+00 3.442168084164778818e+00 3.423853382955526214e+00 3.403054122668851544e+00 3.379940004638936291e+00 3.354698155718890629e+00 3.327531682785034750e+00 3.298658106029601189e+00 3.268307683005261755e+00 3.236721636215548870e+00 3.204150297778369794e+00 3.170851185319929044e+00 3.137087023778704520e+00 3.103123728209650878e+00 3.069228362974365965e+00 3.035667092881490614e+00 3.002703141901462036e+00 2.970594775020773071e+00 2.939593318623312523e+00 2.909941234491640216e+00 2.881870262111465575e+00 2.855599643441124158e+00 2.831334443678633406e+00 2.809263980826596896e+00 2.789560376025536304e+00 2.772377235705286491e+00 2.757848475599138371e+00 2.746087295583931276e+00 2.737185313159522959e+00 2.731211862171953442e+00 2.728213462125045563e+00 2.728213462125045563e+00 2.731211862171953442e+00 2.737185313159522959e+00 2.746087295583931276e+00 2.757848475599138371e+00 2.772377235705286491e+00 2.789560376025536304e+00 2.809263980826596896e+00 2.831334443678633406e+00 2.855599643441124158e+00 2.881870262111465575e+00 2.909941234491640216e+00 2.939593318623312523e+00 2.970594775020773071e+00 3.002703141901462036e+00 3.035667092881490614e+00 3.069228362974365965e+00 3.103123728209650878e+00 3.137087023778704520e+00 3.170851185319929044e+00 3.204150297778369794e+00 3.236721636215548870e+00 3.268307683005261755e+00 3.298658106029601189e+00 3.327531682785034750e+00 3.354698155718890629e+00 3.379940004638936291e+00 3.403054122668851544e+00 3.423853382955526214e+00 3.442168084164778818e+00 3.457847263723696329e+00 3.470759868773777956e+00 3.480795775881194043e+00 3.487866651701118759e+00 3.491906648003009650e+00 3.492872925723931044e+00 3.490746004017979853e+00 3.485529931601507148e+00 3.477252279046164407e+00 3.465963952034415652e+00 3.451738826954857231e+00 3.434673211566819706e+00 3.414885134795353050e+00 3.392513471018339999e+00 3.367716905467518007e+00 3.340672748574837758e+00 3.311575608245746594e+00 3.280635930122888677e+00 3.248078416909024213e+00 3.214140338739256197e+00 3.179069747422596848e+00 3.143123608105508726e+00 3.106565862539478307e+00 3.069665438656318912e+00 3.032694221564601111e+00 2.995925001375503438e+00 2.959629413443908064e+00 2.924075886669669444e+00 2.889527615443984843e+00 2.856240570647338828e+00 2.824461564809713110e+00 2.794426386133173512e+00 2.766358015554377658e+00 2.740464940394273796e+00 2.716939577408812756e+00 2.695956817223609914e+00 2.677672701213474227e+00 2.662223240881502306e+00 2.649723388709736671e+00 2.640266168302471961e+00 2.633921970432805626e+00 2.630738020342321182e+00 2.630738020342321182e+00 2.633921970432805626e+00 2.640266168302471961e+00 2.649723388709736671e+00 2.662223240881502306e+00 2.677672701213474227e+00 2.695956817223609914e+00 2.716939577408812756e+00 2.740464940394273796e+00 2.766358015554377658e+00 2.794426386133173512e+00 2.824461564809713110e+00 2.856240570647338828e+00 2.889527615443984843e+00 2.924075886669669444e+00 2.959629413443908064e+00 2.995925001375503438e+00 3.032694221564601111e+00 3.069665438656318912e+00 3.106565862539478307e+00 3.143123608105508726e+00 3.179069747422596848e+00 3.214140338739256197e+00 3.248078416909024213e+00 3.280635930122888677e+00 3.311575608245746594e+00 3.340672748574837758e+00 3.367716905467518007e+00 3.392513471018339999e+00 3.414885134795353050e+00 3.434673211566819706e+00 3.451738826954857231e+00 3.465963952034415652e+00 3.477252279046164407e+00
3.474796251470222419e+00 3.482220367862178367e+00 3.486582864415594951e+00 3.487866651701118759e+00 3.486078071125901179e+00 3.481246816001929201e+00 3.473425674950629816e+00 3.462690099654901932e+00 3.449137600306233065e+00 3.432886973405697262e+00 3.414077367852943468e+00 3.392867196487576731e+00 3.369432901422778404e+00 3.343967582623060153e+00 3.316679500217882381e+00 3.287790462002939673e+00 3.257534108453508548e+00 3.226154108353210148e+00 3.193902278820405005e+00 3.161036644088543568e+00 3.127819447861410307e+00 3.094515134415971591e+00 3.061388313861774346e+00 3.028701727084656792e+00 2.996714225903196915e+00 2.965678783848590516e+00 2.935840552743705700e+00 2.907434979906439398e+00 2.880686000339032660e+00 2.855804317692178795e+00 2.832985787114914444e+00 2.812409912323595051e+00 2.794238468351708971e+00 2.778614260483372789e+00 2.765660028834572959e+00 2.755477506935270160e+00 2.748146641491016506e+00 2.743724979273553632e+00 2.742247225815429346e+00 2.743724979273553632e+00 2.748146641491016506e+00 2.755477506935270160e+00 2.765660028834572959e+00 2.778614260483372789e+00 2.794238468351708971e+00 2.812409912323595051e+00 2.832985787114914444e+00 2.855804317692178795e+00 2.880686000339032660e+00 2.907434979906439398e+00 2.935840552743705700e+00 2.965678783848590516e+00 2.996714225903196915e+00 3.028701727084656792e+00 3.061388313861774346e+00 3.094515134415971591e+00 3.127819447861410307e+00 3.161036644088543568e+00 3.193902278820405005e+00 3.226154108353210148e+00 3.257534108453508548e+00 3.287790462002939673e+00 3.316679500217882381e+00 3.343967582623060153e+00 3.369432901422778404e+00 3.392867196487576731e+00 3.414077367852943468e+00 3.432886973405697262e+00 3.449137600306233065e+00 3.462690099654901932e+00 3.473425674950629816e+00 3.481246816001929201e+00 3.486078071125901179e+00 3.487866651701118759e+00 3.486582864415594951e+00 3.482220367862178367e+00 3.474796251470222419e+00 3.464350936114441115e+00 3.450947897098998851e+00 3.434673211566819706e+00 3.415634933720554045e+00 3.393962302552433474e+00 3.369804788055398515e+00 3.343330983117683175e+00 3.314727349478140628e+00 3.284196827231063320e+00 3.251957318408564834e+00 3.218240056127942506e+00 3.183287871663402324e+00 3.147353372579603903e+00 3.110697045742586653e+00 3.073585299596752307e+00 3.036288460560295999e+00 2.999078738742143369e+00 2.962228178418645275e+00 2.926006608825939992e+00 2.890679610823303491e+00 2.856506514863939916e+00 2.823738445473257030e+00 2.792616427082849295e+00 2.763369565603459588e+00 2.736213319545973022e+00 2.711347873820154408e+00 2.688956628561685047e+00 2.669204814464915199e+00 2.652238245138317740e+00 2.638182215959209653e+00 2.627140557791771691e+00 2.619194852756270731e+00 2.614403818006560520e+00 2.612802862196792919e+00 2.614403818006560520e+00 2.619194852756270731e+00 2.627140557791771691e+00 2.638182215959209653e+00 2.652238245138317740e+00 2.669204814464915199e+00 2.688956628561685047e+00 2.711347873820154408e+00 2.736213319545973022e+00 2.763369565603459588e+00 2.792616427082849295e+00 2.823738445473257030e+00 2.856506514863939916e+00 2.890679610823303491e+00 2.926006608825939992e+00 2.962228178418645275e+00 2.999078738742143369e+00 3.036288460560295999e+00 3.073585299596752307e+00 3.110697045742586653e+00 3.147353372579603903e+00 3.183287871663402324e+00 3.218240056127942506e+00 3.251957318408564834e+00 3.284196827231063320e+00 3.314727349478140628e+00 3.343330983117683175e+00 3.369804788055398515e+00 3.393962302552433474e+00 3.415634933720554045e+00 3.434673211566819706e+00 3.450947897098998851e+00 3.464350936114441115e+00
3.461136383382142245e+00 3.470722251342141629e+00 3.477285360236030076e+00 3.480795775881194043e+00 3.481246816001929201e+00 3.478655062949549404e+00 3.473060199400908932e+00 3.464524668358327286e+00 3.453133160110837707e+00 3.438991930133262542e+00 3.422227953185803528e+00 3.402987920122842791e+00 3.381437085115956531e+00 3.357757972133714741e+00 3.332148950590938075e+00 3.304822691074665197e+00 3.276004512965471793e+00 3.245930636594133389e+00 3.214846353298651760e+00 3.183004127369821301e+00 3.150661644390166938e+00 3.118079820877149633e+00 3.085520790434067351e+00 3.053245881788781091e+00 3.021513604159963506e+00 2.990577655332451013e+00 2.960684967648157695e+00 2.932073806827913298e+00 2.904971938134951248e+00 2.879594873875710004e+00 2.856144215611769344e+00 2.834806103733249483e+00 2.815749786223996853e+00 2.799126317538944253e+00 2.785067397520752053e+00 2.773684359214154682e+00 2.765067313300102914e+00 2.759284455676822123e+00 2.756381543470084239e+00 2.756381543470084239e+00 2.759284455676822123e+00 2.765067313300102914e+00 2.773684359214154682e+00 2.785067397520752053e+00 2.799126317538944253e+00 2.815749786223996853e+00 2.834806103733249483e+00 2.856144215611769344e+00 2.879594873875710004e+00 2.904971938134951248e+00 2.932073806827913298e+00 2.960684967648157695e+00 2.990577655332451013e+00 3.021513604159963506e+00 3.053245881788781091e+00 3.085520790434067351e+00 3.118079820877149633e+00 3.150661644390166938e+00 3.183004127369821301e+00 3.214846353298651760e+00 3.245930636594133389e+00 3.276004512965471793e+00 3.304822691074665197e+00 3.332148950590938075e+00 3.357757972133714741e+00 3.381437085115956531e+00 3.402987920122842791e+00 3.422227953185803528e+00 3.438991930133262542e+00 3.453133160110837707e+00 3.464524668358327286e+00 3.473060199400908932e+00 3.478655062949549404e+00 3.481246816001929201e+00 3.480795775881194043e+00 3.477285360236030076e+00 3.470722251342141629e+00 3.461136383382142245e+00 3.448580752728135579e+00 3.433131052598250132e+00 3.414885134795353050e+00 3.393962302552433474e+00 3.370502439795048044e+00 3.344664983376784306e+00 3.316627746039553681e+00 3.286585598987418422e+00 3.254749024032205895e+00 3.221342546262826900e+00 3.186603059100875601e+00 3.150778054425460439e+00 3.114123771174178046e+00 3.076903276449317826e+00 3.039384493673738863e+00 3.001838192745766687e+00 2.964535957433616975e+00 2.927748145425211224e+00 2.891741856507265229e+00 2.856778924288025490e+00 2.823113946701173216e+00 2.790992370235764852e+00 2.760648642430737709e+00 2.732304446655603680e+00 2.706167032575425679e+00 2.682427654972723285e+00 2.661260132777128806e+00 2.642819539241688442e+00 2.627241033209493537e+00 2.614638840343623816e+00 2.605105392055026670e+00 2.598710628665931388e+00 2.595501472099513762e+00 2.595501472099513762e+00 2.598710628665931388e+00 2.605105392055026670e+00 2.614638840343623816e+00 2.627241033209493537e+00 2.642819539241688442e+00 2.661260132777128806e+00 2.682427654972723285e+00 2.706167032575425679e+00 2.732304446655603680e+00 2.760648642430737709e+00 2.790992370235764852e+00 2.823113946701173216e+00 2.856778924288025490e+00 2.891741856507265229e+00 2.927748145425211224e+00 2.964535957433616975e+00 3.001838192745766687e+00 3.039384493673738863e+00 3.076903276449317826e+00 3.114123771174178046e+00 3.150778054425460439e+00 3.186603059100875601e+00 3.221342546262826900e+00 3.254749024032205895e+00 3.286585598987418422e+00 3.316627746039553681e+00 3.344664983376784306e+00 3.370502439795048044e+00 3.393962302552433474e+00 3.414885134795353050e+00 3.433131052598250132e+00 3.448580752728135579e+00
3.444654287181470043e+00 3.456343166206862438e+00 3.465059195318856755e+00 3.470759868773777956e+00 3.473425674950629816e+00 3.473060199400908932e+00 3.469690052114972278e+00 3.463364619645044939e+00 3.454155644057675278e+00 3.442156632006106776e+00 3.427482098505380659e+00 3.410266651250374537e+00 3.390663922529725038e+00 3.368845356947463454e+00 3.344998864260494642e+00 3.319327347665283146e+00 3.292047118813540951e+00 3.263386211697266948e+00 3.233582608311299733e+00 3.202882389671160013e+00 3.171537826330012688e+00 3.139805422996817530e+00 3.107943932204806359e+00 3.076212352212527090e+00 3.044867924437131279e+00 3.014164145720484189e+00 2.984348810613016045e+00 2.955662098628857759e+00 2.928334721080587233e+00 2.902586141645360218e+00 2.878622884249868008e+00 2.856636941193780199e+00 2.836804293665070364e+00 2.819283555941845432e+00 2.804214753630489110e+00 2.791718245266279208e+00 2.781893795507949019e+00 2.774819807000327376e+00 2.770552716767916035e+00 2.769126561746376947e+00 2.770552716767916035e+00 2.774819807000327376e+00 2.781893795507949019e+00 2.791718245266279208e+00 2.804214753630489110e+00 2.819283555941845432e+00 2.836804293665070364e+00 2.856636941193780199e+00 2.878622884249868008e+00 2.902586141645360218e+00 2.928334721080587233e+00 2.955662098628857759e+00 2.984348810613016045e+00 3.014164145720484189e+00 3.044867924437131279e+00 3.076212352212527090e+00 3.107943932204806359e+00 3.139805422996817530e+00 3.171537826330012688e+00 3.202882389671160013e+00 3.233582608311299733e+00 3.263386211697266948e+00 3.292047118813540951e+00 3.319327347665283146e+00 3.344998864260494642e+00 3.368845356947463454e+00 3.390663922529725038e+00 3.410266651250374537e+00 3.427482098505380659e+00 3.442156632006106776e+00 3.454155644057675278e+00 3.463364619645044939e+00 3.469690052114972278e+00 3.473060199400908932e+00 3.473425674950629816e+00 3.470759868773777956e+00 3.465059195318856755e+00 3.456343166206862438e+00 3.444654287181470043e+00 3.430057779973578302e+00 3.412641131110595083e+00 3.392513471018339999e+00 3.369804788055398515e+00 3.344664983376784306e+00 3.317262773735878412e+00 3.287784450491938681e+00 3.256432504185930998e+00 3.223424125071863156e+00 3.188989590936254448e+00 3.153370554397836756e+00 3.116818242646274939e+00 3.079591583247038855e+00 3.041955270204213857e+00 3.004177784929916939e+00 2.966529387114436034e+00 2.929280090722744756e+00 2.892697640458763875e+00 2.857045504037880601e+00 2.822580895490657493e+00 2.789552844487466654e+00 2.758200326326456064e+00 2.728750466768709249e+00 2.701416835337997924e+00 2.676397840032530340e+00 2.653875235627620288e+00 2.634012756887178064e+00 2.616954887054709911e+00 2.602825770968567820e+00 2.591728281049078486e+00 2.583743243245371968e+00 2.578928828816066332e+00 2.577320116559536523e+00 2.578928828816066332e+00 2.583743243245371968e+00 2.591728281049078486e+00 2.602825770968567820e+00 2.616954887054709911e+00 2.634012756887178064e+00 2.653875235627620288e+00 2.676397840032530340e+00 2.701416835337997924e+00 2.728750466768709249e+00 2.758200326326456064e+00 2.789552844487466654e+00 2.822580895490657493e+00 2.857045504037880601e+00 2.892697640458763875e+00 2.929280090722744756e+00 2.966529387114436034e+00 3.004177784929916939e+00 3.041955270204213857e+00 3.079591583247038855e+00 3.116818242646274939e+00 3.153370554397836756e+00 3.188989590936254448e+00 3.223424125071863156e+00 3.256432504185930998e+00 3.287784450491938681e+00 3.317262773735878412e+00 3.344664983376784306e+00 3.369804788055398515e+00 3.392513471018339999e+00 3.412641131110595083e+00 3.430057779973578302e+00
3.425475401572456224e+00 3.439196515508088581e+00 3.450005379178156861e+00 3.457847263723696329e+00 3.462690099654901932e+00 3.464524668358327286e+00 3.463364619645044939e+00 3.459246315306350184e+00 3.452228499967719078e+00 3.442391801845762433e+00 3.429838067307050320e+00 3.414689534391778025e+00 3.397087851690107296e+00 3.377192950134792593e+00 3.355181776391995552e+00 3.331246897584029032e+00 3.305594988055468253e+00 3.278445209790015635e+00 3.250027498892955169e+00 3.220580771266830400e+00 3.190351061220716655e+00 3.159589607261402922e+00 3.128550899714243272e+00 3.097490705109172904e+00 3.066664082441346917e+00 3.036323406474653819e+00 3.006716413199643778e+00 2.978084282385461190e+00 2.950659771879720505e+00 2.924665417912830190e+00 2.900311815157383233e+00 2.877795989682451872e+00 2.857299877231843865e+00 2.838988918449851351e+00 2.823010781784009993e+00 2.809494223818598257e+00 2.798548095742542596e+00 2.790260503539027326e+00 2.784698128309941012e+00 2.781905711925313884e+00 2.781905711925313884e+00 2.784698128309941012e+00 2.790260503539027326e+00 2.798548095742542596e+00 2.809494223818598257e+00 2.823010781784009993e+00 2.838988918449851351e+00 2.857299877231843865e+00 2.877795989682451872e+00 2.900311815157383233e+00 2.924665417912830190e+00 2.950659771879720505e+00 2.978084282385461190e+00 3.006716413199643778e+00 3.036323406474653819e+00 3.066664082441346917e+00 3.097490705109172904e+00 3.128550899714243272e+00 3.159589607261402922e+00 3.190351061220716655e+00 3.220580771266830400e+00 3.250027498892955169e+00 3.278445209790015635e+00 3.305594988055468253e+00 3.331246897584029032e+00 3.355181776391995552e+00 3.377192950134792593e+00 3.397087851690107296e+00 3.414689534391778025e+00 3.429838067307050320e+00 3.442391801845762433e+00 3.452228499967719078e+00 3.459246315306350184e+00 3.463364619645044939e+00 3.464524668358327286e+00 3.462690099654901932e+00 3.457847263723696329e+00 3.450005379178156861e+00 3.439196515508088581e+00 3.425475401572456224e+00 3.408919061490593094e+00 3.389626280603093900e+00 3.367716905467518007e+00 3.343330983117683175e+00 3.316627746039553681e+00 3.287784450491938681e+00 3.256995076917557963e+00 3.224468902241026225e+00 3.190428954826899588e+00 3.155110363765741610e+00 3.118758614962274578e+00 3.081627727211144308e+00 3.043978362056959597e+00 3.006075881741712141e+00 2.968188369940294891e+00 2.930584630270804070e+00 2.893532177738331601e+00 2.857295238327770104e+00 2.822132771902252646e+00 2.788296533389822418e+00 2.756029186952878351e+00 2.725562487435270853e+00 2.697115542873541383e+00 2.670893171245541708e+00 2.647084363916347716e+00 2.625860867433233992e+00 2.607375894424786456e+00 2.591762973380745017e+00 2.579134946036303333e+00 2.569583119965493712e+00 2.563176582811228510e+00 2.559961683353742412e+00 2.559961683353742412e+00 2.563176582811228510e+00 2.569583119965493712e+00 2.579134946036303333e+00 2.591762973380745017e+00 2.607375894424786456e+00 2.625860867433233992e+00 2.647084363916347716e+00 2.670893171245541708e+00 2.697115542873541383e+00 2.725562487435270853e+00 2.756029186952878351e+00 2.788296533389822418e+00 2.822132771902252646e+00 2.857295238327770104e+00 2.893532177738331601e+00 2.930584630270804070e+00 2.968188369940294891e+00 3.006075881741712141e+00 3.043978362056959597e+00 3.081627727211144308e+00 3.118758614962274578e+00 3.155110363765741610e+00 3.190428954826899588e+00 3.224468902241026225e+00 3.256995076917557963e+00 3.287784450491938681e+00 3.316627746039553681e+00 3.343330983117683175e+00 3.367716905467518007e+00 3.389626280603093900e+00 3.408919061490593094e+00
3.403745689455111911e+00 3.419416722978384282e+00 3.432246364810833228e+00 3.442168084164778818e+00 3.449137600306233065e+00 3.453133160110837707e+00 3.454155644057675278e+00 3.452228499967719078e+00 3.447397505104541793e+00 3.439730358561039036e+00 3.429316107147047266e+00 3.416264409259305523e+00 3.400704642447375914e+00 3.382784861577624813e+00 3.362670615633158722e+00 3.340543632261956386e+00 3.316600380190273700e+00 3.291050520546027869e+00 3.264115258980229584e+00 3.236025611227240528e+00 3.207020595400941421e+00 3.177345364878819467e+00 3.147249296075303793e+00 3.116984045745997189e+00 3.086801592693154461e+00 3.056952278858119598e+00 3.027682864787626382e+00 2.999234614347793038e+00 2.971841423333296817e+00 2.945728006281180811e+00 2.921108155351744617e+00 2.898183084586328562e+00 2.877139872197713277e+00 2.858150012798426953e+00 2.841368090631029020e+00 2.826930583939009534e+00 2.814954809614195863e+00 2.805538016184295547e+00 2.798756632070412476e+00 2.794665674857903070e+00 2.793298326093615724e+00 2.794665674857903070e+00 2.798756632070412476e+00 2.805538016184295547e+00 2.814954809614195863e+00 2.826930583939009534e+00 2.841368090631029020e+00 2.858150012798426953e+00 2.877139872197713277e+00 2.898183084586328562e+00 2.921108155351744617e+00 2.945728006281180811e+00 2.971841423333296817e+00 2.999234614347793038e+00 3.027682864787626382e+00 3.056952278858119598e+00 3.086801592693154461e+00 3.116984045745997189e+00 3.147249296075303793e+00 3.177345364878819467e+00 3.207020595400941421e+00 3.236025611227240528e+00 3.264115258980229584e+00 3.291050520546027869e+00 3.316600380190273700e+00 3.340543632261956386e+00 3.362670615633158722e+00 3.382784861577624813e+00 3.400704642447375914e+00 3.416264409259305523e+00 3.429316107147047266e+00 3.439730358561039036e+00 3.447397505104541793e+00 3.452228499967719078e+00 3.454155644057675278e+00 3.453133160110837707e+00 3.449137600306233065e+00 3.442168084164778818e+00 3.432246364810833228e+00 3.419416722978384282e+00 3.403745689455111911e+00 3.385321597963611762e+00 3.364253971769807894e+00 3.340672748574837758e+00 3.314727349478140628e+00 3.286585598987418422e+00 3.256432504185930998e+00 3.224468902241026225e+00 3.190909986441492929e+00 3.155983721877671400e+00 3.119929162720257665e+00 3.082994683804886282e+00 3.045436139884263316e+00 3.007514966462753847e+00 2.969496236575762893e+00 2.931646688214563312e+00 2.894232737323774174e+00 2.857518491411887851e+00 2.821763778814020629e+00 2.787222208530641510e+00 2.754139275337070369e+00 2.722750524517971282e+00 2.693279790131299478e+00 2.665937520150761575e+00 2.640919201178903553e+00 2.618403894669563137e+00 2.598552895754248748e+00 2.581508524838474372e+00 2.567393061128282472e+00 2.556307826171735353e+00 2.548332424363212390e+00 2.543524146168615996e+00 2.541917538596052850e+00 2.543524146168615996e+00 2.548332424363212390e+00 2.556307826171735353e+00 2.567393061128282472e+00 2.581508524838474372e+00 2.598552895754248748e+00 2.618403894669563137e+00 2.640919201178903553e+00 2.665937520150761575e+00 2.693279790131299478e+00 2.722750524517971282e+00 2.754139275337070369e+00 2.787222208530641510e+00 2.821763778814020629e+00 2.857518491411887851e+00 2.894232737323774174e+00 2.931646688214563312e+00 2.969496236575762893e+00 3.007514966462753847e+00 3.045436139884263316e+00 3.082994683804886282e+00 3.119929162720257665e+00 3.155983721877671400e+00 3.190909986441492929e+00 3.224468902241026225e+00 3.256432504185930998e+00 3.286585598987418422e+00 3.314727349478140628e+00 3.340672748574837758e+00 3.364253971769807894e+00 3.385321597963611762e+00
3.379630527059410472e+00 3.397158202509394709e+00 3.411925101747023792e+00 3.423853382955526214e+00 3.432886973405697262e+00 3.438991930133262542e+00 3.442156632006106776e+00 3.442391801845762433e+00 3.439730358561039036e+00 3.434227100545275135e+00 3.425958222872531156e+00 3.415020672092308640e+00 3.401531343657524076e+00 3.385626128217058106e+00 3.367458814153129421e+00 3.347199854836213628e+00 3.325035010098119415e+00 3.301163872379042186e+00 3.275798288879935072e+00 3.249160691840563775e+00 3.221482349760140362e+00 3.193001552976324930e+00 3.163961747514811407e+00 3.134609631512213834e+00 3.105193228796320426e+00 3.075959954378022942e+00 3.047154686666960544e+00 3.019017861167782257e+00 2.991783600246286312e+00 2.965677893275915356e+00 2.940916841087199085e+00 2.917704978148774497e+00 2.896233685312326944e+00 2.876679705259711284e+00 2.859203772003963362e+00 2.843949364922830014e+00 2.831041596850548459e+00 2.820586244728151115e+00 2.812668930222292030e+00 2.807354456575902546e+00 2.804686306759587300e+00 2.804686306759587300e+00 2.807354456575902546e+00 2.812668930222292030e+00 2.820586244728151115e+00 2.831041596850548459e+00 2.843949364922830014e+00 2.859203772003963362e+00 2.876679705259711284e+00 2.896233685312326944e+00 2.917704978148774497e+00 2.940916841087199085e+00 2.965677893275915356e+00 2.991783600246286312e+00 3.019017861167782257e+00 3.047154686666960544e+00 3.075959954378022942e+00 3.105193228796320426e+00 3.134609631512213834e+00 3.163961747514811407e+00 3.193001552976324930e+00 3.221482349760140362e+00 3.249160691840563775e+00 3.275798288879935072e+00 3.301163872379042186e+00 3.325035010098119415e+00 3.347199854836213628e+00 3.367458814153129421e+00 3.385626128217058106e+00 3.401531343657524076e+00 3.415020672092308640e+00 3.425958222872531156e+00 3.434227100545275135e+00 3.439730358561039036e+00 3.442391801845762433e+00 3.442156632006106776e+00 3.438991930133262542e+00 3.432886973405697262e+00 3.423853382955526214e+00 3.411925101747023792e+00 3.397158202509394709e+00 3.379630527059410472e+00 3.359441159633144824e+00 3.336709738109858936e+00 3.311575608245746594e+00 3.284196827231063320e+00 3.254749024032205895e+00 3.223424125071863156e+00 3.190428954826899588e+00 3.155983721877671400e+00 3.120320401816394362e+00 3.083681029209661251e+00 3.046315911504944296e+00 3.008481778367863679e+00 2.970439880431470225e+00 2.932454051827050545e+00 2.894788751145036532e+00 2.857707095642437523e+00 2.821468903568359110e+00 2.786328759421432100e+00 2.752534116782546558e+00 2.720323453084611653e+00 2.689924490290268810e+00 2.661552494951434866e+00 2.635408670525096309e+00 2.611678654122563170e+00 2.590531129079414185e+00 2.572116563857038685e+00 2.556566086830311502e+00 2.543990505486960263e+00 2.534479477470465980e+00 2.528100839748010031e+00 2.524900100986998908e+00 2.524900100986998908e+00 2.528100839748010031e+00 2.534479477470465980e+00 2.543990505486960263e+00 2.556566086830311502e+00 2.572116563857038685e+00 2.590531129079414185e+00 2.611678654122563170e+00 2.635408670525096309e+00 2.661552494951434866e+00 2.689924490290268810e+00 2.720323453084611653e+00 2.752534116782546558e+00 2.786328759421432100e+00 2.821468903568359110e+00 2.857707095642437523e+00 2.894788751145036532e+00 2.932454051827050545e+00 2.970439880431470225e+00 3.008481778367863679e+00 3.046315911504944296e+00 3.083681029209661251e+00 3.120320401816394362e+00 3.155983721877671400e+00 3.190428954826899588e+00 3.223424125071863156e+00 3.254749024032205895e+00 3.284196827231063320e+00 3.311575608245746594e+00 3.336709738109858936e+00 3.359441159633144824e+00
3.353313445332315457e+00 3.372594175587419585e+00 3.389203933284003600e+00 3.403054122668851544e+00 3.414077367852943468e+00 3.422227953185803528e+00 3.427482098505380659e+00 3.429838067307050320e+00 3.429316107147047266e+00 3.425958222872531156e+00 3.419827784542476490e+00 3.411008973161143931e+00 3.399606068579473117e+00 3.385742585119867254e+00 3.369560261637431164e+00 3.351217913837029716e+00 3.330890157711984489e+00 3.308766013949037799e+00 3.285047404047780173e+00 3.259947549724337978e+00 3.233689287902350884e+00 3.206503314233724922e+00 3.178626368632267774e+00 3.150299376741212409e+00 3.121765561587305005e+00 3.093268539897126246e+00 3.065050417663987670e+00 3.037349899555153332e+00 3.010400426639341820e+00 2.984428356694312168e+00 2.959651201025459866e+00 2.936275931291325136e+00 2.914497369294015261e+00 2.894496672055878239e+00 2.876439923773245422e+00 2.860476845419140712e+00 2.846739631865924824e+00 2.835341925422618647e+00 2.826377933637707063e+00 2.819921698114441266e+00 2.816026519930415528e+00 2.814724546055445753e+00 2.816026519930415528e+00 2.819921698114441266e+00 2.826377933637707063e+00 2.835341925422618647e+00 2.846739631865924824e+00 2.860476845419140712e+00 2.876439923773245422e+00 2.894496672055878239e+00 2.914497369294015261e+00 2.936275931291325136e+00 2.959651201025459866e+00 2.984428356694312168e+00 3.010400426639341820e+00 3.037349899555153332e+00 3.065050417663987670e+00 3.093268539897126246e+00 3.121765561587305005e+00 3.150299376741212409e+00 3.178626368632267774e+00 3.206503314233724922e+00 3.233689287902350884e+00 3.259947549724337978e+00 3.285047404047780173e+00 3.308766013949037799e+00 3.330890157711984489e+00 3.351217913837029716e+00 3.369560261637431164e+00 3.385742585119867254e+00 3.399606068579473117e+00 3.411008973161143931e+00 3.419827784542476490e+00 3.425958222872531156e+00 3.429316107147047266e+00 3.429838067307050320e+00 3.427482098505380659e+00 3.422227953185803528e+00 3.414077367852943468e+00 3.403054122668851544e+00 3.389203933284003600e+00 3.372594175587419585e+00 3.353313445332315457e+00 3.331470955851048021e+00 3.307195778306039724e+00 3.280635930122888677e+00 3.251957318408564834e+00 3.221342546262826900e+00 3.188989590936254448e+00 3.155110363765741610e+00 3.119929162720257665e+00 3.083681029209661251e+00 3.046610021540657076e+00 3.008967418041421649e+00 2.971009863414963537e+00 2.932997472316740684e+00 2.895191904481368539e+00 2.857854425943632037e+00 2.821243971008909668e+00 2.785615219626752292e+00 2.751216704708525196e+00 2.718288963706813721e+00 2.687062748442206939e+00 2.657757306724725321e+00 2.630578748775894038e+00 2.605718510817271127e+00 2.583351927457147035e+00 2.563636923684573521e+00 2.546712836375187639e+00 2.532699374233336354e+00 2.521695724047146925e+00 2.513779810025562167e+00 2.509007711827164311e+00 2.507413245688854264e+00 2.509007711827164311e+00 2.513779810025562167e+00 2.521695724047146925e+00 2.532699374233336354e+00 2.546712836375187639e+00 2.563636923684573521e+00 2.583351927457147035e+00 2.605718510817271127e+00 2.630578748775894038e+00 2.657757306724725321e+00 2.687062748442206939e+00 2.718288963706813721e+00 2.751216704708525196e+00 2.785615219626752292e+00 2.821243971008909668e+00 2.857854425943632037e+00 2.895191904481368539e+00 2.932997472316740684e+00 2.971009863414963537e+00 3.008967418041421649e+00 3.046610021540657076e+00 3.083681029209661251e+00 3.119929162720257665e+00 3.155110363765741610e+00 3.188989590936254448e+00 3.221342546262826900e+00 3.251957318408564834e+00 3.280635930122888677e+00 3.307195778306039724e+00 3.331470955851048021e+00
3.324994733156457993e+00 3.345915345700374743e+00 3.364263346324511961e+00 3.379940004638936291e+00 3.392867196487576731e+00 3.402987920122842791e+00 3.410266651250374537e+00 3.414689534391778025e+00 3.416264409259305523e+00 3.415020672092308640e+00 3.411008973161143931e+00 3.404300752890645487e+00 3.394987620282814422e+00 3.383180578517479109e+00 3.369009103771599456e+00 3.352620084413277635e+00 3.334176628787469010e+00 3.313856750808257257e+00 3.291851943500215594e+00 3.268365651481492051e+00 3.243611654147447343e+00 3.217812371990146136e+00 3.191197109070588400e+00 3.164000245142844392e+00 3.136459391308497047e+00 3.108813523353316288e+00 3.081301107083573410e+00 3.054158230035727950e+00 3.027616753880022937e+00 3.001902501676052548e+00 2.977233493868016723e+00 2.953818246531140890e+00 2.931854144901498760e+00 2.911525904642944251e+00 2.893004132631304071e+00 2.876443998272783187e+00 2.861984025526238984e+00 2.849745014874234261e+00 2.839829103492606865e+00 2.832318970810165926e+00 2.827277195537290400e+00 2.824745769082940061e+00 2.824745769082940061e+00 2.827277195537290400e+00 2.832318970810165926e+00 2.839829103492606865e+00 2.849745014874234261e+00 2.861984025526238984e+00 2.876443998272783187e+00 2.893004132631304071e+00 2.911525904642944251e+00 2.931854144901498760e+00 2.953818246531140890e+00 2.977233493868016723e+00 3.001902501676052548e+00 3.027616753880022937e+00 3.054158230035727950e+00 3.081301107083573410e+00 3.108813523353316288e+00 3.136459391308497047e+00 3.164000245142844392e+00 3.191197109070588400e+00 3.217812371990146136e+00 3.243611654147447343e+00 3.268365651481492051e+00 3.291851943500215594e+00 3.313856750808257257e+00 3.334176628787469010e+00 3.352620084413277635e+00 3.369009103771599456e+00 3.383180578517479109e+00 3.394987620282814422e+00 3.404300752890645487e+00 3.411008973161143931e+00 3.415020672092308640e+00 3.416264409259305523e+00 3.414689534391778025e+00 3.410266651250374537e+00 3.402987920122842791e+00 3.392867196487576731e+00 3.379940004638936291e+00 3.364263346324511961e+00 3.345915345700374743e+00 3.324994733156457993e+00 3.301620171791229463e+00 3.275929431513360246e+00 3.248078416909024213e+00 3.218240056127942506e+00 3.186603059100875601e+00 3.153370554397836756e+00 3.118758614962274578e+00 3.082994683804886282e+00 3.046315911504944296e+00 3.008967418041421649e+00 2.971200492055457332e+00 2.933270741125584724e+00 2.895436207013811103e+00 2.857955460111374801e+00 2.821085687475596071e+00 2.785080788902616789e+00 2.750189495424335551e+00 2.716653524452194546e+00 2.684705785516625642e+00 2.654568650171251765e+00 2.626452299148018810e+00 2.600553159267170233e+00 2.577052441928593840e+00 2.556114794243910193e+00 2.537887073017393913e+00 2.522497250854984774e+00 2.510053462681309355e+00 2.500643199882328194e+00 2.494332658174090778e+00 2.491166244134580321e+00 2.491166244134580321e+00 2.494332658174090778e+00 2.500643199882328194e+00 2.510053462681309355e+00 2.522497250854984774e+00 2.537887073017393913e+00 2.556114794243910193e+00 2.577052441928593840e+00 2.600553159267170233e+00 2.626452299148018810e+00 2.654568650171251765e+00 2.684705785516625642e+00 2.716653524452194546e+00 2.750189495424335551e+00 2.785080788902616789e+00 2.821085687475596071e+00 2.857955460111374801e+00 2.895436207013811103e+00 2.933270741125584724e+00 2.971200492055457332e+00 3.008967418041421649e+00 3.046315911504944296e+00 3.082994683804886282e+00 3.118758614962274578e+00 3.153370554397836756e+00 3.186603059100875601e+00 3.218240056127942506e+00 3.248078416909024213e+00 3.275929431513360246e+00 3.301620171791229463e+00
3.294889913030802475e+00 3.317328439818564068e+00 3.337300583361869855e+00 3.354698155718890629e+00 3.369432901422778404e+00 3.381437085115956531e+00 3.390663922529725038e+00 3.397087851690107296e+00 3.400704642447375914e+00 3.401531343657524076e+00 3.399606068579473117e+00 3.394987620282814422e+00 3.387754960077824951e+00 3.378006523173347819e+00 3.365859386929511476e+00 3.351448298192640340e+00 3.334924567270308504e+00 3.316454837117336130e+00 3.296219737250813520e+00 3.274412432786850236e+00 3.251237079786907902e+00 3.226907198811380884e+00 3.201643979197050793e+00 3.175674527098463429e+00 3.149230070757234046e+00 3.122544136784493052e+00 3.095850711457765581e+00 3.069382401142855432e+00 3.043368605952949224e+00 3.018033720651243978e+00 2.993595376590609813e+00 2.970262738165919014e+00 2.948234866833978174e+00 2.927699165235845502e+00 2.908829913340546636e+00 2.891786907822612829e+00 2.876714215093795435e+00 2.863739047537796178e+00 2.852970771552582274e+00 2.844500054994970828e+00 2.838398160554425065e+00 2.834716390465485958e+00 2.833485686809540827e+00 2.834716390465485958e+00 2.838398160554425065e+00 2.844500054994970828e+00 2.852970771552582274e+00 2.863739047537796178e+00 2.876714215093795435e+00 2.891786907822612829e+00 2.908829913340546636e+00 2.927699165235845502e+00 2.948234866833978174e+00 2.970262738165919014e+00 2.993595376590609813e+00 3.018033720651243978e+00 3.043368605952949224e+00 3.069382401142855432e+00 3.095850711457765581e+00 3.122544136784493052e+00 3.149230070757234046e+00 3.175674527098463429e+00 3.201643979197050793e+00 3.226907198811380884e+00 3.251237079786907902e+00 3.274412432786850236e+00 3.296219737250813520e+00 3.316454837117336130e+00 3.334924567270308504e+00 3.351448298192640340e+00 3.365859386929511476e+00 3.378006523173347819e+00 3.387754960077824951e+00 3.394987620282814422e+00 3.399606068579473117e+00 3.401531343657524076e+00 3.400704642447375914e+00 3.397087851690107296e+00 3.390663922529725038e+00 3.381437085115956531e+00 3.369432901422778404e+00 3.354698155718890629e+00 3.337300583361869855e+00 3.317328439818564068e+00 3.294889913030802475e+00 3.270112383438710690e+00 3.243141537134544450e+00 3.214140338739256197e+00 3.183287871663402324e+00 3.150778054425460439e+00 3.116818242646274939e+00 3.081627727211144308e+00 3.045436139884263316e+00 3.008481778367863679e+00 2.971009863414963537e+00 2.933270741125584724e+00 2.895518043977492795e+00 2.858006824460913808e+00 2.820991675399675103e+00 2.784724851147354574e+00 2.749454403845334127e+00 2.715422348820215603e+00 2.682862872981756297e+00 2.652000599760739874e+00 2.623048923701765123e+00 2.596208427301712529e+00 2.571665392064852007e+00 2.549590415034784119e+00 2.530137141267030820e+00 2.513441121830279013e+00 2.499618805975528435e+00 2.488766675098069925e+00 2.480960525044873854e+00 2.476254902197904340e+00 2.474682697600464554e+00 2.476254902197904340e+00 2.480960525044873854e+00 2.488766675098069925e+00 2.499618805975528435e+00 2.513441121830279013e+00 2.530137141267030820e+00 2.549590415034784119e+00 2.571665392064852007e+00 2.596208427301712529e+00 2.623048923701765123e+00 2.652000599760739874e+00 2.682862872981756297e+00 2.715422348820215603e+00 2.749454403845334127e+00 2.784724851147354574e+00 2.820991675399675103e+00 2.858006824460913808e+00 2.895518043977492795e+00 2.933270741125584724e+00 2.971009863414963537e+00 3.008481778367863679e+00 3.045436139884263316e+00 3.081627727211144308e+00 3.116818242646274939e+00 3.150778054425460439e+00 3.183287871663402324e+00 3.214140338739256197e+00 3.243141537134544450e+00 3.270112383438710690e+00
3.263228100814293153e+00 3.287054628063064587e+00 3.308528127202899238e+00 3.327531682785034750e+00 3.343967582623060153e+00 3.357757972133714741e+00 3.368845356947463454e+00 3.377192950134792593e+00 3.382784861577624813e+00 3.385626128217058106e+00 3.385742585119867254e+00 3.383180578517479109e+00 3.378006523173347819e+00 3.370306307618568198e+00 3.360184551952259735e+00 3.347763724023817389e+00 3.333183120890208517e+00 3.316597723464597802e+00 3.298176933235421160e+00 3.278103200829653119e+00 3.256570557014212497e+00 3.233783057468594624e+00 3.209953153314432317e+00 3.185299999948844274e+00 3.160047717193773753e+00 3.134423614139571157e+00 3.108656392325089612e+00 3.082974341056450296e+00 3.057603538721229697e+00 3.032766073903813808e+00 3.008678299951244473e+00 2.985549136378455870e+00 2.963578430139254039e+00 2.942955389327500004e+00 2.923857101315299634e+00 2.906447146685758209e+00 2.890874319582074747e+00 2.877271464277947555e+00 2.865754436882742340e+00 2.856421200135365712e+00 2.849351058220701560e+00 2.844604037469487867e+00 2.842220417684835798e+00 2.842220417684835798e+00 2.844604037469487867e+00 2.849351058220701560e+00 2.856421200135365712e+00 2.865754436882742340e+00 2.877271464277947555e+00 2.890874319582074747e+00 2.906447146685758209e+00 2.923857101315299634e+00 2.942955389327500004e+00 2.963578430139254039e+00 2.985549136378455870e+00 3.008678299951244473e+00 3.032766073903813808e+00 3.057603538721229697e+00 3.082974341056450296e+00 3.108656392325089612e+00 3.134423614139571157e+00 3.160047717193773753e+00 3.185299999948844274e+00 3.209953153314432317e+00 3.233783057468594624e+00 3.256570557014212497e+00 3.278103200829653119e+00 3.298176933235421160e+00 3.316597723464597802e+00 3.333183120890208517e+00 3.347763724023817389e+00 3.360184551952259735e+00 3.370306307618568198e+00 3.378006523173347819e+00 3.383180578517479109e+00 3.385742585119867254e+00 3.385626128217058106e+00 3.382784861577624813e+00 3.377192950134792593e+00 3.368845356947463454e+00 3.357757972133714741e+00 3.343967582623060153e+00 3.327531682785034750e+00 3.308528127202899238e+00 3.287054628063064587e+00 3.263228100814293153e+00 3.237183862906570564e+00 3.209074691539216762e+00 3.179069747422596848e+00 3.147353372579603903e+00 3.114123771174178046e+00 3.079591583247038855e+00 3.043978362056959597e+00 3.007514966462753847e+00 2.970439880431470225e+00 2.932997472316740684e+00 2.895436207013811103e+00 2.858006824460913808e+00 2.820960498217395251e+00 2.784546988005717427e+00 2.749012800155492098e+00 2.714599369833083475e+00 2.681541278780132931e+00 2.650064522020015190e+00 2.620384836624613634e+00 2.592706105167764896e+00 2.567218845929734705e+00 2.544098801263483534e+00 2.523505634793133279e+00 2.505581747293709416e+00 2.490451220204948690e+00 2.478218894767801661e+00 2.468969593747250446e+00 2.462767491627242844e+00 2.459655638040978864e+00 2.459655638040978864e+00 2.462767491627242844e+00 2.468969593747250446e+00 2.478218894767801661e+00 2.490451220204948690e+00 2.505581747293709416e+00 2.523505634793133279e+00 2.544098801263483534e+00 2.567218845929734705e+00 2.592706105167764896e+00 2.620384836624613634e+00 2.650064522020015190e+00 2.681541278780132931e+00 2.714599369833083475e+00 2.749012800155492098e+00 2.784546988005717427e+00 2.820960498217395251e+00 2.858006824460913808e+00 2.895436207013811103e+00 2.932997472316740684e+00 2.970439880431470225e+00 3.007514966462753847e+00 3.043978362056959597e+00 3.079591583247038855e+00 3.114123771174178046e+00 3.147353372579603903e+00 3.179069747422596848e+00 3.209074691539216762e+00 3.237183862906570564e+00
3.230250262015822216e+00 3.255327833602367438e+00 3.278172069987757897e+00 3.298658106029601189e+00 3.316679500217882381e+00 3.332148950590938075e+00 3.344998864260494642e+00 3.355181776391995552e+00 3.362670615633158722e+00 3.367458814153129421e+00 3.369560261637431164e+00 3.369009103771599456e+00 3.365859386929511476e+00 3.360184551952259735e+00 3.352076781050805199e+00 3.341646202982195835e+00 3.329019962725896509e+00 3.314341162916098593e+00 3.297767685259321180e+00 3.279470901077475631e+00 3.259634280957126151e+00 3.238451914250342956e+00 3.216126949854842820e+00 3.192869970296278392e+00 3.168897311638865677e+00 3.144429342158218788e+00 3.119688713019276971e+00 3.094898594410140813e+00 3.070280910687900544e+00 3.046054588094486260e+00 3.022433828498947150e+00 2.999626422418451899e+00 2.977832114264995056e+00 2.957241032360807154e+00 2.938032195765826415e+00 2.920372109369071101e+00 2.904413458016957161e+00 2.890293909690647478e+00 2.878135036907198963e+00 2.868041364612069710e+00 2.860099551860221911e+00 2.854377713557169738e+00 2.850924887457587875e+00 2.849770650505755842e+00 2.850924887457587875e+00 2.854377713557169738e+00 2.860099551860221911e+00 2.868041364612069710e+00 2.878135036907198963e+00 2.890293909690647478e+00 2.904413458016957161e+00 2.920372109369071101e+00 2.938032195765826415e+00 2.957241032360807154e+00 2.977832114264995056e+00 2.999626422418451899e+00 3.022433828498947150e+00 3.046054588094486260e+00 3.070280910687900544e+00 3.094898594410140813e+00 3.119688713019276971e+00 3.144429342158218788e+00 3.168897311638865677e+00 3.192869970296278392e+00 3.216126949854842820e+00 3.238451914250342956e+00 3.259634280957126151e+00 3.279470901077475631e+00 3.297767685259321180e+00 3.314341162916098593e+00 3.329019962725896509e+00 3.341646202982195835e+00 3.352076781050805199e+00 3.360184551952259735e+00 3.365859386929511476e+00 3.369009103771599456e+00 3.369560261637431164e+00 3.367458814153129421e+00 3.362670615633158722e+00 3.355181776391995552e+00 3.344998864260494642e+00 3.332148950590938075e+00 3.316679500217882381e+00 3.298658106029601189e+00 3.278172069987757897e+00 3.255327833602367438e+00 3.230250262015822216e+00 3.203081786965269018e+00 3.173981414968404469e+00 3.143123608105508726e+00 3.110697045742586653e+00 3.076903276449317826e+00 3.041955270204213857e+00 3.006075881741712141e+00 2.969496236575762893e+00 2.932454051827050545e+00 2.895191904481368539e+00 2.857955460111374801e+00 2.820991675399675103e+00 2.784546988005717427e+00 2.748865507420680476e+00 2.714187220452644933e+00 2.680746224878899131e+00 2.648769004593942267e+00 2.618472759272284289e+00 2.590063801156774037e+00 2.563736031079057565e+00 2.539669505222651669e+00 2.518029103455601270e+00 2.498963309293912971e+00 2.482603110714717953e+00 2.469061030125916378e+00 2.458430290823649944e+00 2.450784126237949945e+00 2.446175237187943718e+00 2.444635401249440232e+00 2.446175237187943718e+00 2.450784126237949945e+00 2.458430290823649944e+00 2.469061030125916378e+00 2.482603110714717953e+00 2.498963309293912971e+00 2.518029103455601270e+00 2.539669505222651669e+00 2.563736031079057565e+00 2.590063801156774037e+00 2.618472759272284289e+00 2.648769004593942267e+00 2.680746224878899131e+00 2.714187220452644933e+00 2.748865507420680476e+00 2.784546988005717427e+00 2.820991675399675103e+00 2.857955460111374801e+00 2.895191904481368539e+00 2.932454051827050545e+00 2.969496236575762893e+00 3.006075881741712141e+00 3.041955270204213857e+00 3.076903276449317826e+00 3.110697045742586653e+00 3.143123608105508726e+00 3.173981414968404469e+00 3.203081786965269018e+00
3.196207377901208790e+00 3.222392945653054230e+00 3.246470378945812030e+00 3.268307683005261755e+00 3.287790462002939673e+00 3.304822691074665197e+00 3.319327347665283146e+00 3.331246897584029032e+00 3.340543632261956386e+00 3.347199854836213628e+00 3.351217913837029716e+00 3.352620084413277635e+00 3.351448298192640340e+00 3.347763724023817389e+00 3.341646202982195835e+00 3.333193542128245923e+00 3.322520672581307455e+00 3.309758678501974583e+00 3.295053704556509810e+00 3.278565750358792830e+00 3.260467361242437079e+00 3.240942225501328267e+00 3.220183688944979750e+00 3.198393198240316426e+00 3.175778685049146954e+00 3.152552903416486529e+00 3.128931733215760236e+00 3.105132462709935481e+00 3.081372063441103037e+00 3.057865470713556189e+00 3.034823882886836355e+00 3.012453092545726019e+00 2.990951862365004654e+00 2.970510358139931029e+00 2.951308651011297357e+00 2.933515300380175272e+00 2.917286028385989383e+00 2.902762496117198499e+00 2.890071190941920776e+00 2.879322433492360389e+00 2.870609511918277956e+00 2.864007950048129469e+00 2.859574915069210466e+00 2.857348769268114541e+00 2.857348769268114541e+00 2.859574915069210466e+00 2.864007950048129469e+00 2.870609511918277956e+00 2.879322433492360389e+00 2.890071190941920776e+00 2.902762496117198499e+00 2.917286028385989383e+00 2.933515300380175272e+00 2.951308651011297357e+00 2.970510358139931029e+00 2.990951862365004654e+00 3.012453092545726019e+00 3.034823882886836355e+00 3.057865470713556189e+00 3.081372063441103037e+00 3.105132462709935481e+00 3.128931733215760236e+00 3.152552903416486529e+00 3.175778685049146954e+00 3.198393198240316426e+00 3.220183688944979750e+00 3.240942225501328267e+00 3.260467361242437079e+00 3.278565750358792830e+00 3.295053704556509810e+00 3.309758678501974583e+00 3.322520672581307455e+00 3.333193542128245923e+00 3.341646202982195835e+00 3.347763724023817389e+00 3.351448298192640340e+00 3.352620084413277635e+00 3.351217913837029716e+00 3.347199854836213628e+00 3.340543632261956386e+00 3.331246897584029032e+00 3.319327347665283146e+00 3.304822691074665197e+00 3.287790462002939673e+00 3.268307683005261755e+00 3.246470378945812030e+00 3.222392945653054230e+00 3.196207377901208790e+00 3.168062362405765331e+00 3.138122242550181795e+00 3.106565862539478307e+00 3.073585299596752307e+00 3.039384493673738863e+00 3.004177784929916939e+00 2.968188369940294891e+00 2.931646688214563312e+00 2.894788751145036532e+00 2.857854425943632037e+00 2.821085687475596071e+00 2.784724851147354574e+00 2.749012800155492098e+00 2.714187220452644933e+00 2.680480856733392869e+00 2.648119802589572469e+00 2.617321837730923750e+00 2.588294824815556172e+00 2.561235177988022027e+00 2.536326414684225927e+00 2.513737801636029445e+00 2.493623105299028087e+00 2.476119456139924235e+00 2.461346335361212834e+00 2.449404691716981386e+00 2.440376195091652267e+00 2.434322632480768522e+00 2.431285450937374915e+00 2.431285450937374915e+00 2.434322632480768522e+00 2.440376195091652267e+00 2.449404691716981386e+00 2.461346335361212834e+00 2.476119456139924235e+00 2.493623105299028087e+00 2.513737801636029445e+00 2.536326414684225927e+00 2.561235177988022027e+00 2.588294824815556172e+00 2.617321837730923750e+00 2.648119802589572469e+00 2.680480856733392869e+00 2.714187220452644933e+00 2.749012800155492098e+00 2.784724851147354574e+00 2.821085687475596071e+00 2.857854425943632037e+00 2.894788751145036532e+00 2.931646688214563312e+00 2.968188369940294891e+00 3.004177784929916939e+00 3.039384493673738863e+00 3.073585299596752307e+00 3.106565862539478307e+00 3.138122242550181795e+00 3.168062362405765331e+00
3.161358535374221734e+00 3.188503949197400988e+00 3.213671072111971672e+00 3.236721636215548870e+00 3.257534108453508548e+00 3.276004512965471793e+00 3.292047118813540951e+00 3.305594988055468253e+00 3.316600380190273700e+00 3.325035010098119415e+00 3.330890157711984489e+00 3.334176628787469010e+00 3.334924567270308504e+00 3.333183120890208517e+00 3.329019962725896509e+00 3.322520672581307455e+00 3.313787983078136268e+00 3.302940896397809301e+00 3.290113678587972768e+00 3.275454739277849026e+00 3.259125405515863605e+00 3.241298599245423073e+00 3.222157428664373047e+00 3.201893704364981996e+00 3.180706391719454018e+00 3.158800011456380119e+00 3.136383000762860362e+00 3.113666047542105630e+00 3.090860410654977297e+00 3.068176239074669187e+00 3.045820902885831405e+00 3.023997348962776499e+00 3.002902493966925324e+00 2.982725667012613879e+00 2.963647113965214519e+00 2.945836574859100665e+00 2.929451945358812370e+00 2.914638032539488943e+00 2.901525414536772374e+00 2.890229412817816534e+00 2.880849184959658249e+00 2.873466944895735509e+00 2.868147316612704945e+00 2.864936826255569002e+00 2.863863536537063492e+00 2.864936826255569002e+00 2.868147316612704945e+00 2.873466944895735509e+00 2.880849184959658249e+00 2.890229412817816534e+00 2.901525414536772374e+00 2.914638032539488943e+00 2.929451945358812370e+00 2.945836574859100665e+00 2.963647113965214519e+00 2.982725667012613879e+00 3.002902493966925324e+00 3.023997348962776499e+00 3.045820902885831405e+00 3.068176239074669187e+00 3.090860410654977297e+00 3.113666047542105630e+00 3.136383000762860362e+00 3.158800011456380119e+00 3.180706391719454018e+00 3.201893704364981996e+00 3.222157428664373047e+00 3.241298599245423073e+00 3.259125405515863605e+00 3.275454739277849026e+00 3.290113678587972768e+00 3.302940896397809301e+00 3.313787983078136268e+00 3.322520672581307455e+00 3.329019962725896509e+00 3.333183120890208517e+00 3.334924567270308504e+00 3.334176628787469010e+00 3.330890157711984489e+00 3.325035010098119415e+00 3.316600380190273700e+00 3.305594988055468253e+00 3.292047118813540951e+00 3.276004512965471793e+00 3.257534108453508548e+00 3.236721636215548870e+00 3.213671072111971672e+00 3.188503949197400988e+00 3.161358535374221734e+00 3.132388882491115023e+00 3.101763753930512735e+00 3.069665438656318912e+00 3.036288460560295999e+00 3.001838192745766687e+00 2.966529387114436034e+00 2.930584630270804070e+00 2.894232737323774174e+00 2.857707095642437523e+00 2.821243971008909668e+00 2.785080788902616789e+00 2.749454403845334127e+00 2.714599369833083475e+00 2.680746224878899131e+00 2.648119802589572469e+00 2.616937583500454689e+00 2.587408098596759132e+00 2.559729397059839151e+00 2.534087589795515516e+00 2.510655479732367912e+00 2.489591289225340898e+00 2.471037494168896842e+00 2.455119773619967027e+00 2.441946082860063427e+00 2.431605856894864193e+00 2.424169350405309231e+00 2.419687119134382058e+00 2.418189646625928724e+00 2.419687119134382058e+00 2.424169350405309231e+00 2.431605856894864193e+00 2.441946082860063427e+00 2.455119773619967027e+00 2.471037494168896842e+00 2.489591289225340898e+00 2.510655479732367912e+00 2.534087589795515516e+00 2.559729397059839151e+00 2.587408098596759132e+00 2.616937583500454689e+00 2.648119802589572469e+00 2.680746224878899131e+00 2.714599369833083475e+00 2.749454403845334127e+00 2.785080788902616789e+00 2.821243971008909668e+00 2.857707095642437523e+00 2.894232737323774174e+00 2.930584630270804070e+00 2.966529387114436034e+00 3.001838192745766687e+00 3.036288460560295999e+00 3.069665438656318912e+00 3.101763753930512735e+00 3.132388882491115023e+00
3.125968955168797692e+00 3.153921985664319916e+00 3.180030317912535764e+00 3.204150297778369794e+00 3.226154108353210148e+00 3.245930636594133389e+00 3.263386211697266948e+00 3.278445209790015635e+00 3.291050520546027869e+00 3.301163872379042186e+00 3.308766013949037799e+00 3.313856750808257257e+00 3.316454837117336130e+00 3.316597723464597802e+00 3.314341162916098593e+00 3.309758678501974583e+00 3.302940896397809301e+00 3.293994750080077250e+00 3.283042561714560659e+00 3.270221007968380444e+00 3.255679978312947753e+00 3.239581334700089243e+00 3.222097582240481817e+00 3.203410461186861458e+00 3.183709471118973955e+00 3.163190338738504082e+00 3.142053441106309464e+00 3.120502196488001090e+00 3.098741435214697137e+00 3.076975763111901241e+00 3.055407930099685032e+00 3.034237216521381786e+00 3.013657849616266926e+00 2.993857462315116180e+00 2.975015606208109009e+00 2.957302330114667921e+00 2.940876835177718363e+00 2.925886216814522101e+00 2.912464303186945713e+00 2.900730599111172925e+00 2.890789343515860921e+00 2.882728687684936730e+00 2.876620000593254289e+00 2.872517306667164316e+00 2.870456860285322431e+00 2.870456860285322431e+00 2.872517306667164316e+00 2.876620000593254289e+00 2.882728687684936730e+00 2.890789343515860921e+00 2.900730599111172925e+00 2.912464303186945713e+00 2.925886216814522101e+00 2.940876835177718363e+00 2.957302330114667921e+00 2.975015606208109009e+00 2.993857462315116180e+00 3.013657849616266926e+00 3.034237216521381786e+00 3.055407930099685032e+00 3.076975763111901241e+00 3.098741435214697137e+00 3.120502196488001090e+00 3.142053441106309464e+00 3.163190338738504082e+00 3.183709471118973955e+00 3.203410461186861458e+00 3.222097582240481817e+00 3.239581334700089243e+00 3.255679978312947753e+00 3.270221007968380444e+00 3.283042561714560659e+00 3.293994750080077250e+00 3.302940896397809301e+00 3.309758678501974583e+00 3.314341162916098593e+00 3.316597723464597802e+00 3.316454837117336130e+00 3.313856750808257257e+00 3.308766013949037799e+00 3.301163872379042186e+00 3.291050520546027869e+00 3.278445209790015635e+00 3.263386211697266948e+00 3.245930636594133389e+00 3.226154108353210148e+00 3.204150297778369794e+00 3.180030317912535764e+00 3.153921985664319916e+00 3.125968955168797692e+00 3.096329729276069642e+00 3.065176556491285620e+00 3.032694221564601111e+00 2.999078738742143369e+00 2.964535957433616975e+00 2.929280090722744756e+00 2.893532177738331601e+00 2.857518491411887851e+00 2.821468903568359110e+00 2.785615219626752292e+00 2.750189495424335551e+00 2.715422348820215603e+00 2.681541278780132931e+00 2.648769004593942267e+00 2.617321837730923750e+00 2.587408098596759132e+00 2.559226590121648659e+00 2.532965139684125955e+00 2.508799220362829985e+00 2.486890661912773304e+00 2.467386461187967672e+00 2.450417700983783309e+00 2.436098585455755750e+00 2.424525599393017483e+00 2.415776797690644795e+00 2.409911230383205094e+00 2.406968507579031691e+00 2.406968507579031691e+00 2.409911230383205094e+00 2.415776797690644795e+00 2.424525599393017483e+00 2.436098585455755750e+00 2.450417700983783309e+00 2.467386461187967672e+00 2.486890661912773304e+00 2.508799220362829985e+00 2.532965139684125955e+00 2.559226590121648659e+00 2.587408098596759132e+00 2.617321837730923750e+00 2.648769004593942267e+00 2.681541278780132931e+00 2.715422348820215603e+00 2.750189495424335551e+00 2.785615219626752292e+00 2.821468903568359110e+00 2.857518491411887851e+00 2.893532177738331601e+00 2.929280090722744756e+00 2.964535957433616975e+00 2.999078738742143369e+00 3.032694221564601111e+00 3.065176556491285620e+00 3.096329729276069642e+00
3.090307973359112115e+00 3.118913359345091063e+00 3.145810473108302308e+00 3.170851185319929044e+00 3.193902278820405005e+00 3.214846353298651760e+00 3.233582608311299733e+00 3.250027498892955169e+00 3.264115258980229584e+00 3.275798288879935072e+00 3.285047404047780173e+00 3.291851943500215594e+00 3.296219737250813520e+00 3.298176933235421160e+00 3.297767685259321180e+00 3.295053704556509810e+00 3.290113678587972768e+00 3.283042561714560659e+00 3.273950743353177817e+00 3.262963100154938179e+00 3.250217939623785579e+00 3.235865843417060628e+00 3.220068419329316978e+00 3.202996971651742797e+00 3.184831100216311217e+00 3.165757238971905085e+00 3.145967145394684028e+00 3.125656352403822336e+00 3.105022594733279462e+00 3.084264221898640468e+00 3.063578609993677038e+00 3.043160584553541437e+00 3.023200866630263661e+00 3.003884554042390409e+00 2.985389649485370001e+00 2.967885646824912627e+00 2.951532186444826511e+00 2.936477789987037568e+00 2.922858684208952340e+00 2.910797722996521397e+00 2.900403415815558716e+00 2.891769070065021818e+00 2.884972053920005663e+00 2.880073185326137875e+00 2.877116251837720906e+00 2.876127664986876109e+00 2.877116251837720906e+00 2.880073185326137875e+00 2.884972053920005663e+00 2.891769070065021818e+00 2.900403415815558716e+00 2.910797722996521397e+00 2.922858684208952340e+00 2.936477789987037568e+00 2.951532186444826511e+00 2.967885646824912627e+00 2.985389649485370001e+00 3.003884554042390409e+00 3.023200866630263661e+00 3.043160584553541437e+00 3.063578609993677038e+00 3.084264221898640468e+00 3.105022594733279462e+00 3.125656352403822336e+00 3.145967145394684028e+00 3.165757238971905085e+00 3.184831100216311217e+00 3.202996971651742797e+00 3.220068419329316978e+00 3.235865843417060628e+00 3.250217939623785579e+00 3.262963100154938179e+00 3.273950743353177817e+00 3.283042561714560659e+00 3.290113678587972768e+00 3.295053704556509810e+00 3.297767685259321180e+00 3.298176933235421160e+00 3.296219737250813520e+00 3.291851943500215594e+00 3.285047404047780173e+00 3.275798288879935072e+00 3.264115258980229584e+00 3.250027498892955169e+00 3.233582608311299733e+00 3.214846353298651760e+00 3.193902278820405005e+00 3.170851185319929044e+00 3.145810473108302308e+00 3.118913359345091063e+00 3.090307973359112115e+00 3.060156336986533443e+00 3.028633237481515916e+00 2.995925001375503438e+00 2.962228178418645275e+00 2.927748145425211224e+00 2.892697640458763875e+00 2.857295238327770104e+00 2.821763778814020629e+00 2.786328759421432100e+00 2.751216704708525196e+00 2.716653524452194546e+00 2.682862872981756297e+00 2.650064522020015190e+00 2.618472759272284289e+00 2.588294824815556172e+00 2.559729397059839151e+00 2.532965139684125955e+00 2.508179320493391984e+00 2.485536512603820913e+00 2.465187387745281899e+00 2.447267610777550395e+00 2.431896843755225746e+00 2.419177867051416797e+00 2.409195824168392175e+00 2.402017595931202454e+00 2.397691308784779540e+00 2.396245980903762618e+00 2.397691308784779540e+00 2.402017595931202454e+00 2.409195824168392175e+00 2.419177867051416797e+00 2.431896843755225746e+00 2.447267610777550395e+00 2.465187387745281899e+00 2.485536512603820913e+00 2.508179320493391984e+00 2.532965139684125955e+00 2.559729397059839151e+00 2.588294824815556172e+00 2.618472759272284289e+00 2.650064522020015190e+00 2.682862872981756297e+00 2.716653524452194546e+00 2.751216704708525196e+00 2.786328759421432100e+00 2.821763778814020629e+00 2.857295238327770104e+00 2.892697640458763875e+00 2.927748145425211224e+00 2.962228178418645275e+00 2.995925001375503438e+00 3.028633237481515916e+00 3.060156336986533443e+00
3.054646991549427870e+00 3.083747504727966326e+00 3.111278074051103903e+00 3.137087023778704520e+00 3.161036644088543568e+00 3.183004127369821301e+00 3.202882389671160013e+00 3.220580771266830400e+00 3.236025611227240528e+00 3.249160691840563775e+00 3.259947549724337978e+00 3.268365651481492051e+00 3.274412432786850236e+00 3.278103200829653119e+00 3.279470901077475631e+00 3.278565750358792830e+00 3.275454739277849026e+00 3.270221007968380444e+00 3.262963100154938179e+00 3.253794101414251738e+00 3.242840668407771076e+00 3.230241956683121529e+00 3.216148455410616336e+00 3.200720738125394149e+00 3.184128139180614436e+00 3.166547366177907108e+00 3.148161059123436356e+00 3.129156307458019981e+00 3.109723136424548340e+00 3.090052974463253666e+00 3.070337113463343481e+00 3.050765173747136405e+00 3.031523585619809946e+00 3.012794099184457952e+00 2.994752333899479257e+00 2.977566379044963796e+00 2.961395455869247240e+00 2.946388651709031858e+00 2.932683735820182935e+00 2.920406066025726943e+00 2.909667594587470152e+00 2.900565980943460076e+00 2.893183818130971030e+00 2.887587978840123970e+00 2.883829086123371965e+00 2.881941112827774543e+00 2.881941112827774543e+00 2.883829086123371965e+00 2.887587978840123970e+00 2.893183818130971030e+00 2.900565980943460076e+00 2.909667594587470152e+00 2.920406066025726943e+00 2.932683735820182935e+00 2.946388651709031858e+00 2.961395455869247240e+00 2.977566379044963796e+00 2.994752333899479257e+00 3.012794099184457952e+00 3.031523585619809946e+00 3.050765173747136405e+00 3.070337113463343481e+00 3.090052974463253666e+00 3.109723136424548340e+00 3.129156307458019981e+00 3.148161059123436356e+00 3.166547366177907108e+00 3.184128139180614436e+00 3.200720738125394149e+00 3.216148455410616336e+00 3.230241956683121529e+00 3.242840668407771076e+00 3.253794101414251738e+00 3.262963100154938179e+00 3.270221007968380444e+00 3.275454739277849026e+00 3.278565750358792830e+00 3.279470901077475631e+00 3.278103200829653119e+00 3.274412432786850236e+00 3.268365651481492051e+00 3.259947549724337978e+00 3.249160691840563775e+00 3.236025611227240528e+00 3.220580771266830400e+00 3.202882389671160013e+00 3.183004127369821301e+00 3.161036644088543568e+00 3.137087023778704520e+00 3.111278074051103903e+00 3.083747504727966326e+00 3.054646991549427870e+00 3.024141131947505556e+00 2.992406300625133131e+00 2.959629413443908064e+00 2.926006608825939992e+00 2.891741856507265229e+00 2.857045504037880601e+00 2.822132771902252646e+00 2.787222208530641510e+00 2.752534116782546558e+00 2.718288963706813721e+00 2.684705785516625642e+00 2.652000599760739874e+00 2.620384836624613634e+00 2.590063801156774037e+00 2.561235177988022027e+00 2.534087589795515516e+00 2.508799220362829985e+00 2.485536512603820913e+00 2.464452951356089105e+00 2.445687940113475012e+00 2.429365780160948507e+00 2.415594759805001157e+00 2.404466360563972671e+00 2.396054586301950451e+00 2.390415420363651844e+00 2.387586414803080093e+00 2.387586414803080093e+00 2.390415420363651844e+00 2.396054586301950451e+00 2.404466360563972671e+00 2.415594759805001157e+00 2.429365780160948507e+00 2.445687940113475012e+00 2.464452951356089105e+00 2.485536512603820913e+00 2.508799220362829985e+00 2.534087589795515516e+00 2.561235177988022027e+00 2.590063801156774037e+00 2.620384836624613634e+00 2.652000599760739874e+00 2.684705785516625642e+00 2.718288963706813721e+00 2.752534116782546558e+00 2.787222208530641510e+00 2.822132771902252646e+00 2.857045504037880601e+00 2.891741856507265229e+00 2.926006608825939992e+00 2.959629413443908064e+00 2.992406300625133131e+00 3.024141131947505556e+00
3.019257411344003383e+00 3.048694930232719980e+00 3.076701796564447644e+00 3.103123728209650878e+00 3.127819447861410307e+00 3.150661644390166938e+00 3.171537826330012688e+00 3.190351061220716655e+00 3.207020595400941421e+00 3.221482349760140362e+00 3.233689287902350884e+00 3.243611654147447343e+00 3.251237079786907902e+00 3.256570557014212497e+00 3.259634280957126151e+00 3.260467361242437079e+00 3.259125405515863605e+00 3.255679978312947753e+00 3.250217939623785579e+00 3.242840668407771076e+00 3.233663177187631632e+00 3.222813124677934571e+00 3.210429734175877403e+00 3.196662626155536646e+00 3.181670574155502251e+00 3.165620193629006707e+00 3.148684573930840447e+00 3.131041864042774847e+00 3.112873822985522398e+00 3.094364346127976173e+00 3.075697978781481101e+00 3.057058428556902019e+00 3.038627087964613338e+00 3.020581578652214549e+00 3.003094328502481147e+00 2.986331192555984781e+00 2.970450128381180388e+00 2.955599936091920288e+00 2.941919072711668637e+00 2.929534550009111005e+00 2.918560924285408475e+00 2.909099385884413635e+00 2.901236955428782238e+00 2.895045792963144127e+00 2.890582625316581389e+00 2.887888296087179452e+00 2.886987441708350755e+00 2.887888296087179452e+00 2.890582625316581389e+00 2.895045792963144127e+00 2.901236955428782238e+00 2.909099385884413635e+00 2.918560924285408475e+00 2.929534550009111005e+00 2.941919072711668637e+00 2.955599936091920288e+00 2.970450128381180388e+00 2.986331192555984781e+00 3.003094328502481147e+00 3.020581578652214549e+00 3.038627087964613338e+00 3.057058428556902019e+00 3.075697978781481101e+00 3.094364346127976173e+00 3.112873822985522398e+00 3.131041864042774847e+00 3.148684573930840447e+00 3.165620193629006707e+00 3.181670574155502251e+00 3.196662626155536646e+00 3.210429734175877403e+00 3.222813124677934571e+00 3.233663177187631632e+00 3.242840668407771076e+00 3.250217939623785579e+00 3.255679978312947753e+00 3.259125405515863605e+00 3.260467361242437079e+00 3.259634280957126151e+00 3.256570557014212497e+00 3.251237079786907902e+00 3.243611654147447343e+00 3.233689287902350884e+00 3.221482349760140362e+00 3.207020595400941421e+00 3.190351061220716655e+00 3.171537826330012688e+00 3.150661644390166938e+00 3.127819447861410307e+00 3.103123728209650878e+00 3.076701796564447644e+00 3.048694930232719980e+00 3.019257411344003383e+00 2.988555464727039368e+00 2.956766102887768088e+00 2.924075886669669444e+00 2.890679610823303491e+00 2.856778924288025490e+00 2.822580895490657493e+00 2.788296533389822418e+00 2.754139275337070369e+00 2.720323453084611653e+00 2.687062748442206939e+00 2.654568650171251765e+00 2.623048923701765123e+00 2.592706105167764896e+00 2.563736031079057565e+00 2.536326414684225927e+00 2.510655479732367912e+00 2.486890661912773304e+00 2.465187387745281899e+00 2.445687940113475012e+00 2.428520418982503148e+00 2.413797805128166107e+00 2.401617133929262682e+00 2.392058785447110481e+00 2.385185896140753936e+00 2.381043896650416603e+00 2.379660179132132569e+00 2.381043896650416603e+00 2.385185896140753936e+00 2.392058785447110481e+00 2.401617133929262682e+00 2.413797805128166107e+00 2.428520418982503148e+00 2.445687940113475012e+00 2.465187387745281899e+00 2.486890661912773304e+00 2.510655479732367912e+00 2.536326414684225927e+00 2.563736031079057565e+00 2.592706105167764896e+00 2.623048923701765123e+00 2.654568650171251765e+00 2.687062748442206939e+00 2.720323453084611653e+00 2.754139275337070369e+00 2.788296533389822418e+00 2.822580895490657493e+00 2.856778924288025490e+00 2.890679610823303491e+00 2.924075886669669444e+00 2.956766102887768088e+00 2.988555464727039368e+00
2.984408568817016327e+00 3.014025154005453455e+00 3.042350399996928356e+00 3.069228362974365965e+00 3.094515134415971591e+00 3.118079820877149633e+00 3.139805422996817530e+00 3.159589607261402922e+00 3.177345364878819467e+00 3.193001552976324930e+00 3.206503314233724922e+00 3.217812371990146136e+00 3.226907198811380884e+00 3.233783057468594624e+00 3.238451914250342956e+00 3.240942225501328267e+00 3.241298599245423073e+00 3.239581334700089243e+00 3.235865843417060628e+00 3.230241956683121529e+00 3.222813124677934571e+00 3.213695513706879670e+00 3.203017008599264415e+00 3.190916128080316216e+00 3.177540861583602716e+00 3.163047436563866555e+00 3.147599025894302738e+00 3.131364405383031624e+00 3.114516571817414370e+00 3.097231332239296364e+00 3.079685875366790615e+00 3.062057336207358205e+00 3.044521364951732867e+00 3.027250711198258504e+00 3.010413834432872804e+00 2.994173551482209206e+00 2.978685731367632261e+00 2.964098047618830112e+00 2.950548797659541034e+00 2.938165798358582048e+00 2.927065366250548806e+00 2.917351390276818890e+00 2.909114504183835326e+00 2.902431364947567705e+00 2.897364042776275905e+00 2.893959527384666774e+00 2.892249354337598444e+00 2.892249354337598444e+00 2.893959527384666774e+00 2.897364042776275905e+00 2.902431364947567705e+00 2.909114504183835326e+00 2.917351390276818890e+00 2.927065366250548806e+00 2.938165798358582048e+00 2.950548797659541034e+00 2.964098047618830112e+00 2.978685731367632261e+00 2.994173551482209206e+00 3.010413834432872804e+00 3.027250711198258504e+00 3.044521364951732867e+00 3.062057336207358205e+00 3.079685875366790615e+00 3.097231332239296364e+00 3.114516571817414370e+00 3.131364405383031624e+00 3.147599025894302738e+00 3.163047436563866555e+00 3.177540861583602716e+00 3.190916128080316216e+00 3.203017008599264415e+00 3.213695513706879670e+00 3.222813124677934571e+00 3.230241956683121529e+00 3.235865843417060628e+00 3.239581334700089243e+00 3.241298599245423073e+00 3.240942225501328267e+00 3.238451914250342956e+00 3.233783057468594624e+00 3.226907198811380884e+00 3.217812371990146136e+00 3.206503314233724922e+00 3.193001552976324930e+00 3.177345364878819467e+00 3.159589607261402922e+00 3.139805422996817530e+00 3.118079820877149633e+00 3.094515134415971591e+00 3.069228362974365965e+00 3.042350399996928356e+00 3.014025154005453455e+00 2.984408568817016327e+00 2.953667550223434191e+00 2.921978807084635310e+00 2.889527615443984843e+00 2.856506514863939916e+00 2.823113946701173216e+00 2.789552844487466654e+00 2.756029186952878351e+00 2.722750524517971282e+00 2.689924490290268810e+00 2.657757306724725321e+00 2.626452299148018810e+00 2.596208427301712529e+00 2.567218845929734705e+00 2.539669505222651669e+00 2.513737801636029445e+00 2.489591289225340898e+00 2.467386461187967672e+00 2.447267610777550395e+00 2.429365780160948507e+00 2.413797805128166107e+00 2.400665462845577469e+00 2.390054729068244566e+00 2.382035150403868595e+00 2.376659336355185115e+00 2.373962574966089090e+00 2.373962574966089090e+00 2.376659336355185115e+00 2.382035150403868595e+00 2.390054729068244566e+00 2.400665462845577469e+00 2.413797805128166107e+00 2.429365780160948507e+00 2.447267610777550395e+00 2.467386461187967672e+00 2.489591289225340898e+00 2.513737801636029445e+00 2.539669505222651669e+00 2.567218845929734705e+00 2.596208427301712529e+00 2.626452299148018810e+00 2.657757306724725321e+00 2.689924490290268810e+00 2.722750524517971282e+00 2.756029186952878351e+00 2.789552844487466654e+00 2.823113946701173216e+00 2.856506514863939916e+00 2.889527615443984843e+00 2.921978807084635310e+00 2.953667550223434191e+00
2.950365684702402902e+00 2.980004647493901260e+00 3.008490671116634374e+00 3.035667092881490614e+00 3.061388313861774346e+00 3.085520790434067351e+00 3.107943932204806359e+00 3.128550899714243272e+00 3.147249296075303793e+00 3.163961747514811407e+00 3.178626368632267774e+00 3.191197109070588400e+00 3.201643979197050793e+00 3.209953153314432317e+00 3.216126949854842820e+00 3.220183688944979750e+00 3.222157428664373047e+00 3.222097582240481817e+00 3.220068419329316978e+00 3.216148455410616336e+00 3.210429734175877403e+00 3.203017008599264415e+00 3.194026827149327286e+00 3.183586532317921769e+00 3.171833179305986850e+00 3.158912383309163463e+00 3.144977104384800271e+00 3.130186379351775461e+00 3.114704010572055370e+00 3.098697221785153388e+00 3.082335291411038014e+00 3.065788173901873304e+00 3.049225119806896700e+00 3.032813305217176403e+00 3.016716481177984743e+00 3.001093653496564873e+00 2.986097803133517470e+00 2.971874657048655166e+00 2.958561518979438532e+00 2.946286169164958224e+00 2.935165841494530525e+00 2.925306285961298602e+00 2.916800923642405952e+00 2.909730100713380452e+00 2.904160447240743625e+00 2.900144345689395831e+00 2.897719513236207689e+00 2.896908701104878414e+00 2.897719513236207689e+00 2.900144345689395831e+00 2.904160447240743625e+00 2.909730100713380452e+00 2.916800923642405952e+00 2.925306285961298602e+00 2.935165841494530525e+00 2.946286169164958224e+00 2.958561518979438532e+00 2.971874657048655166e+00 2.986097803133517470e+00 3.001093653496564873e+00 3.016716481177984743e+00 3.032813305217176403e+00 3.049225119806896700e+00 3.065788173901873304e+00 3.082335291411038014e+00 3.098697221785153388e+00 3.114704010572055370e+00 3.130186379351775461e+00 3.144977104384800271e+00 3.158912383309163463e+00 3.171833179305986850e+00 3.183586532317921769e+00 3.194026827149327286e+00 3.203017008599264415e+00 3.210429734175877403e+00 3.216148455410616336e+00 3.220068419329316978e+00 3.222097582240481817e+00 3.222157428664373047e+00 3.220183688944979750e+00 3.216126949854842820e+00 3.209953153314432317e+00 3.201643979197050793e+00 3.191197109070588400e+00 3.178626368632267774e+00 3.163961747514811407e+00 3.147249296075303793e+00 3.128550899714243272e+00 3.107943932204806359e+00 3.085520790434067351e+00 3.061388313861774346e+00 3.035667092881490614e+00 3.008490671116634374e+00 2.980004647493901260e+00 2.950365684702402902e+00 2.919740431362880084e+00 2.888304365892024439e+00 2.856240570647338828e+00 2.823738445473257030e+00 2.790992370235764852e+00 2.758200326326456064e+00 2.725562487435270853e+00 2.693279790131299478e+00 2.661552494951434866e+00 2.630578748775894038e+00 2.600553159267170233e+00 2.571665392064852007e+00 2.544098801263483534e+00 2.518029103455601270e+00 2.493623105299028087e+00 2.471037494168896842e+00 2.450417700983783309e+00 2.431896843755225746e+00 2.415594759805001157e+00 2.401617133929262682e+00 2.390054729068244566e+00 2.380982725269958689e+00 2.374460171922208929e+00 2.370529557375321339e+00 2.369216499194792380e+00 2.370529557375321339e+00 2.374460171922208929e+00 2.380982725269958689e+00 2.390054729068244566e+00 2.401617133929262682e+00 2.415594759805001157e+00 2.431896843755225746e+00 2.450417700983783309e+00 2.471037494168896842e+00 2.493623105299028087e+00 2.518029103455601270e+00 2.544098801263483534e+00 2.571665392064852007e+00 2.600553159267170233e+00 2.630578748775894038e+00 2.661552494951434866e+00 2.693279790131299478e+00 2.725562487435270853e+00 2.758200326326456064e+00 2.790992370235764852e+00 2.823738445473257030e+00 2.856240570647338828e+00 2.888304365892024439e+00 2.919740431362880084e+00
2.917387845903931964e+00 2.946894802463843277e+00 2.975385383515114057e+00 3.002703141901462036e+00 3.028701727084656792e+00 3.053245881788781091e+00 3.076212352212527090e+00 3.097490705109172904e+00 3.116984045745997189e+00 3.134609631512213834e+00 3.150299376741212409e+00 3.164000245142844392e+00 3.175674527098463429e+00 3.185299999948844274e+00 3.192869970296278392e+00 3.198393198240316426e+00 3.201893704364981996e+00 3.203410461186861458e+00 3.202996971651742797e+00 3.200720738125394149e+00 3.196662626155536646e+00 3.190916128080316216e+00 3.183586532317921769e+00 3.174790004886432815e+00 3.164652590367101226e+00 3.153309140133153221e+00 3.140902176215089270e+00 3.127580699658208729e+00 3.113498952645109341e+00 3.098815144001899835e+00 3.083690147979336160e+00 3.068286186396876669e+00 3.052765504357330073e+00 3.037289049781411787e+00 3.022015166974857170e+00 3.007098314326016375e+00 2.992687816039985904e+00 2.978926657547808166e+00 2.965950333888129453e+00 2.953885759946519141e+00 2.942850250957679048e+00 2.932950581131545054e+00 2.924282127660123631e+00 2.916928106702219470e+00 2.910958907233302639e+00 2.906431527892784583e+00 2.903389121166889186e+00 2.901860648418098432e+00 2.901860648418098432e+00 2.903389121166889186e+00 2.906431527892784583e+00 2.910958907233302639e+00 2.916928106702219470e+00 2.924282127660123631e+00 2.932950581131545054e+00 2.942850250957679048e+00 2.953885759946519141e+00 2.965950333888129453e+00 2.978926657547808166e+00 2.992687816039985904e+00 3.007098314326016375e+00 3.022015166974857170e+00 3.037289049781411787e+00 3.052765504357330073e+00 3.068286186396876669e+00 3.083690147979336160e+00 3.098815144001899835e+00 3.113498952645109341e+00 3.127580699658208729e+00 3.140902176215089270e+00 3.153309140133153221e+00 3.164652590367101226e+00 3.174790004886432815e+00 3.183586532317921769e+00 3.190916128080316216e+00 3.196662626155536646e+00 3.200720738125394149e+00 3.202996971651742797e+00 3.203410461186861458e+00 3.201893704364981996e+00 3.198393198240316426e+00 3.192869970296278392e+00 3.185299999948844274e+00 3.175674527098463429e+00 3.164000245142844392e+00 3.150299376741212409e+00 3.134609631512213834e+00 3.116984045745997189e+00 3.097490705109172904e+00 3.076212352212527090e+00 3.053245881788781091e+00 3.028701727084656792e+00 3.002703141901462036e+00 2.975385383515114057e+00 2.946894802463843277e+00 2.917387845903931964e+00 2.887029981895583131e+00 2.855994552586880619e+00 2.824461564809713110e+00 2.792616427082849295e+00 2.760648642430737709e+00 2.728750466768709249e+00 2.697115542873541383e+00 2.665937520150761575e+00 2.635408670525096309e+00 2.605718510817271127e+00 2.577052441928593840e+00 2.549590415034784119e+00 2.523505634793133279e+00 2.498963309293912971e+00 2.476119456139924235e+00 2.455119773619967027e+00 2.436098585455755750e+00 2.419177867051416797e+00 2.404466360563972671e+00 2.392058785447110481e+00 2.382035150403868595e+00 2.374460171922208929e+00 2.369382803766538537e+00 2.366835880964079042e+00 2.366835880964079042e+00 2.369382803766538537e+00 2.374460171922208929e+00 2.382035150403868595e+00 2.392058785447110481e+00 2.404466360563972671e+00 2.419177867051416797e+00 2.436098585455755750e+00 2.455119773619967027e+00 2.476119456139924235e+00 2.498963309293912971e+00 2.523505634793133279e+00 2.549590415034784119e+00 2.577052441928593840e+00 2.605718510817271127e+00 2.635408670525096309e+00 2.665937520150761575e+00 2.697115542873541383e+00 2.728750466768709249e+00 2.760648642430737709e+00 2.792616427082849295e+00 2.824461564809713110e+00 2.855994552586880619e+00 2.887029981895583131e+00
2.885726033687422643e+00 2.914949936938301178e+00 2.943291288070452705e+00 2.970594775020773071e+00 2.996714225903196915e+00 3.021513604159963506e+00 3.044867924437131279e+00 3.066664082441346917e+00 3.086801592693154461e+00 3.105193228796320426e+00 3.121765561587305005e+00 3.136459391308497047e+00 3.149230070757234046e+00 3.160047717193773753e+00 3.168897311638865677e+00 3.175778685049146954e+00 3.180706391719454018e+00 3.183709471118973955e+00 3.184831100216311217e+00 3.184128139180614436e+00 3.181670574155502251e+00 3.177540861583602716e+00 3.171833179305986850e+00 3.164652590367101226e+00 3.156114126116516427e+00 3.146341795808936137e+00 3.135467530458807772e+00 3.123630069201327686e+00 3.110973796843859773e+00 3.097647541657551074e+00 3.083803342755413013e+00 3.069595196628125411e+00 3.055177792560598959e+00 3.040705246729757505e+00 3.026329844786533219e+00 3.012200802652633680e+00 2.998463055115851095e+00 2.985256081587710497e+00 2.972712778095664365e+00 2.960958384221232809e+00 2.950109473268059279e+00 2.940273013453226891e+00 2.931545507364987646e+00 2.924012216324550106e+00 2.917746475633460346e+00 2.912809105986168934e+00 2.909247925585329853e+00 2.907097366720474252e+00 2.906378199765269787e+00 2.907097366720474252e+00 2.909247925585329853e+00 2.912809105986168934e+00 2.917746475633460346e+00 2.924012216324550106e+00 2.931545507364987646e+00 2.940273013453226891e+00 2.950109473268059279e+00 2.960958384221232809e+00 2.972712778095664365e+00 2.985256081587710497e+00 2.998463055115851095e+00 3.012200802652633680e+00 3.026329844786533219e+00 3.040705246729757505e+00 3.055177792560598959e+00 3.069595196628125411e+00 3.083803342755413013e+00 3.097647541657551074e+00 3.110973796843859773e+00 3.123630069201327686e+00 3.135467530458807772e+00 3.146341795808936137e+00 3.156114126116516427e+00 3.164652590367101226e+00 3.171833179305986850e+00 3.177540861583602716e+00 3.181670574155502251e+00 3.184128139180614436e+00 3.184831100216311217e+00 3.183709471118973955e+00 3.180706391719454018e+00 3.175778685049146954e+00 3.168897311638865677e+00 3.160047717193773753e+00 3.149230070757234046e+00 3.136459391308497047e+00 3.121765561587305005e+00 3.105193228796320426e+00 3.086801592693154461e+00 3.066664082441346917e+00 3.044867924437131279e+00 3.021513604159963506e+00 2.996714225903196915e+00 2.970594775020773071e+00 2.943291288070452705e+00 2.914949936938301178e+00 2.885726033687422643e+00 2.855782963481342307e+00 2.825291053484333847e+00 2.794426386133173512e+00 2.763369565603459588e+00 2.732304446655603680e+00 2.701416835337997924e+00 2.670893171245541708e+00 2.640919201178903553e+00 2.611678654122563170e+00 2.583351927457147035e+00 2.556114794243910193e+00 2.530137141267030820e+00 2.505581747293709416e+00 2.482603110714717953e+00 2.461346335361212834e+00 2.441946082860063427e+00 2.424525599393017483e+00 2.409195824168392175e+00 2.396054586301950451e+00 2.385185896140753936e+00 2.376659336355185115e+00 2.370529557375321339e+00 2.366835880964079042e+00 2.365602014907083106e+00 2.366835880964079042e+00 2.370529557375321339e+00 2.376659336355185115e+00 2.385185896140753936e+00 2.396054586301950451e+00 2.409195824168392175e+00 2.424525599393017483e+00 2.441946082860063427e+00 2.461346335361212834e+00 2.482603110714717953e+00 2.505581747293709416e+00 2.530137141267030820e+00 2.556114794243910193e+00 2.583351927457147035e+00 2.611678654122563170e+00 2.640919201178903553e+00 2.670893171245541708e+00 2.701416835337997924e+00 2.732304446655603680e+00 2.763369565603459588e+00 2.794426386133173512e+00 2.825291053484333847e+00 2.855782963481342307e+00
2.855621213561768013e+00 2.884415355244522861e+00 2.912457149781638943e+00 2.939593318623312523e+00 2.965678783848590516e+00 2.990577655332451013e+00 3.014164145720484189e+00 3.036323406474653819e+00 3.056952278858119598e+00 3.075959954378022942e+00 3.093268539897126246e+00 3.108813523353316288e+00 3.122544136784493052e+00 3.134423614139571157e+00 3.144429342158218788e+00 3.152552903416486529e+00 3.158800011456380119e+00 3.163190338738504082e+00 3.165757238971905085e+00 3.166547366177907108e+00 3.165620193629006707e+00 3.163047436563866555e+00 3.158912383309163463e+00 3.153309140133153221e+00 3.146341795808936137e+00 3.138123512472539733e+00 3.128775549917607979e+00 3.118426230970303248e+00 3.107209856031273087e+00 3.095265575252898582e+00 3.082736227136445795e+00 3.069767152583005032e+00 3.056504993612187970e+00 3.043096486072194296e+00 3.029687255703152449e+00 3.016420626882388323e+00 3.003436453275705187e+00 2.990869979443668836e+00 2.978850742207665991e+00 2.967501520269014481e+00 2.956937340197967945e+00 2.947264546471086266e+00 2.938579942738369866e+00 2.930970010949644600e+00 2.924510214367131766e+00 2.919264389842587182e+00 2.915284234047704093e+00 2.912608887621079390e+00 2.911264620439264039e+00 2.911264620439264039e+00 2.912608887621079390e+00 2.915284234047704093e+00 2.919264389842587182e+00 2.924510214367131766e+00 2.930970010949644600e+00 2.938579942738369866e+00 2.947264546471086266e+00 2.956937340197967945e+00 2.967501520269014481e+00 2.978850742207665991e+00 2.990869979443668836e+00 3.003436453275705187e+00 3.016420626882388323e+00 3.029687255703152449e+00 3.043096486072194296e+00 3.056504993612187970e+00 3.069767152583005032e+00 3.082736227136445795e+00 3.095265575252898582e+00 3.107209856031273087e+00 3.118426230970303248e+00 3.128775549917607979e+00 3.138123512472539733e+00 3.146341795808936137e+00 3.153309140133153221e+00 3.158912383309163463e+00 3.163047436563866555e+00 3.165620193629006707e+00 3.166547366177907108e+00 3.165757238971905085e+00 3.163190338738504082e+00 3.158800011456380119e+00 3.152552903416486529e+00 3.144429342158218788e+00 3.134423614139571157e+00 3.122544136784493052e+00 3.108813523353316288e+00 3.093268539897126246e+00 3.075959954378022942e+00 3.056952278858119598e+00 3.036323406474653819e+00 3.014164145720484189e+00 2.990577655332451013e+00 2.965678783848590516e+00 2.939593318623312523e+00 2.912457149781638943e+00 2.884415355244522861e+00 2.855621213561768013e+00 2.826235151842837023e+00 2.796423636574537408e+00 2.766358015554377658e+00 2.736213319545973022e+00 2.706167032575425679e+00 2.676397840032530340e+00 2.647084363916347716e+00 2.618403894669563137e+00 2.590531129079414185e+00 2.563636923684573521e+00 2.537887073017393913e+00 2.513441121830279013e+00 2.490451220204948690e+00 2.469061030125916378e+00 2.449404691716981386e+00 2.431605856894864193e+00 2.415776797690644795e+00 2.402017595931202454e+00 2.390415420363651844e+00 2.381043896650416603e+00 2.373962574966089090e+00 2.369216499194792380e+00 2.366835880964079042e+00 2.366835880964079042e+00 2.369216499194792380e+00 2.373962574966089090e+00 2.381043896650416603e+00 2.390415420363651844e+00 2.402017595931202454e+00 2.415776797690644795e+00 2.431605856894864193e+00 2.449404691716981386e+00 2.469061030125916378e+00 2.490451220204948690e+00 2.513441121830279013e+00 2.537887073017393913e+00 2.563636923684573521e+00 2.590531129079414185e+00 2.618403894669563137e+00 2.647084363916347716e+00 2.676397840032530340e+00 2.706167032575425679e+00 2.736213319545973022e+00 2.766358015554377658e+00 2.796423636574537408e+00 2.826235151842837023e+00
2.827302501385910105e+00 2.855525476941400242e+00 2.883121845932535177e+00 2.909941234491640216e+00 2.935840552743705700e+00 2.960684967648157695e+00 2.984348810613016045e+00 3.006716413199643778e+00 3.027682864787626382e+00 3.047154686666960544e+00 3.065050417663987670e+00 3.081301107083573410e+00 3.095850711457765581e+00 3.108656392325089612e+00 3.119688713019276971e+00 3.128931733215760236e+00 3.136383000762860362e+00 3.142053441106309464e+00 3.145967145394684028e+00 3.148161059123436356e+00 3.148684573930840447e+00 3.147599025894302738e+00 3.144977104384800271e+00 3.140902176215089270e+00 3.135467530458807772e+00 3.128775549917607979e+00 3.120936815767625827e+00 3.112069152420577911e+00 3.102296620084823431e+00 3.091748462904373884e+00 3.080558020886137172e+00 3.068861614095114820e+00 3.056797407801763455e+00 3.044504267403793651e+00 3.032120612015246852e+00 3.019783275618193930e+00 3.007626384606949532e+00 2.995780260421682328e+00 2.984370355768802607e+00 2.973516232661144176e+00 2.963330590183519408e+00 2.953918349501561291e+00 2.945375803186509600e+00 2.937789835429390539e+00 2.931237219168585373e+00 2.925783995559324335e+00 2.921484940576694722e+00 2.918383122870252588e+00 2.916509556283310101e+00 2.915882949718957118e+00 2.916509556283310101e+00 2.918383122870252588e+00 2.921484940576694722e+00 2.925783995559324335e+00 2.931237219168585373e+00 2.937789835429390539e+00 2.945375803186509600e+00 2.953918349501561291e+00 2.963330590183519408e+00 2.973516232661144176e+00 2.984370355768802607e+00 2.995780260421682328e+00 3.007626384606949532e+00 3.019783275618193930e+00 3.032120612015246852e+00 3.044504267403793651e+00 3.056797407801763455e+00 3.068861614095114820e+00 3.080558020886137172e+00 3.091748462904373884e+00 3.102296620084823431e+00 3.112069152420577911e+00 3.120936815767625827e+00 3.128775549917607979e+00 3.135467530458807772e+00 3.140902176215089270e+00 3.144977104384800271e+00 3.147599025894302738e+00 3.148684573930840447e+00 3.148161059123436356e+00 3.145967145394684028e+00 3.142053441106309464e+00 3.136383000762860362e+00 3.128931733215760236e+00 3.119688713019276971e+00 3.108656392325089612e+00 3.095850711457765581e+00 3.081301107083573410e+00 3.065050417663987670e+00 3.047154686666960544e+00 3.027682864787626382e+00 3.006716413199643778e+00 2.984348810613016045e+00 2.960684967648157695e+00 2.935840552743705700e+00 2.909941234491640216e+00 2.883121845932535177e+00 2.855525476941400242e+00 2.827302501385910105e+00 2.798609546239864354e+00 2.769608410281355848e+00 2.740464940394273796e+00 2.711347873820154408e+00 2.682427654972723285e+00 2.653875235627620288e+00 2.625860867433233992e+00 2.598552895754248748e+00 2.572116563857038685e+00 2.546712836375187639e+00 2.522497250854984774e+00 2.499618805975528435e+00 2.478218894767801661e+00 2.458430290823649944e+00 2.440376195091652267e+00 2.424169350405309231e+00 2.409911230383205094e+00 2.397691308784779540e+00 2.387586414803080093e+00 2.379660179132132569e+00 2.373962574966089090e+00 2.370529557375321339e+00 2.369382803766538537e+00 2.370529557375321339e+00 2.373962574966089090e+00 2.379660179132132569e+00 2.387586414803080093e+00 2.397691308784779540e+00 2.409911230383205094e+00 2.424169350405309231e+00 2.440376195091652267e+00 2.458430290823649944e+00 2.478218894767801661e+00 2.499618805975528435e+00 2.522497250854984774e+00 2.546712836375187639e+00 2.572116563857038685e+00 2.598552895754248748e+00 2.625860867433233992e+00 2.653875235627620288e+00 2.682427654972723285e+00 2.711347873820154408e+00 2.740464940394273796e+00 2.769608410281355848e+00 2.798609546239864354e+00
2.800985419658815090e+00 2.828502048875231711e+00 2.855512540075870742e+00 2.881870262111465575e+00 2.907434979906439398e+00 2.932073806827913298e+00 2.955662098628857759e+00 2.978084282385461190e+00 2.999234614347793038e+00 3.019017861167782257e+00 3.037349899555153332e+00 3.054158230035727950e+00 3.069382401142855432e+00 3.082974341056450296e+00 3.094898594410140813e+00 3.105132462709935481e+00 3.113666047542105630e+00 3.120502196488001090e+00 3.125656352403822336e+00 3.129156307458019981e+00 3.131041864042774847e+00 3.131364405383031624e+00 3.130186379351775461e+00 3.127580699658208729e+00 3.123630069201327686e+00 3.118426230970303248e+00 3.112069152420577911e+00 3.104666149756575066e+00 3.096330959004464756e+00 3.087182761158234978e+00 3.077345169026296734e+00 3.066945183691283550e+00 3.056112128720688048e+00 3.044976570428499674e+00 3.033669232587139053e+00 3.022319914023734455e+00 3.011056417505084681e+00 3.000003498221640807e+00 2.989281840023304326e+00 2.979007067339923598e+00 2.969288800438888654e+00 2.960229761333149412e+00 2.951924937258130210e+00 2.944460808188168688e+00 2.937914644365942962e+00 2.932353879275419128e+00 2.927835562904551381e+00 2.924405899522537045e+00 2.922099873542809423e+00 2.920940966361987190e+00 2.920940966361987190e+00 2.922099873542809423e+00 2.924405899522537045e+00 2.927835562904551381e+00 2.932353879275419128e+00 2.937914644365942962e+00 2.944460808188168688e+00 2.951924937258130210e+00 2.960229761333149412e+00 2.969288800438888654e+00 2.979007067339923598e+00 2.989281840023304326e+00 3.000003498221640807e+00 3.011056417505084681e+00 3.022319914023734455e+00 3.033669232587139053e+00 3.044976570428499674e+00 3.056112128720688048e+00 3.066945183691283550e+00 3.077345169026296734e+00 3.087182761158234978e+00 3.096330959004464756e+00 3.104666149756575066e+00 3.112069152420577911e+00 3.118426230970303248e+00 3.123630069201327686e+00 3.127580699658208729e+00 3.130186379351775461e+00 3.131364405383031624e+00 3.131041864042774847e+00 3.129156307458019981e+00 3.125656352403822336e+00 3.120502196488001090e+00 3.113666047542105630e+00 3.105132462709935481e+00 3.094898594410140813e+00 3.082974341056450296e+00 3.069382401142855432e+00 3.054158230035727950e+00 3.037349899555153332e+00 3.019017861167782257e+00 2.999234614347793038e+00 2.978084282385461190e+00 2.955662098628857759e+00 2.932073806827913298e+00 2.907434979906439398e+00 2.881870262111465575e+00 2.855512540075870742e+00 2.828502048875231711e+00 2.800985419658815090e+00 2.773114675884114089e+00 2.745046185580625409e+00 2.716939577408812756e+00 2.688956628561685047e+00 2.661260132777128806e+00 2.634012756887178064e+00 2.607375894424786456e+00 2.581508524838474372e+00 2.556566086830311502e+00 2.532699374233336354e+00 2.510053462681309355e+00 2.488766675098069925e+00 2.468969593747250446e+00 2.450784126237949945e+00 2.434322632480768522e+00 2.419687119134382058e+00 2.406968507579031691e+00 2.396245980903762618e+00 2.387586414803080093e+00 2.381043896650416603e+00 2.376659336355185115e+00 2.374460171922208929e+00 2.374460171922208929e+00 2.376659336355185115e+00 2.381043896650416603e+00 2.387586414803080093e+00 2.396245980903762618e+00 2.406968507579031691e+00 2.419687119134382058e+00 2.434322632480768522e+00 2.450784126237949945e+00 2.468969593747250446e+00 2.488766675098069925e+00 2.510053462681309355e+00 2.532699374233336354e+00 2.556566086830311502e+00 2.581508524838474372e+00 2.607375894424786456e+00 2.634012756887178064e+00 2.661260132777128806e+00 2.688956628561685047e+00 2.716939577408812756e+00 2.745046185580625409e+00 2.773114675884114089e+00
2.776870257263113206e+00 2.803552453978541248e+00 2.829842945749612593e+00 2.855599643441124158e+00 2.880686000339032660e+00 2.904971938134951248e+00 2.928334721080587233e+00 2.950659771879720505e+00 2.971841423333296817e+00 2.991783600246286312e+00 3.010400426639341820e+00 3.027616753880022937e+00 3.043368605952949224e+00 3.057603538721229697e+00 3.070280910687900544e+00 3.081372063441103037e+00 3.090860410654977297e+00 3.098741435214697137e+00 3.105022594733279462e+00 3.109723136424548340e+00 3.112873822985522398e+00 3.114516571817414370e+00 3.114704010572055370e+00 3.113498952645109341e+00 3.110973796843859773e+00 3.107209856031273087e+00 3.102296620084823431e+00 3.096330959004464756e+00 3.089416272454991397e+00 3.081661592430844365e+00 3.073180646082770195e+00 3.064090886043160378e+00 3.054512495828154872e+00 3.044567378077683184e+00 3.034378133518382814e+00 3.024067038597666013e+00 3.013755029739753510e+00 3.003560702116174763e+00 2.993599330704558081e+00 2.983981921231415146e+00 2.974814298358372966e+00 2.966196238178838041e+00 2.958220651745553820e+00 2.950972825951632128e+00 2.944529727641392203e+00 2.938959376336274687e+00 2.934320290428738431e+00 2.930661011127769111e+00 2.928019707837460128e+00 2.926423868019940144e+00 2.925890073940381697e+00 2.926423868019940144e+00 2.928019707837460128e+00 2.930661011127769111e+00 2.934320290428738431e+00 2.938959376336274687e+00 2.944529727641392203e+00 2.950972825951632128e+00 2.958220651745553820e+00 2.966196238178838041e+00 2.974814298358372966e+00 2.983981921231415146e+00 2.993599330704558081e+00 3.003560702116174763e+00 3.013755029739753510e+00 3.024067038597666013e+00 3.034378133518382814e+00 3.044567378077683184e+00 3.054512495828154872e+00 3.064090886043160378e+00 3.073180646082770195e+00 3.081661592430844365e+00 3.089416272454991397e+00 3.096330959004464756e+00 3.102296620084823431e+00 3.107209856031273087e+00 3.110973796843859773e+00 3.113498952645109341e+00 3.114704010572055370e+00 3.114516571817414370e+00 3.112873822985522398e+00 3.109723136424548340e+00 3.105022594733279462e+00 3.098741435214697137e+00 3.090860410654977297e+00 3.081372063441103037e+00 3.070280910687900544e+00 3.057603538721229697e+00 3.043368605952949224e+00 3.027616753880022937e+00 3.010400426639341820e+00 2.991783600246286312e+00 2.971841423333296817e+00 2.950659771879720505e+00 2.928334721080587233e+00 2.904971938134951248e+00 2.880686000339032660e+00 2.855599643441124158e+00 2.829842945749612593e+00 2.803552453978541248e+00 2.776870257263113206e+00 2.749943016176885191e+00 2.722920953930278998e+00 2.695956817223609914e+00 2.669204814464915199e+00 2.642819539241688442e+00 2.616954887054709911e+00 2.591762973380745017e+00 2.567393061128282472e+00 2.543990505486960263e+00 2.521695724047146925e+00 2.500643199882328194e+00 2.480960525044873854e+00 2.462767491627242844e+00 2.446175237187943718e+00 2.431285450937374915e+00 2.418189646625928724e+00 2.406968507579031691e+00 2.397691308784779540e+00 2.390415420363651844e+00 2.385185896140753936e+00 2.382035150403868595e+00 2.380982725269958689e+00 2.382035150403868595e+00 2.385185896140753936e+00 2.390415420363651844e+00 2.397691308784779540e+00 2.406968507579031691e+00 2.418189646625928724e+00 2.431285450937374915e+00 2.446175237187943718e+00 2.462767491627242844e+00 2.480960525044873854e+00 2.500643199882328194e+00 2.521695724047146925e+00 2.543990505486960263e+00 2.567393061128282472e+00 2.591762973380745017e+00 2.616954887054709911e+00 2.642819539241688442e+00 2.669204814464915199e+00 2.695956817223609914e+00 2.722920953930278998e+00 2.749943016176885191e+00
2.755140545145769337e+00 2.780868129689798351e+00 2.806311693154035058e+00 2.831334443678633406e+00 2.855804317692178795e+00 2.879594873875710004e+00 2.902586141645360218e+00 2.924665417912830190e+00 2.945728006281180811e+00 2.965677893275915356e+00 2.984428356694312168e+00 3.001902501676052548e+00 3.018033720651243978e+00 3.032766073903813808e+00 3.046054588094486260e+00 3.057865470713556189e+00 3.068176239074669187e+00 3.076975763111901241e+00 3.084264221898640468e+00 3.090052974463253666e+00 3.094364346127976173e+00 3.097231332239296364e+00 3.098697221785153388e+00 3.098815144001899835e+00 3.097647541657551074e+00 3.095265575252898582e+00 3.091748462904373884e+00 3.087182761158234978e+00 3.081661592430844365e+00 3.075283825171351904e+00 3.068153213197752915e+00 3.060377500962494057e+00 3.052067501757175449e+00 3.043336156065503673e+00 3.034297577418161307e+00 3.025066093191234984e+00 3.015755287821048736e+00 3.006477055882092575e+00 2.997340672391735072e+00 2.988451887565901632e+00 2.979912053055303378e+00 2.971817286443306561e+00 2.964257680486233060e+00 2.957316563227048167e+00 2.951069814716620332e+00 2.945585245636198390e+00 2.940922042633700162e+00 2.937130284668576508e+00 2.934250534109375419e+00 2.932313505748876281e+00 2.931339816298184520e+00 2.931339816298184520e+00 2.932313505748876281e+00 2.934250534109375419e+00 2.937130284668576508e+00 2.940922042633700162e+00 2.945585245636198390e+00 2.951069814716620332e+00 2.957316563227048167e+00 2.964257680486233060e+00 2.971817286443306561e+00 2.979912053055303378e+00 2.988451887565901632e+00 2.997340672391735072e+00 3.006477055882092575e+00 3.015755287821048736e+00 3.025066093191234984e+00 3.034297577418161307e+00 3.043336156065503673e+00 3.052067501757175449e+00 3.060377500962494057e+00 3.068153213197752915e+00 3.075283825171351904e+00 3.081661592430844365e+00 3.087182761158234978e+00 3.091748462904373884e+00 3.095265575252898582e+00 3.097647541657551074e+00 3.098815144001899835e+00 3.098697221785153388e+00 3.097231332239296364e+00 3.094364346127976173e+00 3.090052974463253666e+00 3.084264221898640468e+00 3.076975763111901241e+00 3.068176239074669187e+00 3.057865470713556189e+00 3.046054588094486260e+00 3.032766073903813808e+00 3.018033720651243978e+00 3.001902501676052548e+00 2.984428356694312168e+00 2.965677893275915356e+00 2.945728006281180811e+00 2.924665417912830190e+00 2.902586141645360218e+00 2.879594873875710004e+00 2.855804317692178795e+00 2.831334443678633406e+00 2.806311693154035058e+00 2.780868129689798351e+00 2.755140545145769337e+00 2.729269526816917146e+00 2.703398492584322188e+00 2.677672701213474227e+00 2.652238245138317740e+00 2.627241033209493537e+00 2.602825770968567820e+00 2.579134946036303333e+00 2.556307826171735353e+00 2.534479477470465980e+00 2.513779810025562167e+00 2.494332658174090778e+00 2.476254902197904340e+00 2.459655638040978864e+00 2.444635401249440232e+00 2.431285450937374915e+00 2.419687119134382058e+00 2.409911230383205094e+00 2.402017595931202454e+00 2.396054586301950451e+00 2.392058785447110481e+00 2.390054729068244566e+00 2.390054729068244566e+00 2.392058785447110481e+00 2.396054586301950451e+00 2.402017595931202454e+00 2.409911230383205094e+00 2.419687119134382058e+00 2.431285450937374915e+00 2.444635401249440232e+00 2.459655638040978864e+00 2.476254902197904340e+00 2.494332658174090778e+00 2.513779810025562167e+00 2.534479477470465980e+00 2.556307826171735353e+00 2.579134946036303333e+00 2.602825770968567820e+00 2.627241033209493537e+00 2.652238245138317740e+00 2.677672701213474227e+00 2.703398492584322188e+00 2.729269526816917146e+00
2.735961659536755519e+00 2.760623108037076445e+00 2.785100811233070406e+00 2.809263980826596896e+00 2.832985787114914444e+00 2.856144215611769344e+00 2.878622884249868008e+00 2.900311815157383233e+00 2.921108155351744617e+00 2.940916841087199085e+00 2.959651201025459866e+00 2.977233493868016723e+00 2.993595376590609813e+00 3.008678299951244473e+00 3.022433828498947150e+00 3.034823882886836355e+00 3.045820902885831405e+00 3.055407930099685032e+00 3.063578609993677038e+00 3.070337113463343481e+00 3.075697978781481101e+00 3.079685875366790615e+00 3.082335291411038014e+00 3.083690147979336160e+00 3.083803342755413013e+00 3.082736227136445795e+00 3.080558020886137172e+00 3.077345169026296734e+00 3.073180646082770195e+00 3.068153213197752915e+00 3.062356633974365305e+00 3.055888855228188650e+00 3.048851159081823692e+00 3.041347293050611356e+00 3.033482584928746562e+00 3.025363049393849035e+00 3.017094493304028902e+00 3.008781626663905584e+00 3.000527186185173889e+00 2.992431078263323219e+00 2.984589548036012285e+00 2.977094380981431865e+00 2.970032143258481749e+00 2.963483466686531287e+00 2.957522383913500974e+00 2.952215718929468213e+00 2.947622537651977126e+00 2.943793662842221881e+00 2.940771257111547410e+00 2.938588477249324260e+00 2.937269202550185199e+00 2.936827839244976257e+00 2.937269202550185199e+00 2.938588477249324260e+00 2.940771257111547410e+00 2.943793662842221881e+00 2.947622537651977126e+00 2.952215718929468213e+00 2.957522383913500974e+00 2.963483466686531287e+00 2.970032143258481749e+00 2.977094380981431865e+00 2.984589548036012285e+00 2.992431078263323219e+00 3.000527186185173889e+00 3.008781626663905584e+00 3.017094493304028902e+00 3.025363049393849035e+00 3.033482584928746562e+00 3.041347293050611356e+00 3.048851159081823692e+00 3.055888855228188650e+00 3.062356633974365305e+00 3.068153213197752915e+00 3.073180646082770195e+00 3.077345169026296734e+00 3.080558020886137172e+00 3.082736227136445795e+00 3.083803342755413013e+00 3.083690147979336160e+00 3.082335291411038014e+00 3.079685875366790615e+00 3.075697978781481101e+00 3.070337113463343481e+00 3.063578609993677038e+00 3.055407930099685032e+00 3.045820902885831405e+00 3.034823882886836355e+00 3.022433828498947150e+00 3.008678299951244473e+00 2.993595376590609813e+00 2.977233493868016723e+00 2.959651201025459866e+00 2.940916841087199085e+00 2.921108155351744617e+00 2.900311815157383233e+00 2.878622884249868008e+00 2.856144215611769344e+00 2.832985787114914444e+00 2.809263980826596896e+00 2.785100811233070406e+00 2.760623108037076445e+00 2.735961659536755519e+00 2.711250322898565823e+00 2.686625107894447861e+00 2.662223240881502306e+00 2.638182215959209653e+00 2.614638840343623816e+00 2.591728281049078486e+00 2.569583119965493712e+00 2.548332424363212390e+00 2.528100839748010031e+00 2.509007711827164311e+00 2.491166244134580321e+00 2.474682697600464554e+00 2.459655638040978864e+00 2.446175237187943718e+00 2.434322632480768522e+00 2.424169350405309231e+00 2.415776797690644795e+00 2.409195824168392175e+00 2.404466360563972671e+00 2.401617133929262682e+00 2.400665462845577469e+00 2.401617133929262682e+00 2.404466360563972671e+00 2.409195824168392175e+00 2.415776797690644795e+00 2.424169350405309231e+00 2.434322632480768522e+00 2.446175237187943718e+00 2.459655638040978864e+00 2.474682697600464554e+00 2.491166244134580321e+00 2.509007711827164311e+00 2.528100839748010031e+00 2.548332424363212390e+00 2.569583119965493712e+00 2.591728281049078486e+00 2.614638840343623816e+00 2.638182215959209653e+00 2.662223240881502306e+00 2.686625107894447861e+00 2.711250322898565823e+00
2.719479563336083316e+00 2.742972688502097522e+00 2.766374336724048533e+00 2.789560376025536304e+00 2.812409912323595051e+00 2.834806103733249483e+00 2.856636941193780199e+00 2.877795989682451872e+00 2.898183084586328562e+00 2.917704978148774497e+00 2.936275931291325136e+00 2.953818246531140890e+00 2.970262738165919014e+00 2.985549136378455870e+00 2.999626422418451899e+00 3.012453092545726019e+00 3.023997348962776499e+00 3.034237216521381786e+00 3.043160584553541437e+00 3.050765173747136405e+00 3.057058428556902019e+00 3.062057336207358205e+00 3.065788173901873304e+00 3.068286186396876669e+00 3.069595196628125411e+00 3.069767152583005032e+00 3.068861614095114820e+00 3.066945183691283550e+00 3.064090886043160378e+00 3.060377500962494057e+00 3.055888855228188650e+00 3.050713078841467141e+00 3.044941831570870061e+00 3.038669505869084020e+00 3.031992412417303218e+00 3.025007954678465172e+00 3.017813798917569290e+00 3.010507046174489165e+00 3.003183412652374429e+00 2.995936424912834628e+00 2.988856636148268464e+00 2.982030869632929626e+00 2.975541495238781753e+00 2.969465744641665239e+00 2.963875070539698342e+00 2.958834554861548671e+00 2.954402370559810809e+00 2.950629301167240204e+00 2.947558321844075291e+00 2.945224245166732757e+00 2.943653434405312908e+00 2.942863586513478236e+00 2.942863586513478236e+00 2.943653434405312908e+00 2.945224245166732757e+00 2.947558321844075291e+00 2.950629301167240204e+00 2.954402370559810809e+00 2.958834554861548671e+00 2.963875070539698342e+00 2.969465744641665239e+00 2.975541495238781753e+00 2.982030869632929626e+00 2.988856636148268464e+00 2.995936424912834628e+00 3.003183412652374429e+00 3.010507046174489165e+00 3.017813798917569290e+00 3.025007954678465172e+00 3.031992412417303218e+00 3.038669505869084020e+00 3.044941831570870061e+00 3.050713078841467141e+00 3.055888855228188650e+00 3.060377500962494057e+00 3.064090886043160378e+00 3.066945183691283550e+00 3.068861614095114820e+00 3.069767152583005032e+00 3.069595196628125411e+00 3.068286186396876669e+00 3.065788173901873304e+00 3.062057336207358205e+00 3.057058428556902019e+00 3.050765173747136405e+00 3.043160584553541437e+00 3.034237216521381786e+00 3.023997348962776499e+00 3.012453092545726019e+00 2.999626422418451899e+00 2.985549136378455870e+00 2.970262738165919014e+00 2.953818246531140890e+00 2.936275931291325136e+00 2.917704978148774497e+00 2.898183084586328562e+00 2.877795989682451872e+00 2.856636941193780199e+00 2.834806103733249483e+00 2.812409912323595051e+00 2.789560376025536304e+00 2.766374336724048533e+00 2.742972688502097522e+00 2.719479563336083316e+00 2.696021489109041269e+00 2.672726526154022952e+00 2.649723388709736671e+00 2.627140557791771691e+00 2.605105392055026670e+00 2.583743243245371968e+00 2.563176582811228510e+00 2.543524146168615996e+00 2.524900100986998908e+00 2.507413245688854264e+00 2.491166244134580321e+00 2.476254902197904340e+00 2.462767491627242844e+00 2.450784126237949945e+00 2.440376195091652267e+00 2.431605856894864193e+00 2.424525599393017483e+00 2.419177867051416797e+00 2.415594759805001157e+00 2.413797805128166107e+00 2.413797805128166107e+00 2.415594759805001157e+00 2.419177867051416797e+00 2.424525599393017483e+00 2.431605856894864193e+00 2.440376195091652267e+00 2.450784126237949945e+00 2.462767491627242844e+00 2.476254902197904340e+00 2.491166244134580321e+00 2.507413245688854264e+00 2.524900100986998908e+00 2.543524146168615996e+00 2.563176582811228510e+00 2.583743243245371968e+00 2.605105392055026670e+00 2.627140557791771691e+00 2.649723388709736671e+00 2.672726526154022952e+00 2.696021489109041269e+00
2.705819695248003587e+00 2.728052253770037794e+00 2.750277060772475135e+00 2.772377235705286491e+00 2.794238468351708971e+00 2.815749786223996853e+00 2.836804293665070364e+00 2.857299877231843865e+00 2.877139872197713277e+00 2.896233685312326944e+00 2.914497369294015261e+00 2.931854144901498760e+00 2.948234866833978174e+00 2.963578430139254039e+00 2.977832114264995056e+00 2.990951862365004654e+00 3.002902493966925324e+00 3.013657849616266926e+00 3.023200866630263661e+00 3.031523585619809946e+00 3.038627087964613338e+00 3.044521364951732867e+00 3.049225119806896700e+00 3.052765504357330073e+00 3.055177792560598959e+00 3.056504993612187970e+00 3.056797407801763455e+00 3.056112128720688048e+00 3.054512495828154872e+00 3.052067501757175449e+00 3.048851159081823692e+00 3.044941831570870061e+00 3.040421535218149618e+00 3.035375214564500990e+00 3.029890000008265805e+00 3.024054451939829136e+00 3.017957797629325700e+00 3.011689166844911725e+00 3.005336832181384477e+00 2.998987460035546615e+00 2.992725378075833387e+00 2.986631864920065382e+00 2.980784467557751061e+00 2.975256351833627022e+00 2.970115691048563988e+00 2.965425097434841728e+00 2.961241100927188175e+00 2.957613679281536179e+00 2.954585843193095585e+00 2.952193279636931234e+00 2.950464056201266061e+00 2.949418388709528660e+00 2.949068473935394508e+00 2.949418388709528660e+00 2.950464056201266061e+00 2.952193279636931234e+00 2.954585843193095585e+00 2.957613679281536179e+00 2.961241100927188175e+00 2.965425097434841728e+00 2.970115691048563988e+00 2.975256351833627022e+00 2.980784467557751061e+00 2.986631864920065382e+00 2.992725378075833387e+00 2.998987460035546615e+00 3.005336832181384477e+00 3.011689166844911725e+00 3.017957797629325700e+00 3.024054451939829136e+00 3.029890000008265805e+00 3.035375214564500990e+00 3.040421535218149618e+00 3.044941831570870061e+00 3.048851159081823692e+00 3.052067501757175449e+00 3.054512495828154872e+00 3.056112128720688048e+00 3.056797407801763455e+00 3.056504993612187970e+00 3.055177792560598959e+00 3.052765504357330073e+00 3.049225119806896700e+00 3.044521364951732867e+00 3.038627087964613338e+00 3.031523585619809946e+00 3.023200866630263661e+00 3.013657849616266926e+00 3.002902493966925324e+00 2.990951862365004654e+00 2.977832114264995056e+00 2.963578430139254039e+00 2.948234866833978174e+00 2.931854144901498760e+00 2.914497369294015261e+00 2.896233685312326944e+00 2.877139872197713277e+00 2.857299877231843865e+00 2.836804293665070364e+00 2.815749786223996853e+00 2.794238468351708971e+00 2.772377235705286491e+00 2.750277060772475135e+00 2.728052253770037794e+00 2.705819695248003587e+00 2.683698046044948882e+00 2.661806940417608569e+00 2.640266168302471961e+00 2.619194852756270731e+00 2.598710628665931388e+00 2.578928828816066332e+00 2.559961683353742412e+00 2.541917538596052850e+00 2.524900100986998908e+00 2.509007711827164311e+00 2.494332658174090778e+00 2.480960525044873854e+00 2.468969593747250446e+00 2.458430290823649944e+00 2.449404691716981386e+00 2.441946082860063427e+00 2.436098585455755750e+00 2.431896843755225746e+00 2.429365780160948507e+00 2.428520418982503148e+00 2.429365780160948507e+00 2.431896843755225746e+00 2.436098585455755750e+00 2.441946082860063427e+00 2.449404691716981386e+00 2.458430290823649944e+00 2.468969593747250446e+00 2.480960525044873854e+00 2.494332658174090778e+00 2.509007711827164311e+00 2.524900100986998908e+00 2.541917538596052850e+00 2.559961683353742412e+00 2.578928828816066332e+00 2.598710628665931388e+00 2.619194852756270731e+00 2.640266168302471961e+00 2.661806940417608569e+00 2.683698046044948882e+00
2.695086015116717970e+00 2.715976237382367930e+00 2.736933422660309478e+00 2.757848475599138371e+00 2.778614260483372789e+00 2.799126317538944253e+00 2.819283555941845432e+00 2.838988918449851351e+00 2.858150012798426953e+00 2.876679705259711284e+00 2.894496672055878239e+00 2.911525904642944251e+00 2.927699165235845502e+00 2.942955389327500004e+00 2.957241032360807154e+00 2.970510358139931029e+00 2.982725667012613879e+00 2.993857462315116180e+00 3.003884554042390409e+00 3.012794099184457952e+00 3.020581578652214549e+00 3.027250711198258504e+00 3.032813305217176403e+00 3.037289049781411787e+00 3.040705246729757505e+00 3.043096486072194296e+00 3.044504267403793651e+00 3.044976570428499674e+00 3.044567378077683184e+00 3.043336156065503673e+00 3.041347293050611356e+00 3.038669505869084020e+00 3.035375214564500990e+00 3.031539892165691086e+00 3.027241394349333259e+00 3.022559274271683361e+00 3.017574087960333440e+00 3.012366695722118681e+00 3.007017565046640417e+00 3.001606080466261872e+00 2.996209865772929692e+00 2.990904123890306021e+00 2.985760999557193429e+00 2.980848969796340509e+00 2.976232266922600456e+00 2.971970338588010296e+00 2.968117349070455990e+00 2.964721725689511533e+00 2.961825753880231726e+00 2.959465224075866985e+00 2.957669133146499707e+00 2.956459442715676733e+00 2.955850896234343939e+00 2.955850896234343939e+00 2.956459442715676733e+00 2.957669133146499707e+00 2.959465224075866985e+00 2.961825753880231726e+00 2.964721725689511533e+00 2.968117349070455990e+00 2.971970338588010296e+00 2.976232266922600456e+00 2.980848969796340509e+00 2.985760999557193429e+00 2.990904123890306021e+00 2.996209865772929692e+00 3.001606080466261872e+00 3.007017565046640417e+00 3.012366695722118681e+00 3.017574087960333440e+00 3.022559274271683361e+00 3.027241394349333259e+00 3.031539892165691086e+00 3.035375214564500990e+00 3.038669505869084020e+00 3.041347293050611356e+00 3.043336156065503673e+00 3.044567378077683184e+00 3.044976570428499674e+00 3.044504267403793651e+00 3.043096486072194296e+00 3.040705246729757505e+00 3.037289049781411787e+00 3.032813305217176403e+00 3.027250711198258504e+00 3.020581578652214549e+00 3.012794099184457952e+00 3.003884554042390409e+00 2.993857462315116180e+00 2.982725667012613879e+00 2.970510358139931029e+00 2.957241032360807154e+00 2.942955389327500004e+00 2.927699165235845502e+00 2.911525904642944251e+00 2.894496672055878239e+00 2.876679705259711284e+00 2.858150012798426953e+00 2.838988918449851351e+00 2.819283555941845432e+00 2.799126317538944253e+00 2.778614260483372789e+00 2.757848475599138371e+00 2.736933422660309478e+00 2.715976237382367930e+00 2.695086015116717970e+00 2.674373076511271652e+00 2.653948220543260295e+00 2.633921970432805626e+00 2.614403818006560520e+00 2.595501472099513762e+00 2.577320116559536523e+00 2.559961683353742412e+00 2.543524146168615996e+00 2.528100839748010031e+00 2.513779810025562167e+00 2.500643199882328194e+00 2.488766675098069925e+00 2.478218894767801661e+00 2.469061030125916378e+00 2.461346335361212834e+00 2.455119773619967027e+00 2.450417700983783309e+00 2.447267610777550395e+00 2.445687940113475012e+00 2.445687940113475012e+00 2.447267610777550395e+00 2.450417700983783309e+00 2.455119773619967027e+00 2.461346335361212834e+00 2.469061030125916378e+00 2.478218894767801661e+00 2.488766675098069925e+00 2.500643199882328194e+00 2.513779810025562167e+00 2.528100839748010031e+00 2.543524146168615996e+00 2.559961683353742412e+00 2.577320116559536523e+00 2.595501472099513762e+00 2.614403818006560520e+00 2.633921970432805626e+00 2.653948220543260295e+00 2.674373076511271652e+00
2.687360212729200892e+00 2.706837251153331181e+00 2.726446559075371479e+00 2.746087295583931276e+00 2.765660028834572959e+00 2.785067397520752053e+00 2.804214753630489110e+00 2.823010781784009993e+00 2.841368090631029020e+00 2.859203772003963362e+00 2.876439923773245422e+00 2.893004132631304071e+00 2.908829913340546636e+00 2.923857101315299634e+00 2.938032195765826415e+00 2.951308651011297357e+00 2.963647113965214519e+00 2.975015606208109009e+00 2.985389649485370001e+00 2.994752333899479257e+00 3.003094328502481147e+00 3.010413834432872804e+00 3.016716481177984743e+00 3.022015166974857170e+00 3.026329844786533219e+00 3.029687255703152449e+00 3.032120612015246852e+00 3.033669232587139053e+00 3.034378133518382814e+00 3.034297577418161307e+00 3.033482584928746562e+00 3.031992412417303218e+00 3.029890000008265805e+00 3.027241394349333259e+00 3.024115150691158771e+00 3.020581719012604083e+00 3.016712819038896765e+00 3.012580809078228672e+00 3.008258053642782759e+00 3.003816294822465149e+00 2.999326032343828441e+00 2.994855917173072424e+00 2.990472163411129980e+00 2.986237983081597935e+00 2.982213048229791497e+00 2.978452984534788239e+00 2.975008900387905886e+00 2.971926955112103474e+00 2.969247969689964517e+00 2.967007083035115844e+00 2.965233456486009445e+00 2.963950028824468674e+00 2.963173323727346986e+00 2.962913311150906281e+00 2.963173323727346986e+00 2.963950028824468674e+00 2.965233456486009445e+00 2.967007083035115844e+00 2.969247969689964517e+00 2.971926955112103474e+00 2.975008900387905886e+00 2.978452984534788239e+00 2.982213048229791497e+00 2.986237983081597935e+00 2.990472163411129980e+00 2.994855917173072424e+00 2.999326032343828441e+00 3.003816294822465149e+00 3.008258053642782759e+00 3.012580809078228672e+00 3.016712819038896765e+00 3.020581719012604083e+00 3.024115150691158771e+00 3.027241394349333259e+00 3.029890000008265805e+00 3.031992412417303218e+00 3.033482584928746562e+00 3.034297577418161307e+00 3.034378133518382814e+00 3.033669232587139053e+00 3.032120612015246852e+00 3.029687255703152449e+00 3.026329844786533219e+00 3.022015166974857170e+00 3.016716481177984743e+00 3.010413834432872804e+00 3.003094328502481147e+00 2.994752333899479257e+00 2.985389649485370001e+00 2.975015606208109009e+00 2.963647113965214519e+00 2.951308651011297357e+00 2.938032195765826415e+00 2.923857101315299634e+00 2.908829913340546636e+00 2.893004132631304071e+00 2.876439923773245422e+00 2.859203772003963362e+00 2.841368090631029020e+00 2.823010781784009993e+00 2.804214753630489110e+00 2.785067397520752053e+00 2.765660028834572959e+00 2.746087295583931276e+00 2.726446559075371479e+00 2.706837251153331181e+00 2.687360212729200892e+00 2.668117018449002842e+00 2.649209292463956977e+00 2.630738020342321182e+00 2.612802862196792919e+00 2.595501472099513762e+00 2.578928828816066332e+00 2.563176582811228510e+00 2.548332424363212390e+00 2.534479477470465980e+00 2.521695724047146925e+00 2.510053462681309355e+00 2.499618805975528435e+00 2.490451220204948690e+00 2.482603110714717953e+00 2.476119456139924235e+00 2.471037494168896842e+00 2.467386461187967672e+00 2.465187387745281899e+00 2.464452951356089105e+00 2.465187387745281899e+00 2.467386461187967672e+00 2.471037494168896842e+00 2.476119456139924235e+00 2.482603110714717953e+00 2.490451220204948690e+00 2.499618805975528435e+00 2.510053462681309355e+00 2.521695724047146925e+00 2.534479477470465980e+00 2.548332424363212390e+00 2.563176582811228510e+00 2.578928828816066332e+00 2.595501472099513762e+00 2.612802862196792919e+00 2.630738020342321182e+00 2.649209292463956977e+00 2.668117018449002842e+00
2.682701086106587862e+00 2.700705378994126438e+00 2.718897516164508588e+00 2.737185313159522959e+00 2.755477506935270160e+00 2.773684359214154682e+00 2.791718245266279208e+00 2.809494223818598257e+00 2.826930583939009534e+00 2.843949364922830014e+00 2.860476845419140712e+00 2.876443998272783187e+00 2.891786907822612829e+00 2.906447146685758209e+00 2.920372109369071101e+00 2.933515300380175272e+00 2.945836574859100665e+00 2.957302330114667921e+00 2.967885646824912627e+00 2.977566379044963796e+00 2.986331192555984781e+00 2.994173551482209206e+00 3.001093653496564873e+00 3.007098314326016375e+00 3.012200802652633680e+00 3.016420626882388323e+00 3.019783275618193930e+00 3.022319914023734455e+00 3.024067038597666013e+00 3.025066093191234984e+00 3.025363049393849035e+00 3.025007954678465172e+00 3.024054451939829136e+00 3.022559274271683361e+00 3.020581719012604083e+00 3.018183105242561393e+00 3.015426219032608213e+00 3.012374750837354842e+00 3.009092729473359373e+00 3.005643957145960332e+00 3.002091449972205339e+00 2.998496888398497706e+00 2.994920081828864600e+00 2.991418451663873324e+00 2.988046536802168252e+00 2.984855525477512206e+00 2.981892817095359138e+00 2.979201617496176624e+00 2.976820570809533439e+00 2.974783430775637783e+00 2.973118774101564998e+00 2.971849758090372884e+00 2.970993924435035183e+00 2.970563050708471931e+00 2.970563050708471931e+00 2.970993924435035183e+00 2.971849758090372884e+00 2.973118774101564998e+00 2.974783430775637783e+00 2.976820570809533439e+00 2.979201617496176624e+00 2.981892817095359138e+00 2.984855525477512206e+00 2.988046536802168252e+00 2.991418451663873324e+00 2.994920081828864600e+00 2.998496888398497706e+00 3.002091449972205339e+00 3.005643957145960332e+00 3.009092729473359373e+00 3.012374750837354842e+00 3.015426219032608213e+00 3.018183105242561393e+00 3.020581719012604083e+00 3.022559274271683361e+00 3.024054451939829136e+00 3.025007954678465172e+00 3.025363049393849035e+00 3.025066093191234984e+00 3.024067038597666013e+00 3.022319914023734455e+00 3.019783275618193930e+00 3.016420626882388323e+00 3.012200802652633680e+00 3.007098314326016375e+00 3.001093653496564873e+00 2.994173551482209206e+00 2.986331192555984781e+00 2.977566379044963796e+00 2.967885646824912627e+00 2.957302330114667921e+00 2.945836574859100665e+00 2.933515300380175272e+00 2.920372109369071101e+00 2.906447146685758209e+00 2.891786907822612829e+00 2.876443998272783187e+00 2.860476845419140712e+00 2.843949364922830014e+00 2.826930583939009534e+00 2.809494223818598257e+00 2.791718245266279208e+00 2.773684359214154682e+00 2.755477506935270160e+00 2.737185313159522959e+00 2.718897516164508588e+00 2.700705378994126438e+00 2.682701086106587862e+00 2.664977129870115036e+00 2.647625691407787141e+00 2.630738020342321182e+00 2.614403818006560520e+00 2.598710628665931388e+00 2.583743243245371968e+00 2.569583119965493712e+00 2.556307826171735353e+00 2.543990505486960263e+00 2.532699374233336354e+00 2.522497250854984774e+00 2.513441121830279013e+00 2.505581747293709416e+00 2.498963309293912971e+00 2.493623105299028087e+00 2.489591289225340898e+00 2.486890661912773304e+00 2.485536512603820913e+00 2.485536512603820913e+00 2.486890661912773304e+00 2.489591289225340898e+00 2.493623105299028087e+00 2.498963309293912971e+00 2.505581747293709416e+00 2.513441121830279013e+00 2.522497250854984774e+00 2.532699374233336354e+00 2.543990505486960263e+00 2.556307826171735353e+00 2.569583119965493712e+00 2.583743243245371968e+00 2.598710628665931388e+00 2.614403818006560520e+00 2.630738020342321182e+00 2.647625691407787141e+00 2.664977129870115036e+00
2.681144094015733614e+00 2.697627642521805313e+00 2.714344630372999223e+00 2.731211862171953442e+00 2.748146641491016506e+00 2.765067313300102914e+00 2.781893795507949019e+00 2.798548095742542596e+00 2.814954809614195863e+00 2.831041596850548459e+00 2.846739631865924824e+00 2.861984025526238984e+00 2.876714215093795435e+00 2.890874319582074747e+00 2.904413458016957161e+00 2.917286028385989383e+00 2.929451945358812370e+00 2.940876835177718363e+00 2.951532186444826511e+00 2.961395455869247240e+00 2.970450128381180388e+00 2.978685731367632261e+00 2.986097803133517470e+00 2.992687816039985904e+00 2.998463055115851095e+00 3.003436453275705187e+00 3.007626384606949532e+00 3.011056417505084681e+00 3.013755029739753510e+00 3.015755287821048736e+00 3.017094493304028902e+00 3.017813798917569290e+00 3.017957797629325700e+00 3.017574087960333440e+00 3.016712819038896765e+00 3.015426219032608213e+00 3.013768110718565207e+00 3.011793418044068193e+00 3.009557667592743346e+00 3.007116488903504248e+00 3.004525117591983374e+00 3.001837905195897438e+00 2.999107839607541681e+00 2.996386079868701646e+00 2.993721508986364466e+00 2.991160308282653002e+00 2.988745556620532984e+00 2.986516857649258672e+00 2.984509997991918961e+00 2.982756639053403713e+00 2.981284044862521743e+00 2.980114848078945666e+00 2.979266855996234309e+00 2.978752898058800280e+00 2.978580716085551305e+00 2.978752898058800280e+00 2.979266855996234309e+00 2.980114848078945666e+00 2.981284044862521743e+00 2.982756639053403713e+00 2.984509997991918961e+00 2.986516857649258672e+00 2.988745556620532984e+00 2.991160308282653002e+00 2.993721508986364466e+00 2.996386079868701646e+00 2.999107839607541681e+00 3.001837905195897438e+00 3.004525117591983374e+00 3.007116488903504248e+00 3.009557667592743346e+00 3.011793418044068193e+00 3.013768110718565207e+00 3.015426219032608213e+00 3.016712819038896765e+00 3.017574087960333440e+00 3.017957797629325700e+00 3.017813798917569290e+00 3.017094493304028902e+00 3.015755287821048736e+00 3.013755029739753510e+00 3.011056417505084681e+00 3.007626384606949532e+00 3.003436453275705187e+00 2.998463055115851095e+00 2.992687816039985904e+00 2.986097803133517470e+00 2.978685731367632261e+00 2.970450128381180388e+00 2.961395455869247240e+00 2.951532186444826511e+00 2.940876835177718363e+00 2.929451945358812370e+00 2.917286028385989383e+00 2.904413458016957161e+00 2.890874319582074747e+00 2.876714215093795435e+00 2.861984025526238984e+00 2.846739631865924824e+00 2.831041596850548459e+00 2.814954809614195863e+00 2.798548095742542596e+00 2.781893795507949019e+00 2.765067313300102914e+00 2.748146641491016506e+00 2.731211862171953442e+00 2.714344630372999223e+00 2.697627642521805313e+00 2.681144094015733614e+00 2.664977129870115036e+00 2.649209292463956977e+00 2.633921970432805626e+00 2.619194852756270731e+00 2.605105392055026670e+00 2.591728281049078486e+00 2.579134946036303333e+00 2.567393061128282472e+00 2.556566086830311502e+00 2.546712836375187639e+00 2.537887073017393913e+00 2.530137141267030820e+00 2.523505634793133279e+00 2.518029103455601270e+00 2.513737801636029445e+00 2.510655479732367912e+00 2.508799220362829985e+00 2.508179320493391984e+00 2.508799220362829985e+00 2.510655479732367912e+00 2.513737801636029445e+00 2.518029103455601270e+00 2.523505634793133279e+00 2.530137141267030820e+00 2.537887073017393913e+00 2.546712836375187639e+00 2.556566086830311502e+00 2.567393061128282472e+00 2.579134946036303333e+00 2.591728281049078486e+00 2.605105392055026670e+00 2.619194852756270731e+00 2.633921970432805626e+00 2.649209292463956977e+00 2.664977129870115036e+00
2.682701086106587862e+00 2.697627642521805313e+00 2.712823082786863793e+00 2.728213462125045563e+00 2.743724979273553632e+00 2.759284455676822123e+00 2.774819807000327376e+00 2.790260503539027326e+00 2.805538016184295547e+00 2.820586244728151115e+00 2.835341925422618647e+00 2.849745014874234261e+00 2.863739047537796178e+00 2.877271464277947555e+00 2.890293909690647478e+00 2.902762496117198499e+00 2.914638032539488943e+00 2.925886216814522101e+00 2.936477789987037568e+00 2.946388651709031858e+00 2.955599936091920288e+00 2.964098047618830112e+00 2.971874657048655166e+00 2.978926657547808166e+00 2.985256081587710497e+00 2.990869979443668836e+00 2.995780260421682328e+00 3.000003498221640807e+00 3.003560702116174763e+00 3.006477055882092575e+00 3.008781626663905584e+00 3.010507046174489165e+00 3.011689166844911725e+00 3.012366695722118681e+00 3.012580809078228672e+00 3.012374750837354842e+00 3.011793418044068193e+00 3.010882936690899569e+00 3.009690231290139462e+00 3.008262591616825521e+00 3.006647240065216220e+00 3.004890903049855400e+00 3.003039389844920137e+00 3.001137182191860209e+00 2.999227037916227356e+00 2.997349611680559800e+00 2.995543095862061023e+00 2.993842884382869940e+00 2.992281262137985731e+00 2.990887122462918768e+00 2.989685714861421317e+00 2.988698424974856049e+00 2.987942588520814624e+00 2.987431340661403478e+00 2.987173501983166446e+00 2.987173501983166446e+00 2.987431340661403478e+00 2.987942588520814624e+00 2.988698424974856049e+00 2.989685714861421317e+00 2.990887122462918768e+00 2.992281262137985731e+00 2.993842884382869940e+00 2.995543095862061023e+00 2.997349611680559800e+00 2.999227037916227356e+00 3.001137182191860209e+00 3.003039389844920137e+00 3.004890903049855400e+00 3.006647240065216220e+00 3.008262591616825521e+00 3.009690231290139462e+00 3.010882936690899569e+00 3.011793418044068193e+00 3.012374750837354842e+00 3.012580809078228672e+00 3.012366695722118681e+00 3.011689166844911725e+00 3.010507046174489165e+00 3.008781626663905584e+00 3.006477055882092575e+00 3.003560702116174763e+00 3.000003498221640807e+00 2.995780260421682328e+00 2.990869979443668836e+00 2.985256081587710497e+00 2.978926657547808166e+00 2.971874657048655166e+00 2.964098047618830112e+00 2.955599936091920288e+00 2.946388651709031858e+00 2.936477789987037568e+00 2.925886216814522101e+00 2.914638032539488943e+00 2.902762496117198499e+00 2.890293909690647478e+00 2.877271464277947555e+00 2.863739047537796178e+00 2.849745014874234261e+00 2.835341925422618647e+00 2.820586244728151115e+00 2.805538016184295547e+00 2.790260503539027326e+00 2.774819807000327376e+00 2.759284455676822123e+00 2.743724979273553632e+00 2.728213462125045563e+00 2.712823082786863793e+00 2.697627642521805313e+00 2.682701086106587862e+00 2.668117018449002842e+00 2.653948220543260295e+00 2.640266168302471961e+00 2.627140557791771691e+00 2.614638840343623816e+00 2.602825770968567820e+00 2.591762973380745017e+00 2.581508524838474372e+00 2.572116563857038685e+00 2.563636923684573521e+00 2.556114794243910193e+00 2.549590415034784119e+00 2.544098801263483534e+00 2.539669505222651669e+00 2.536326414684225927e+00 2.534087589795515516e+00 2.532965139684125955e+00 2.532965139684125955e+00 2.534087589795515516e+00 2.536326414684225927e+00 2.539669505222651669e+00 2.544098801263483534e+00 2.549590415034784119e+00 2.556114794243910193e+00 2.563636923684573521e+00 2.572116563857038685e+00 2.581508524838474372e+00 2.591762973380745017e+00 2.602825770968567820e+00 2.614638840343623816e+00 2.627140557791771691e+00 2.640266168302471961e+00 2.653948220543260295e+00 2.668117018449002842e+00
2.687360212729200892e+00 2.700705378994126438e+00 2.714344630372999223e+00 2.728213462125045563e+00 2.742247225815429346e+00 2.756381543470084239e+00 2.770552716767916035e+00 2.784698128309941012e+00 2.798756632070412476e+00 2.812668930222292030e+00 2.826377933637707063e+00 2.839829103492606865e+00 2.852970771552582274e+00 2.865754436882742340e+00 2.878135036907198963e+00 2.890071190941920776e+00 2.901525414536772374e+00 2.912464303186945713e+00 2.922858684208952340e+00 2.932683735820182935e+00 2.941919072711668637e+00 2.950548797659541034e+00 2.958561518979438532e+00 2.965950333888129453e+00 2.972712778095664365e+00 2.978850742207665991e+00 2.984370355768802607e+00 2.989281840023304326e+00 2.993599330704558081e+00 2.997340672391735072e+00 3.000527186185173889e+00 3.003183412652374429e+00 3.005336832181384477e+00 3.007017565046640417e+00 3.008258053642782759e+00 3.009092729473359373e+00 3.009557667592743346e+00 3.009690231290139462e+00 3.009528709873585672e+00 3.009111952458855210e+00 3.008479000692709793e+00 3.007668723342069583e+00 3.006719455660019857e+00 3.005668646396722377e+00 3.004552515258235079e+00 3.003405723529716909e+00 3.002261060472016130e+00 3.001149147973206421e+00 3.000098165789998550e+00 2.999133599549528739e+00 2.998278013500815575e+00 2.997550849808745976e+00 2.996968255973261552e+00 2.996542941734022580e+00 2.996284066588069894e+00 2.996197158806516381e+00 2.996284066588069894e+00 2.996542941734022580e+00 2.996968255973261552e+00 2.997550849808745976e+00 2.998278013500815575e+00 2.999133599549528739e+00 3.000098165789998550e+00 3.001149147973206421e+00 3.002261060472016130e+00 3.003405723529716909e+00 3.004552515258235079e+00 3.005668646396722377e+00 3.006719455660019857e+00 3.007668723342069583e+00 3.008479000692709793e+00 3.009111952458855210e+00 3.009528709873585672e+00 3.009690231290139462e+00 3.009557667592743346e+00 3.009092729473359373e+00 3.008258053642782759e+00 3.007017565046640417e+00 3.005336832181384477e+00 3.003183412652374429e+00 3.000527186185173889e+00 2.997340672391735072e+00 2.993599330704558081e+00 2.989281840023304326e+00 2.984370355768802607e+00 2.978850742207665991e+00 2.972712778095664365e+00 2.965950333888129453e+00 2.958561518979438532e+00 2.950548797659541034e+00 2.941919072711668637e+00 2.932683735820182935e+00 2.922858684208952340e+00 2.912464303186945713e+00 2.901525414536772374e+00 2.890071190941920776e+00 2.878135036907198963e+00 2.865754436882742340e+00 2.852970771552582274e+00 2.839829103492606865e+00 2.826377933637707063e+00 2.812668930222292030e+00 2.798756632070412476e+00 2.784698128309941012e+00 2.770552716767916035e+00 2.756381543470084239e+00 2.742247225815429346e+00 2.728213462125045563e+00 2.714344630372999223e+00 2.700705378994126438e+00 2.687360212729200892e+00 2.674373076511271652e+00 2.661806940417608569e+00 2.649723388709736671e+00 2.638182215959209653e+00 2.627241033209493537e+00 2.616954887054709911e+00 2.607375894424786456e+00 2.598552895754248748e+00 2.590531129079414185e+00 2.583351927457147035e+00 2.577052441928593840e+00 2.571665392064852007e+00 2.567218845929734705e+00 2.563736031079057565e+00 2.561235177988022027e+00 2.559729397059839151e+00 2.559226590121648659e+00 2.559729397059839151e+00 2.561235177988022027e+00 2.563736031079057565e+00 2.567218845929734705e+00 2.571665392064852007e+00 2.577052441928593840e+00 2.583351927457147035e+00 2.590531129079414185e+00 2.598552895754248748e+00 2.607375894424786456e+00 2.616954887054709911e+00 2.627241033209493537e+00 2.638182215959209653e+00 2.649723388709736671e+00 2.661806940417608569e+00 2.674373076511271652e+00
2.695086015116717970e+00 2.706837251153331181e+00 2.718897516164508588e+00 2.731211862171953442e+00 2.743724979273553632e+00 2.756381543470084239e+00 2.769126561746376947e+00 2.781905711925313884e+00 2.794665674857903070e+00 2.807354456575902546e+00 2.819921698114441266e+00 2.832318970810165926e+00 2.844500054994970828e+00 2.856421200135365712e+00 2.868041364612069710e+00 2.879322433492360389e+00 2.890229412817816534e+00 2.900730599111172925e+00 2.910797722996521397e+00 2.920406066025726943e+00 2.929534550009111005e+00 2.938165798358582048e+00 2.946286169164958224e+00 2.953885759946519141e+00 2.960958384221232809e+00 2.967501520269014481e+00 2.973516232661144176e+00 2.979007067339923598e+00 2.983981921231415146e+00 2.988451887565901632e+00 2.992431078263323219e+00 2.995936424912834628e+00 2.998987460035546615e+00 3.001606080466261872e+00 3.003816294822465149e+00 3.005643957145960332e+00 3.007116488903504248e+00 3.008262591616825521e+00 3.009111952458855210e+00 3.009694945201343952e+00 3.010042328929056765e+00 3.010184946946948159e+00 3.010153428299380707e+00 3.009977894294342260e+00 3.009687672381094359e+00 3.009311019667116671e+00 3.008874858279943609e+00 3.008404524682375847e+00 3.007923534936061571e+00 3.007453367779740372e+00 3.007013267245266075e+00 3.006620066378215217e+00 3.006288033461419928e+00 3.006028741960616202e+00 3.005850965222861770e+00 3.005760596761922532e+00 3.005760596761922532e+00 3.005850965222861770e+00 3.006028741960616202e+00 3.006288033461419928e+00 3.006620066378215217e+00 3.007013267245266075e+00 3.007453367779740372e+00 3.007923534936061571e+00 3.008404524682375847e+00 3.008874858279943609e+00 3.009311019667116671e+00 3.009687672381094359e+00 3.009977894294342260e+00 3.010153428299380707e+00 3.010184946946948159e+00 3.010042328929056765e+00 3.009694945201343952e+00 3.009111952458855210e+00 3.008262591616825521e+00 3.007116488903504248e+00 3.005643957145960332e+00 3.003816294822465149e+00 3.001606080466261872e+00 2.998987460035546615e+00 2.995936424912834628e+00 2.992431078263323219e+00 2.988451887565901632e+00 2.983981921231415146e+00 2.979007067339923598e+00 2.973516232661144176e+00 2.967501520269014481e+00 2.960958384221232809e+00 2.953885759946519141e+00 2.946286169164958224e+00 2.938165798358582048e+00 2.929534550009111005e+00 2.920406066025726943e+00 2.910797722996521397e+00 2.900730599111172925e+00 2.890229412817816534e+00 2.879322433492360389e+00 2.868041364612069710e+00 2.856421200135365712e+00 2.844500054994970828e+00 2.832318970810165926e+00 2.819921698114441266e+00 2.807354456575902546e+00 2.794665674857903070e+00 2.781905711925313884e+00 2.769126561746376947e+00 2.756381543470084239e+00 2.743724979273553632e+00 2.731211862171953442e+00 2.718897516164508588e+00 2.706837251153331181e+00 2.695086015116717970e+00 2.683698046044948882e+00 2.672726526154022952e+00 2.662223240881502306e+00 2.652238245138317740e+00 2.642819539241688442e+00 2.634012756887178064e+00 2.625860867433233992e+00 2.618403894669563137e+00 2.611678654122563170e+00 2.605718510817271127e+00 2.600553159267170233e+00 2.596208427301712529e+00 2.592706105167764896e+00 2.590063801156774037e+00 2.588294824815556172e+00 2.587408098596759132e+00 2.587408098596759132e+00 2.588294824815556172e+00 2.590063801156774037e+00 2.592706105167764896e+00 2.596208427301712529e+00 2.600553159267170233e+00 2.605718510817271127e+00 2.611678654122563170e+00 2.618403894669563137e+00 2.625860867433233992e+00 2.634012756887178064e+00 2.642819539241688442e+00 2.652238245138317740e+00 2.662223240881502306e+00 2.672726526154022952e+00 2.683698046044948882e+00
2.705819695248003587e+00 2.715976237382367930e+00 2.726446559075371479e+00 2.737185313159522959e+00 2.748146641491016506e+00 2.759284455676822123e+00 2.770552716767916035e+00 2.781905711925313884e+00 2.793298326093615724e+00 2.804686306759587300e+00 2.816026519930415528e+00 2.827277195537290400e+00 2.838398160554425065e+00 2.849351058220701560e+00 2.860099551860221911e+00 2.870609511918277956e+00 2.880849184959658249e+00 2.890789343515860921e+00 2.900403415815558716e+00 2.909667594587470152e+00 2.918560924285408475e+00 2.927065366250548806e+00 2.935165841494530525e+00 2.942850250957679048e+00 2.950109473268059279e+00 2.956937340197967945e+00 2.963330590183519408e+00 2.969288800438888654e+00 2.974814298358372966e+00 2.979912053055303378e+00 2.984589548036012285e+00 2.988856636148268464e+00 2.992725378075833387e+00 2.996209865772929692e+00 2.999326032343828441e+00 3.002091449972205339e+00 3.004525117591983374e+00 3.006647240065216220e+00 3.008479000692709793e+00 3.010042328929056765e+00 3.011359665205159519e+00 3.012453724778095587e+00 3.013347262529970649e+00 3.014062840624445183e+00 3.014622600901799121e+00 3.015048043851177528e+00 3.015359815942115773e+00 3.015577507027221049e+00 3.015719459444461403e+00 3.015802590351476908e+00 3.015842228716528073e+00 3.015851968271897832e+00 3.015843537606681224e+00 3.015826688438009828e+00 3.015809102953790344e+00 3.015796320967220723e+00 3.015791687464892235e+00 3.015796320967220723e+00 3.015809102953790344e+00 3.015826688438009828e+00 3.015843537606681224e+00 3.015851968271897832e+00 3.015842228716528073e+00 3.015802590351476908e+00 3.015719459444461403e+00 3.015577507027221049e+00 3.015359815942115773e+00 3.015048043851177528e+00 3.014622600901799121e+00 3.014062840624445183e+00 3.013347262529970649e+00 3.012453724778095587e+00 3.011359665205159519e+00 3.010042328929056765e+00 3.008479000692709793e+00 3.006647240065216220e+00 3.004525117591983374e+00 3.002091449972205339e+00 2.999326032343828441e+00 2.996209865772929692e+00 2.992725378075833387e+00 2.988856636148268464e+00 2.984589548036012285e+00 2.979912053055303378e+00 2.974814298358372966e+00 2.969288800438888654e+00 2.963330590183519408e+00 2.956937340197967945e+00 2.950109473268059279e+00 2.942850250957679048e+00 2.935165841494530525e+00 2.927065366250548806e+00 2.918560924285408475e+00 2.909667594587470152e+00 2.900403415815558716e+00 2.890789343515860921e+00 2.880849184959658249e+00 2.870609511918277956e+00 2.860099551860221911e+00 2.849351058220701560e+00 2.838398160554425065e+00 2.827277195537290400e+00 2.816026519930415528e+00 2.804686306759587300e+00 2.793298326093615724e+00 2.781905711925313884e+00 2.770552716767916035e+00 2.759284455676822123e+00 2.748146641491016506e+00 2.737185313159522959e+00 2.726446559075371479e+00 2.715976237382367930e+00 2.705819695248003587e+00 2.696021489109041269e+00 2.686625107894447861e+00 2.677672701213474227e+00 2.669204814464915199e+00 2.661260132777128806e+00 2.653875235627620288e+00 2.647084363916347716e+00 2.640919201178903553e+00 2.635408670525096309e+00 2.630578748775894038e+00 2.626452299148018810e+00 2.623048923701765123e+00 2.620384836624613634e+00 2.618472759272284289e+00 2.617321837730923750e+00 2.616937583500454689e+00 2.617321837730923750e+00 2.618472759272284289e+00 2.620384836624613634e+00 2.623048923701765123e+00 2.626452299148018810e+00 2.630578748775894038e+00 2.635408670525096309e+00 2.640919201178903553e+00 2.647084363916347716e+00 2.653875235627620288e+00 2.661260132777128806e+00 2.669204814464915199e+00 2.677672701213474227e+00 2.686625107894447861e+00 2.696021489109041269e+00
2.719479563336083316e+00 2.728052253770037794e+00 2.736933422660309478e+00 2.746087295583931276e+00 2.755477506935270160e+00 2.765067313300102914e+00 2.774819807000327376e+00 2.784698128309941012e+00 2.794665674857903070e+00 2.804686306759587300e+00 2.814724546055445753e+00 2.824745769082940061e+00 2.834716390465485958e+00 2.844604037469487867e+00 2.854377713557169738e+00 2.864007950048129469e+00 2.873466944895735509e+00 2.882728687684936730e+00 2.891769070065021818e+00 2.900565980943460076e+00 2.909099385884413635e+00 2.917351390276818890e+00 2.925306285961298602e+00 2.932950581131545054e+00 2.940273013453226891e+00 2.947264546471086266e+00 2.953918349501561291e+00 2.960229761333149412e+00 2.966196238178838041e+00 2.971817286443306561e+00 2.977094380981431865e+00 2.982030869632929626e+00 2.986631864920065382e+00 2.990904123890306021e+00 2.994855917173072424e+00 2.998496888398497706e+00 3.001837905195897438e+00 3.004890903049855400e+00 3.007668723342069583e+00 3.010184946946948159e+00 3.012453724778095587e+00 3.014489606701173940e+00 3.016307370235868035e+00 3.017921850465922873e+00 3.019347772561440379e+00 3.020599588291920323e+00 3.021691317872161164e+00 3.022636398436356675e+00 3.023447540378923382e+00 3.024136592734171458e+00 3.024714418691504481e+00 3.025190782258844191e+00 3.025574246995185401e+00 3.025872087634354113e+00 3.026090215316676435e+00 3.026233117034557552e+00 3.026303809782453502e+00 3.026303809782453502e+00 3.026233117034557552e+00 3.026090215316676435e+00 3.025872087634354113e+00 3.025574246995185401e+00 3.025190782258844191e+00 3.024714418691504481e+00 3.024136592734171458e+00 3.023447540378923382e+00 3.022636398436356675e+00 3.021691317872161164e+00 3.020599588291920323e+00 3.019347772561440379e+00 3.017921850465922873e+00 3.016307370235868035e+00 3.014489606701173940e+00 3.012453724778095587e+00 3.010184946946948159e+00 3.007668723342069583e+00 3.004890903049855400e+00 3.001837905195897438e+00 2.998496888398497706e+00 2.994855917173072424e+00 2.990904123890306021e+00 2.986631864920065382e+00 2.982030869632929626e+00 2.977094380981431865e+00 2.971817286443306561e+00 2.966196238178838041e+00 2.960229761333149412e+00 2.953918349501561291e+00 2.947264546471086266e+00 2.940273013453226891e+00 2.932950581131545054e+00 2.925306285961298602e+00 2.917351390276818890e+00 2.909099385884413635e+00 2.900565980943460076e+00 2.891769070065021818e+00 2.882728687684936730e+00 2.873466944895735509e+00 2.864007950048129469e+00 2.854377713557169738e+00 2.844604037469487867e+00 2.834716390465485958e+00 2.824745769082940061e+00 2.814724546055445753e+00 2.804686306759587300e+00 2.794665674857903070e+00 2.784698128309941012e+00 2.774819807000327376e+00 2.765067313300102914e+00 2.755477506935270160e+00 2.746087295583931276e+00 2.736933422660309478e+00 2.728052253770037794e+00 2.719479563336083316e+00 2.711250322898565823e+00 2.703398492584322188e+00 2.695956817223609914e+00 2.688956628561685047e+00 2.682427654972723285e+00 2.676397840032530340e+00 2.670893171245541708e+00 2.665937520150761575e+00 2.661552494951434866e+00 2.657757306724725321e+00 2.654568650171251765e+00 2.652000599760739874e+00 2.650064522020015190e+00 2.648769004593942267e+00 2.648119802589572469e+00 2.648119802589572469e+00 2.648769004593942267e+00 2.650064522020015190e+00 2.652000599760739874e+00 2.654568650171251765e+00 2.657757306724725321e+00 2.661552494951434866e+00 2.665937520150761575e+00 2.670893171245541708e+00 2.676397840032530340e+00 2.682427654972723285e+00 2.688956628561685047e+00 2.695956817223609914e+00 2.703398492584322188e+00 2.711250322898565823e+00
2.735961659536755519e+00 2.742972688502097522e+00 2.750277060772475135e+00 2.757848475599138371e+00 2.765660028834572959e+00 2.773684359214154682e+00 2.781893795507949019e+00 2.790260503539027326e+00 2.798756632070412476e+00 2.807354456575902546e+00 2.816026519930415528e+00 2.824745769082940061e+00 2.833485686809540827e+00 2.842220417684835798e+00 2.850924887457587875e+00 2.859574915069210466e+00 2.868147316612704945e+00 2.876620000593254289e+00 2.884972053920005663e+00 2.893183818130971030e+00 2.901236955428782238e+00 2.909114504183835326e+00 2.916800923642405952e+00 2.924282127660123631e+00 2.931545507364987646e+00 2.938579942738369866e+00 2.945375803186509600e+00 2.951924937258130210e+00 2.958220651745553820e+00 2.964257680486233060e+00 2.970032143258481749e+00 2.975541495238781753e+00 2.980784467557751061e+00 2.985760999557193429e+00 2.990472163411129980e+00 2.994920081828864600e+00 2.999107839607541681e+00 3.003039389844920137e+00 3.006719455660019857e+00 3.010153428299380707e+00 3.013347262529970649e+00 3.016307370235868035e+00 3.019040513144794158e+00 3.021553695612230417e+00 3.023854058385218924e+00 3.025948774255131202e+00 3.027844946488718048e+00 3.029549510899891995e+00 3.031069142391020321e+00 3.032410166752429692e+00 3.033578478462599204e+00 3.034579465179430002e+00 3.035417939555618005e+00 3.036098078948789691e+00 3.036623373530291659e+00 3.036996583225812785e+00 3.037219703846952168e+00 3.037293942695975968e+00 3.037219703846952168e+00 3.036996583225812785e+00 3.036623373530291659e+00 3.036098078948789691e+00 3.035417939555618005e+00 3.034579465179430002e+00 3.033578478462599204e+00 3.032410166752429692e+00 3.031069142391020321e+00 3.029549510899891995e+00 3.027844946488718048e+00 3.025948774255131202e+00 3.023854058385218924e+00 3.021553695612230417e+00 3.019040513144794158e+00 3.016307370235868035e+00 3.013347262529970649e+00 3.010153428299380707e+00 3.006719455660019857e+00 3.003039389844920137e+00 2.999107839607541681e+00 2.994920081828864600e+00 2.990472163411129980e+00 2.985760999557193429e+00 2.980784467557751061e+00 2.975541495238781753e+00 2.970032143258481749e+00 2.964257680486233060e+00 2.958220651745553820e+00 2.951924937258130210e+00 2.945375803186509600e+00 2.938579942738369866e+00 2.931545507364987646e+00 2.924282127660123631e+00 2.916800923642405952e+00 2.909114504183835326e+00 2.901236955428782238e+00 2.893183818130971030e+00 2.884972053920005663e+00 2.876620000593254289e+00 2.868147316612704945e+00 2.859574915069210466e+00 2.850924887457587875e+00 2.842220417684835798e+00 2.833485686809540827e+00 2.824745769082940061e+00 2.816026519930415528e+00 2.807354456575902546e+00 2.798756632070412476e+00 2.790260503539027326e+00 2.781893795507949019e+00 2.773684359214154682e+00 2.765660028834572959e+00 2.757848475599138371e+00 2.750277060772475135e+00 2.742972688502097522e+00 2.735961659536755519e+00 2.729269526816917146e+00 2.722920953930278998e+00 2.716939577408812756e+00 2.711347873820154408e+00 2.706167032575425679e+00 2.701416835337997924e+00 2.697115542873541383e+00 2.693279790131299478e+00 2.689924490290268810e+00 2.687062748442206939e+00 2.684705785516625642e+00 2.682862872981756297e+00 2.681541278780132931e+00 2.680746224878899131e+00 2.680480856733392869e+00 2.680746224878899131e+00 2.681541278780132931e+00 2.682862872981756297e+00 2.684705785516625642e+00 2.687062748442206939e+00 2.689924490290268810e+00 2.693279790131299478e+00 2.697115542873541383e+00 2.701416835337997924e+00 2.706167032575425679e+00 2.711347873820154408e+00 2.716939577408812756e+00 2.722920953930278998e+00 2.729269526816917146e+00
2.755140545145769337e+00 2.760623108037076445e+00 2.766374336724048533e+00 2.772377235705286491e+00 2.778614260483372789e+00 2.785067397520752053e+00 2.791718245266279208e+00 2.798548095742542596e+00 2.805538016184295547e+00 2.812668930222292030e+00 2.819921698114441266e+00 2.827277195537290400e+00 2.834716390465485958e+00 2.842220417684835798e+00 2.849770650505755842e+00 2.857348769268114541e+00 2.864936826255569002e+00 2.872517306667164316e+00 2.880073185326137875e+00 2.887587978840123970e+00 2.895045792963144127e+00 2.902431364947567705e+00 2.909730100713380452e+00 2.916928106702219470e+00 2.924012216324550106e+00 2.930970010949644600e+00 2.937789835429390539e+00 2.944460808188168688e+00 2.950972825951632128e+00 2.957316563227048167e+00 2.963483466686531287e+00 2.969465744641665239e+00 2.975256351833627022e+00 2.980848969796340509e+00 2.986237983081597935e+00 2.991418451663873324e+00 2.996386079868701646e+00 3.001137182191860209e+00 3.005668646396722377e+00 3.009977894294342260e+00 3.014062840624445183e+00 3.017921850465922873e+00 3.021553695612230417e+00 3.024957510350430478e+00 3.028132747082391329e+00 3.031079132222929129e+00 3.033796622802390264e+00 3.036285364190554503e+00 3.038545649344690514e+00 3.040577879967370833e+00 3.042382529939370528e+00 3.043960111369728327e+00 3.045311143579096491e+00 3.046436125304076370e+00 3.047335510379469259e+00 3.048009687122554823e+00 3.048458961608998319e+00 3.048683544993851857e+00 3.048683544993851857e+00 3.048458961608998319e+00 3.048009687122554823e+00 3.047335510379469259e+00 3.046436125304076370e+00 3.045311143579096491e+00 3.043960111369728327e+00 3.042382529939370528e+00 3.040577879967370833e+00 3.038545649344690514e+00 3.036285364190554503e+00 3.033796622802390264e+00 3.031079132222929129e+00 3.028132747082391329e+00 3.024957510350430478e+00 3.021553695612230417e+00 3.017921850465922873e+00 3.014062840624445183e+00 3.009977894294342260e+00 3.005668646396722377e+00 3.001137182191860209e+00 2.996386079868701646e+00 2.991418451663873324e+00 2.986237983081597935e+00 2.980848969796340509e+00 2.975256351833627022e+00 2.969465744641665239e+00 2.963483466686531287e+00 2.957316563227048167e+00 2.950972825951632128e+00 2.944460808188168688e+00 2.937789835429390539e+00 2.930970010949644600e+00 2.924012216324550106e+00 2.916928106702219470e+00 2.909730100713380452e+00 2.902431364947567705e+00 2.895045792963144127e+00 2.887587978840123970e+00 2.880073185326137875e+00 2.872517306667164316e+00 2.864936826255569002e+00 2.857348769268114541e+00 2.849770650505755842e+00 2.842220417684835798e+00 2.834716390465485958e+00 2.827277195537290400e+00 2.819921698114441266e+00 2.812668930222292030e+00 2.805538016184295547e+00 2.798548095742542596e+00 2.791718245266279208e+00 2.785067397520752053e+00 2.778614260483372789e+00 2.772377235705286491e+00 2.766374336724048533e+00 2.760623108037076445e+00 2.755140545145769337e+00 2.749943016176885191e+00 2.745046185580625409e+00 2.740464940394273796e+00 2.736213319545973022e+00 2.732304446655603680e+00 2.728750466768709249e+00 2.725562487435270853e+00 2.722750524517971282e+00 2.720323453084611653e+00 2.718288963706813721e+00 2.716653524452194546e+00 2.715422348820215603e+00 2.714599369833083475e+00 2.714187220452644933e+00 2.714187220452644933e+00 2.714599369833083475e+00 2.715422348820215603e+00 2.716653524452194546e+00 2.718288963706813721e+00 2.720323453084611653e+00 2.722750524517971282e+00 2.725562487435270853e+00 2.728750466768709249e+00 2.732304446655603680e+00 2.736213319545973022e+00 2.740464940394273796e+00 2.745046185580625409e+00 2.749943016176885191e+00
2.776870257263113206e+00 2.780868129689798351e+00 2.785100811233070406e+00 2.789560376025536304e+00 2.794238468351708971e+00 2.799126317538944253e+00 2.804214753630489110e+00 2.809494223818598257e+00 2.814954809614195863e+00 2.820586244728151115e+00 2.826377933637707063e+00 2.832318970810165926e+00 2.838398160554425065e+00 2.844604037469487867e+00 2.850924887457587875e+00 2.857348769268114541e+00 2.863863536537063492e+00 2.870456860285322431e+00 2.877116251837720906e+00 2.883829086123371965e+00 2.890582625316581389e+00 2.897364042776275905e+00 2.904160447240743625e+00 2.910958907233302639e+00 2.917746475633460346e+00 2.924510214367131766e+00 2.931237219168585373e+00 2.937914644365942962e+00 2.944529727641392203e+00 2.951069814716620332e+00 2.957522383913500974e+00 2.963875070539698342e+00 2.970115691048563988e+00 2.976232266922600456e+00 2.982213048229791497e+00 2.988046536802168252e+00 2.993721508986364466e+00 2.999227037916227356e+00 3.004552515258235079e+00 3.009687672381094359e+00 3.014622600901799121e+00 3.019347772561440379e+00 3.023854058385218924e+00 3.028132747082391329e+00 3.032175562643340871e+00 3.035974681092580951e+00 3.039522746358161331e+00 3.042812885219871699e+00 3.045838721300567098e+00 3.048594388067090932e+00 3.051074540809469937e+00 3.053274367569402514e+00 3.055189598991489675e+00 3.056816517073202011e+00 3.058151962792182932e+00 3.059193342592175124e+00 3.059938633711639877e+00 3.060386388341944208e+00 3.060535736604846679e+00 3.060386388341944208e+00 3.059938633711639877e+00 3.059193342592175124e+00 3.058151962792182932e+00 3.056816517073202011e+00 3.055189598991489675e+00 3.053274367569402514e+00 3.051074540809469937e+00 3.048594388067090932e+00 3.045838721300567098e+00 3.042812885219871699e+00 3.039522746358161331e+00 3.035974681092580951e+00 3.032175562643340871e+00 3.028132747082391329e+00 3.023854058385218924e+00 3.019347772561440379e+00 3.014622600901799121e+00 3.009687672381094359e+00 3.004552515258235079e+00 2.999227037916227356e+00 2.993721508986364466e+00 2.988046536802168252e+00 2.982213048229791497e+00 2.976232266922600456e+00 2.970115691048563988e+00 2.963875070539698342e+00 2.957522383913500974e+00 2.951069814716620332e+00 2.944529727641392203e+00 2.937914644365942962e+00 2.931237219168585373e+00 2.924510214367131766e+00 2.917746475633460346e+00 2.910958907233302639e+00 2.904160447240743625e+00 2.897364042776275905e+00 2.890582625316581389e+00 2.883829086123371965e+00 2.877116251837720906e+00 2.870456860285322431e+00 2.863863536537063492e+00 2.857348769268114541e+00 2.850924887457587875e+00 2.844604037469487867e+00 2.838398160554425065e+00 2.832318970810165926e+00 2.826377933637707063e+00 2.820586244728151115e+00 2.814954809614195863e+00 2.809494223818598257e+00 2.804214753630489110e+00 2.799126317538944253e+00 2.794238468351708971e+00 2.789560376025536304e+00 2.785100811233070406e+00 2.780868129689798351e+00 2.776870257263113206e+00 2.773114675884114089e+00 2.769608410281355848e+00 2.766358015554377658e+00 2.763369565603459588e+00 2.760648642430737709e+00 2.758200326326456064e+00 2.756029186952878351e+00 2.754139275337070369e+00 2.752534116782546558e+00 2.751216704708525196e+00 2.750189495424335551e+00 2.749454403845334127e+00 2.749012800155492098e+00 2.748865507420680476e+00 2.749012800155492098e+00 2.749454403845334127e+00 2.750189495424335551e+00 2.751216704708525196e+00 2.752534116782546558e+00 2.754139275337070369e+00 2.756029186952878351e+00 2.758200326326456064e+00 2.760648642430737709e+00 2.763369565603459588e+00 2.766358015554377658e+00 2.769608410281355848e+00 2.773114675884114089e+00
2.800985419658815090e+00 2.803552453978541248e+00 2.806311693154035058e+00 2.809263980826596896e+00 2.812409912323595051e+00 2.815749786223996853e+00 2.819283555941845432e+00 2.823010781784009993e+00 2.826930583939009534e+00 2.831041596850548459e+00 2.835341925422618647e+00 2.839829103492606865e+00 2.844500054994970828e+00 2.849351058220701560e+00 2.854377713557169738e+00 2.859574915069210466e+00 2.864936826255569002e+00 2.870456860285322431e+00 2.876127664986876109e+00 2.881941112827774543e+00 2.887888296087179452e+00 2.893959527384666774e+00 2.900144345689395831e+00 2.906431527892784583e+00 2.912809105986168934e+00 2.919264389842587182e+00 2.925783995559324335e+00 2.932353879275419128e+00 2.938959376336274687e+00 2.945585245636198390e+00 2.952215718929468213e+00 2.958834554861548671e+00 2.965425097434841728e+00 2.971970338588010296e+00 2.978452984534788239e+00 2.984855525477512206e+00 2.991160308282653002e+00 2.997349611680559800e+00 3.003405723529716909e+00 3.009311019667116671e+00 3.015048043851177528e+00 3.020599588291920323e+00 3.025948774255131202e+00 3.031079132222929129e+00 3.035974681092580951e+00 3.040620005898674094e+00 3.045000333550694993e+00 3.049101606088758132e+00 3.052910550974535564e+00 3.056414747952297617e+00 3.059602692036207827e+00 3.062463852204544867e+00 3.064988725409099946e+00 3.067168885538451573e+00 3.068997027006961975e+00 3.070467002676839030e+00 3.071573855858307223e+00 3.072313846172498586e+00 3.072684469102792360e+00 3.072684469102792360e+00 3.072313846172498586e+00 3.071573855858307223e+00 3.070467002676839030e+00 3.068997027006961975e+00 3.067168885538451573e+00 3.064988725409099946e+00 3.062463852204544867e+00 3.059602692036207827e+00 3.056414747952297617e+00 3.052910550974535564e+00 3.049101606088758132e+00 3.045000333550694993e+00 3.040620005898674094e+00 3.035974681092580951e+00 3.031079132222929129e+00 3.025948774255131202e+00 3.020599588291920323e+00 3.015048043851177528e+00 3.009311019667116671e+00 3.003405723529716909e+00 2.997349611680559800e+00 2.991160308282653002e+00 2.984855525477512206e+00 2.978452984534788239e+00 2.971970338588010296e+00 2.965425097434841728e+00 2.958834554861548671e+00 2.952215718929468213e+00 2.945585245636198390e+00 2.938959376336274687e+00 2.932353879275419128e+00 2.925783995559324335e+00 2.919264389842587182e+00 2.912809105986168934e+00 2.906431527892784583e+00 2.900144345689395831e+00 2.893959527384666774e+00 2.887888296087179452e+00 2.881941112827774543e+00 2.876127664986876109e+00 2.870456860285322431e+00 2.864936826255569002e+00 2.859574915069210466e+00 2.854377713557169738e+00 2.849351058220701560e+00 2.844500054994970828e+00 2.839829103492606865e+00 2.835341925422618647e+00 2.831041596850548459e+00 2.826930583939009534e+00 2.823010781784009993e+00 2.819283555941845432e+00 2.815749786223996853e+00 2.812409912323595051e+00 2.809263980826596896e+00 2.806311693154035058e+00 2.803552453978541248e+00 2.800985419658815090e+00 2.798609546239864354e+00 2.796423636574537408e+00 2.794426386133173512e+00 2.792616427082849295e+00 2.790992370235764852e+00 2.789552844487466654e+00 2.788296533389822418e+00 2.787222208530641510e+00 2.786328759421432100e+00 2.785615219626752292e+00 2.785080788902616789e+00 2.784724851147354574e+00 2.784546988005717427e+00 2.784546988005717427e+00 2.784724851147354574e+00 2.785080788902616789e+00 2.785615219626752292e+00 2.786328759421432100e+00 2.787222208530641510e+00 2.788296533389822418e+00 2.789552844487466654e+00 2.790992370235764852e+00 2.792616427082849295e+00 2.794426386133173512e+00 2.796423636574537408e+00 2.798609546239864354e+00
2.827302501385910105e+00 2.828502048875231711e+00 2.829842945749612593e+00 2.831334443678633406e+00 2.832985787114914444e+00 2.834806103733249483e+00 2.836804293665070364e+00 2.838988918449851351e+00 2.841368090631029020e+00 2.843949364922830014e+00 2.846739631865924824e+00 2.849745014874234261e+00 2.852970771552582274e+00 2.856421200135365712e+00 2.860099551860221911e+00 2.864007950048129469e+00 2.868147316612704945e+00 2.872517306667164316e+00 2.877116251837720906e+00 2.881941112827774543e+00 2.886987441708350755e+00 2.892249354337598444e+00 2.897719513236207689e+00 2.903389121166889186e+00 2.909247925585329853e+00 2.915284234047704093e+00 2.921484940576694722e+00 2.927835562904551381e+00 2.934320290428738431e+00 2.940922042633700162e+00 2.947622537651977126e+00 2.954402370559810809e+00 2.961241100927188175e+00 2.968117349070455990e+00 2.975008900387905886e+00 2.981892817095359138e+00 2.988745556620532984e+00 2.995543095862061023e+00 3.002261060472016130e+00 3.008874858279943609e+00 3.015359815942115773e+00 3.021691317872161164e+00 3.027844946488718048e+00 3.033796622802390264e+00 3.039522746358161331e+00 3.045000333550694993e+00 3.050207153338449828e+00 3.055121859398387318e+00 3.059724117785995290e+00 3.063994729195282929e+00 3.067915744950150181e+00 3.071470575901705136e+00 3.074644093455479066e+00 3.077422722007700617e+00 3.079794522130338663e+00 3.081749263910133152e+00 3.083278489916863041e+00 3.084375567349919134e+00 3.085035728989605985e+00 3.085256102659645006e+00 3.085035728989605985e+00 3.084375567349919134e+00 3.083278489916863041e+00 3.081749263910133152e+00 3.079794522130338663e+00 3.077422722007700617e+00 3.074644093455479066e+00 3.071470575901705136e+00 3.067915744950150181e+00 3.063994729195282929e+00 3.059724117785995290e+00 3.055121859398387318e+00 3.050207153338449828e+00 3.045000333550694993e+00 3.039522746358161331e+00 3.033796622802390264e+00 3.027844946488718048e+00 3.021691317872161164e+00 3.015359815942115773e+00 3.008874858279943609e+00 3.002261060472016130e+00 2.995543095862061023e+00 2.988745556620532984e+00 2.981892817095359138e+00 2.975008900387905886e+00 2.968117349070455990e+00 2.961241100927188175e+00 2.954402370559810809e+00 2.947622537651977126e+00 2.940922042633700162e+00 2.934320290428738431e+00 2.927835562904551381e+00 2.921484940576694722e+00 2.915284234047704093e+00 2.909247925585329853e+00 2.903389121166889186e+00 2.897719513236207689e+00 2.892249354337598444e+00 2.886987441708350755e+00 2.881941112827774543e+00 2.877116251837720906e+00 2.872517306667164316e+00 2.868147316612704945e+00 2.864007950048129469e+00 2.860099551860221911e+00 2.856421200135365712e+00 2.852970771552582274e+00 2.849745014874234261e+00 2.846739631865924824e+00 2.843949364922830014e+00 2.841368090631029020e+00 2.838988918449851351e+00 2.836804293665070364e+00 2.834806103733249483e+00 2.832985787114914444e+00 2.831334443678633406e+00 2.829842945749612593e+00 2.828502048875231711e+00 2.827302501385910105e+00 2.826235151842837023e+00 2.825291053484333847e+00 2.824461564809713110e+00 2.823738445473257030e+00 2.823113946701173216e+00 2.822580895490657493e+00 2.822132771902252646e+00 2.821763778814020629e+00 2.821468903568359110e+00 2.821243971008909668e+00 2.821085687475596071e+00 2.820991675399675103e+00 2.820960498217395251e+00 2.820991675399675103e+00 2.821085687475596071e+00 2.821243971008909668e+00 2.821468903568359110e+00 2.821763778814020629e+00 2.822132771902252646e+00 2.822580895490657493e+00 2.823113946701173216e+00 2.823738445473257030e+00 2.824461564809713110e+00 2.825291053484333847e+00 2.826235151842837023e+00
2.855621213561768013e+00 2.855525476941400242e+00 2.855512540075870742e+00 2.855599643441124158e+00 2.855804317692178795e+00 2.856144215611769344e+00 2.856636941193780199e+00 2.857299877231843865e+00 2.858150012798426953e+00 2.859203772003963362e+00 2.860476845419140712e+00 2.861984025526238984e+00 2.863739047537796178e+00 2.865754436882742340e+00 2.868041364612069710e+00 2.870609511918277956e+00 2.873466944895735509e+00 2.876620000593254289e+00 2.880073185326137875e+00 2.883829086123371965e+00 2.887888296087179452e+00 2.892249354337598444e+00 2.896908701104878414e+00 2.901860648418098432e+00 2.907097366720474252e+00 2.912608887621079390e+00 2.918383122870252588e+00 2.924405899522537045e+00 2.930661011127769111e+00 2.937130284668576508e+00 2.943793662842221881e+00 2.950629301167240204e+00 2.957613679281536179e+00 2.964721725689511533e+00 2.971926955112103474e+00 2.979201617496176624e+00 2.986516857649258672e+00 2.993842884382869940e+00 3.001149147973206421e+00 3.008404524682375847e+00 3.015577507027221049e+00 3.022636398436356675e+00 3.029549510899891995e+00 3.036285364190554503e+00 3.042812885219871699e+00 3.049101606088758132e+00 3.055121859398387318e+00 3.060844969404532989e+00 3.066243437626482660e+00 3.071291121560070891e+00 3.075963405192878586e+00 3.080237360078044606e+00 3.084091895790797455e+00 3.087507898668441886e+00 3.090468357819315059e+00 3.092958477478770174e+00 3.094965774889644639e+00 3.096480162990315588e+00 3.097494017304466052e+00 3.098002226542313498e+00 3.098002226542313498e+00 3.097494017304466052e+00 3.096480162990315588e+00 3.094965774889644639e+00 3.092958477478770174e+00 3.090468357819315059e+00 3.087507898668441886e+00 3.084091895790797455e+00 3.080237360078044606e+00 3.075963405192878586e+00 3.071291121560070891e+00 3.066243437626482660e+00 3.060844969404532989e+00 3.055121859398387318e+00 3.049101606088758132e+00 3.042812885219871699e+00 3.036285364190554503e+00 3.029549510899891995e+00 3.022636398436356675e+00 3.015577507027221049e+00 3.008404524682375847e+00 3.001149147973206421e+00 2.993842884382869940e+00 2.986516857649258672e+00 2.979201617496176624e+00 2.971926955112103474e+00 2.964721725689511533e+00 2.957613679281536179e+00 2.950629301167240204e+00 2.943793662842221881e+00 2.937130284668576508e+00 2.930661011127769111e+00 2.924405899522537045e+00 2.918383122870252588e+00 2.912608887621079390e+00 2.907097366720474252e+00 2.901860648418098432e+00 2.896908701104878414e+00 2.892249354337598444e+00 2.887888296087179452e+00 2.883829086123371965e+00 2.880073185326137875e+00 2.876620000593254289e+00 2.873466944895735509e+00 2.870609511918277956e+00 2.868041364612069710e+00 2.865754436882742340e+00 2.863739047537796178e+00 2.861984025526238984e+00 2.860476845419140712e+00 2.859203772003963362e+00 2.858150012798426953e+00 2.857299877231843865e+00 2.856636941193780199e+00 2.856144215611769344e+00 2.855804317692178795e+00 2.855599643441124158e+00 2.855512540075870742e+00 2.855525476941400242e+00 2.855621213561768013e+00 2.855782963481342307e+00 2.855994552586880619e+00 2.856240570647338828e+00 2.856506514863939916e+00 2.856778924288025490e+00 2.857045504037880601e+00 2.857295238327770104e+00 2.857518491411887851e+00 2.857707095642437523e+00 2.857854425943632037e+00 2.857955460111374801e+00 2.858006824460913808e+00 2.858006824460913808e+00 2.857955460111374801e+00 2.857854425943632037e+00 2.857707095642437523e+00 2.857518491411887851e+00 2.857295238327770104e+00 2.857045504037880601e+00 2.856778924288025490e+00 2.856506514863939916e+00 2.856240570647338828e+00 2.855994552586880619e+00 2.855782963481342307e+00
2.885726033687422643e+00 2.884415355244522861e+00 2.883121845932535177e+00 2.881870262111465575e+00 2.880686000339032660e+00 2.879594873875710004e+00 2.878622884249868008e+00 2.877795989682451872e+00 2.877139872197713277e+00 2.876679705259711284e+00 2.876439923773245422e+00 2.876443998272783187e+00 2.876714215093795435e+00 2.877271464277947555e+00 2.878135036907198963e+00 2.879322433492360389e+00 2.880849184959658249e+00 2.882728687684936730e+00 2.884972053920005663e+00 2.887587978840123970e+00 2.890582625316581389e+00 2.893959527384666774e+00 2.897719513236207689e+00 2.901860648418098432e+00 2.906378199765269787e+00 2.911264620439264039e+00 2.916509556283310101e+00 2.922099873542809423e+00 2.928019707837460128e+00 2.934250534109375419e+00 2.940771257111547410e+00 2.947558321844075291e+00 2.954585843193095585e+00 2.961825753880231726e+00 2.969247969689964517e+00 2.976820570809533439e+00 2.984509997991918961e+00 2.992281262137985731e+00 3.000098165789998550e+00 3.007923534936061571e+00 3.015719459444461403e+00 3.023447540378923382e+00 3.031069142391020321e+00 3.038545649344690514e+00 3.045838721300567098e+00 3.052910550974535564e+00 3.059724117785995290e+00 3.066243437626482660e+00 3.072433806508636067e+00 3.078262036298709869e+00 3.083696680792586520e+00 3.088708250465197924e+00 3.093269414305716669e+00 3.097355187245497188e+00 3.100943101791457934e+00 3.104013362593942116e+00 3.106548982803958747e+00 3.108535901209259489e+00 3.109963079280887666e+00 3.110822577410600420e+00 3.111109609773739848e+00 3.110822577410600420e+00 3.109963079280887666e+00 3.108535901209259489e+00 3.106548982803958747e+00 3.104013362593942116e+00 3.100943101791457934e+00 3.097355187245497188e+00 3.093269414305716669e+00 3.088708250465197924e+00 3.083696680792586520e+00 3.078262036298709869e+00 3.072433806508636067e+00 3.066243437626482660e+00 3.059724117785995290e+00 3.052910550974535564e+00 3.045838721300567098e+00 3.038545649344690514e+00 3.031069142391020321e+00 3.023447540378923382e+00 3.015719459444461403e+00 3.007923534936061571e+00 3.000098165789998550e+00 2.992281262137985731e+00 2.984509997991918961e+00 2.976820570809533439e+00 2.969247969689964517e+00 2.961825753880231726e+00 2.954585843193095585e+00 2.947558321844075291e+00 2.940771257111547410e+00 2.934250534109375419e+00 2.928019707837460128e+00 2.922099873542809423e+00 2.916509556283310101e+00 2.911264620439264039e+00 2.906378199765269787e+00 2.901860648418098432e+00 2.897719513236207689e+00 2.893959527384666774e+00 2.890582625316581389e+00 2.887587978840123970e+00 2.884972053920005663e+00 2.882728687684936730e+00 2.880849184959658249e+00 2.879322433492360389e+00 2.878135036907198963e+00 2.877271464277947555e+00 2.876714215093795435e+00 2.876443998272783187e+00 2.876439923773245422e+00 2.876679705259711284e+00 2.877139872197713277e+00 2.877795989682451872e+00 2.878622884249868008e+00 2.879594873875710004e+00 2.880686000339032660e+00 2.881870262111465575e+00 2.883121845932535177e+00 2.884415355244522861e+00 2.885726033687422643e+00 2.887029981895583131e+00 2.888304365892024439e+00 2.889527615443984843e+00 2.890679610823303491e+00 2.891741856507265229e+00 2.892697640458763875e+00 2.893532177738331601e+00 2.894232737323774174e+00 2.894788751145036532e+00 2.895191904481368539e+00 2.895436207013811103e+00 2.895518043977492795e+00 2.895436207013811103e+00 2.895191904481368539e+00 2.894788751145036532e+00 2.894232737323774174e+00 2.893532177738331601e+00 2.892697640458763875e+00 2.891741856507265229e+00 2.890679610823303491e+00 2.889527615443984843e+00 2.888304365892024439e+00 2.887029981895583131e+00
2.917387845903931964e+00 2.914949936938301178e+00 2.912457149781638943e+00 2.909941234491640216e+00 2.907434979906439398e+00 2.904971938134951248e+00 2.902586141645360218e+00 2.900311815157383233e+00 2.898183084586328562e+00 2.896233685312326944e+00 2.894496672055878239e+00 2.893004132631304071e+00 2.891786907822612829e+00 2.890874319582074747e+00 2.890293909690647478e+00 2.890071190941920776e+00 2.890229412817816534e+00 2.890789343515860921e+00 2.891769070065021818e+00 2.893183818130971030e+00 2.895045792963144127e+00 2.897364042776275905e+00 2.900144345689395831e+00 2.903389121166889186e+00 2.907097366720474252e+00 2.911264620439264039e+00 2.915882949718957118e+00 2.920940966361987190e+00 2.926423868019940144e+00 2.932313505748876281e+00 2.938588477249324260e+00 2.945224245166732757e+00 2.952193279636931234e+00 2.959465224075866985e+00 2.967007083035115844e+00 2.974783430775637783e+00 2.982756639053403713e+00 2.990887122462918768e+00 2.999133599549528739e+00 3.007453367779740372e+00 3.015802590351476908e+00 3.024136592734171458e+00 3.032410166752429692e+00 3.040577879967370833e+00 3.048594388067090932e+00 3.056414747952297617e+00 3.063994729195282929e+00 3.071291121560070891e+00 3.078262036298709869e+00 3.084867198983131331e+00 3.091068231693377744e+00 3.096828922460870714e+00 3.102115479959190125e+00 3.106896771543811386e+00 3.111144542865575513e+00 3.114833617419503042e+00 3.117942074539716391e+00 3.120451404511763283e+00 3.122346639644108635e+00 3.123616460319956101e+00 3.124253275237219185e+00 3.124253275237219185e+00 3.123616460319956101e+00 3.122346639644108635e+00 3.120451404511763283e+00 3.117942074539716391e+00 3.114833617419503042e+00 3.111144542865575513e+00 3.106896771543811386e+00 3.102115479959190125e+00 3.096828922460870714e+00 3.091068231693377744e+00 3.084867198983131331e+00 3.078262036298709869e+00 3.071291121560070891e+00 3.063994729195282929e+00 3.056414747952297617e+00 3.048594388067090932e+00 3.040577879967370833e+00 3.032410166752429692e+00 3.024136592734171458e+00 3.015802590351476908e+00 3.007453367779740372e+00 2.999133599549528739e+00 2.990887122462918768e+00 2.982756639053403713e+00 2.974783430775637783e+00 2.967007083035115844e+00 2.959465224075866985e+00 2.952193279636931234e+00 2.945224245166732757e+00 2.938588477249324260e+00 2.932313505748876281e+00 2.926423868019940144e+00 2.920940966361987190e+00 2.915882949718957118e+00 2.911264620439264039e+00 2.907097366720474252e+00 2.903389121166889186e+00 2.900144345689395831e+00 2.897364042776275905e+00 2.895045792963144127e+00 2.893183818130971030e+00 2.891769070065021818e+00 2.890789343515860921e+00 2.890229412817816534e+00 2.890071190941920776e+00 2.890293909690647478e+00 2.890874319582074747e+00 2.891786907822612829e+00 2.893004132631304071e+00 2.894496672055878239e+00 2.896233685312326944e+00 2.898183084586328562e+00 2.900311815157383233e+00 2.902586141645360218e+00 2.904971938134951248e+00 2.907434979906439398e+00 2.909941234491640216e+00 2.912457149781638943e+00 2.914949936938301178e+00 2.917387845903931964e+00 2.919740431362880084e+00 2.921978807084635310e+00 2.924075886669669444e+00 2.926006608825939992e+00 2.927748145425211224e+00 2.929280090722744756e+00 2.930584630270804070e+00 2.931646688214563312e+00 2.932454051827050545e+00 2.932997472316740684e+00 2.933270741125584724e+00 2.933270741125584724e+00 2.932997472316740684e+00 2.932454051827050545e+00 2.931646688214563312e+00 2.930584630270804070e+00 2.929280090722744756e+00 2.927748145425211224e+00 2.926006608825939992e+00 2.924075886669669444e+00 2.921978807084635310e+00 2.919740431362880084e+00
2.950365684702402902e+00 2.946894802463843277e+00 2.943291288070452705e+00 2.939593318623312523e+00 2.935840552743705700e+00 2.932073806827913298e+00 2.928334721080587233e+00 2.924665417912830190e+00 2.921108155351744617e+00 2.917704978148774497e+00 2.914497369294015261e+00 2.911525904642944251e+00 2.908829913340546636e+00 2.906447146685758209e+00 2.904413458016957161e+00 2.902762496117198499e+00 2.901525414536772374e+00 2.900730599111172925e+00 2.900403415815558716e+00 2.900565980943460076e+00 2.901236955428782238e+00 2.902431364947567705e+00 2.904160447240743625e+00 2.906431527892784583e+00 2.909247925585329853e+00 2.912608887621079390e+00 2.916509556283310101e+00 2.920940966361987190e+00 2.925890073940381697e+00 2.931339816298184520e+00 2.937269202550185199e+00 2.943653434405312908e+00 2.950464056201266061e+00 2.957669133146499707e+00 2.965233456486009445e+00 2.973118774101564998e+00 2.981284044862521743e+00 2.989685714861421317e+00 2.998278013500815575e+00 3.007013267245266075e+00 3.015842228716528073e+00 3.024714418691504481e+00 3.033578478462599204e+00 3.042382529939370528e+00 3.051074540809469937e+00 3.059602692036207827e+00 3.067915744950150181e+00 3.075963405192878586e+00 3.083696680792586520e+00 3.091068231693377744e+00 3.098032708122518297e+00 3.104547075262203748e+00 3.110570921793850641e+00 3.116066750002820296e+00 3.121000245268930495e+00 3.125340522922011033e+00 3.129060350610997077e+00 3.132136344518352988e+00 3.134549137947513220e+00 3.136283521018157661e+00 3.137328550420798390e+00 3.137677628406784436e+00 3.137328550420798390e+00 3.136283521018157661e+00 3.134549137947513220e+00 3.132136344518352988e+00 3.129060350610997077e+00 3.125340522922011033e+00 3.121000245268930495e+00 3.116066750002820296e+00 3.110570921793850641e+00 3.104547075262203748e+00 3.098032708122518297e+00 3.091068231693377744e+00 3.083696680792586520e+00 3.075963405192878586e+00 3.067915744950150181e+00 3.059602692036207827e+00 3.051074540809469937e+00 3.042382529939370528e+00 3.033578478462599204e+00 3.024714418691504481e+00 3.015842228716528073e+00 3.007013267245266075e+00 2.998278013500815575e+00 2.989685714861421317e+00 2.981284044862521743e+00 2.973118774101564998e+00 2.965233456486009445e+00 2.957669133146499707e+00 2.950464056201266061e+00 2.943653434405312908e+00 2.937269202550185199e+00 2.931339816298184520e+00 2.925890073940381697e+00 2.920940966361987190e+00 2.916509556283310101e+00 2.912608887621079390e+00 2.909247925585329853e+00 2.906431527892784583e+00 2.904160447240743625e+00 2.902431364947567705e+00 2.901236955428782238e+00 2.900565980943460076e+00 2.900403415815558716e+00 2.900730599111172925e+00 2.901525414536772374e+00 2.902762496117198499e+00 2.904413458016957161e+00 2.906447146685758209e+00 2.908829913340546636e+00 2.911525904642944251e+00 2.914497369294015261e+00 2.917704978148774497e+00 2.921108155351744617e+00 2.924665417912830190e+00 2.928334721080587233e+00 2.932073806827913298e+00 2.935840552743705700e+00 2.939593318623312523e+00 2.943291288070452705e+00 2.946894802463843277e+00 2.950365684702402902e+00 2.953667550223434191e+00 2.956766102887768088e+00 2.959629413443908064e+00 2.962228178418645275e+00 2.964535957433616975e+00 2.966529387114436034e+00 2.968188369940294891e+00 2.969496236575762893e+00 2.970439880431470225e+00 2.971009863414963537e+00 2.971200492055457332e+00 2.971009863414963537e+00 2.970439880431470225e+00 2.969496236575762893e+00 2.968188369940294891e+00 2.966529387114436034e+00 2.964535957433616975e+00 2.962228178418645275e+00 2.959629413443908064e+00 2.956766102887768088e+00 2.953667550223434191e+00
2.984408568817016327e+00 2.980004647493901260e+00 2.975385383515114057e+00 2.970594775020773071e+00 2.965678783848590516e+00 2.960684967648157695e+00 2.955662098628857759e+00 2.950659771879720505e+00 2.945728006281180811e+00 2.940916841087199085e+00 2.936275931291325136e+00 2.931854144901498760e+00 2.927699165235845502e+00 2.923857101315299634e+00 2.920372109369071101e+00 2.917286028385989383e+00 2.914638032539488943e+00 2.912464303186945713e+00 2.910797722996521397e+00 2.909667594587470152e+00 2.909099385884413635e+00 2.909114504183835326e+00 2.909730100713380452e+00 2.910958907233302639e+00 2.912809105986168934e+00 2.915284234047704093e+00 2.918383122870252588e+00 2.922099873542809423e+00 2.926423868019940144e+00 2.931339816298184520e+00 2.936827839244976257e+00 2.942863586513478236e+00 2.949418388709528660e+00 2.956459442715676733e+00 2.963950028824468674e+00 2.971849758090372884e+00 2.980114848078945666e+00 2.988698424974856049e+00 2.997550849808745976e+00 3.006620066378215217e+00 3.015851968271897832e+00 3.025190782258844191e+00 3.034579465179430002e+00 3.043960111369728327e+00 3.053274367569402514e+00 3.062463852204544867e+00 3.071470575901705136e+00 3.080237360078044606e+00 3.088708250465197924e+00 3.096828922460870714e+00 3.104547075262203748e+00 3.111812811818081226e+00 3.118579001743130963e+00 3.124801624463483751e+00 3.130440090012330590e+00 3.135457535060889089e+00 3.139821091956373156e+00 3.143502128741303636e+00 3.146476458346754157e+00 3.148724515384036859e+00 3.150231499203188790e+00 3.150987482140653384e+00 3.150987482140653384e+00 3.150231499203188790e+00 3.148724515384036859e+00 3.146476458346754157e+00 3.143502128741303636e+00 3.139821091956373156e+00 3.135457535060889089e+00 3.130440090012330590e+00 3.124801624463483751e+00 3.118579001743130963e+00 3.111812811818081226e+00 3.104547075262203748e+00 3.096828922460870714e+00 3.088708250465197924e+00 3.080237360078044606e+00 3.071470575901705136e+00 3.062463852204544867e+00 3.053274367569402514e+00 3.043960111369728327e+00 3.034579465179430002e+00 3.025190782258844191e+00 3.015851968271897832e+00 3.006620066378215217e+00 2.997550849808745976e+00 2.988698424974856049e+00 2.980114848078945666e+00 2.971849758090372884e+00 2.963950028824468674e+00 2.956459442715676733e+00 2.949418388709528660e+00 2.942863586513478236e+00 2.936827839244976257e+00 2.931339816298184520e+00 2.926423868019940144e+00 2.922099873542809423e+00 2.918383122870252588e+00 2.915284234047704093e+00 2.912809105986168934e+00 2.910958907233302639e+00 2.909730100713380452e+00 2.909114504183835326e+00 2.909099385884413635e+00 2.909667594587470152e+00 2.910797722996521397e+00 2.912464303186945713e+00 2.914638032539488943e+00 2.917286028385989383e+00 2.920372109369071101e+00 2.923857101315299634e+00 2.927699165235845502e+00 2.931854144901498760e+00 2.936275931291325136e+00 2.940916841087199085e+00 2.945728006281180811e+00 2.950659771879720505e+00 2.955662098628857759e+00 2.960684967648157695e+00 2.965678783848590516e+00 2.970594775020773071e+00 2.975385383515114057e+00 2.980004647493901260e+00 2.984408568817016327e+00 2.988555464727039368e+00 2.992406300625133131e+00 2.995925001375503438e+00 2.999078738742143369e+00 3.001838192745766687e+00 3.004177784929916939e+00 3.006075881741712141e+00 3.007514966462753847e+00 3.008481778367863679e+00 3.008967418041421649e+00 3.008967418041421649e+00 3.008481778367863679e+00 3.007514966462753847e+00 3.006075881741712141e+00 3.004177784929916939e+00 3.001838192745766687e+00 2.999078738742143369e+00 2.995925001375503438e+00 2.992406300625133131e+00 2.988555464727039368e+00
3.019257411344003383e+00 3.014025154005453455e+00 3.008490671116634374e+00 3.002703141901462036e+00 2.996714225903196915e+00 2.990577655332451013e+00 2.984348810613016045e+00 2.978084282385461190e+00 2.971841423333296817e+00 2.965677893275915356e+00 2.959651201025459866e+00 2.953818246531140890e+00 2.948234866833978174e+00 2.942955389327500004e+00 2.938032195765826415e+00 2.933515300380175272e+00 2.929451945358812370e+00 2.925886216814522101e+00 2.922858684208952340e+00 2.920406066025726943e+00 2.918560924285408475e+00 2.917351390276818890e+00 2.916800923642405952e+00 2.916928106702219470e+00 2.917746475633460346e+00 2.919264389842587182e+00 2.921484940576694722e+00 2.924405899522537045e+00 2.928019707837460128e+00 2.932313505748876281e+00 2.937269202550185199e+00 2.942863586513478236e+00 2.949068473935394508e+00 2.955850896234343939e+00 2.963173323727346986e+00 2.970993924435035183e+00 2.979266855996234309e+00 2.987942588520814624e+00 2.996968255973261552e+00 3.006288033461419928e+00 3.015843537606681224e+00 3.025574246995185401e+00 3.035417939555618005e+00 3.045311143579096491e+00 3.055189598991489675e+00 3.064988725409099946e+00 3.074644093455479066e+00 3.084091895790797455e+00 3.093269414305716669e+00 3.102115479959190125e+00 3.110570921793850641e+00 3.118579001743130963e+00 3.126085831950521143e+00 3.133040771452510143e+00 3.139396799231757740e+00 3.145110860824900101e+00 3.150144185868474001e+00 3.154462574185536994e+00 3.158036648252767975e+00 3.160842070141517635e+00 3.162859721294390081e+00 3.164075843779504016e+00 3.164482141955527350e+00 3.164075843779504016e+00 3.162859721294390081e+00 3.160842070141517635e+00 3.158036648252767975e+00 3.154462574185536994e+00 3.150144185868474001e+00 3.145110860824900101e+00 3.139396799231757740e+00 3.133040771452510143e+00 3.126085831950521143e+00 3.118579001743130963e+00 3.110570921793850641e+00 3.102115479959190125e+00 3.093269414305716669e+00 3.084091895790797455e+00 3.074644093455479066e+00 3.064988725409099946e+00 3.055189598991489675e+00 3.045311143579096491e+00 3.035417939555618005e+00 3.025574246995185401e+00 3.015843537606681224e+00 3.006288033461419928e+00 2.996968255973261552e+00 2.987942588520814624e+00 2.979266855996234309e+00 2.970993924435035183e+00 2.963173323727346986e+00 2.955850896234343939e+00 2.949068473935394508e+00 2.942863586513478236e+00 2.937269202550185199e+00 2.932313505748876281e+00 2.928019707837460128e+00 2.924405899522537045e+00 2.921484940576694722e+00 2.919264389842587182e+00 2.917746475633460346e+00 2.916928106702219470e+00 2.916800923642405952e+00 2.917351390276818890e+00 2.918560924285408475e+00 2.920406066025726943e+00 2.922858684208952340e+00 2.925886216814522101e+00 2.929451945358812370e+00 2.933515300380175272e+00 2.938032195765826415e+00 2.942955389327500004e+00 2.948234866833978174e+00 2.953818246531140890e+00 2.959651201025459866e+00 2.965677893275915356e+00 2.971841423333296817e+00 2.978084282385461190e+00 2.984348810613016045e+00 2.990577655332451013e+00 2.996714225903196915e+00 3.002703141901462036e+00 3.008490671116634374e+00 3.014025154005453455e+00 3.019257411344003383e+00 3.024141131947505556e+00 3.028633237481515916e+00 3.032694221564601111e+00 3.036288460560295999e+00 3.039384493673738863e+00 3.041955270204213857e+00 3.043978362056959597e+00 3.045436139884263316e+00 3.046315911504944296e+00 3.046610021540657076e+00 3.046315911504944296e+00 3.045436139884263316e+00 3.043978362056959597e+00 3.041955270204213857e+00 3.039384493673738863e+00 3.036288460560295999e+00 3.032694221564601111e+00 3.028633237481515916e+00 3.024141131947505556e+00
3.054646991549427870e+00 3.048694930232719980e+00 3.042350399996928356e+00 3.035667092881490614e+00 3.028701727084656792e+00 3.021513604159963506e+00 3.014164145720484189e+00 3.006716413199643778e+00 2.999234614347793038e+00 2.991783600246286312e+00 2.984428356694312168e+00 2.977233493868016723e+00 2.970262738165919014e+00 2.963578430139254039e+00 2.957241032360807154e+00 2.951308651011297357e+00 2.945836574859100665e+00 2.940876835177718363e+00 2.936477789987037568e+00 2.932683735820182935e+00 2.929534550009111005e+00 2.927065366250548806e+00 2.925306285961298602e+00 2.924282127660123631e+00 2.924012216324550106e+00 2.924510214367131766e+00 2.925783995559324335e+00 2.927835562904551381e+00 2.930661011127769111e+00 2.934250534109375419e+00 2.938588477249324260e+00 2.943653434405312908e+00 2.949418388709528660e+00 2.955850896234343939e+00 2.962913311150906281e+00 2.970563050708471931e+00 2.978752898058800280e+00 2.987431340661403478e+00 2.996542941734022580e+00 3.006028741960616202e+00 3.015826688438009828e+00 3.025872087634354113e+00 3.036098078948789691e+00 3.046436125304076370e+00 3.056816517073202011e+00 3.067168885538451573e+00 3.077422722007700617e+00 3.087507898668441886e+00 3.097355187245497188e+00 3.106896771543811386e+00 3.116066750002820296e+00 3.124801624463483751e+00 3.133040771452510143e+00 3.140726892419785532e+00 3.147806439523690880e+00 3.154230013743357208e+00 3.159952732305958190e+00 3.164934562648902272e+00 3.169140620389804486e+00 3.172541429049246187e+00 3.175113139560663100e+00 3.176837707905944885e+00 3.177703029532195966e+00 3.177703029532195966e+00 3.176837707905944885e+00 3.175113139560663100e+00 3.172541429049246187e+00 3.169140620389804486e+00 3.164934562648902272e+00 3.159952732305958190e+00 3.154230013743357208e+00 3.147806439523690880e+00 3.140726892419785532e+00 3.133040771452510143e+00 3.124801624463483751e+00 3.116066750002820296e+00 3.106896771543811386e+00 3.097355187245497188e+00 3.087507898668441886e+00 3.077422722007700617e+00 3.067168885538451573e+00 3.056816517073202011e+00 3.046436125304076370e+00 3.036098078948789691e+00 3.025872087634354113e+00 3.015826688438009828e+00 3.006028741960616202e+00 2.996542941734022580e+00 2.987431340661403478e+00 2.978752898058800280e+00 2.970563050708471931e+00 2.962913311150906281e+00 2.955850896234343939e+00 2.949418388709528660e+00 2.943653434405312908e+00 2.938588477249324260e+00 2.934250534109375419e+00 2.930661011127769111e+00 2.927835562904551381e+00 2.925783995559324335e+00 2.924510214367131766e+00 2.924012216324550106e+00 2.924282127660123631e+00 2.925306285961298602e+00 2.927065366250548806e+00 2.929534550009111005e+00 2.932683735820182935e+00 2.936477789987037568e+00 2.940876835177718363e+00 2.945836574859100665e+00 2.951308651011297357e+00 2.957241032360807154e+00 2.963578430139254039e+00 2.970262738165919014e+00 2.977233493868016723e+00 2.984428356694312168e+00 2.991783600246286312e+00 2.999234614347793038e+00 3.006716413199643778e+00 3.014164145720484189e+00 3.021513604159963506e+00 3.028701727084656792e+00 3.035667092881490614e+00 3.042350399996928356e+00 3.048694930232719980e+00 3.054646991549427870e+00 3.060156336986533443e+00 3.065176556491285620e+00 3.069665438656318912e+00 3.073585299596752307e+00 3.076903276449317826e+00 3.079591583247038855e+00 3.081627727211144308e+00 3.082994683804886282e+00 3.083681029209661251e+00 3.083681029209661251e+00 3.082994683804886282e+00 3.081627727211144308e+00 3.079591583247038855e+00 3.076903276449317826e+00 3.073585299596752307e+00 3.069665438656318912e+00 3.065176556491285620e+00 3.060156336986533443e+00
3.090307973359112115e+00 3.083747504727966326e+00 3.076701796564447644e+00 3.069228362974365965e+00 3.061388313861774346e+00 3.053245881788781091e+00 3.044867924437131279e+00 3.036323406474653819e+00 3.027682864787626382e+00 3.019017861167782257e+00 3.010400426639341820e+00 3.001902501676052548e+00 2.993595376590609813e+00 2.985549136378455870e+00 2.977832114264995056e+00 2.970510358139931029e+00 2.963647113965214519e+00 2.957302330114667921e+00 2.951532186444826511e+00 2.946388651709031858e+00 2.941919072711668637e+00 2.938165798358582048e+00 2.935165841494530525e+00 2.932950581131545054e+00 2.931545507364987646e+00 2.930970010949644600e+00 2.931237219168585373e+00 2.932353879275419128e+00 2.934320290428738431e+00 2.937130284668576508e+00 2.940771257111547410e+00 2.945224245166732757e+00 2.950464056201266061e+00 2.956459442715676733e+00 2.963173323727346986e+00 2.970563050708471931e+00 2.978580716085551305e+00 2.987173501983166446e+00 2.996284066588069894e+00 3.005850965222861770e+00 3.015809102953790344e+00 3.026090215316676435e+00 3.036623373530291659e+00 3.047335510379469259e+00 3.058151962792182932e+00 3.068997027006961975e+00 3.079794522130338663e+00 3.090468357819315059e+00 3.100943101791457934e+00 3.111144542865575513e+00 3.121000245268930495e+00 3.130440090012330590e+00 3.139396799231757740e+00 3.147806439523690880e+00 3.155608900459998978e+00 3.162748344655918142e+00 3.169173625979960107e+00 3.174838672735753153e+00 3.179702832911106558e+00 3.183731178877033940e+00 3.186894769226679802e+00 3.189170865768993668e+00 3.190543104031908328e+00 3.191001615982257178e+00 3.190543104031908328e+00 3.189170865768993668e+00 3.186894769226679802e+00 3.183731178877033940e+00 3.179702832911106558e+00 3.174838672735753153e+00 3.169173625979960107e+00 3.162748344655918142e+00 3.155608900459998978e+00 3.147806439523690880e+00 3.139396799231757740e+00 3.130440090012330590e+00 3.121000245268930495e+00 3.111144542865575513e+00 3.100943101791457934e+00 3.090468357819315059e+00 3.079794522130338663e+00 3.068997027006961975e+00 3.058151962792182932e+00 3.047335510379469259e+00 3.036623373530291659e+00 3.026090215316676435e+00 3.015809102953790344e+00 3.005850965222861770e+00 2.996284066588069894e+00 2.987173501983166446e+00 2.978580716085551305e+00 2.970563050708471931e+00 2.963173323727346986e+00 2.956459442715676733e+00 2.950464056201266061e+00 2.945224245166732757e+00 2.940771257111547410e+00 2.937130284668576508e+00 2.934320290428738431e+00 2.932353879275419128e+00 2.931237219168585373e+00 2.930970010949644600e+00 2.931545507364987646e+00 2.932950581131545054e+00 2.935165841494530525e+00 2.938165798358582048e+00 2.941919072711668637e+00 2.946388651709031858e+00 2.951532186444826511e+00 2.957302330114667921e+00 2.963647113965214519e+00 2.970510358139931029e+00 2.977832114264995056e+00 2.985549136378455870e+00 2.993595376590609813e+00 3.001902501676052548e+00 3.010400426639341820e+00 3.019017861167782257e+00 3.027682864787626382e+00 3.036323406474653819e+00 3.044867924437131279e+00 3.053245881788781091e+00 3.061388313861774346e+00 3.069228362974365965e+00 3.076701796564447644e+00 3.083747504727966326e+00 3.090307973359112115e+00 3.096329729276069642e+00 3.101763753930512735e+00 3.106565862539478307e+00 3.110697045742586653e+00 3.114123771174178046e+00 3.116818242646274939e+00 3.118758614962274578e+00 3.119929162720257665e+00 3.120320401816394362e+00 3.119929162720257665e+00 3.118758614962274578e+00 3.116818242646274939e+00 3.114123771174178046e+00 3.110697045742586653e+00 3.106565862539478307e+00 3.101763753930512735e+00 3.096329729276069642e+00
3.125968955168797692e+00 3.118913359345091063e+00 3.111278074051103903e+00 3.103123728209650878e+00 3.094515134415971591e+00 3.085520790434067351e+00 3.076212352212527090e+00 3.066664082441346917e+00 3.056952278858119598e+00 3.047154686666960544e+00 3.037349899555153332e+00 3.027616753880022937e+00 3.018033720651243978e+00 3.008678299951244473e+00 2.999626422418451899e+00 2.990951862365004654e+00 2.982725667012613879e+00 2.975015606208109009e+00 2.967885646824912627e+00 2.961395455869247240e+00 2.955599936091920288e+00 2.950548797659541034e+00 2.946286169164958224e+00 2.942850250957679048e+00 2.940273013453226891e+00 2.938579942738369866e+00 2.937789835429390539e+00 2.937914644365942962e+00 2.938959376336274687e+00 2.940922042633700162e+00 2.943793662842221881e+00 2.947558321844075291e+00 2.952193279636931234e+00 2.957669133146499707e+00 2.963950028824468674e+00 2.970993924435035183e+00 2.978752898058800280e+00 2.987173501983166446e+00 2.996197158806516381e+00 3.005760596761922532e+00 3.015796320967220723e+00 3.026233117034557552e+00 3.036996583225812785e+00 3.048009687122554823e+00 3.059193342592175124e+00 3.070467002676839030e+00 3.081749263910133152e+00 3.092958477478770174e+00 3.104013362593942116e+00 3.114833617419503042e+00 3.125340522922011033e+00 3.135457535060889089e+00 3.145110860824900101e+00 3.154230013743357208e+00 3.162748344655918142e+00 3.170603543712240846e+00 3.177738109791016452e+00 3.184099783774895887e+00 3.189641942392120288e+00 3.194323949634873205e+00 3.198111463086325212e+00 3.200976692830657999e+00 3.202898610980254190e+00 3.203863110229197897e+00 3.203863110229197897e+00 3.202898610980254190e+00 3.200976692830657999e+00 3.198111463086325212e+00 3.194323949634873205e+00 3.189641942392120288e+00 3.184099783774895887e+00 3.177738109791016452e+00 3.170603543712240846e+00 3.162748344655918142e+00 3.154230013743357208e+00 3.145110860824900101e+00 3.135457535060889089e+00 3.125340522922011033e+00 3.114833617419503042e+00 3.104013362593942116e+00 3.092958477478770174e+00 3.081749263910133152e+00 3.070467002676839030e+00 3.059193342592175124e+00 3.048009687122554823e+00 3.036996583225812785e+00 3.026233117034557552e+00 3.015796320967220723e+00 3.005760596761922532e+00 2.996197158806516381e+00 2.987173501983166446e+00 2.978752898058800280e+00 2.970993924435035183e+00 2.963950028824468674e+00 2.957669133146499707e+00 2.952193279636931234e+00 2.947558321844075291e+00 2.943793662842221881e+00 2.940922042633700162e+00 2.938959376336274687e+00 2.937914644365942962e+00 2.937789835429390539e+00 2.938579942738369866e+00 2.940273013453226891e+00 2.942850250957679048e+00 2.946286169164958224e+00 2.950548797659541034e+00 2.955599936091920288e+00 2.961395455869247240e+00 2.967885646824912627e+00 2.975015606208109009e+00 2.982725667012613879e+00 2.990951862365004654e+00 2.999626422418451899e+00 3.008678299951244473e+00 3.018033720651243978e+00 3.027616753880022937e+00 3.037349899555153332e+00 3.047154686666960544e+00 3.056952278858119598e+00 3.066664082441346917e+00 3.076212352212527090e+00 3.085520790434067351e+00 3.094515134415971591e+00 3.103123728209650878e+00 3.111278074051103903e+00 3.118913359345091063e+00 3.125968955168797692e+00 3.132388882491115023e+00 3.138122242550181795e+00 3.143123608105508726e+00 3.147353372579603903e+00 3.150778054425460439e+00 3.153370554397836756e+00 3.155110363765741610e+00 3.155983721877671400e+00 3.155983721877671400e+00 3.155110363765741610e+00 3.153370554397836756e+00 3.150778054425460439e+00 3.147353372579603903e+00 3.143123608105508726e+00 3.138122242550181795e+00 3.132388882491115023e+00
3.161358535374221734e+00 3.153921985664319916e+00 3.145810473108302308e+00 3.137087023778704520e+00 3.127819447861410307e+00 3.118079820877149633e+00 3.107943932204806359e+00 3.097490705109172904e+00 3.086801592693154461e+00 3.075959954378022942e+00 3.065050417663987670e+00 3.054158230035727950e+00 3.043368605952949224e+00 3.032766073903813808e+00 3.022433828498947150e+00 3.012453092545726019e+00 3.002902493966925324e+00 2.993857462315116180e+00 2.985389649485370001e+00 2.977566379044963796e+00 2.970450128381180388e+00 2.964098047618830112e+00 2.958561518979438532e+00 2.953885759946519141e+00 2.950109473268059279e+00 2.947264546471086266e+00 2.945375803186509600e+00 2.944460808188168688e+00 2.944529727641392203e+00 2.945585245636198390e+00 2.947622537651977126e+00 2.950629301167240204e+00 2.954585843193095585e+00 2.959465224075866985e+00 2.965233456486009445e+00 2.971849758090372884e+00 2.979266855996234309e+00 2.987431340661403478e+00 2.996284066588069894e+00 3.005760596761922532e+00 3.015791687464892235e+00 3.026303809782453502e+00 3.037219703846952168e+00 3.048458961608998319e+00 3.059938633711639877e+00 3.071573855858307223e+00 3.083278489916863041e+00 3.094965774889644639e+00 3.106548982803958747e+00 3.117942074539716391e+00 3.129060350610997077e+00 3.139821091956373156e+00 3.150144185868474001e+00 3.159952732305958190e+00 3.169173625979960107e+00 3.177738109791016452e+00 3.185582295410064102e+00 3.192647647046733539e+00 3.198881424727849421e+00 3.204237083716719336e+00 3.208674627037144678e+00 3.212160908422499350e+00 3.214669883386961136e+00 3.216182806510435643e+00 3.216688373437424975e+00 3.216182806510435643e+00 3.214669883386961136e+00 3.212160908422499350e+00 3.208674627037144678e+00 3.204237083716719336e+00 3.198881424727849421e+00 3.192647647046733539e+00 3.185582295410064102e+00 3.177738109791016452e+00 3.169173625979960107e+00 3.159952732305958190e+00 3.150144185868474001e+00 3.139821091956373156e+00 3.129060350610997077e+00 3.117942074539716391e+00 3.106548982803958747e+00 3.094965774889644639e+00 3.083278489916863041e+00 3.071573855858307223e+00 3.059938633711639877e+00 3.048458961608998319e+00 3.037219703846952168e+00 3.026303809782453502e+00 3.015791687464892235e+00 3.005760596761922532e+00 2.996284066588069894e+00 2.987431340661403478e+00 2.979266855996234309e+00 2.971849758090372884e+00 2.965233456486009445e+00 2.959465224075866985e+00 2.954585843193095585e+00 2.950629301167240204e+00 2.947622537651977126e+00 2.945585245636198390e+00 2.944529727641392203e+00 2.944460808188168688e+00 2.945375803186509600e+00 2.947264546471086266e+00 2.950109473268059279e+00 2.953885759946519141e+00 2.958561518979438532e+00 2.964098047618830112e+00 2.970450128381180388e+00 2.977566379044963796e+00 2.985389649485370001e+00 2.993857462315116180e+00 3.002902493966925324e+00 3.012453092545726019e+00 3.022433828498947150e+00 3.032766073903813808e+00 3.043368605952949224e+00 3.054158230035727950e+00 3.065050417663987670e+00 3.075959954378022942e+00 3.086801592693154461e+00 3.097490705109172904e+00 3.107943932204806359e+00 3.118079820877149633e+00 3.127819447861410307e+00 3.137087023778704520e+00 3.145810473108302308e+00 3.153921985664319916e+00 3.161358535374221734e+00 3.168062362405765331e+00 3.173981414968404469e+00 3.179069747422596848e+00 3.183287871663402324e+00 3.186603059100875601e+00 3.188989590936254448e+00 3.190428954826899588e+00 3.190909986441492929e+00 3.190428954826899588e+00 3.188989590936254448e+00 3.186603059100875601e+00 3.183287871663402324e+00 3.179069747422596848e+00 3.173981414968404469e+00 3.168062362405765331e+00
3.196207377901208790e+00 3.188503949197400988e+00 3.180030317912535764e+00 3.170851185319929044e+00 3.161036644088543568e+00 3.150661644390166938e+00 3.139805422996817530e+00 3.128550899714243272e+00 3.116984045745997189e+00 3.105193228796320426e+00 3.093268539897126246e+00 3.081301107083573410e+00 3.069382401142855432e+00 3.057603538721229697e+00 3.046054588094486260e+00 3.034823882886836355e+00 3.023997348962776499e+00 3.013657849616266926e+00 3.003884554042390409e+00 2.994752333899479257e+00 2.986331192555984781e+00 2.978685731367632261e+00 2.971874657048655166e+00 2.965950333888129453e+00 2.960958384221232809e+00 2.956937340197967945e+00 2.953918349501561291e+00 2.951924937258130210e+00 2.950972825951632128e+00 2.951069814716620332e+00 2.952215718929468213e+00 2.954402370559810809e+00 2.957613679281536179e+00 2.961825753880231726e+00 2.967007083035115844e+00 2.973118774101564998e+00 2.980114848078945666e+00 2.987942588520814624e+00 2.996542941734022580e+00 3.005850965222861770e+00 3.015796320967220723e+00 3.026303809782453502e+00 3.037293942695975968e+00 3.048683544993851857e+00 3.060386388341944208e+00 3.072313846172498586e+00 3.084375567349919134e+00 3.096480162990315588e+00 3.108535901209259489e+00 3.120451404511763283e+00 3.132136344518352988e+00 3.143502128741303636e+00 3.154462574185536994e+00 3.164934562648902272e+00 3.174838672735753153e+00 3.184099783774895887e+00 3.192647647046733539e+00 3.200417419973147215e+00 3.207350159205444751e+00 3.213393268858471430e+00 3.218500900480213200e+00 3.222634301713486860e+00 3.225762110996734933e+00 3.227860596061473686e+00 3.228913834411657025e+00 3.228913834411657025e+00 3.227860596061473686e+00 3.225762110996734933e+00 3.222634301713486860e+00 3.218500900480213200e+00 3.213393268858471430e+00 3.207350159205444751e+00 3.200417419973147215e+00 3.192647647046733539e+00 3.184099783774895887e+00 3.174838672735753153e+00 3.164934562648902272e+00 3.154462574185536994e+00 3.143502128741303636e+00 3.132136344518352988e+00 3.120451404511763283e+00 3.108535901209259489e+00 3.096480162990315588e+00 3.084375567349919134e+00 3.072313846172498586e+00 3.060386388341944208e+00 3.048683544993851857e+00 3.037293942695975968e+00 3.026303809782453502e+00 3.015796320967220723e+00 3.005850965222861770e+00 2.996542941734022580e+00 2.987942588520814624e+00 2.980114848078945666e+00 2.973118774101564998e+00 2.967007083035115844e+00 2.961825753880231726e+00 2.957613679281536179e+00 2.954402370559810809e+00 2.952215718929468213e+00 2.951069814716620332e+00 2.950972825951632128e+00 2.951924937258130210e+00 2.953918349501561291e+00 2.956937340197967945e+00 2.960958384221232809e+00 2.965950333888129453e+00 2.971874657048655166e+00 2.978685731367632261e+00 2.986331192555984781e+00 2.994752333899479257e+00 3.003884554042390409e+00 3.013657849616266926e+00 3.023997348962776499e+00 3.034823882886836355e+00 3.046054588094486260e+00 3.057603538721229697e+00 3.069382401142855432e+00 3.081301107083573410e+00 3.093268539897126246e+00 3.105193228796320426e+00 3.116984045745997189e+00 3.128550899714243272e+00 3.139805422996817530e+00 3.150661644390166938e+00 3.161036644088543568e+00 3.170851185319929044e+00 3.180030317912535764e+00 3.188503949197400988e+00 3.196207377901208790e+00 3.203081786965269018e+00 3.209074691539216762e+00 3.214140338739256197e+00 3.218240056127942506e+00 3.221342546262826900e+00 3.223424125071863156e+00 3.224468902241026225e+00 3.224468902241026225e+00 3.223424125071863156e+00 3.221342546262826900e+00 3.218240056127942506e+00 3.214140338739256197e+00 3.209074691539216762e+00 3.203081786965269018e+00
3.230250262015822216e+00 3.222392945653054230e+00 3.213671072111971672e+00 3.204150297778369794e+00 3.193902278820405005e+00 3.183004127369821301e+00 3.171537826330012688e+00 3.159589607261402922e+00 3.147249296075303793e+00 3.134609631512213834e+00 3.121765561587305005e+00 3.108813523353316288e+00 3.095850711457765581e+00 3.082974341056450296e+00 3.070280910687900544e+00 3.057865470713556189e+00 3.045820902885831405e+00 3.034237216521381786e+00 3.023200866630263661e+00 3.012794099184457952e+00 3.003094328502481147e+00 2.994173551482209206e+00 2.986097803133517470e+00 2.978926657547808166e+00 2.972712778095664365e+00 2.967501520269014481e+00 2.963330590183519408e+00 2.960229761333149412e+00 2.958220651745553820e+00 2.957316563227048167e+00 2.957522383913500974e+00 2.958834554861548671e+00 2.961241100927188175e+00 2.964721725689511533e+00 2.969247969689964517e+00 2.974783430775637783e+00 2.981284044862521743e+00 2.988698424974856049e+00 2.996968255973261552e+00 3.006028741960616202e+00 3.015809102953790344e+00 3.026233117034557552e+00 3.037219703846952168e+00 3.048683544993851857e+00 3.060535736604846679e+00 3.072684469102792360e+00 3.085035728989605985e+00 3.097494017304466052e+00 3.109963079280887666e+00 3.122346639644108635e+00 3.134549137947513220e+00 3.146476458346754157e+00 3.158036648252767975e+00 3.169140620389804486e+00 3.179702832911106558e+00 3.189641942392120288e+00 3.198881424727849421e+00 3.207350159205444751e+00 3.214982971303703696e+00 3.221721130085548612e+00 3.227512796395390016e+00 3.232313418448014897e+00 3.236086071796291375e+00 3.238801741088659814e+00 3.240439541470578888e+00 3.240986877943910383e+00 3.240439541470578888e+00 3.238801741088659814e+00 3.236086071796291375e+00 3.232313418448014897e+00 3.227512796395390016e+00 3.221721130085548612e+00 3.214982971303703696e+00 3.207350159205444751e+00 3.198881424727849421e+00 3.189641942392120288e+00 3.179702832911106558e+00 3.169140620389804486e+00 3.158036648252767975e+00 3.146476458346754157e+00 3.134549137947513220e+00 3.122346639644108635e+00 3.109963079280887666e+00 3.097494017304466052e+00 3.085035728989605985e+00 3.072684469102792360e+00 3.060535736604846679e+00 3.048683544993851857e+00 3.037219703846952168e+00 3.026233117034557552e+00 3.015809102953790344e+00 3.006028741960616202e+00 2.996968255973261552e+00 2.988698424974856049e+00 2.981284044862521743e+00 2.974783430775637783e+00 2.969247969689964517e+00 2.964721725689511533e+00 2.961241100927188175e+00 2.958834554861548671e+00 2.957522383913500974e+00 2.957316563227048167e+00 2.958220651745553820e+00 2.960229761333149412e+00 2.963330590183519408e+00 2.967501520269014481e+00 2.972712778095664365e+00 2.978926657547808166e+00 2.986097803133517470e+00 2.994173551482209206e+00 3.003094328502481147e+00 3.012794099184457952e+00 3.023200866630263661e+00 3.034237216521381786e+00 3.045820902885831405e+00 3.057865470713556189e+00 3.070280910687900544e+00 3.082974341056450296e+00 3.095850711457765581e+00 3.108813523353316288e+00 3.121765561587305005e+00 3.134609631512213834e+00 3.147249296075303793e+00 3.159589607261402922e+00 3.171537826330012688e+00 3.183004127369821301e+00 3.193902278820405005e+00 3.204150297778369794e+00 3.213671072111971672e+00 3.222392945653054230e+00 3.230250262015822216e+00 3.237183862906570564e+00 3.243141537134544450e+00 3.248078416909024213e+00 3.251957318408564834e+00 3.254749024032205895e+00 3.256432504185930998e+00 3.256995076917557963e+00 3.256432504185930998e+00 3.254749024032205895e+00 3.251957318408564834e+00 3.248078416909024213e+00 3.243141537134544450e+00 3.237183862906570564e+00
3.263228100814293153e+00 3.255327833602367438e+00 3.246470378945812030e+00 3.236721636215548870e+00 3.226154108353210148e+00 3.214846353298651760e+00 3.202882389671160013e+00 3.190351061220716655e+00 3.177345364878819467e+00 3.163961747514811407e+00 3.150299376741212409e+00 3.136459391308497047e+00 3.122544136784493052e+00 3.108656392325089612e+00 3.094898594410140813e+00 3.081372063441103037e+00 3.068176239074669187e+00 3.055407930099685032e+00 3.043160584553541437e+00 3.031523585619809946e+00 3.020581578652214549e+00 3.010413834432872804e+00 3.001093653496564873e+00 2.992687816039985904e+00 2.985256081587710497e+00 2.978850742207665991e+00 2.973516232661144176e+00 2.969288800438888654e+00 2.966196238178838041e+00 2.964257680486233060e+00 2.963483466686531287e+00 2.963875070539698342e+00 2.965425097434841728e+00 2.968117349070455990e+00 2.971926955112103474e+00 2.976820570809533439e+00 2.982756639053403713e+00 2.989685714861421317e+00 2.997550849808745976e+00 3.006288033461419928e+00 3.015826688438009828e+00 3.026090215316676435e+00 3.036996583225812785e+00 3.048458961608998319e+00 3.060386388341944208e+00 3.072684469102792360e+00 3.085256102659645006e+00 3.098002226542313498e+00 3.110822577410600420e+00 3.123616460319956101e+00 3.136283521018157661e+00 3.148724515384036859e+00 3.160842070141517635e+00 3.172541429049246187e+00 3.183731178877033940e+00 3.194323949634873205e+00 3.204237083716719336e+00 3.213393268858471430e+00 3.221721130085548612e+00 3.229155776138220357e+00 3.235639296209948501e+00 3.241121203212772528e+00 3.245558820191414284e+00 3.248917606941109426e+00 3.251171424339947436e+00 3.252302734381200988e+00 3.252302734381200988e+00 3.251171424339947436e+00 3.248917606941109426e+00 3.245558820191414284e+00 3.241121203212772528e+00 3.235639296209948501e+00 3.229155776138220357e+00 3.221721130085548612e+00 3.213393268858471430e+00 3.204237083716719336e+00 3.194323949634873205e+00 3.183731178877033940e+00 3.172541429049246187e+00 3.160842070141517635e+00 3.148724515384036859e+00 3.136283521018157661e+00 3.123616460319956101e+00 3.110822577410600420e+00 3.098002226542313498e+00 3.085256102659645006e+00 3.072684469102792360e+00 3.060386388341944208e+00 3.048458961608998319e+00 3.036996583225812785e+00 3.026090215316676435e+00 3.015826688438009828e+00 3.006288033461419928e+00 2.997550849808745976e+00 2.989685714861421317e+00 2.982756639053403713e+00 2.976820570809533439e+00 2.971926955112103474e+00 2.968117349070455990e+00 2.965425097434841728e+00 2.963875070539698342e+00 2.963483466686531287e+00 2.964257680486233060e+00 2.966196238178838041e+00 2.969288800438888654e+00 2.973516232661144176e+00 2.978850742207665991e+00 2.985256081587710497e+00 2.992687816039985904e+00 3.001093653496564873e+00 3.010413834432872804e+00 3.020581578652214549e+00 3.031523585619809946e+00 3.043160584553541437e+00 3.055407930099685032e+00 3.068176239074669187e+00 3.081372063441103037e+00 3.094898594410140813e+00 3.108656392325089612e+00 3.122544136784493052e+00 3.136459391308497047e+00 3.150299376741212409e+00 3.163961747514811407e+00 3.177345364878819467e+00 3.190351061220716655e+00 3.202882389671160013e+00 3.214846353298651760e+00 3.226154108353210148e+00 3.236721636215548870e+00 3.246470378945812030e+00 3.255327833602367438e+00 3.263228100814293153e+00 3.270112383438710690e+00 3.275929431513360246e+00 3.280635930122888677e+00 3.284196827231063320e+00 3.286585598987418422e+00 3.287784450491938681e+00 3.287784450491938681e+00 3.286585598987418422e+00 3.284196827231063320e+00 3.280635930122888677e+00 3.275929431513360246e+00 3.270112383438710690e+00
3.294889913030802475e+00 3.287054628063064587e+00 3.278172069987757897e+00 3.268307683005261755e+00 3.257534108453508548e+00 3.245930636594133389e+00 3.233582608311299733e+00 3.220580771266830400e+00 3.207020595400941421e+00 3.193001552976324930e+00 3.178626368632267774e+00 3.164000245142844392e+00 3.149230070757234046e+00 3.134423614139571157e+00 3.119688713019276971e+00 3.105132462709935481e+00 3.090860410654977297e+00 3.076975763111901241e+00 3.063578609993677038e+00 3.050765173747136405e+00 3.038627087964613338e+00 3.027250711198258504e+00 3.016716481177984743e+00 3.007098314326016375e+00 2.998463055115851095e+00 2.990869979443668836e+00 2.984370355768802607e+00 2.979007067339923598e+00 2.974814298358372966e+00 2.971817286443306561e+00 2.970032143258481749e+00 2.969465744641665239e+00 2.970115691048563988e+00 2.971970338588010296e+00 2.975008900387905886e+00 2.979201617496176624e+00 2.984509997991918961e+00 2.990887122462918768e+00 2.998278013500815575e+00 3.006620066378215217e+00 3.015843537606681224e+00 3.025872087634354113e+00 3.036623373530291659e+00 3.048009687122554823e+00 3.059938633711639877e+00 3.072313846172498586e+00 3.085035728989605985e+00 3.098002226542313498e+00 3.111109609773739848e+00 3.124253275237219185e+00 3.137328550420798390e+00 3.150231499203188790e+00 3.162859721294390081e+00 3.175113139560663100e+00 3.186894769226679802e+00 3.198111463086325212e+00 3.208674627037144678e+00 3.218500900480213200e+00 3.227512796395390016e+00 3.235639296209948501e+00 3.242816394923375256e+00 3.248987592330875085e+00 3.254104326599199570e+00 3.258126346888266855e+00 3.261022022176870649e+00 3.262768583937424083e+00 3.263352300809106321e+00 3.262768583937424083e+00 3.261022022176870649e+00 3.258126346888266855e+00 3.254104326599199570e+00 3.248987592330875085e+00 3.242816394923375256e+00 3.235639296209948501e+00 3.227512796395390016e+00 3.218500900480213200e+00 3.208674627037144678e+00 3.198111463086325212e+00 3.186894769226679802e+00 3.175113139560663100e+00 3.162859721294390081e+00 3.150231499203188790e+00 3.137328550420798390e+00 3.124253275237219185e+00 3.111109609773739848e+00 3.098002226542313498e+00 3.085035728989605985e+00 3.072313846172498586e+00 3.059938633711639877e+00 3.048009687122554823e+00 3.036623373530291659e+00 3.025872087634354113e+00 3.015843537606681224e+00 3.006620066378215217e+00 2.998278013500815575e+00 2.990887122462918768e+00 2.984509997991918961e+00 2.979201617496176624e+00 2.975008900387905886e+00 2.971970338588010296e+00 2.970115691048563988e+00 2.969465744641665239e+00 2.970032143258481749e+00 2.971817286443306561e+00 2.974814298358372966e+00 2.979007067339923598e+00 2.984370355768802607e+00 2.990869979443668836e+00 2.998463055115851095e+00 3.007098314326016375e+00 3.016716481177984743e+00 3.027250711198258504e+00 3.038627087964613338e+00 3.050765173747136405e+00 3.063578609993677038e+00 3.076975763111901241e+00 3.090860410654977297e+00 3.105132462709935481e+00 3.119688713019276971e+00 3.134423614139571157e+00 3.149230070757234046e+00 3.164000245142844392e+00 3.178626368632267774e+00 3.193001552976324930e+00 3.207020595400941421e+00 3.220580771266830400e+00 3.233582608311299733e+00 3.245930636594133389e+00 3.257534108453508548e+00 3.268307683005261755e+00 3.278172069987757897e+00 3.287054628063064587e+00 3.294889913030802475e+00 3.301620171791229463e+00 3.307195778306039724e+00 3.311575608245746594e+00 3.314727349478140628e+00 3.316627746039553681e+00 3.317262773735878412e+00 3.316627746039553681e+00 3.314727349478140628e+00 3.311575608245746594e+00 3.307195778306039724e+00 3.301620171791229463e+00
3.324994733156457993e+00 3.317328439818564068e+00 3.308528127202899238e+00 3.298658106029601189e+00 3.287790462002939673e+00 3.276004512965471793e+00 3.263386211697266948e+00 3.250027498892955169e+00 3.236025611227240528e+00 3.221482349760140362e+00 3.206503314233724922e+00 3.191197109070588400e+00 3.175674527098463429e+00 3.160047717193773753e+00 3.144429342158218788e+00 3.128931733215760236e+00 3.113666047542105630e+00 3.098741435214697137e+00 3.084264221898640468e+00 3.070337113463343481e+00 3.057058428556902019e+00 3.044521364951732867e+00 3.032813305217176403e+00 3.022015166974857170e+00 3.012200802652633680e+00 3.003436453275705187e+00 2.995780260421682328e+00 2.989281840023304326e+00 2.983981921231415146e+00 2.979912053055303378e+00 2.977094380981431865e+00 2.975541495238781753e+00 2.975256351833627022e+00 2.976232266922600456e+00 2.978452984534788239e+00 2.981892817095359138e+00 2.986516857649258672e+00 2.992281262137985731e+00 2.999133599549528739e+00 3.007013267245266075e+00 3.015851968271897832e+00 3.025574246995185401e+00 3.036098078948789691e+00 3.047335510379469259e+00 3.059193342592175124e+00 3.071573855858307223e+00 3.084375567349919134e+00 3.097494017304466052e+00 3.110822577410600420e+00 3.124253275237219185e+00 3.137677628406784436e+00 3.150987482140653384e+00 3.164075843779504016e+00 3.176837707905944885e+00 3.189170865768993668e+00 3.200976692830657999e+00 3.212160908422499350e+00 3.222634301713486860e+00 3.232313418448014897e+00 3.241121203212772528e+00 3.248987592330875085e+00 3.255850052858635824e+00 3.261654063571967743e+00 3.266353534272106174e+00 3.269911160211204315e+00 3.272298708933443212e+00 3.273497237343059307e+00 3.273497237343059307e+00 3.272298708933443212e+00 3.269911160211204315e+00 3.266353534272106174e+00 3.261654063571967743e+00 3.255850052858635824e+00 3.248987592330875085e+00 3.241121203212772528e+00 3.232313418448014897e+00 3.222634301713486860e+00 3.212160908422499350e+00 3.200976692830657999e+00 3.189170865768993668e+00 3.176837707905944885e+00 3.164075843779504016e+00 3.150987482140653384e+00 3.137677628406784436e+00 3.124253275237219185e+00 3.110822577410600420e+00 3.097494017304466052e+00 3.084375567349919134e+00 3.071573855858307223e+00 3.059193342592175124e+00 3.047335510379469259e+00 3.036098078948789691e+00 3.025574246995185401e+00 3.015851968271897832e+00 3.007013267245266075e+00 2.999133599549528739e+00 2.992281262137985731e+00 2.986516857649258672e+00 2.981892817095359138e+00 2.978452984534788239e+00 2.976232266922600456e+00 2.975256351833627022e+00 2.975541495238781753e+00 2.977094380981431865e+00 2.979912053055303378e+00 2.983981921231415146e+00 2.989281840023304326e+00 2.995780260421682328e+00 3.003436453275705187e+00 3.012200802652633680e+00 3.022015166974857170e+00 3.032813305217176403e+00 3.044521364951732867e+00 3.057058428556902019e+00 3.070337113463343481e+00 3.084264221898640468e+00 3.098741435214697137e+00 3.113666047542105630e+00 3.128931733215760236e+00 3.144429342158218788e+00 3.160047717193773753e+00 3.175674527098463429e+00 3.191197109070588400e+00 3.206503314233724922e+00 3.221482349760140362e+00 3.236025611227240528e+00 3.250027498892955169e+00 3.263386211697266948e+00 3.276004512965471793e+00 3.287790462002939673e+00 3.298658106029601189e+00 3.308528127202899238e+00 3.317328439818564068e+00 3.324994733156457993e+00 3.331470955851048021e+00 3.336709738109858936e+00 3.340672748574837758e+00 3.343330983117683175e+00 3.344664983376784306e+00 3.344664983376784306e+00 3.343330983117683175e+00 3.340672748574837758e+00 3.336709738109858936e+00 3.331470955851048021e+00
3.353313445332315457e+00 3.345915345700374743e+00 3.337300583361869855e+00 3.327531682785034750e+00 3.316679500217882381e+00 3.304822691074665197e+00 3.292047118813540951e+00 3.278445209790015635e+00 3.264115258980229584e+00 3.249160691840563775e+00 3.233689287902350884e+00 3.217812371990146136e+00 3.201643979197050793e+00 3.185299999948844274e+00 3.168897311638865677e+00 3.152552903416486529e+00 3.136383000762860362e+00 3.120502196488001090e+00 3.105022594733279462e+00 3.090052974463253666e+00 3.075697978781481101e+00 3.062057336207358205e+00 3.049225119806896700e+00 3.037289049781411787e+00 3.026329844786533219e+00 3.016420626882388323e+00 3.007626384606949532e+00 3.000003498221640807e+00 2.993599330704558081e+00 2.988451887565901632e+00 2.984589548036012285e+00 2.982030869632929626e+00 2.980784467557751061e+00 2.980848969796340509e+00 2.982213048229791497e+00 2.984855525477512206e+00 2.988745556620532984e+00 2.993842884382869940e+00 3.000098165789998550e+00 3.007453367779740372e+00 3.015842228716528073e+00 3.025190782258844191e+00 3.035417939555618005e+00 3.046436125304076370e+00 3.058151962792182932e+00 3.070467002676839030e+00 3.083278489916863041e+00 3.096480162990315588e+00 3.109963079280887666e+00 3.123616460319956101e+00 3.137328550420798390e+00 3.150987482140653384e+00 3.164482141955527350e+00 3.177703029532195966e+00 3.190543104031908328e+00 3.202898610980254190e+00 3.214669883386961136e+00 3.225762110996734933e+00 3.236086071796291375e+00 3.245558820191414284e+00 3.254104326599199570e+00 3.261654063571967743e+00 3.268147533977801444e+00 3.273532737205302467e+00 3.277766569833444166e+00 3.280815157707840601e+00 3.282654116888440665e+00 3.283268741476694341e+00 3.282654116888440665e+00 3.280815157707840601e+00 3.277766569833444166e+00 3.273532737205302467e+00 3.268147533977801444e+00 3.261654063571967743e+00 3.254104326599199570e+00 3.245558820191414284e+00 3.236086071796291375e+00 3.225762110996734933e+00 3.214669883386961136e+00 3.202898610980254190e+00 3.190543104031908328e+00 3.177703029532195966e+00 3.164482141955527350e+00 3.150987482140653384e+00 3.137328550420798390e+00 3.123616460319956101e+00 3.109963079280887666e+00 3.096480162990315588e+00 3.083278489916863041e+00 3.070467002676839030e+00 3.058151962792182932e+00 3.046436125304076370e+00 3.035417939555618005e+00 3.025190782258844191e+00 3.015842228716528073e+00 3.007453367779740372e+00 3.000098165789998550e+00 2.993842884382869940e+00 2.988745556620532984e+00 2.984855525477512206e+00 2.982213048229791497e+00 2.980848969796340509e+00 2.980784467557751061e+00 2.982030869632929626e+00 2.984589548036012285e+00 2.988451887565901632e+00 2.993599330704558081e+00 3.000003498221640807e+00 3.007626384606949532e+00 3.016420626882388323e+00 3.026329844786533219e+00 3.037289049781411787e+00 3.049225119806896700e+00 3.062057336207358205e+00 3.075697978781481101e+00 3.090052974463253666e+00 3.105022594733279462e+00 3.120502196488001090e+00 3.136383000762860362e+00 3.152552903416486529e+00 3.168897311638865677e+00 3.185299999948844274e+00 3.201643979197050793e+00 3.217812371990146136e+00 3.233689287902350884e+00 3.249160691840563775e+00 3.264115258980229584e+00 3.278445209790015635e+00 3.292047118813540951e+00 3.304822691074665197e+00 3.316679500217882381e+00 3.327531682785034750e+00 3.337300583361869855e+00 3.345915345700374743e+00 3.353313445332315457e+00 3.359441159633144824e+00 3.364253971769807894e+00 3.367716905467518007e+00 3.369804788055398515e+00 3.370502439795048044e+00 3.369804788055398515e+00 3.367716905467518007e+00 3.364253971769807894e+00 3.359441159633144824e+00
3.379630527059410472e+00 3.372594175587419585e+00 3.364263346324511961e+00 3.354698155718890629e+00 3.343967582623060153e+00 3.332148950590938075e+00 3.319327347665283146e+00 3.305594988055468253e+00 3.291050520546027869e+00 3.275798288879935072e+00 3.259947549724337978e+00 3.243611654147447343e+00 3.226907198811380884e+00 3.209953153314432317e+00 3.192869970296278392e+00 3.175778685049146954e+00 3.158800011456380119e+00 3.142053441106309464e+00 3.125656352403822336e+00 3.109723136424548340e+00 3.094364346127976173e+00 3.079685875366790615e+00 3.065788173901873304e+00 3.052765504357330073e+00 3.040705246729757505e+00 3.029687255703152449e+00 3.019783275618193930e+00 3.011056417505084681e+00 3.003560702116174763e+00 2.997340672391735072e+00 2.992431078263323219e+00 2.988856636148268464e+00 2.986631864920065382e+00 2.985760999557193429e+00 2.986237983081597935e+00 2.988046536802168252e+00 2.991160308282653002e+00 2.995543095862061023e+00 3.001149147973206421e+00 3.007923534936061571e+00 3.015802590351476908e+00 3.024714418691504481e+00 3.034579465179430002e+00 3.045311143579096491e+00 3.056816517073202011e+00 3.068997027006961975e+00 3.081749263910133152e+00 3.094965774889644639e+00 3.108535901209259489e+00 3.122346639644108635e+00 3.136283521018157661e+00 3.150231499203188790e+00 3.164075843779504016e+00 3.177703029532195966e+00 3.191001615982257178e+00 3.203863110229197897e+00 3.216182806510435643e+00 3.227860596061473686e+00 3.238801741088659814e+00 3.248917606941109426e+00 3.258126346888266855e+00 3.266353534272106174e+00 3.273532737205302467e+00 3.279606031425828405e+00 3.284524447391022672e+00 3.288248348196549653e+00 3.290747735434119914e+00 3.292002480652207907e+00 3.292002480652207907e+00 3.290747735434119914e+00 3.288248348196549653e+00 3.284524447391022672e+00 3.279606031425828405e+00 3.273532737205302467e+00 3.266353534272106174e+00 3.258126346888266855e+00 3.248917606941109426e+00 3.238801741088659814e+00 3.227860596061473686e+00 3.216182806510435643e+00 3.203863110229197897e+00 3.191001615982257178e+00 3.177703029532195966e+00 3.164075843779504016e+00 3.150231499203188790e+00 3.136283521018157661e+00 3.122346639644108635e+00 3.108535901209259489e+00 3.094965774889644639e+00 3.081749263910133152e+00 3.068997027006961975e+00 3.056816517073202011e+00 3.045311143579096491e+00 3.034579465179430002e+00 3.024714418691504481e+00 3.015802590351476908e+00 3.007923534936061571e+00 3.001149147973206421e+00 2.995543095862061023e+00 2.991160308282653002e+00 2.988046536802168252e+00 2.986237983081597935e+00 2.985760999557193429e+00 2.986631864920065382e+00 2.988856636148268464e+00 2.992431078263323219e+00 2.997340672391735072e+00 3.003560702116174763e+00 3.011056417505084681e+00 3.019783275618193930e+00 3.029687255703152449e+00 3.040705246729757505e+00 3.052765504357330073e+00 3.065788173901873304e+00 3.079685875366790615e+00 3.094364346127976173e+00 3.109723136424548340e+00 3.125656352403822336e+00 3.142053441106309464e+00 3.158800011456380119e+00 3.175778685049146954e+00 3.192869970296278392e+00 3.209953153314432317e+00 3.226907198811380884e+00 3.243611654147447343e+00 3.259947549724337978e+00 3.275798288879935072e+00 3.291050520546027869e+00 3.305594988055468253e+00 3.319327347665283146e+00 3.332148950590938075e+00 3.343967582623060153e+00 3.354698155718890629e+00 3.364263346324511961e+00 3.372594175587419585e+00 3.379630527059410472e+00 3.385321597963611762e+00 3.389626280603093900e+00 3.392513471018339999e+00 3.393962302552433474e+00 3.393962302552433474e+00 3.392513471018339999e+00 3.389626280603093900e+00 3.385321597963611762e+00
3.403745689455111911e+00 3.397158202509394709e+00 3.389203933284003600e+00 3.379940004638936291e+00 3.369432901422778404e+00 3.357757972133714741e+00 3.344998864260494642e+00 3.331246897584029032e+00 3.316600380190273700e+00 3.301163872379042186e+00 3.285047404047780173e+00 3.268365651481492051e+00 3.251237079786907902e+00 3.233783057468594624e+00 3.216126949854842820e+00 3.198393198240316426e+00 3.180706391719454018e+00 3.163190338738504082e+00 3.145967145394684028e+00 3.129156307458019981e+00 3.112873822985522398e+00 3.097231332239296364e+00 3.082335291411038014e+00 3.068286186396876669e+00 3.055177792560598959e+00 3.043096486072194296e+00 3.032120612015246852e+00 3.022319914023734455e+00 3.013755029739753510e+00 3.006477055882092575e+00 3.000527186185173889e+00 2.995936424912834628e+00 2.992725378075833387e+00 2.990904123890306021e+00 2.990472163411129980e+00 2.991418451663873324e+00 2.993721508986364466e+00 2.997349611680559800e+00 3.002261060472016130e+00 3.008404524682375847e+00 3.015719459444461403e+00 3.024136592734171458e+00 3.033578478462599204e+00 3.043960111369728327e+00 3.055189598991489675e+00 3.067168885538451573e+00 3.079794522130338663e+00 3.092958477478770174e+00 3.106548982803958747e+00 3.120451404511763283e+00 3.134549137947513220e+00 3.148724515384036859e+00 3.162859721294390081e+00 3.176837707905944885e+00 3.190543104031908328e+00 3.203863110229197897e+00 3.216688373437424975e+00 3.228913834411657025e+00 3.240439541470578888e+00 3.251171424339947436e+00 3.261022022176870649e+00 3.269911160211204315e+00 3.277766569833444166e+00 3.284524447391022672e+00 3.290129947423480417e+00 3.294537606568152199e+00 3.297711694897811796e+00 3.299626492006217049e+00 3.300266485732489041e+00 3.299626492006217049e+00 3.297711694897811796e+00 3.294537606568152199e+00 3.290129947423480417e+00 3.284524447391022672e+00 3.277766569833444166e+00 3.269911160211204315e+00 3.261022022176870649e+00 3.251171424339947436e+00 3.240439541470578888e+00 3.228913834411657025e+00 3.216688373437424975e+00 3.203863110229197897e+00 3.190543104031908328e+00 3.176837707905944885e+00 3.162859721294390081e+00 3.148724515384036859e+00 3.134549137947513220e+00 3.120451404511763283e+00 3.106548982803958747e+00 3.092958477478770174e+00 3.079794522130338663e+00 3.067168885538451573e+00 3.055189598991489675e+00 3.043960111369728327e+00 3.033578478462599204e+00 3.024136592734171458e+00 3.015719459444461403e+00 3.008404524682375847e+00 3.002261060472016130e+00 2.997349611680559800e+00 2.993721508986364466e+00 2.991418451663873324e+00 2.990472163411129980e+00 2.990904123890306021e+00 2.992725378075833387e+00 2.995936424912834628e+00 3.000527186185173889e+00 3.006477055882092575e+00 3.013755029739753510e+00 3.022319914023734455e+00 3.032120612015246852e+00 3.043096486072194296e+00 3.055177792560598959e+00 3.068286186396876669e+00 3.082335291411038014e+00 3.097231332239296364e+00 3.112873822985522398e+00 3.129156307458019981e+00 3.145967145394684028e+00 3.163190338738504082e+00 3.180706391719454018e+00 3.198393198240316426e+00 3.216126949854842820e+00 3.233783057468594624e+00 3.251237079786907902e+00 3.268365651481492051e+00 3.285047404047780173e+00 3.301163872379042186e+00 3.316600380190273700e+00 3.331246897584029032e+00 3.344998864260494642e+00 3.357757972133714741e+00 3.369432901422778404e+00 3.379940004638936291e+00 3.389203933284003600e+00 3.397158202509394709e+00 3.403745689455111911e+00 3.408919061490593094e+00 3.412641131110595083e+00 3.414885134795353050e+00 3.415634933720554045e+00 3.414885134795353050e+00 3.412641131110595083e+00 3.408919061490593094e+00
3.425475401572456224e+00 3.419416722978384282e+00 3.411925101747023792e+00 3.403054122668851544e+00 3.392867196487576731e+00 3.381437085115956531e+00 3.368845356947463454e+00 3.355181776391995552e+00 3.340543632261956386e+00 3.325035010098119415e+00 3.308766013949037799e+00 3.291851943500215594e+00 3.274412432786850236e+00 3.256570557014212497e+00 3.238451914250342956e+00 3.220183688944979750e+00 3.201893704364981996e+00 3.183709471118973955e+00 3.165757238971905085e+00 3.148161059123436356e+00 3.131041864042774847e+00 3.114516571817414370e+00 3.098697221785153388e+00 3.083690147979336160e+00 3.069595196628125411e+00 3.056504993612187970e+00 3.044504267403793651e+00 3.033669232587139053e+00 3.024067038597666013e+00 3.015755287821048736e+00 3.008781626663905584e+00 3.003183412652374429e+00 2.998987460035546615e+00 2.996209865772929692e+00 2.994855917173072424e+00 2.994920081828864600e+00 2.996386079868701646e+00 2.999227037916227356e+00 3.003405723529716909e+00 3.008874858279943609e+00 3.015577507027221049e+00 3.023447540378923382e+00 3.032410166752429692e+00 3.042382529939370528e+00 3.053274367569402514e+00 3.064988725409099946e+00 3.077422722007700617e+00 3.090468357819315059e+00 3.104013362593942116e+00 3.117942074539716391e+00 3.132136344518352988e+00 3.146476458346754157e+00 3.160842070141517635e+00 3.175113139560663100e+00 3.189170865768993668e+00 3.202898610980254190e+00 3.216182806510435643e+00 3.228913834411657025e+00 3.240986877943910383e+00 3.252302734381200988e+00 3.262768583937424083e+00 3.272298708933443212e+00 3.280815157707840601e+00 3.288248348196549653e+00 3.294537606568152199e+00 3.299631636798222356e+00 3.303488917594080476e+00 3.306078023636731533e+00 3.307377868685132949e+00 3.307377868685132949e+00 3.306078023636731533e+00 3.303488917594080476e+00 3.299631636798222356e+00 3.294537606568152199e+00 3.288248348196549653e+00 3.280815157707840601e+00 3.272298708933443212e+00 3.262768583937424083e+00 3.252302734381200988e+00 3.240986877943910383e+00 3.228913834411657025e+00 3.216182806510435643e+00 3.202898610980254190e+00 3.189170865768993668e+00 3.175113139560663100e+00 3.160842070141517635e+00 3.146476458346754157e+00 3.132136344518352988e+00 3.117942074539716391e+00 3.104013362593942116e+00 3.090468357819315059e+00 3.077422722007700617e+00 3.064988725409099946e+00 3.053274367569402514e+00 3.042382529939370528e+00 3.032410166752429692e+00 3.023447540378923382e+00 3.015577507027221049e+00 3.008874858279943609e+00 3.003405723529716909e+00 2.999227037916227356e+00 2.996386079868701646e+00 2.994920081828864600e+00 2.994855917173072424e+00 2.996209865772929692e+00 2.998987460035546615e+00 3.003183412652374429e+00 3.008781626663905584e+00 3.015755287821048736e+00 3.024067038597666013e+00 3.033669232587139053e+00 3.044504267403793651e+00 3.056504993612187970e+00 3.069595196628125411e+00 3.083690147979336160e+00 3.098697221785153388e+00 3.114516571817414370e+00 3.131041864042774847e+00 3.148161059123436356e+00 3.165757238971905085e+00 3.183709471118973955e+00 3.201893704364981996e+00 3.220183688944979750e+00 3.238451914250342956e+00 3.256570557014212497e+00 3.274412432786850236e+00 3.291851943500215594e+00 3.308766013949037799e+00 3.325035010098119415e+00 3.340543632261956386e+00 3.355181776391995552e+00 3.368845356947463454e+00 3.381437085115956531e+00 3.392867196487576731e+00 3.403054122668851544e+00 3.411925101747023792e+00 3.419416722978384282e+00 3.425475401572456224e+00 3.430057779973578302e+00 3.433131052598250132e+00 3.434673211566819706e+00 3.434673211566819706e+00 3.433131052598250132e+00 3.430057779973578302e+00
3.444654287181470043e+00 3.439196515508088581e+00 3.432246364810833228e+00 3.423853382955526214e+00 3.414077367852943468e+00 3.402987920122842791e+00 3.390663922529725038e+00 3.377192950134792593e+00 3.362670615633158722e+00 3.347199854836213628e+00 3.330890157711984489e+00 3.313856750808257257e+00 3.296219737250813520e+00 3.278103200829653119e+00 3.259634280957126151e+00 3.240942225501328267e+00 3.222157428664373047e+00 3.203410461186861458e+00 3.184831100216311217e+00 3.166547366177907108e+00 3.148684573930840447e+00 3.131364405383031624e+00 3.114704010572055370e+00 3.098815144001899835e+00 3.083803342755413013e+00 3.069767152583005032e+00 3.056797407801763455e+00 3.044976570428499674e+00 3.034378133518382814e+00 3.025066093191234984e+00 3.017094493304028902e+00 3.010507046174489165e+00 3.005336832181384477e+00 3.001606080466261872e+00 2.999326032343828441e+00 2.998496888398497706e+00 2.999107839607541681e+00 3.001137182191860209e+00 3.004552515258235079e+00 3.009311019667116671e+00 3.015359815942115773e+00 3.022636398436356675e+00 3.031069142391020321e+00 3.040577879967370833e+00 3.051074540809469937e+00 3.062463852204544867e+00 3.074644093455479066e+00 3.087507898668441886e+00 3.100943101791457934e+00 3.114833617419503042e+00 3.129060350610997077e+00 3.143502128741303636e+00 3.158036648252767975e+00 3.172541429049246187e+00 3.186894769226679802e+00 3.200976692830657999e+00 3.214669883386961136e+00 3.227860596061473686e+00 3.240439541470578888e+00 3.252302734381200988e+00 3.263352300809106321e+00 3.273497237343059307e+00 3.282654116888440665e+00 3.290747735434119914e+00 3.297711694897811796e+00 3.303488917594080476e+00 3.308032088392222736e+00 3.311304021184140467e+00 3.313277946861051593e+00 3.313937720597883274e+00 3.313277946861051593e+00 3.311304021184140467e+00 3.308032088392222736e+00 3.303488917594080476e+00 3.297711694897811796e+00 3.290747735434119914e+00 3.282654116888440665e+00 3.273497237343059307e+00 3.263352300809106321e+00 3.252302734381200988e+00 3.240439541470578888e+00 3.227860596061473686e+00 3.214669883386961136e+00 3.200976692830657999e+00 3.186894769226679802e+00 3.172541429049246187e+00 3.158036648252767975e+00 3.143502128741303636e+00 3.129060350610997077e+00 3.114833617419503042e+00 3.100943101791457934e+00 3.087507898668441886e+00 3.074644093455479066e+00 3.062463852204544867e+00 3.051074540809469937e+00 3.040577879967370833e+00 3.031069142391020321e+00 3.022636398436356675e+00 3.015359815942115773e+00 3.009311019667116671e+00 3.004552515258235079e+00 3.001137182191860209e+00 2.999107839607541681e+00 2.998496888398497706e+00 2.999326032343828441e+00 3.001606080466261872e+00 3.005336832181384477e+00 3.010507046174489165e+00 3.017094493304028902e+00 3.025066093191234984e+00 3.034378133518382814e+00 3.044976570428499674e+00 3.056797407801763455e+00 3.069767152583005032e+00 3.083803342755413013e+00 3.098815144001899835e+00 3.114704010572055370e+00 3.131364405383031624e+00 3.148684573930840447e+00 3.166547366177907108e+00 3.184831100216311217e+00 3.203410461186861458e+00 3.222157428664373047e+00 3.240942225501328267e+00 3.259634280957126151e+00 3.278103200829653119e+00 3.296219737250813520e+00 3.313856750808257257e+00 3.330890157711984489e+00 3.347199854836213628e+00 3.362670615633158722e+00 3.377192950134792593e+00 3.390663922529725038e+00 3.402987920122842791e+00 3.414077367852943468e+00 3.423853382955526214e+00 3.432246364810833228e+00 3.439196515508088581e+00 3.444654287181470043e+00 3.448580752728135579e+00 3.450947897098998851e+00 3.451738826954857231e+00 3.450947897098998851e+00 3.448580752728135579e+00
3.461136383382142245e+00 3.456343166206862438e+00 3.450005379178156861e+00 3.442168084164778818e+00 3.432886973405697262e+00 3.422227953185803528e+00 3.410266651250374537e+00 3.397087851690107296e+00 3.382784861577624813e+00 3.367458814153129421e+00 3.351217913837029716e+00 3.334176628787469010e+00 3.316454837117336130e+00 3.298176933235421160e+00 3.279470901077475631e+00 3.260467361242437079e+00 3.241298599245423073e+00 3.222097582240481817e+00 3.202996971651742797e+00 3.184128139180614436e+00 3.165620193629006707e+00 3.147599025894302738e+00 3.130186379351775461e+00 3.113498952645109341e+00 3.097647541657551074e+00 3.082736227136445795e+00 3.068861614095114820e+00 3.056112128720688048e+00 3.044567378077683184e+00 3.034297577418161307e+00 3.025363049393849035e+00 3.017813798917569290e+00 3.011689166844911725e+00 3.007017565046640417e+00 3.003816294822465149e+00 3.002091449972205339e+00 3.001837905195897438e+00 3.003039389844920137e+00 3.005668646396722377e+00 3.009687672381094359e+00 3.015048043851177528e+00 3.021691317872161164e+00 3.029549510899891995e+00 3.038545649344690514e+00 3.048594388067090932e+00 3.059602692036207827e+00 3.071470575901705136e+00 3.084091895790797455e+00 3.097355187245497188e+00 3.111144542865575513e+00 3.125340522922011033e+00 3.139821091956373156e+00 3.154462574185536994e+00 3.169140620389804486e+00 3.183731178877033940e+00 3.198111463086325212e+00 3.212160908422499350e+00 3.225762110996734933e+00 3.238801741088659814e+00 3.251171424339947436e+00 3.262768583937424083e+00 3.273497237343059307e+00 3.283268741476694341e+00 3.292002480652207907e+00 3.299626492006217049e+00 3.306078023636731533e+00 3.311304021184140467e+00 3.315261539134163105e+00 3.317918073698213011e+00 3.319251814726250860e+00 3.319251814726250860e+00 3.317918073698213011e+00 3.315261539134163105e+00 3.311304021184140467e+00 3.306078023636731533e+00 3.299626492006217049e+00 3.292002480652207907e+00 3.283268741476694341e+00 3.273497237343059307e+00 3.262768583937424083e+00 3.251171424339947436e+00 3.238801741088659814e+00 3.225762110996734933e+00 3.212160908422499350e+00 3.198111463086325212e+00 3.183731178877033940e+00 3.169140620389804486e+00 3.154462574185536994e+00 3.139821091956373156e+00 3.125340522922011033e+00 3.111144542865575513e+00 3.097355187245497188e+00 3.084091895790797455e+00 3.071470575901705136e+00 3.059602692036207827e+00 3.048594388067090932e+00 3.038545649344690514e+00 3.029549510899891995e+00 3.021691317872161164e+00 3.015048043851177528e+00 3.009687672381094359e+00 3.005668646396722377e+00 3.003039389844920137e+00 3.001837905195897438e+00 3.002091449972205339e+00 3.003816294822465149e+00 3.007017565046640417e+00 3.011689166844911725e+00 3.017813798917569290e+00 3.025363049393849035e+00 3.034297577418161307e+00 3.044567378077683184e+00 3.056112128720688048e+00 3.068861614095114820e+00 3.082736227136445795e+00 3.097647541657551074e+00 3.113498952645109341e+00 3.130186379351775461e+00 3.147599025894302738e+00 3.165620193629006707e+00 3.184128139180614436e+00 3.202996971651742797e+00 3.222097582240481817e+00 3.241298599245423073e+00 3.260467361242437079e+00 3.279470901077475631e+00 3.298176933235421160e+00 3.316454837117336130e+00 3.334176628787469010e+00 3.351217913837029716e+00 3.367458814153129421e+00 3.382784861577624813e+00 3.397087851690107296e+00 3.410266651250374537e+00 3.422227953185803528e+00 3.432886973405697262e+00 3.442168084164778818e+00 3.450005379178156861e+00 3.456343166206862438e+00 3.461136383382142245e+00 3.464350936114441115e+00 3.465963952034415652e+00 3.465963952034415652e+00 3.464350936114441115e+00
3.474796251470222419e+00 3.470722251342141629e+00 3.465059195318856755e+00 3.457847263723696329e+00 3.449137600306233065e+00 3.438991930133262542e+00 3.427482098505380659e+00 3.414689534391778025e+00 3.400704642447375914e+00 3.385626128217058106e+00 3.369560261637431164e+00 3.352620084413277635e+00 3.334924567270308504e+00 3.316597723464597802e+00 3.297767685259321180e+00 3.278565750358792830e+00 3.259125405515863605e+00 3.239581334700089243e+00 3.220068419329316978e+00 3.200720738125394149e+00 3.181670574155502251e+00 3.163047436563866555e+00 3.144977104384800271e+00 3.127580699658208729e+00 3.110973796843859773e+00 3.095265575252898582e+00 3.080558020886137172e+00 3.066945183691283550e+00 3.054512495828154872e+00 3.043336156065503673e+00 3.033482584928746562e+00 3.025007954678465172e+00 3.017957797629325700e+00 3.012366695722118681e+00 3.008258053642782759e+00 3.005643957145960332e+00 3.004525117591983374e+00 3.004890903049855400e+00 3.006719455660019857e+00 3.009977894294342260e+00 3.014622600901799121e+00 3.020599588291920323e+00 3.027844946488718048e+00 3.036285364190554503e+00 3.045838721300567098e+00 3.056414747952297617e+00 3.067915744950150181e+00 3.080237360078044606e+00 3.093269414305716669e+00 3.106896771543811386e+00 3.121000245268930495e+00 3.135457535060889089e+00 3.150144185868474001e+00 3.164934562648902272e+00 3.179702832911106558e+00 3.194323949634873205e+00 3.208674627037144678e+00 3.222634301713486860e+00 3.236086071796291375e+00 3.248917606941109426e+00 3.261022022176870649e+00 3.272298708933443212e+00 3.282654116888440665e+00 3.292002480652207907e+00 3.300266485732489041e+00 3.307377868685132949e+00 3.313277946861051593e+00 3.317918073698213011e+00 3.321260016077142385e+00 3.323276250854430902e+00 3.323950178306905645e+00 3.323276250854430902e+00 3.321260016077142385e+00 3.317918073698213011e+00 3.313277946861051593e+00 3.307377868685132949e+00 3.300266485732489041e+00 3.292002480652207907e+00 3.282654116888440665e+00 3.272298708933443212e+00 3.261022022176870649e+00 3.248917606941109426e+00 3.236086071796291375e+00 3.222634301713486860e+00 3.208674627037144678e+00 3.194323949634873205e+00 3.179702832911106558e+00 3.164934562648902272e+00 3.150144185868474001e+00 3.135457535060889089e+00 3.121000245268930495e+00 3.106896771543811386e+00 3.093269414305716669e+00 3.080237360078044606e+00 3.067915744950150181e+00 3.056414747952297617e+00 3.045838721300567098e+00 3.036285364190554503e+00 3.027844946488718048e+00 3.020599588291920323e+00 3.014622600901799121e+00 3.009977894294342260e+00 3.006719455660019857e+00 3.004890903049855400e+00 3.004525117591983374e+00 3.005643957145960332e+00 3.008258053642782759e+00 3.012366695722118681e+00 3.017957797629325700e+00 3.025007954678465172e+00 3.033482584928746562e+00 3.043336156065503673e+00 3.054512495828154872e+00 3.066945183691283550e+00 3.080558020886137172e+00 3.095265575252898582e+00 3.110973796843859773e+00 3.127580699658208729e+00 3.144977104384800271e+00 3.163047436563866555e+00 3.181670574155502251e+00 3.200720738125394149e+00 3.220068419329316978e+00 3.239581334700089243e+00 3.259125405515863605e+00 3.278565750358792830e+00 3.297767685259321180e+00 3.316597723464597802e+00 3.334924567270308504e+00 3.352620084413277635e+00 3.369560261637431164e+00 3.385626128217058106e+00 3.400704642447375914e+00 3.414689534391778025e+00 3.427482098505380659e+00 3.438991930133262542e+00 3.449137600306233065e+00 3.457847263723696329e+00 3.465059195318856755e+00 3.470722251342141629e+00 3.474796251470222419e+00 3.477252279046164407e+00 3.478072897176204048e+00 3.477252279046164407e+00
3.485529931601507148e+00 3.482220367862178367e+00 3.477285360236030076e+00 3.470759868773777956e+00 3.462690099654901932e+00 3.453133160110837707e+00 3.442156632006106776e+00 3.429838067307050320e+00 3.416264409259305523e+00 3.401531343657524076e+00 3.385742585119867254e+00 3.369009103771599456e+00 3.351448298192640340e+00 3.333183120890208517e+00 3.314341162916098593e+00 3.295053704556509810e+00 3.275454739277849026e+00 3.255679978312947753e+00 3.235865843417060628e+00 3.216148455410616336e+00 3.196662626155536646e+00 3.177540861583602716e+00 3.158912383309163463e+00 3.140902176215089270e+00 3.123630069201327686e+00 3.107209856031273087e+00 3.091748462904373884e+00 3.077345169026296734e+00 3.064090886043160378e+00 3.052067501757175449e+00 3.041347293050611356e+00 3.031992412417303218e+00 3.024054451939829136e+00 3.017574087960333440e+00 3.012580809078228672e+00 3.009092729473359373e+00 3.007116488903504248e+00 3.006647240065216220e+00 3.007668723342069583e+00 3.010153428299380707e+00 3.014062840624445183e+00 3.019347772561440379e+00 3.025948774255131202e+00 3.033796622802390264e+00 3.042812885219871699e+00 3.052910550974535564e+00 3.063994729195282929e+00 3.075963405192878586e+00 3.088708250465197924e+00 3.102115479959190125e+00 3.116066750002820296e+00 3.130440090012330590e+00 3.145110860824900101e+00 3.159952732305958190e+00 3.174838672735753153e+00 3.189641942392120288e+00 3.204237083716719336e+00 3.218500900480213200e+00 3.232313418448014897e+00 3.245558820191414284e+00 3.258126346888266855e+00 3.269911160211204315e+00 3.280815157707840601e+00 3.290747735434119914e+00 3.299626492006217049e+00 3.307377868685132949e+00 3.313937720597883274e+00 3.319251814726250860e+00 3.323276250854430902e+00 3.325977802256309346e+00 3.327334173516989235e+00 3.327334173516989235e+00 3.325977802256309346e+00 3.323276250854430902e+00 3.319251814726250860e+00 3.313937720597883274e+00 3.307377868685132949e+00 3.299626492006217049e+00 3.290747735434119914e+00 3.280815157707840601e+00 3.269911160211204315e+00 3.258126346888266855e+00 3.245558820191414284e+00 3.232313418448014897e+00 3.218500900480213200e+00 3.204237083716719336e+00 3.189641942392120288e+00 3.174838672735753153e+00 3.159952732305958190e+00 3.145110860824900101e+00 3.130440090012330590e+00 3.116066750002820296e+00 3.102115479959190125e+00 3.088708250465197924e+00 3.075963405192878586e+00 3.063994729195282929e+00 3.052910550974535564e+00 3.042812885219871699e+00 3.033796622802390264e+00 3.025948774255131202e+00 3.019347772561440379e+00 3.014062840624445183e+00 3.010153428299380707e+00 3.007668723342069583e+00 3.006647240065216220e+00 3.007116488903504248e+00 3.009092729473359373e+00 3.012580809078228672e+00 3.017574087960333440e+00 3.024054451939829136e+00 3.031992412417303218e+00 3.041347293050611356e+00 3.052067501757175449e+00 3.064090886043160378e+00 3.077345169026296734e+00 3.091748462904373884e+00 3.107209856031273087e+00 3.123630069201327686e+00 3.140902176215089270e+00 3.158912383309163463e+00 3.177540861583602716e+00 3.196662626155536646e+00 3.216148455410616336e+00 3.235865843417060628e+00 3.255679978312947753e+00 3.275454739277849026e+00 3.295053704556509810e+00 3.314341162916098593e+00 3.333183120890208517e+00 3.351448298192640340e+00 3.369009103771599456e+00 3.385742585119867254e+00 3.401531343657524076e+00 3.416264409259305523e+00 3.429838067307050320e+00 3.442156632006106776e+00 3.453133160110837707e+00 3.462690099654901932e+00 3.470759868773777956e+00 3.477285360236030076e+00 3.482220367862178367e+00 3.485529931601507148e+00 3.487190598653077789e+00 3.487190598653077789e+00
3.493255733989025114e+00 3.490746004017979853e+00 3.486582864415594951e+00 3.480795775881194043e+00 3.473425674950629816e+00 3.464524668358327286e+00 3.454155644057675278e+00 3.442391801845762433e+00 3.429316107147047266e+00 3.415020672092308640e+00 3.399606068579473117e+00 3.383180578517479109e+00 3.365859386929511476e+00 3.347763724023817389e+00 3.329019962725896509e+00 3.309758678501974583e+00 3.290113678587972768e+00 3.270221007968380444e+00 3.250217939623785579e+00 3.230241956683121529e+00 3.210429734175877403e+00 3.190916128080316216e+00 3.171833179305986850e+00 3.153309140133153221e+00 3.135467530458807772e+00 3.118426230970303248e+00 3.102296620084823431e+00 3.087182761158234978e+00 3.073180646082770195e+00 3.060377500962494057e+00 3.048851159081823692e+00 3.038669505869084020e+00 3.029890000008265805e+00 3.022559274271683361e+00 3.016712819038896765e+00 3.012374750837354842e+00 3.009557667592743346e+00 3.008262591616825521e+00 3.008479000692709793e+00 3.010184946946948159e+00 3.013347262529970649e+00 3.017921850465922873e+00 3.023854058385218924e+00 3.031079132222929129e+00 3.039522746358161331e+00 3.049101606088758132e+00 3.059724117785995290e+00 3.071291121560070891e+00 3.083696680792586520e+00 3.096828922460870714e+00 3.110570921793850641e+00 3.124801624463483751e+00 3.139396799231757740e+00 3.154230013743357208e+00 3.169173625979960107e+00 3.184099783774895887e+00 3.198881424727849421e+00 3.213393268858471430e+00 3.227512796395390016e+00 3.241121203212772528e+00 3.254104326599199570e+00 3.266353534272106174e+00 3.277766569833444166e+00 3.288248348196549653e+00 3.297711694897811796e+00 3.306078023636731533e+00 3.313277946861051593e+00 3.319251814726250860e+00 3.323950178306905645e+00 3.327334173516989235e+00 3.329375822802812745e+00 3.330058252301300481e+00 3.329375822802812745e+00 3.327334173516989235e+00 3.323950178306905645e+00 3.319251814726250860e+00 3.313277946861051593e+00 3.306078023636731533e+00 3.297711694897811796e+00 3.288248348196549653e+00 3.277766569833444166e+00 3.266353534272106174e+00 3.254104326599199570e+00 3.241121203212772528e+00 3.227512796395390016e+00 3.213393268858471430e+00 3.198881424727849421e+00 3.184099783774895887e+00 3.169173625979960107e+00 3.154230013743357208e+00 3.139396799231757740e+00 3.124801624463483751e+00 3.110570921793850641e+00 3.096828922460870714e+00 3.083696680792586520e+00 3.071291121560070891e+00 3.059724117785995290e+00 3.049101606088758132e+00 3.039522746358161331e+00 3.031079132222929129e+00 3.023854058385218924e+00 3.017921850465922873e+00 3.013347262529970649e+00 3.010184946946948159e+00 3.008479000692709793e+00 3.008262591616825521e+00 3.009557667592743346e+00 3.012374750837354842e+00 3.016712819038896765e+00 3.022559274271683361e+00 3.029890000008265805e+00 3.038669505869084020e+00 3.048851159081823692e+00 3.060377500962494057e+00 3.073180646082770195e+00 3.087182761158234978e+00 3.102296620084823431e+00 3.118426230970303248e+00 3.135467530458807772e+00 3.153309140133153221e+00 3.171833179305986850e+00 3.190916128080316216e+00 3.210429734175877403e+00 3.230241956683121529e+00 3.250217939623785579e+00 3.270221007968380444e+00 3.290113678587972768e+00 3.309758678501974583e+00 3.329019962725896509e+00 3.347763724023817389e+00 3.365859386929511476e+00 3.383180578517479109e+00 3.399606068579473117e+00 3.415020672092308640e+00 3.429316107147047266e+00 3.442391801845762433e+00 3.454155644057675278e+00 3.464524668358327286e+00 3.473425674950629816e+00 3.480795775881194043e+00 3.486582864415594951e+00 3.490746004017979853e+00 3.493255733989025114e+00 3.494094289447466029e+00
3.497914860611639032e+00 3.496230243445065611e+00 3.492872925723931044e+00 3.487866651701118759e+00 3.481246816001929201e+00 3.473060199400908932e+00 3.463364619645044939e+00 3.452228499967719078e+00 3.439730358561039036e+00 3.425958222872531156e+00 3.411008973161143931e+00 3.394987620282814422e+00 3.378006523173347819e+00 3.360184551952259735e+00 3.341646202982195835e+00 3.322520672581307455e+00 3.302940896397809301e+00 3.283042561714560659e+00 3.262963100154938179e+00 3.242840668407771076e+00 3.222813124677934571e+00 3.203017008599264415e+00 3.183586532317921769e+00 3.164652590367101226e+00 3.146341795808936137e+00 3.128775549917607979e+00 3.112069152420577911e+00 3.096330959004464756e+00 3.081661592430844365e+00 3.068153213197752915e+00 3.055888855228188650e+00 3.044941831570870061e+00 3.035375214564500990e+00 3.027241394349333259e+00 3.020581719012604083e+00 3.015426219032608213e+00 3.011793418044068193e+00 3.009690231290139462e+00 3.009111952458855210e+00 3.010042328929056765e+00 3.012453724778095587e+00 3.016307370235868035e+00 3.021553695612230417e+00 3.028132747082391329e+00 3.035974681092580951e+00 3.045000333550694993e+00 3.055121859398387318e+00 3.066243437626482660e+00 3.078262036298709869e+00 3.091068231693377744e+00 3.104547075262203748e+00 3.118579001743130963e+00 3.133040771452510143e+00 3.147806439523690880e+00 3.162748344655918142e+00 3.177738109791016452e+00 3.192647647046733539e+00 3.207350159205444751e+00 3.221721130085548612e+00 3.235639296209948501e+00 3.248987592330875085e+00 3.261654063571967743e+00 3.273532737205302467e+00 3.284524447391022672e+00 3.294537606568152199e+00 3.303488917594080476e+00 3.311304021184140467e+00 3.317918073698213011e+00 3.323276250854430902e+00 3.327334173516989235e+00 3.330058252301300481e+00 3.331425948360792422e+00 3.331425948360792422e+00 3.330058252301300481e+00 3.327334173516989235e+00 3.323276250854430902e+00 3.317918073698213011e+00 3.311304021184140467e+00 3.303488917594080476e+00 3.294537606568152199e+00 3.284524447391022672e+00 3.273532737205302467e+00 3.261654063571967743e+00 3.248987592330875085e+00 3.235639296209948501e+00 3.221721130085548612e+00 3.207350159205444751e+00 3.192647647046733539e+00 3.177738109791016452e+00 3.162748344655918142e+00 3.147806439523690880e+00 3.133040771452510143e+00 3.118579001743130963e+00 3.104547075262203748e+00 3.091068231693377744e+00 3.078262036298709869e+00 3.066243437626482660e+00 3.055121859398387318e+00 3.045000333550694993e+00 3.035974681092580951e+00 3.028132747082391329e+00 3.021553695612230417e+00 3.016307370235868035e+00 3.012453724778095587e+00 3.010042328929056765e+00 3.009111952458855210e+00 3.009690231290139462e+00 3.011793418044068193e+00 3.015426219032608213e+00 3.020581719012604083e+00 3.027241394349333259e+00 3.035375214564500990e+00 3.044941831570870061e+00 3.055888855228188650e+00 3.068153213197752915e+00 3.081661592430844365e+00 3.096330959004464756e+00 3.112069152420577911e+00 3.128775549917607979e+00 3.146341795808936137e+00 3.164652590367101226e+00 3.183586532317921769e+00 3.203017008599264415e+00 3.222813124677934571e+00 3.242840668407771076e+00 3.262963100154938179e+00 3.283042561714560659e+00 3.302940896397809301e+00 3.322520672581307455e+00 3.341646202982195835e+00 3.360184551952259735e+00 3.378006523173347819e+00 3.394987620282814422e+00 3.411008973161143931e+00 3.425958222872531156e+00 3.439730358561039036e+00 3.452228499967719078e+00 3.463364619645044939e+00 3.473060199400908932e+00 3.481246816001929201e+00 3.487866651701118759e+00 3.492872925723931044e+00 3.496230243445065611e+00 3.497914860611639032e+00
3.499471852702491503e+00 3.498627297332101538e+00 3.496099604258796845e+00 3.491906648003009650e+00 3.486078071125901179e+00 3.478655062949549404e+00 3.469690052114972278e+00 3.459246315306350184e+00 3.447397505104541793e+00 3.434227100545275135e+00 3.419827784542476490e+00 3.404300752890645487e+00 3.387754960077824951e+00 3.370306307618568198e+00 3.352076781050805199e+00 3.333193542128245923e+00 3.313787983078136268e+00 3.293994750080077250e+00 3.273950743353177817e+00 3.253794101414251738e+00 3.233663177187631632e+00 3.213695513706879670e+00 3.194026827149327286e+00 3.174790004886432815e+00 3.156114126116516427e+00 3.138123512472539733e+00 3.120936815767625827e+00 3.104666149756575066e+00 3.089416272454991397e+00 3.075283825171351904e+00 3.062356633974365305e+00 3.050713078841467141e+00 3.040421535218149618e+00 3.031539892165691086e+00 3.024115150691158771e+00 3.018183105242561393e+00 3.013768110718565207e+00 3.010882936690899569e+00 3.009528709873585672e+00 3.009694945201343952e+00 3.011359665205159519e+00 3.014489606701173940e+00 3.019040513144794158e+00 3.024957510350430478e+00 3.032175562643340871e+00 3.040620005898674094e+00 3.050207153338449828e+00 3.060844969404532989e+00 3.072433806508636067e+00 3.084867198983131331e+00 3.098032708122518297e+00 3.111812811818081226e+00 3.126085831950521143e+00 3.140726892419785532e+00 3.155608900459998978e+00 3.170603543712240846e+00 3.185582295410064102e+00 3.200417419973147215e+00 3.214982971303703696e+00 3.229155776138220357e+00 3.242816394923375256e+00 3.255850052858635824e+00 3.268147533977801444e+00 3.279606031425828405e+00 3.290129947423480417e+00 3.299631636798222356e+00 3.308032088392222736e+00 3.315261539134163105e+00 3.321260016077142385e+00 3.325977802256309346e+00 3.329375822802812745e+00 3.331425948360792422e+00 3.332111213486732115e+00 3.331425948360792422e+00 3.329375822802812745e+00 3.325977802256309346e+00 3.321260016077142385e+00 3.315261539134163105e+00 3.308032088392222736e+00 3.299631636798222356e+00 3.290129947423480417e+00 3.279606031425828405e+00 3.268147533977801444e+00 3.255850052858635824e+00 3.242816394923375256e+00 3.229155776138220357e+00 3.214982971303703696e+00 3.200417419973147215e+00 3.185582295410064102e+00 3.170603543712240846e+00 3.155608900459998978e+00 3.140726892419785532e+00 3.126085831950521143e+00 3.111812811818081226e+00 3.098032708122518297e+00 3.084867198983131331e+00 3.072433806508636067e+00 3.060844969404532989e+00 3.050207153338449828e+00 3.040620005898674094e+00 3.032175562643340871e+00 3.024957510350430478e+00 3.019040513144794158e+00 3.014489606701173940e+00 3.011359665205159519e+00 3.009694945201343952e+00 3.009528709873585672e+00 3.010882936690899569e+00 3.013768110718565207e+00 3.018183105242561393e+00 3.024115150691158771e+00 3.031539892165691086e+00 3.040421535218149618e+00 3.050713078841467141e+00 3.062356633974365305e+00 3.075283825171351904e+00 3.089416272454991397e+00 3.104666149756575066e+00 3.120936815767625827e+00 3.138123512472539733e+00 3.156114126116516427e+00 3.174790004886432815e+00 3.194026827149327286e+00 3.213695513706879670e+00 3.233663177187631632e+00 3.253794101414251738e+00 3.273950743353177817e+00 3.293994750080077250e+00 3.313787983078136268e+00 3.333193542128245923e+00 3.352076781050805199e+00 3.370306307618568198e+00 3.387754960077824951e+00 3.404300752890645487e+00 3.419827784542476490e+00 3.434227100545275135e+00 3.447397505104541793e+00 3.459246315306350184e+00 3.469690052114972278e+00 3.478655062949549404e+00 3.486078071125901179e+00 3.491906648003009650e+00 3.496099604258796845e+00 3.498627297332101538e+00
3.497914860611639032e+00 3.497914860611639032e+00 3.496230243445065611e+00 3.492872925723931044e+00 3.487866651701118759e+00 3.481246816001929201e+00 3.473060199400908932e+00 3.463364619645044939e+00 3.452228499967719078e+00 3.439730358561039036e+00 3.425958222872531156e+00 3.411008973161143931e+00 3.394987620282814422e+00 3.378006523173347819e+00 3.360184551952259735e+00 3.341646202982195835e+00 3.322520672581307455e+00 3.302940896397809301e+00 3.283042561714560659e+00 3.262963100154938179e+00 3.242840668407771076e+00 3.222813124677934571e+00 3.203017008599264415e+00 3.183586532317921769e+00 3.164652590367101226e+00 3.146341795808936137e+00 3.128775549917607979e+00 3.112069152420577911e+00 3.096330959004464756e+00 3.081661592430844365e+00 3.068153213197752915e+00 3.055888855228188650e+00 3.044941831570870061e+00 3.035375214564500990e+00 3.027241394349333259e+00 3.020581719012604083e+00 3.015426219032608213e+00 3.011793418044068193e+00 3.009690231290139462e+00 3.009111952458855210e+00 3.010042328929056765e+00 3.012453724778095587e+00 3.016307370235868035e+00 3.021553695612230417e+00 3.028132747082391329e+00 3.035974681092580951e+00 3.045000333550694993e+00 3.055121859398387318e+00 3.066243437626482660e+00 3.078262036298709869e+00 3.091068231693377744e+00 3.104547075262203748e+00 3.118579001743130963e+00 3.133040771452510143e+00 3.147806439523690880e+00 3.162748344655918142e+00 3.177738109791016452e+00 3.192647647046733539e+00 3.207350159205444751e+00 3.221721130085548612e+00 3.235639296209948501e+00 3.248987592330875085e+00 3.261654063571967743e+00 3.273532737205302467e+00 3.284524447391022672e+00 3.294537606568152199e+00 3.303488917594080476e+00 3.311304021184140467e+00 3.317918073698213011e+00 3.323276250854430902e+00 3.327334173516989235e+00 3.330058252301300481e+00 3.331425948360792422e+00 3.331425948360792422e+00 3.330058252301300481e+00 3.327334173516989235e+00 3.323276250854430902e+00 3.317918073698213011e+00 3.311304021184140467e+00 3.303488917594080476e+00 3.294537606568152199e+00 3.284524447391022672e+00 3.273532737205302467e+00 3.261654063571967743e+00 3.248987592330875085e+00 3.235639296209948501e+00 3.221721130085548612e+00 3.207350159205444751e+00 3.192647647046733539e+00 3.177738109791016452e+00 3.162748344655918142e+00 3.147806439523690880e+00 3.133040771452510143e+00 3.118579001743130963e+00 3.104547075262203748e+00 3.091068231693377744e+00 3.078262036298709869e+00 3.066243437626482660e+00 3.055121859398387318e+00 3.045000333550694993e+00 3.035974681092580951e+00 3.028132747082391329e+00 3.021553695612230417e+00 3.016307370235868035e+00 3.012453724778095587e+00 3.010042328929056765e+00 3.009111952458855210e+00 3.009690231290139462e+00 3.011793418044068193e+00 3.015426219032608213e+00 3.020581719012604083e+00 3.027241394349333259e+00 3.035375214564500990e+00 3.044941831570870061e+00 3.055888855228188650e+00 3.068153213197752915e+00 3.081661592430844365e+00 3.096330959004464756e+00 3.112069152420577911e+00 3.128775549917607979e+00 3.146341795808936137e+00 3.164652590367101226e+00 3.183586532317921769e+00 3.203017008599264415e+00 3.222813124677934571e+00 3.242840668407771076e+00 3.262963100154938179e+00 3.283042561714560659e+00 3.302940896397809301e+00 3.322520672581307455e+00 3.341646202982195835e+00 3.360184551952259735e+00 3.378006523173347819e+00 3.394987620282814422e+00 3.411008973161143931e+00 3.425958222872531156e+00 3.439730358561039036e+00 3.452228499967719078e+00 3.463364619645044939e+00 3.473060199400908932e+00 3.481246816001929201e+00 3.487866651701118759e+00 3.492872925723931044e+00 3.496230243445065611e+00
3.493255733989025114e+00 3.494094289447466029e+00 3.493255733989025114e+00 3.490746004017979853e+00 3.486582864415594951e+00 3.480795775881194043e+00 3.473425674950629816e+00 3.464524668358327286e+00 3.454155644057675278e+00 3.442391801845762433e+00 3.429316107147047266e+00 3.415020672092308640e+00 3.399606068579473117e+00 3.383180578517479109e+00 3.365859386929511476e+00 3.347763724023817389e+00 3.329019962725896509e+00 3.309758678501974583e+00 3.290113678587972768e+00 3.270221007968380444e+00 3.250217939623785579e+00 3.230241956683121529e+00 3.210429734175877403e+00 3.190916128080316216e+00 3.171833179305986850e+00 3.153309140133153221e+00 3.135467530458807772e+00 3.118426230970303248e+00 3.102296620084823431e+00 3.087182761158234978e+00 3.073180646082770195e+00 3.060377500962494057e+00 3.048851159081823692e+00 3.038669505869084020e+00 3.029890000008265805e+00 3.022559274271683361e+00 3.016712819038896765e+00 3.012374750837354842e+00 3.009557667592743346e+00 3.008262591616825521e+00 3.008479000692709793e+00 3.010184946946948159e+00 3.013347262529970649e+00 3.017921850465922873e+00 3.023854058385218924e+00 3.031079132222929129e+00 3.039522746358161331e+00 3.049101606088758132e+00 3.059724117785995290e+00 3.071291121560070891e+00 3.083696680792586520e+00 3.096828922460870714e+00 3.110570921793850641e+00 3.124801624463483751e+00 3.139396799231757740e+00 3.154230013743357208e+00 3.169173625979960107e+00 3.184099783774895887e+00 3.198881424727849421e+00 3.213393268858471430e+00 3.227512796395390016e+00 3.241121203212772528e+00 3.254104326599199570e+00 3.266353534272106174e+00 3.277766569833444166e+00 3.288248348196549653e+00 3.297711694897811796e+00 3.306078023636731533e+00 3.313277946861051593e+00 3.319251814726250860e+00 3.323950178306905645e+00 3.327334173516989235e+00 3.329375822802812745e+00 3.330058252301300481e+00 3.329375822802812745e+00 3.327334173516989235e+00 3.323950178306905645e+00 3.319251814726250860e+00 3.313277946861051593e+00 3.306078023636731533e+00 3.297711694897811796e+00 3.288248348196549653e+00 3.277766569833444166e+00 3.266353534272106174e+00 3.254104326599199570e+00 3.241121203212772528e+00 3.227512796395390016e+00 3.213393268858471430e+00 3.198881424727849421e+00 3.184099783774895887e+00 3.169173625979960107e+00 3.154230013743357208e+00 3.139396799231757740e+00 3.124801624463483751e+00 3.110570921793850641e+00 3.096828922460870714e+00 3.083696680792586520e+00 3.071291121560070891e+00 3.059724117785995290e+00 3.049101606088758132e+00 3.039522746358161331e+00 3.031079132222929129e+00 3.023854058385218924e+00 3.017921850465922873e+00 3.013347262529970649e+00 3.010184946946948159e+00 3.008479000692709793e+00 3.008262591616825521e+00 3.009557667592743346e+00 3.012374750837354842e+00 3.016712819038896765e+00 3.022559274271683361e+00 3.029890000008265805e+00 3.038669505869084020e+00 3.048851159081823692e+00 3.060377500962494057e+00 3.073180646082770195e+00 3.087182761158234978e+00 3.102296620084823431e+00 3.118426230970303248e+00 3.135467530458807772e+00 3.153309140133153221e+00 3.171833179305986850e+00 3.190916128080316216e+00 3.210429734175877403e+00 3.230241956683121529e+00 3.250217939623785579e+00 3.270221007968380444e+00 3.290113678587972768e+00 3.309758678501974583e+00 3.329019962725896509e+00 3.347763724023817389e+00 3.365859386929511476e+00 3.383180578517479109e+00 3.399606068579473117e+00 3.415020672092308640e+00 3.429316107147047266e+00 3.442391801845762433e+00 3.454155644057675278e+00 3.464524668358327286e+00 3.473425674950629816e+00 3.480795775881194043e+00 3.486582864415594951e+00 3.490746004017979853e+00
3.485529931601507148e+00 3.487190598653077789e+00 3.487190598653077789e+00 3.485529931601507148e+00 3.482220367862178367e+00 3.477285360236030076e+00 3.470759868773777956e+00 3.462690099654901932e+00 3.453133160110837707e+00 3.442156632006106776e+00 3.429838067307050320e+00 3.416264409259305523e+00 3.401531343657524076e+00 3.385742585119867254e+00 3.369009103771599456e+00 3.351448298192640340e+00 3.333183120890208517e+00 3.314341162916098593e+00 3.295053704556509810e+00 3.275454739277849026e+00 3.255679978312947753e+00 3.235865843417060628e+00 3.216148455410616336e+00 3.196662626155536646e+00 3.177540861583602716e+00 3.158912383309163463e+00 3.140902176215089270e+00 3.123630069201327686e+00 3.107209856031273087e+00 3.091748462904373884e+00 3.077345169026296734e+00 3.064090886043160378e+00 3.052067501757175449e+00 3.041347293050611356e+00 3.031992412417303218e+00 3.024054451939829136e+00 3.017574087960333440e+00 3.012580809078228672e+00 3.009092729473359373e+00 3.007116488903504248e+00 3.006647240065216220e+00 3.007668723342069583e+00 3.010153428299380707e+00 3.014062840624445183e+00 3.019347772561440379e+00 3.025948774255131202e+00 3.033796622802390264e+00 3.042812885219871699e+00 3.052910550974535564e+00 3.063994729195282929e+00 3.075963405192878586e+00 3.088708250465197924e+00 3.102115479959190125e+00 3.116066750002820296e+00 3.130440090012330590e+00 3.145110860824900101e+00 3.159952732305958190e+00 3.174838672735753153e+00 3.189641942392120288e+00 3.204237083716719336e+00 3.218500900480213200e+00 3.232313418448014897e+00 3.245558820191414284e+00 3.258126346888266855e+00 3.269911160211204315e+00 3.280815157707840601e+00 3.290747735434119914e+00 3.299626492006217049e+00 3.307377868685132949e+00 3.313937720597883274e+00 3.319251814726250860e+00 3.323276250854430902e+00 3.325977802256309346e+00 3.327334173516989235e+00 3.327334173516989235e+00 3.325977802256309346e+00 3.323276250854430902e+00 3.319251814726250860e+00 3.313937720597883274e+00 3.307377868685132949e+00 3.299626492006217049e+00 3.290747735434119914e+00 3.280815157707840601e+00 3.269911160211204315e+00 3.258126346888266855e+00 3.245558820191414284e+00 3.232313418448014897e+00 3.218500900480213200e+00 3.204237083716719336e+00 3.189641942392120288e+00 3.174838672735753153e+00 3.159952732305958190e+00 3.145110860824900101e+00 3.130440090012330590e+00 3.116066750002820296e+00 3.102115479959190125e+00 3.088708250465197924e+00 3.075963405192878586e+00 3.063994729195282929e+00 3.052910550974535564e+00 3.042812885219871699e+00 3.033796622802390264e+00 3.025948774255131202e+00 3.019347772561440379e+00 3.014062840624445183e+00 3.010153428299380707e+00 3.007668723342069583e+00 3.006647240065216220e+00 3.007116488903504248e+00 3.009092729473359373e+00 3.012580809078228672e+00 3.017574087960333440e+00 3.024054451939829136e+00 3.031992412417303218e+00 3.041347293050611356e+00 3.052067501757175449e+00 3.064090886043160378e+00 3.077345169026296734e+00 3.091748462904373884e+00 3.107209856031273087e+00 3.123630069201327686e+00 3.140902176215089270e+00 3.158912383309163463e+00 3.177540861583602716e+00 3.196662626155536646e+00 3.216148455410616336e+00 3.235865843417060628e+00 3.255679978312947753e+00 3.275454739277849026e+00 3.295053704556509810e+00 3.314341162916098593e+00 3.333183120890208517e+00 3.351448298192640340e+00 3.369009103771599456e+00 3.385742585119867254e+00 3.401531343657524076e+00 3.416264409259305523e+00 3.429838067307050320e+00 3.442156632006106776e+00 3.453133160110837707e+00 3.462690099654901932e+00 3.470759868773777956e+00 3.477285360236030076e+00 3.482220367862178367e+00
3.474796251470222419e+00 3.477252279046164407e+00 3.478072897176204048e+00 3.477252279046164407e+00 3.474796251470222419e+00 3.470722251342141629e+00 3.465059195318856755e+00 3.457847263723696329e+00 3.449137600306233065e+00 3.438991930133262542e+00 3.427482098505380659e+00 3.414689534391778025e+00 3.400704642447375914e+00 3.385626128217058106e+00 3.369560261637431164e+00 3.352620084413277635e+00 3.334924567270308504e+00 3.316597723464597802e+00 3.297767685259321180e+00 3.278565750358792830e+00 3.259125405515863605e+00 3.239581334700089243e+00 3.220068419329316978e+00 3.200720738125394149e+00 3.181670574155502251e+00 3.163047436563866555e+00 3.144977104384800271e+00 3.127580699658208729e+00 3.110973796843859773e+00 3.095265575252898582e+00 3.080558020886137172e+00 3.066945183691283550e+00 3.054512495828154872e+00 3.043336156065503673e+00 3.033482584928746562e+00 3.025007954678465172e+00 3.017957797629325700e+00 3.012366695722118681e+00 3.008258053642782759e+00 3.005643957145960332e+00 3.004525117591983374e+00 3.004890903049855400e+00 3.006719455660019857e+00 3.009977894294342260e+00 3.014622600901799121e+00 3.020599588291920323e+00 3.027844946488718048e+00 3.036285364190554503e+00 3.045838721300567098e+00 3.056414747952297617e+00 3.067915744950150181e+00 3.080237360078044606e+00 3.093269414305716669e+00 3.106896771543811386e+00 3.121000245268930495e+00 3.135457535060889089e+00 3.150144185868474001e+00 3.164934562648902272e+00 3.179702832911106558e+00 3.194323949634873205e+00 3.208674627037144678e+00 3.222634301713486860e+00 3.236086071796291375e+00 3.248917606941109426e+00 3.261022022176870649e+00 3.272298708933443212e+00 3.282654116888440665e+00 3.292002480652207907e+00 3.300266485732489041e+00 3.307377868685132949e+00 3.313277946861051593e+00 3.317918073698213011e+00 3.321260016077142385e+00 3.323276250854430902e+00 3.323950178306905645e+00 3.323276250854430902e+00 3.321260016077142385e+00 3.317918073698213011e+00 3.313277946861051593e+00 3.307377868685132949e+00 3.300266485732489041e+00 3.292002480652207907e+00 3.282654116888440665e+00 3.272298708933443212e+00 3.261022022176870649e+00 3.248917606941109426e+00 3.236086071796291375e+00 3.222634301713486860e+00 3.208674627037144678e+00 3.194323949634873205e+00 3.179702832911106558e+00 3.164934562648902272e+00 3.150144185868474001e+00 3.135457535060889089e+00 3.121000245268930495e+00 3.106896771543811386e+00 3.093269414305716669e+00 3.080237360078044606e+00 3.067915744950150181e+00 3.056414747952297617e+00 3.045838721300567098e+00 3.036285364190554503e+00 3.027844946488718048e+00 3.020599588291920323e+00 3.014622600901799121e+00 3.009977894294342260e+00 3.006719455660019857e+00 3.004890903049855400e+00 3.004525117591983374e+00 3.005643957145960332e+00 3.008258053642782759e+00 3.012366695722118681e+00 3.017957797629325700e+00 3.025007954678465172e+00 3.033482584928746562e+00 3.043336156065503673e+00 3.054512495828154872e+00 3.066945183691283550e+00 3.080558020886137172e+00 3.095265575252898582e+00 3.110973796843859773e+00 3.127580699658208729e+00 3.144977104384800271e+00 3.163047436563866555e+00 3.181670574155502251e+00 3.200720738125394149e+00 3.220068419329316978e+00 3.239581334700089243e+00 3.259125405515863605e+00 3.278565750358792830e+00 3.297767685259321180e+00 3.316597723464597802e+00 3.334924567270308504e+00 3.352620084413277635e+00 3.369560261637431164e+00 3.385626128217058106e+00 3.400704642447375914e+00 3.414689534391778025e+00 3.427482098505380659e+00 3.438991930133262542e+00 3.449137600306233065e+00 3.457847263723696329e+00 3.465059195318856755e+00 3.470722251342141629e+00
3.461136383382142245e+00 3.464350936114441115e+00 3.465963952034415652e+00 3.465963952034415652e+00 3.464350936114441115e+00 3.461136383382142245e+00 3.456343166206862438e+00 3.450005379178156861e+00 3.442168084164778818e+00 3.432886973405697262e+00 3.422227953185803528e+00 3.410266651250374537e+00 3.397087851690107296e+00 3.382784861577624813e+00 3.367458814153129421e+00 3.351217913837029716e+00 3.334176628787469010e+00 3.316454837117336130e+00 3.298176933235421160e+00 3.279470901077475631e+00 3.260467361242437079e+00 3.241298599245423073e+00 3.222097582240481817e+00 3.202996971651742797e+00 3.184128139180614436e+00 3.165620193629006707e+00 3.147599025894302738e+00 3.130186379351775461e+00 3.113498952645109341e+00 3.097647541657551074e+00 3.082736227136445795e+00 3.068861614095114820e+00 3.056112128720688048e+00 3.044567378077683184e+00 3.034297577418161307e+00 3.025363049393849035e+00 3.017813798917569290e+00 3.011689166844911725e+00 3.007017565046640417e+00 3.003816294822465149e+00 3.002091449972205339e+00 3.001837905195897438e+00 3.003039389844920137e+00 3.005668646396722377e+00 3.009687672381094359e+00 3.015048043851177528e+00 3.021691317872161164e+00 3.029549510899891995e+00 3.038545649344690514e+00 3.048594388067090932e+00 3.059602692036207827e+00 3.071470575901705136e+00 3.084091895790797455e+00 3.097355187245497188e+00 3.111144542865575513e+00 3.125340522922011033e+00 3.139821091956373156e+00 3.154462574185536994e+00 3.169140620389804486e+00 3.183731178877033940e+00 3.198111463086325212e+00 3.212160908422499350e+00 3.225762110996734933e+00 3.238801741088659814e+00 3.251171424339947436e+00 3.262768583937424083e+00 3.273497237343059307e+00 3.283268741476694341e+00 3.292002480652207907e+00 3.299626492006217049e+00 3.306078023636731533e+00 3.311304021184140467e+00 3.315261539134163105e+00 3.317918073698213011e+00 3.319251814726250860e+00 3.319251814726250860e+00 3.317918073698213011e+00 3.315261539134163105e+00 3.311304021184140467e+00 3.306078023636731533e+00 3.299626492006217049e+00 3.292002480652207907e+00 3.283268741476694341e+00 3.273497237343059307e+00 3.262768583937424083e+00 3.251171424339947436e+00 3.238801741088659814e+00 3.225762110996734933e+00 3.212160908422499350e+00 3.198111463086325212e+00 3.183731178877033940e+00 3.169140620389804486e+00 3.154462574185536994e+00 3.139821091956373156e+00 3.125340522922011033e+00 3.111144542865575513e+00 3.097355187245497188e+00 3.084091895790797455e+00 3.071470575901705136e+00 3.059602692036207827e+00 3.048594388067090932e+00 3.038545649344690514e+00 3.029549510899891995e+00 3.021691317872161164e+00 3.015048043851177528e+00 3.009687672381094359e+00 3.005668646396722377e+00 3.003039389844920137e+00 3.001837905195897438e+00 3.002091449972205339e+00 3.003816294822465149e+00 3.007017565046640417e+00 3.011689166844911725e+00 3.017813798917569290e+00 3.025363049393849035e+00 3.034297577418161307e+00 3.044567378077683184e+00 3.056112128720688048e+00 3.068861614095114820e+00 3.082736227136445795e+00 3.097647541657551074e+00 3.113498952645109341e+00 3.130186379351775461e+00 3.147599025894302738e+00 3.165620193629006707e+00 3.184128139180614436e+00 3.202996971651742797e+00 3.222097582240481817e+00 3.241298599245423073e+00 3.260467361242437079e+00 3.279470901077475631e+00 3.298176933235421160e+00 3.316454837117336130e+00 3.334176628787469010e+00 3.351217913837029716e+00 3.367458814153129421e+00 3.382784861577624813e+00 3.397087851690107296e+00 3.410266651250374537e+00 3.422227953185803528e+00 3.432886973405697262e+00 3.442168084164778818e+00 3.450005379178156861e+00 3.456343166206862438e+00
3.444654287181470043e+00 3.448580752728135579e+00 3.450947897098998851e+00 3.451738826954857231e+00 3.450947897098998851e+00 3.448580752728135579e+00 3.444654287181470043e+00 3.439196515508088581e+00 3.432246364810833228e+00 3.423853382955526214e+00 3.414077367852943468e+00 3.402987920122842791e+00 3.390663922529725038e+00 3.377192950134792593e+00 3.362670615633158722e+00 3.347199854836213628e+00 3.330890157711984489e+00 3.313856750808257257e+00 3.296219737250813520e+00 3.278103200829653119e+00 3.259634280957126151e+00 3.240942225501328267e+00 3.222157428664373047e+00 3.203410461186861458e+00 3.184831100216311217e+00 3.166547366177907108e+00 3.148684573930840447e+00 3.131364405383031624e+00 3.114704010572055370e+00 3.098815144001899835e+00 3.083803342755413013e+00 3.069767152583005032e+00 3.056797407801763455e+00 3.044976570428499674e+00 3.034378133518382814e+00 3.025066093191234984e+00 3.017094493304028902e+00 3.010507046174489165e+00 3.005336832181384477e+00 3.001606080466261872e+00 2.999326032343828441e+00 2.998496888398497706e+00 2.999107839607541681e+00 3.001137182191860209e+00 3.004552515258235079e+00 3.009311019667116671e+00 3.015359815942115773e+00 3.022636398436356675e+00 3.031069142391020321e+00 3.040577879967370833e+00 3.051074540809469937e+00 3.062463852204544867e+00 3.074644093455479066e+00 3.087507898668441886e+00 3.100943101791457934e+00 3.114833617419503042e+00 3.129060350610997077e+00 3.143502128741303636e+00 3.158036648252767975e+00 3.172541429049246187e+00 3.186894769226679802e+00 3.200976692830657999e+00 3.214669883386961136e+00 3.227860596061473686e+00 3.240439541470578888e+00 3.252302734381200988e+00 3.263352300809106321e+00 3.273497237343059307e+00 3.282654116888440665e+00 3.290747735434119914e+00 3.297711694897811796e+00 3.303488917594080476e+00 3.308032088392222736e+00 3.311304021184140467e+00 3.313277946861051593e+00 3.313937720597883274e+00 3.313277946861051593e+00 3.311304021184140467e+00 3.308032088392222736e+00 3.303488917594080476e+00 3.297711694897811796e+00 3.290747735434119914e+00 3.282654116888440665e+00 3.273497237343059307e+00 3.263352300809106321e+00 3.252302734381200988e+00 3.240439541470578888e+00 3.227860596061473686e+00 3.214669883386961136e+00 3.200976692830657999e+00 3.186894769226679802e+00 3.172541429049246187e+00 3.158036648252767975e+00 3.143502128741303636e+00 3.129060350610997077e+00 3.114833617419503042e+00 3.100943101791457934e+00 3.087507898668441886e+00 3.074644093455479066e+00 3.062463852204544867e+00 3.051074540809469937e+00 3.040577879967370833e+00 3.031069142391020321e+00 3.022636398436356675e+00 3.015359815942115773e+00 3.009311019667116671e+00 3.004552515258235079e+00 3.001137182191860209e+00 2.999107839607541681e+00 2.998496888398497706e+00 2.999326032343828441e+00 3.001606080466261872e+00 3.005336832181384477e+00 3.010507046174489165e+00 3.017094493304028902e+00 3.025066093191234984e+00 3.034378133518382814e+00 3.044976570428499674e+00 3.056797407801763455e+00 3.069767152583005032e+00 3.083803342755413013e+00 3.098815144001899835e+00 3.114704010572055370e+00 3.131364405383031624e+00 3.148684573930840447e+00 3.166547366177907108e+00 3.184831100216311217e+00 3.203410461186861458e+00 3.222157428664373047e+00 3.240942225501328267e+00 3.259634280957126151e+00 3.278103200829653119e+00 3.296219737250813520e+00 3.313856750808257257e+00 3.330890157711984489e+00 3.347199854836213628e+00 3.362670615633158722e+00 3.377192950134792593e+00 3.390663922529725038e+00 3.402987920122842791e+00 3.414077367852943468e+00 3.423853382955526214e+00 3.432246364810833228e+00 3.439196515508088581e+00
3.425475401572456224e+00 3.430057779973578302e+00 3.433131052598250132e+00 3.434673211566819706e+00 3.434673211566819706e+00 3.433131052598250132e+00 3.430057779973578302e+00 3.425475401572456224e+00 3.419416722978384282e+00 3.411925101747023792e+00 3.403054122668851544e+00 3.392867196487576731e+00 3.381437085115956531e+00 3.368845356947463454e+00 3.355181776391995552e+00 3.340543632261956386e+00 3.325035010098119415e+00 3.308766013949037799e+00 3.291851943500215594e+00 3.274412432786850236e+00 3.256570557014212497e+00 3.238451914250342956e+00 3.220183688944979750e+00 3.201893704364981996e+00 3.183709471118973955e+00 3.165757238971905085e+00 3.148161059123436356e+00 3.131041864042774847e+00 3.114516571817414370e+00 3.098697221785153388e+00 3.083690147979336160e+00 3.069595196628125411e+00 3.056504993612187970e+00 3.044504267403793651e+00 3.033669232587139053e+00 3.024067038597666013e+00 3.015755287821048736e+00 3.008781626663905584e+00 3.003183412652374429e+00 2.998987460035546615e+00 2.996209865772929692e+00 2.994855917173072424e+00 2.994920081828864600e+00 2.996386079868701646e+00 2.999227037916227356e+00 3.003405723529716909e+00 3.008874858279943609e+00 3.015577507027221049e+00 3.023447540378923382e+00 3.032410166752429692e+00 3.042382529939370528e+00 3.053274367569402514e+00 3.064988725409099946e+00 3.077422722007700617e+00 3.090468357819315059e+00 3.104013362593942116e+00 3.117942074539716391e+00 3.132136344518352988e+00 3.146476458346754157e+00 3.160842070141517635e+00 3.175113139560663100e+00 3.189170865768993668e+00 3.202898610980254190e+00 3.216182806510435643e+00 3.228913834411657025e+00 3.240986877943910383e+00 3.252302734381200988e+00 3.262768583937424083e+00 3.272298708933443212e+00 3.280815157707840601e+00 3.288248348196549653e+00 3.294537606568152199e+00 3.299631636798222356e+00 3.303488917594080476e+00 3.306078023636731533e+00 3.307377868685132949e+00 3.307377868685132949e+00 3.306078023636731533e+00 3.303488917594080476e+00 3.299631636798222356e+00 3.294537606568152199e+00 3.288248348196549653e+00 3.280815157707840601e+00 3.272298708933443212e+00 3.262768583937424083e+00 3.252302734381200988e+00 3.240986877943910383e+00 3.228913834411657025e+00 3.216182806510435643e+00 3.202898610980254190e+00 3.189170865768993668e+00 3.175113139560663100e+00 3.160842070141517635e+00 3.146476458346754157e+00 3.132136344518352988e+00 3.117942074539716391e+00 3.104013362593942116e+00 3.090468357819315059e+00 3.077422722007700617e+00 3.064988725409099946e+00 3.053274367569402514e+00 3.042382529939370528e+00 3.032410166752429692e+00 3.023447540378923382e+00 3.015577507027221049e+00 3.008874858279943609e+00 3.003405723529716909e+00 2.999227037916227356e+00 2.996386079868701646e+00 2.994920081828864600e+00 2.994855917173072424e+00 2.996209865772929692e+00 2.998987460035546615e+00 3.003183412652374429e+00 3.008781626663905584e+00 3.015755287821048736e+00 3.024067038597666013e+00 3.033669232587139053e+00 3.044504267403793651e+00 3.056504993612187970e+00 3.069595196628125411e+00 3.083690147979336160e+00 3.098697221785153388e+00 3.114516571817414370e+00 3.131041864042774847e+00 3.148161059123436356e+00 3.165757238971905085e+00 3.183709471118973955e+00 3.201893704364981996e+00 3.220183688944979750e+00 3.238451914250342956e+00 3.256570557014212497e+00 3.274412432786850236e+00 3.291851943500215594e+00 3.308766013949037799e+00 3.325035010098119415e+00 3.340543632261956386e+00 3.355181776391995552e+00 3.368845356947463454e+00 3.381437085115956531e+00 3.392867196487576731e+00 3.403054122668851544e+00 3.411925101747023792e+00 3.419416722978384282e+00
3.403745689455111911e+00 3.408919061490593094e+00 3.412641131110595083e+00 3.414885134795353050e+00 3.415634933720554045e+00 3.414885134795353050e+00 3.412641131110595083e+00 3.408919061490593094e+00 3.403745689455111911e+00 3.397158202509394709e+00 3.389203933284003600e+00 3.379940004638936291e+00 3.369432901422778404e+00 3.357757972133714741e+00 3.344998864260494642e+00 3.331246897584029032e+00 3.316600380190273700e+00 3.301163872379042186e+00 3.285047404047780173e+00 3.268365651481492051e+00 3.251237079786907902e+00 3.233783057468594624e+00 3.216126949854842820e+00 3.198393198240316426e+00 3.180706391719454018e+00 3.163190338738504082e+00 3.145967145394684028e+00 3.129156307458019981e+00 3.112873822985522398e+00 3.097231332239296364e+00 3.082335291411038014e+00 3.068286186396876669e+00 3.055177792560598959e+00 3.043096486072194296e+00 3.032120612015246852e+00 3.022319914023734455e+00 3.013755029739753510e+00 3.006477055882092575e+00 3.000527186185173889e+00 2.995936424912834628e+00 2.992725378075833387e+00 2.990904123890306021e+00 2.990472163411129980e+00 2.991418451663873324e+00 2.993721508986364466e+00 2.997349611680559800e+00 3.002261060472016130e+00 3.008404524682375847e+00 3.015719459444461403e+00 3.024136592734171458e+00 3.033578478462599204e+00 3.043960111369728327e+00 3.055189598991489675e+00 3.067168885538451573e+00 3.079794522130338663e+00 3.092958477478770174e+00 3.106548982803958747e+00 3.120451404511763283e+00 3.134549137947513220e+00 3.148724515384036859e+00 3.162859721294390081e+00 3.176837707905944885e+00 3.190543104031908328e+00 3.203863110229197897e+00 3.216688373437424975e+00 3.228913834411657025e+00 3.240439541470578888e+00 3.251171424339947436e+00 3.261022022176870649e+00 3.269911160211204315e+00 3.277766569833444166e+00 3.284524447391022672e+00 3.290129947423480417e+00 3.294537606568152199e+00 3.297711694897811796e+00 3.299626492006217049e+00 3.300266485732489041e+00 3.299626492006217049e+00 3.297711694897811796e+00 3.294537606568152199e+00 3.290129947423480417e+00 3.284524447391022672e+00 3.277766569833444166e+00 3.269911160211204315e+00 3.261022022176870649e+00 3.251171424339947436e+00 3.240439541470578888e+00 3.228913834411657025e+00 3.216688373437424975e+00 3.203863110229197897e+00 3.190543104031908328e+00 3.176837707905944885e+00 3.162859721294390081e+00 3.148724515384036859e+00 3.134549137947513220e+00 3.120451404511763283e+00 3.106548982803958747e+00 3.092958477478770174e+00 3.079794522130338663e+00 3.067168885538451573e+00 3.055189598991489675e+00 3.043960111369728327e+00 3.033578478462599204e+00 3.024136592734171458e+00 3.015719459444461403e+00 3.008404524682375847e+00 3.002261060472016130e+00 2.997349611680559800e+00 2.993721508986364466e+00 2.991418451663873324e+00 2.990472163411129980e+00 2.990904123890306021e+00 2.992725378075833387e+00 2.995936424912834628e+00 3.000527186185173889e+00 3.006477055882092575e+00 3.013755029739753510e+00 3.022319914023734455e+00 3.032120612015246852e+00 3.043096486072194296e+00 3.055177792560598959e+00 3.068286186396876669e+00 3.082335291411038014e+00 3.097231332239296364e+00 3.112873822985522398e+00 3.129156307458019981e+00 3.145967145394684028e+00 3.163190338738504082e+00 3.180706391719454018e+00 3.198393198240316426e+00 3.216126949854842820e+00 3.233783057468594624e+00 3.251237079786907902e+00 3.268365651481492051e+00 3.285047404047780173e+00 3.301163872379042186e+00 3.316600380190273700e+00 3.331246897584029032e+00 3.344998864260494642e+00 3.357757972133714741e+00 3.369432901422778404e+00 3.379940004638936291e+00 3.389203933284003600e+00 3.397158202509394709e+00
3.379630527059410472e+00 3.385321597963611762e+00 3.389626280603093900e+00 3.392513471018339999e+00 3.393962302552433474e+00 3.393962302552433474e+00 3.392513471018339999e+00 3.389626280603093900e+00 3.385321597963611762e+00 3.379630527059410472e+00 3.372594175587419585e+00 3.364263346324511961e+00 3.354698155718890629e+00 3.343967582623060153e+00 3.332148950590938075e+00 3.319327347665283146e+00 3.305594988055468253e+00 3.291050520546027869e+00 3.275798288879935072e+00 3.259947549724337978e+00 3.243611654147447343e+00 3.226907198811380884e+00 3.209953153314432317e+00 3.192869970296278392e+00 3.175778685049146954e+00 3.158800011456380119e+00 3.142053441106309464e+00 3.125656352403822336e+00 3.109723136424548340e+00 3.094364346127976173e+00 3.079685875366790615e+00 3.065788173901873304e+00 3.052765504357330073e+00 3.040705246729757505e+00 3.029687255703152449e+00 3.019783275618193930e+00 3.011056417505084681e+00 3.003560702116174763e+00 2.997340672391735072e+00 2.992431078263323219e+00 2.988856636148268464e+00 2.986631864920065382e+00 2.985760999557193429e+00 2.986237983081597935e+00 2.988046536802168252e+00 2.991160308282653002e+00 2.995543095862061023e+00 3.001149147973206421e+00 3.007923534936061571e+00 3.015802590351476908e+00 3.024714418691504481e+00 3.034579465179430002e+00 3.045311143579096491e+00 3.056816517073202011e+00 3.068997027006961975e+00 3.081749263910133152e+00 3.094965774889644639e+00 3.108535901209259489e+00 3.122346639644108635e+00 3.136283521018157661e+00 3.150231499203188790e+00 3.164075843779504016e+00 3.177703029532195966e+00 3.191001615982257178e+00 3.203863110229197897e+00 3.216182806510435643e+00 3.227860596061473686e+00 3.238801741088659814e+00 3.248917606941109426e+00 3.258126346888266855e+00 3.266353534272106174e+00 3.273532737205302467e+00 3.279606031425828405e+00 3.284524447391022672e+00 3.288248348196549653e+00 3.290747735434119914e+00 3.292002480652207907e+00 3.292002480652207907e+00 3.290747735434119914e+00 3.288248348196549653e+00 3.284524447391022672e+00 3.279606031425828405e+00 3.273532737205302467e+00 3.266353534272106174e+00 3.258126346888266855e+00 3.248917606941109426e+00 3.238801741088659814e+00 3.227860596061473686e+00 3.216182806510435643e+00 3.203863110229197897e+00 3.191001615982257178e+00 3.177703029532195966e+00 3.164075843779504016e+00 3.150231499203188790e+00 3.136283521018157661e+00 3.122346639644108635e+00 3.108535901209259489e+00 3.094965774889644639e+00 3.081749263910133152e+00 3.068997027006961975e+00 3.056816517073202011e+00 3.045311143579096491e+00 3.034579465179430002e+00 3.024714418691504481e+00 3.015802590351476908e+00 3.007923534936061571e+00 3.001149147973206421e+00 2.995543095862061023e+00 2.991160308282653002e+00 2.988046536802168252e+00 2.986237983081597935e+00 2.985760999557193429e+00 2.986631864920065382e+00 2.988856636148268464e+00 2.992431078263323219e+00 2.997340672391735072e+00 3.003560702116174763e+00 3.011056417505084681e+00 3.019783275618193930e+00 3.029687255703152449e+00 3.040705246729757505e+00 3.052765504357330073e+00 3.065788173901873304e+00 3.079685875366790615e+00 3.094364346127976173e+00 3.109723136424548340e+00 3.125656352403822336e+00 3.142053441106309464e+00 3.158800011456380119e+00 3.175778685049146954e+00 3.192869970296278392e+00 3.209953153314432317e+00 3.226907198811380884e+00 3.243611654147447343e+00 3.259947549724337978e+00 3.275798288879935072e+00 3.291050520546027869e+00 3.305594988055468253e+00 3.319327347665283146e+00 3.332148950590938075e+00 3.343967582623060153e+00 3.354698155718890629e+00 3.364263346324511961e+00 3.372594175587419585e+00
3.353313445332315457e+00 3.359441159633144824e+00 3.364253971769807894e+00 3.367716905467518007e+00 3.369804788055398515e+00 3.370502439795048044e+00 3.369804788055398515e+00 3.367716905467518007e+00 3.364253971769807894e+00 3.359441159633144824e+00 3.353313445332315457e+00 3.345915345700374743e+00 3.337300583361869855e+00 3.327531682785034750e+00 3.316679500217882381e+00 3.304822691074665197e+00 3.292047118813540951e+00 3.278445209790015635e+00 3.264115258980229584e+00 3.249160691840563775e+00 3.233689287902350884e+00 3.217812371990146136e+00 3.201643979197050793e+00 3.185299999948844274e+00 3.168897311638865677e+00 3.152552903416486529e+00 3.136383000762860362e+00 3.120502196488001090e+00 3.105022594733279462e+00 3.090052974463253666e+00 3.075697978781481101e+00 3.062057336207358205e+00 3.049225119806896700e+00 3.037289049781411787e+00 3.026329844786533219e+00 3.016420626882388323e+00 3.007626384606949532e+00 3.000003498221640807e+00 2.993599330704558081e+00 2.988451887565901632e+00 2.984589548036012285e+00 2.982030869632929626e+00 2.980784467557751061e+00 2.980848969796340509e+00 2.982213048229791497e+00 2.984855525477512206e+00 2.988745556620532984e+00 2.993842884382869940e+00 3.000098165789998550e+00 3.007453367779740372e+00 3.015842228716528073e+00 3.025190782258844191e+00 3.035417939555618005e+00 3.046436125304076370e+00 3.058151962792182932e+00 3.070467002676839030e+00 3.083278489916863041e+00 3.096480162990315588e+00 3.109963079280887666e+00 3.123616460319956101e+00 3.137328550420798390e+00 3.150987482140653384e+00 3.164482141955527350e+00 3.177703029532195966e+00 3.190543104031908328e+00 3.202898610980254190e+00 3.214669883386961136e+00 3.225762110996734933e+00 3.236086071796291375e+00 3.245558820191414284e+00 3.254104326599199570e+00 3.261654063571967743e+00 3.268147533977801444e+00 3.273532737205302467e+00 3.277766569833444166e+00 3.280815157707840601e+00 3.282654116888440665e+00 3.283268741476694341e+00 3.282654116888440665e+00 3.280815157707840601e+00 3.277766569833444166e+00 3.273532737205302467e+00 3.268147533977801444e+00 3.261654063571967743e+00 3.254104326599199570e+00 3.245558820191414284e+00 3.236086071796291375e+00 3.225762110996734933e+00 3.214669883386961136e+00 3.202898610980254190e+00 3.190543104031908328e+00 3.177703029532195966e+00 3.164482141955527350e+00 3.150987482140653384e+00 3.137328550420798390e+00 3.123616460319956101e+00 3.109963079280887666e+00 3.096480162990315588e+00 3.083278489916863041e+00 3.070467002676839030e+00 3.058151962792182932e+00 3.046436125304076370e+00 3.035417939555618005e+00 3.025190782258844191e+00 3.015842228716528073e+00 3.007453367779740372e+00 3.000098165789998550e+00 2.993842884382869940e+00 2.988745556620532984e+00 2.984855525477512206e+00 2.982213048229791497e+00 2.980848969796340509e+00 2.980784467557751061e+00 2.982030869632929626e+00 2.984589548036012285e+00 2.988451887565901632e+00 2.993599330704558081e+00 3.000003498221640807e+00 3.007626384606949532e+00 3.016420626882388323e+00 3.026329844786533219e+00 3.037289049781411787e+00 3.049225119806896700e+00 3.062057336207358205e+00 3.075697978781481101e+00 3.090052974463253666e+00 3.105022594733279462e+00 3.120502196488001090e+00 3.136383000762860362e+00 3.152552903416486529e+00 3.168897311638865677e+00 3.185299999948844274e+00 3.201643979197050793e+00 3.217812371990146136e+00 3.233689287902350884e+00 3.249160691840563775e+00 3.264115258980229584e+00 3.278445209790015635e+00 3.292047118813540951e+00 3.304822691074665197e+00 3.316679500217882381e+00 3.327531682785034750e+00 3.337300583361869855e+00 3.345915345700374743e+00
3.324994733156457993e+00 3.331470955851048021e+00 3.336709738109858936e+00 3.340672748574837758e+00 3.343330983117683175e+00 3.344664983376784306e+00 3.344664983376784306e+00 3.343330983117683175e+00 3.340672748574837758e+00 3.336709738109858936e+00 3.331470955851048021e+00 3.324994733156457993e+00 3.317328439818564068e+00 3.308528127202899238e+00 3.298658106029601189e+00 3.287790462002939673e+00 3.276004512965471793e+00 3.263386211697266948e+00 3.250027498892955169e+00 3.236025611227240528e+00 3.221482349760140362e+00 3.206503314233724922e+00 3.191197109070588400e+00 3.175674527098463429e+00 3.160047717193773753e+00 3.144429342158218788e+00 3.128931733215760236e+00 3.113666047542105630e+00 3.098741435214697137e+00 3.084264221898640468e+00 3.070337113463343481e+00 3.057058428556902019e+00 3.044521364951732867e+00 3.032813305217176403e+00 3.022015166974857170e+00 3.012200802652633680e+00 3.003436453275705187e+00 2.995780260421682328e+00 2.989281840023304326e+00 2.983981921231415146e+00 2.979912053055303378e+00 2.977094380981431865e+00 2.975541495238781753e+00 2.975256351833627022e+00 2.976232266922600456e+00 2.978452984534788239e+00 2.981892817095359138e+00 2.986516857649258672e+00 2.992281262137985731e+00 2.999133599549528739e+00 3.007013267245266075e+00 3.015851968271897832e+00 3.025574246995185401e+00 3.036098078948789691e+00 3.047335510379469259e+00 3.059193342592175124e+00 3.071573855858307223e+00 3.084375567349919134e+00 3.097494017304466052e+00 3.110822577410600420e+00 3.124253275237219185e+00 3.137677628406784436e+00 3.150987482140653384e+00 3.164075843779504016e+00 3.176837707905944885e+00 3.189170865768993668e+00 3.200976692830657999e+00 3.212160908422499350e+00 3.222634301713486860e+00 3.232313418448014897e+00 3.241121203212772528e+00 3.248987592330875085e+00 3.255850052858635824e+00 3.261654063571967743e+00 3.266353534272106174e+00 3.269911160211204315e+00 3.272298708933443212e+00 3.273497237343059307e+00 3.273497237343059307e+00 3.272298708933443212e+00 3.269911160211204315e+00 3.266353534272106174e+00 3.261654063571967743e+00 3.255850052858635824e+00 3.248987592330875085e+00 3.241121203212772528e+00 3.232313418448014897e+00 3.222634301713486860e+00 3.212160908422499350e+00 3.200976692830657999e+00 3.189170865768993668e+00 3.176837707905944885e+00 3.164075843779504016e+00 3.150987482140653384e+00 3.137677628406784436e+00 3.124253275237219185e+00 3.110822577410600420e+00 3.097494017304466052e+00 3.084375567349919134e+00 3.071573855858307223e+00 3.059193342592175124e+00 3.047335510379469259e+00 3.036098078948789691e+00 3.025574246995185401e+00 3.015851968271897832e+00 3.007013267245266075e+00 2.999133599549528739e+00 2.992281262137985731e+00 2.986516857649258672e+00 2.981892817095359138e+00 2.978452984534788239e+00 2.976232266922600456e+00 2.975256351833627022e+00 2.975541495238781753e+00 2.977094380981431865e+00 2.979912053055303378e+00 2.983981921231415146e+00 2.989281840023304326e+00 2.995780260421682328e+00 3.003436453275705187e+00 3.012200802652633680e+00 3.022015166974857170e+00 3.032813305217176403e+00 3.044521364951732867e+00 3.057058428556902019e+00 3.070337113463343481e+00 3.084264221898640468e+00 3.098741435214697137e+00 3.113666047542105630e+00 3.128931733215760236e+00 3.144429342158218788e+00 3.160047717193773753e+00 3.175674527098463429e+00 3.191197109070588400e+00 3.206503314233724922e+00 3.221482349760140362e+00 3.236025611227240528e+00 3.250027498892955169e+00 3.263386211697266948e+00 3.276004512965471793e+00 3.287790462002939673e+00 3.298658106029601189e+00 3.308528127202899238e+00 3.317328439818564068e+00
3.294889913030802475e+00 3.301620171791229463e+00 3.307195778306039724e+00 3.311575608245746594e+00 3.314727349478140628e+00 3.316627746039553681e+00 3.317262773735878412e+00 3.316627746039553681e+00 3.314727349478140628e+00 3.311575608245746594e+00 3.307195778306039724e+00 3.301620171791229463e+00 3.294889913030802475e+00 3.287054628063064587e+00 3.278172069987757897e+00 3.268307683005261755e+00 3.257534108453508548e+00 3.245930636594133389e+00 3.233582608311299733e+00 3.220580771266830400e+00 3.207020595400941421e+00 3.193001552976324930e+00 3.178626368632267774e+00 3.164000245142844392e+00 3.149230070757234046e+00 3.134423614139571157e+00 3.119688713019276971e+00 3.105132462709935481e+00 3.090860410654977297e+00 3.076975763111901241e+00 3.063578609993677038e+00 3.050765173747136405e+00 3.038627087964613338e+00 3.027250711198258504e+00 3.016716481177984743e+00 3.007098314326016375e+00 2.998463055115851095e+00 2.990869979443668836e+00 2.984370355768802607e+00 2.979007067339923598e+00 2.974814298358372966e+00 2.971817286443306561e+00 2.970032143258481749e+00 2.969465744641665239e+00 2.970115691048563988e+00 2.971970338588010296e+00 2.975008900387905886e+00 2.979201617496176624e+00 2.984509997991918961e+00 2.990887122462918768e+00 2.998278013500815575e+00 3.006620066378215217e+00 3.015843537606681224e+00 3.025872087634354113e+00 3.036623373530291659e+00 3.048009687122554823e+00 3.059938633711639877e+00 3.072313846172498586e+00 3.085035728989605985e+00 3.098002226542313498e+00 3.111109609773739848e+00 3.124253275237219185e+00 3.137328550420798390e+00 3.150231499203188790e+00 3.162859721294390081e+00 3.175113139560663100e+00 3.186894769226679802e+00 3.198111463086325212e+00 3.208674627037144678e+00 3.218500900480213200e+00 3.227512796395390016e+00 3.235639296209948501e+00 3.242816394923375256e+00 3.248987592330875085e+00 3.254104326599199570e+00 3.258126346888266855e+00 3.261022022176870649e+00 3.262768583937424083e+00 3.263352300809106321e+00 3.262768583937424083e+00 3.261022022176870649e+00 3.258126346888266855e+00 3.254104326599199570e+00 3.248987592330875085e+00 3.242816394923375256e+00 3.235639296209948501e+00 3.227512796395390016e+00 3.218500900480213200e+00 3.208674627037144678e+00 3.198111463086325212e+00 3.186894769226679802e+00 3.175113139560663100e+00 3.162859721294390081e+00 3.150231499203188790e+00 3.137328550420798390e+00 3.124253275237219185e+00 3.111109609773739848e+00 3.098002226542313498e+00 3.085035728989605985e+00 3.072313846172498586e+00 3.059938633711639877e+00 3.048009687122554823e+00 3.036623373530291659e+00 3.025872087634354113e+00 3.015843537606681224e+00 3.006620066378215217e+00 2.998278013500815575e+00 2.990887122462918768e+00 2.984509997991918961e+00 2.979201617496176624e+00 2.975008900387905886e+00 2.971970338588010296e+00 2.970115691048563988e+00 2.969465744641665239e+00 2.970032143258481749e+00 2.971817286443306561e+00 2.974814298358372966e+00 2.979007067339923598e+00 2.984370355768802607e+00 2.990869979443668836e+00 2.998463055115851095e+00 3.007098314326016375e+00 3.016716481177984743e+00 3.027250711198258504e+00 3.038627087964613338e+00 3.050765173747136405e+00 3.063578609993677038e+00 3.076975763111901241e+00 3.090860410654977297e+00 3.105132462709935481e+00 3.119688713019276971e+00 3.134423614139571157e+00 3.149230070757234046e+00 3.164000245142844392e+00 3.178626368632267774e+00 3.193001552976324930e+00 3.207020595400941421e+00 3.220580771266830400e+00 3.233582608311299733e+00 3.245930636594133389e+00 3.257534108453508548e+00 3.268307683005261755e+00 3.278172069987757897e+00 3.287054628063064587e+00
3.263228100814293153e+00 3.270112383438710690e+00 3.275929431513360246e+00 3.280635930122888677e+00 3.284196827231063320e+00 3.286585598987418422e+00 3.287784450491938681e+00 3.287784450491938681e+00 3.286585598987418422e+00 3.284196827231063320e+00 3.280635930122888677e+00 3.275929431513360246e+00 3.270112383438710690e+00 3.263228100814293153e+00 3.255327833602367438e+00 3.246470378945812030e+00 3.236721636215548870e+00 3.226154108353210148e+00 3.214846353298651760e+00 3.202882389671160013e+00 3.190351061220716655e+00 3.177345364878819467e+00 3.163961747514811407e+00 3.150299376741212409e+00 3.136459391308497047e+00 3.122544136784493052e+00 3.108656392325089612e+00 3.094898594410140813e+00 3.081372063441103037e+00 3.068176239074669187e+00 3.055407930099685032e+00 3.043160584553541437e+00 3.031523585619809946e+00 3.020581578652214549e+00 3.010413834432872804e+00 3.001093653496564873e+00 2.992687816039985904e+00 2.985256081587710497e+00 2.978850742207665991e+00 2.973516232661144176e+00 2.969288800438888654e+00 2.966196238178838041e+00 2.964257680486233060e+00 2.963483466686531287e+00 2.963875070539698342e+00 2.965425097434841728e+00 2.968117349070455990e+00 2.971926955112103474e+00 2.976820570809533439e+00 2.982756639053403713e+00 2.989685714861421317e+00 2.997550849808745976e+00 3.006288033461419928e+00 3.015826688438009828e+00 3.026090215316676435e+00 3.036996583225812785e+00 3.048458961608998319e+00 3.060386388341944208e+00 3.072684469102792360e+00 3.085256102659645006e+00 3.098002226542313498e+00 3.110822577410600420e+00 3.123616460319956101e+00 3.136283521018157661e+00 3.148724515384036859e+00 3.160842070141517635e+00 3.172541429049246187e+00 3.183731178877033940e+00 3.194323949634873205e+00 3.204237083716719336e+00 3.213393268858471430e+00 3.221721130085548612e+00 3.229155776138220357e+00 3.235639296209948501e+00 3.241121203212772528e+00 3.245558820191414284e+00 3.248917606941109426e+00 3.251171424339947436e+00 3.252302734381200988e+00 3.252302734381200988e+00 3.251171424339947436e+00 3.248917606941109426e+00 3.245558820191414284e+00 3.241121203212772528e+00 3.235639296209948501e+00 3.229155776138220357e+00 3.221721130085548612e+00 3.213393268858471430e+00 3.204237083716719336e+00 3.194323949634873205e+00 3.183731178877033940e+00 3.172541429049246187e+00 3.160842070141517635e+00 3.148724515384036859e+00 3.136283521018157661e+00 3.123616460319956101e+00 3.110822577410600420e+00 3.098002226542313498e+00 3.085256102659645006e+00 3.072684469102792360e+00 3.060386388341944208e+00 3.048458961608998319e+00 3.036996583225812785e+00 3.026090215316676435e+00 3.015826688438009828e+00 3.006288033461419928e+00 2.997550849808745976e+00 2.989685714861421317e+00 2.982756639053403713e+00 2.976820570809533439e+00 2.971926955112103474e+00 2.968117349070455990e+00 2.965425097434841728e+00 2.963875070539698342e+00 2.963483466686531287e+00 2.964257680486233060e+00 2.966196238178838041e+00 2.969288800438888654e+00 2.973516232661144176e+00 2.978850742207665991e+00 2.985256081587710497e+00 2.992687816039985904e+00 3.001093653496564873e+00 3.010413834432872804e+00 3.020581578652214549e+00 3.031523585619809946e+00 3.043160584553541437e+00 3.055407930099685032e+00 3.068176239074669187e+00 3.081372063441103037e+00 3.094898594410140813e+00 3.108656392325089612e+00 3.122544136784493052e+00 3.136459391308497047e+00 3.150299376741212409e+00 3.163961747514811407e+00 3.177345364878819467e+00 3.190351061220716655e+00 3.202882389671160013e+00 3.214846353298651760e+00 3.226154108353210148e+00 3.236721636215548870e+00 3.246470378945812030e+00 3.255327833602367438e+00
3.230250262015822216e+00 3.237183862906570564e+00 3.243141537134544450e+00 3.248078416909024213e+00 3.251957318408564834e+00 3.254749024032205895e+00 3.256432504185930998e+00 3.256995076917557963e+00 3.256432504185930998e+00 3.254749024032205895e+00 3.251957318408564834e+00 3.248078416909024213e+00 3.243141537134544450e+00 3.237183862906570564e+00 3.230250262015822216e+00 3.222392945653054230e+00 3.213671072111971672e+00 3.204150297778369794e+00 3.193902278820405005e+00 3.183004127369821301e+00 3.171537826330012688e+00 3.159589607261402922e+00 3.147249296075303793e+00 3.134609631512213834e+00 3.121765561587305005e+00 3.108813523353316288e+00 3.095850711457765581e+00 3.082974341056450296e+00 3.070280910687900544e+00 3.057865470713556189e+00 3.045820902885831405e+00 3.034237216521381786e+00 3.023200866630263661e+00 3.012794099184457952e+00 3.003094328502481147e+00 2.994173551482209206e+00 2.986097803133517470e+00 2.978926657547808166e+00 2.972712778095664365e+00 2.967501520269014481e+00 2.963330590183519408e+00 2.960229761333149412e+00 2.958220651745553820e+00 2.957316563227048167e+00 2.957522383913500974e+00 2.958834554861548671e+00 2.961241100927188175e+00 2.964721725689511533e+00 2.969247969689964517e+00 2.974783430775637783e+00 2.981284044862521743e+00 2.988698424974856049e+00 2.996968255973261552e+00 3.006028741960616202e+00 3.015809102953790344e+00 3.026233117034557552e+00 3.037219703846952168e+00 3.048683544993851857e+00 3.060535736604846679e+00 3.072684469102792360e+00 3.085035728989605985e+00 3.097494017304466052e+00 3.109963079280887666e+00 3.122346639644108635e+00 3.134549137947513220e+00 3.146476458346754157e+00 3.158036648252767975e+00 3.169140620389804486e+00 3.179702832911106558e+00 3.189641942392120288e+00 3.198881424727849421e+00 3.207350159205444751e+00 3.214982971303703696e+00 3.221721130085548612e+00 3.227512796395390016e+00 3.232313418448014897e+00 3.236086071796291375e+00 3.238801741088659814e+00 3.240439541470578888e+00 3.240986877943910383e+00 3.240439541470578888e+00 3.238801741088659814e+00 3.236086071796291375e+00 3.232313418448014897e+00 3.227512796395390016e+00 3.221721130085548612e+00 3.214982971303703696e+00 3.207350159205444751e+00 3.198881424727849421e+00 3.189641942392120288e+00 3.179702832911106558e+00 3.169140620389804486e+00 3.158036648252767975e+00 3.146476458346754157e+00 3.134549137947513220e+00 3.122346639644108635e+00 3.109963079280887666e+00 3.097494017304466052e+00 3.085035728989605985e+00 3.072684469102792360e+00 3.060535736604846679e+00 3.048683544993851857e+00 3.037219703846952168e+00 3.026233117034557552e+00 3.015809102953790344e+00 3.006028741960616202e+00 2.996968255973261552e+00 2.988698424974856049e+00 2.981284044862521743e+00 2.974783430775637783e+00 2.969247969689964517e+00 2.964721725689511533e+00 2.961241100927188175e+00 2.958834554861548671e+00 2.957522383913500974e+00 2.957316563227048167e+00 2.958220651745553820e+00 2.960229761333149412e+00 2.963330590183519408e+00 2.967501520269014481e+00 2.972712778095664365e+00 2.978926657547808166e+00 2.986097803133517470e+00 2.994173551482209206e+00 3.003094328502481147e+00 3.012794099184457952e+00 3.023200866630263661e+00 3.034237216521381786e+00 3.045820902885831405e+00 3.057865470713556189e+00 3.070280910687900544e+00 3.082974341056450296e+00 3.095850711457765581e+00 3.108813523353316288e+00 3.121765561587305005e+00 3.134609631512213834e+00 3.147249296075303793e+00 3.159589607261402922e+00 3.171537826330012688e+00 3.183004127369821301e+00 3.193902278820405005e+00 3.204150297778369794e+00 3.213671072111971672e+00 3.222392945653054230e+00
3.196207377901208790e+00 3.203081786965269018e+00 3.209074691539216762e+00 3.214140338739256197e+00 3.218240056127942506e+00 3.221342546262826900e+00 3.223424125071863156e+00 3.224468902241026225e+00 3.224468902241026225e+00 3.223424125071863156e+00 3.221342546262826900e+00 3.218240056127942506e+00 3.214140338739256197e+00 3.209074691539216762e+00 3.203081786965269018e+00 3.196207377901208790e+00 3.188503949197400988e+00 3.180030317912535764e+00 3.170851185319929044e+00 3.161036644088543568e+00 3.150661644390166938e+00 3.139805422996817530e+00 3.128550899714243272e+00 3.116984045745997189e+00 3.105193228796320426e+00 3.093268539897126246e+00 3.081301107083573410e+00 3.069382401142855432e+00 3.057603538721229697e+00 3.046054588094486260e+00 3.034823882886836355e+00 3.023997348962776499e+00 3.013657849616266926e+00 3.003884554042390409e+00 2.994752333899479257e+00 2.986331192555984781e+00 2.978685731367632261e+00 2.971874657048655166e+00 2.965950333888129453e+00 2.960958384221232809e+00 2.956937340197967945e+00 2.953918349501561291e+00 2.951924937258130210e+00 2.950972825951632128e+00 2.951069814716620332e+00 2.952215718929468213e+00 2.954402370559810809e+00 2.957613679281536179e+00 2.961825753880231726e+00 2.967007083035115844e+00 2.973118774101564998e+00 2.980114848078945666e+00 2.987942588520814624e+00 2.996542941734022580e+00 3.005850965222861770e+00 3.015796320967220723e+00 3.026303809782453502e+00 3.037293942695975968e+00 3.048683544993851857e+00 3.060386388341944208e+00 3.072313846172498586e+00 3.084375567349919134e+00 3.096480162990315588e+00 3.108535901209259489e+00 3.120451404511763283e+00 3.132136344518352988e+00 3.143502128741303636e+00 3.154462574185536994e+00 3.164934562648902272e+00 3.174838672735753153e+00 3.184099783774895887e+00 3.192647647046733539e+00 3.200417419973147215e+00 3.207350159205444751e+00 3.213393268858471430e+00 3.218500900480213200e+00 3.222634301713486860e+00 3.225762110996734933e+00 3.227860596061473686e+00 3.228913834411657025e+00 3.228913834411657025e+00 3.227860596061473686e+00 3.225762110996734933e+00 3.222634301713486860e+00 3.218500900480213200e+00 3.213393268858471430e+00 3.207350159205444751e+00 3.200417419973147215e+00 3.192647647046733539e+00 3.184099783774895887e+00 3.174838672735753153e+00 3.164934562648902272e+00 3.154462574185536994e+00 3.143502128741303636e+00 3.132136344518352988e+00 3.120451404511763283e+00 3.108535901209259489e+00 3.096480162990315588e+00 3.084375567349919134e+00 3.072313846172498586e+00 3.060386388341944208e+00 3.048683544993851857e+00 3.037293942695975968e+00 3.026303809782453502e+00 3.015796320967220723e+00 3.005850965222861770e+00 2.996542941734022580e+00 2.987942588520814624e+00 2.980114848078945666e+00 2.973118774101564998e+00 2.967007083035115844e+00 2.961825753880231726e+00 2.957613679281536179e+00 2.954402370559810809e+00 2.952215718929468213e+00 2.951069814716620332e+00 2.950972825951632128e+00 2.951924937258130210e+00 2.953918349501561291e+00 2.956937340197967945e+00 2.960958384221232809e+00 2.965950333888129453e+00 2.971874657048655166e+00 2.978685731367632261e+00 2.986331192555984781e+00 2.994752333899479257e+00 3.003884554042390409e+00 3.013657849616266926e+00 3.023997348962776499e+00 3.034823882886836355e+00 3.046054588094486260e+00 3.057603538721229697e+00 3.069382401142855432e+00 3.081301107083573410e+00 3.093268539897126246e+00 3.105193228796320426e+00 3.116984045745997189e+00 3.128550899714243272e+00 3.139805422996817530e+00 3.150661644390166938e+00 3.161036644088543568e+00 3.170851185319929044e+00 3.180030317912535764e+00 3.188503949197400988e+00
3.161358535374221734e+00 3.168062362405765331e+00 3.173981414968404469e+00 3.179069747422596848e+00 3.183287871663402324e+00 3.186603059100875601e+00 3.188989590936254448e+00 3.190428954826899588e+00 3.190909986441492929e+00 3.190428954826899588e+00 3.188989590936254448e+00 3.186603059100875601e+00 3.183287871663402324e+00 3.179069747422596848e+00 3.173981414968404469e+00 3.168062362405765331e+00 3.161358535374221734e+00 3.153921985664319916e+00 3.145810473108302308e+00 3.137087023778704520e+00 3.127819447861410307e+00 3.118079820877149633e+00 3.107943932204806359e+00 3.097490705109172904e+00 3.086801592693154461e+00 3.075959954378022942e+00 3.065050417663987670e+00 3.054158230035727950e+00 3.043368605952949224e+00 3.032766073903813808e+00 3.022433828498947150e+00 3.012453092545726019e+00 3.002902493966925324e+00 2.993857462315116180e+00 2.985389649485370001e+00 2.977566379044963796e+00 2.970450128381180388e+00 2.964098047618830112e+00 2.958561518979438532e+00 2.953885759946519141e+00 2.950109473268059279e+00 2.947264546471086266e+00 2.945375803186509600e+00 2.944460808188168688e+00 2.944529727641392203e+00 2.945585245636198390e+00 2.947622537651977126e+00 2.950629301167240204e+00 2.954585843193095585e+00 2.959465224075866985e+00 2.965233456486009445e+00 2.971849758090372884e+00 2.979266855996234309e+00 2.987431340661403478e+00 2.996284066588069894e+00 3.005760596761922532e+00 3.015791687464892235e+00 3.026303809782453502e+00 3.037219703846952168e+00 3.048458961608998319e+00 3.059938633711639877e+00 3.071573855858307223e+00 3.083278489916863041e+00 3.094965774889644639e+00 3.106548982803958747e+00 3.117942074539716391e+00 3.129060350610997077e+00 3.139821091956373156e+00 3.150144185868474001e+00 3.159952732305958190e+00 3.169173625979960107e+00 3.177738109791016452e+00 3.185582295410064102e+00 3.192647647046733539e+00 3.198881424727849421e+00 3.204237083716719336e+00 3.208674627037144678e+00 3.212160908422499350e+00 3.214669883386961136e+00 3.216182806510435643e+00 3.216688373437424975e+00 3.216182806510435643e+00 3.214669883386961136e+00 3.212160908422499350e+00 3.208674627037144678e+00 3.204237083716719336e+00 3.198881424727849421e+00 3.192647647046733539e+00 3.185582295410064102e+00 3.177738109791016452e+00 3.169173625979960107e+00 3.159952732305958190e+00 3.150144185868474001e+00 3.139821091956373156e+00 3.129060350610997077e+00 3.117942074539716391e+00 3.106548982803958747e+00 3.094965774889644639e+00 3.083278489916863041e+00 3.071573855858307223e+00 3.059938633711639877e+00 3.048458961608998319e+00 3.037219703846952168e+00 3.026303809782453502e+00 3.015791687464892235e+00 3.005760596761922532e+00 2.996284066588069894e+00 2.987431340661403478e+00 2.979266855996234309e+00 2.971849758090372884e+00 2.965233456486009445e+00 2.959465224075866985e+00 2.954585843193095585e+00 2.950629301167240204e+00 2.947622537651977126e+00 2.945585245636198390e+00 2.944529727641392203e+00 2.944460808188168688e+00 2.945375803186509600e+00 2.947264546471086266e+00 2.950109473268059279e+00 2.953885759946519141e+00 2.958561518979438532e+00 2.964098047618830112e+00 2.970450128381180388e+00 2.977566379044963796e+00 2.985389649485370001e+00 2.993857462315116180e+00 3.002902493966925324e+00 3.012453092545726019e+00 3.022433828498947150e+00 3.032766073903813808e+00 3.043368605952949224e+00 3.054158230035727950e+00 3.065050417663987670e+00 3.075959954378022942e+00 3.086801592693154461e+00 3.097490705109172904e+00 3.107943932204806359e+00 3.118079820877149633e+00 3.127819447861410307e+00 3.137087023778704520e+00 3.145810473108302308e+00 3.153921985664319916e+00
3.125968955168797692e+00 3.132388882491115023e+00 3.138122242550181795e+00 3.143123608105508726e+00 3.147353372579603903e+00 3.150778054425460439e+00 3.153370554397836756e+00 3.155110363765741610e+00 3.155983721877671400e+00 3.155983721877671400e+00 3.155110363765741610e+00 3.153370554397836756e+00 3.150778054425460439e+00 3.147353372579603903e+00 3.143123608105508726e+00 3.138122242550181795e+00 3.132388882491115023e+00 3.125968955168797692e+00 3.118913359345091063e+00 3.111278074051103903e+00 3.103123728209650878e+00 3.094515134415971591e+00 3.085520790434067351e+00 3.076212352212527090e+00 3.066664082441346917e+00 3.056952278858119598e+00 3.047154686666960544e+00 3.037349899555153332e+00 3.027616753880022937e+00 3.018033720651243978e+00 3.008678299951244473e+00 2.999626422418451899e+00 2.990951862365004654e+00 2.982725667012613879e+00 2.975015606208109009e+00 2.967885646824912627e+00 2.961395455869247240e+00 2.955599936091920288e+00 2.950548797659541034e+00 2.946286169164958224e+00 2.942850250957679048e+00 2.940273013453226891e+00 2.938579942738369866e+00 2.937789835429390539e+00 2.937914644365942962e+00 2.938959376336274687e+00 2.940922042633700162e+00 2.943793662842221881e+00 2.947558321844075291e+00 2.952193279636931234e+00 2.957669133146499707e+00 2.963950028824468674e+00 2.970993924435035183e+00 2.978752898058800280e+00 2.987173501983166446e+00 2.996197158806516381e+00 3.005760596761922532e+00 3.015796320967220723e+00 3.026233117034557552e+00 3.036996583225812785e+00 3.048009687122554823e+00 3.059193342592175124e+00 3.070467002676839030e+00 3.081749263910133152e+00 3.092958477478770174e+00 3.104013362593942116e+00 3.114833617419503042e+00 3.125340522922011033e+00 3.135457535060889089e+00 3.145110860824900101e+00 3.154230013743357208e+00 3.162748344655918142e+00 3.170603543712240846e+00 3.177738109791016452e+00 3.184099783774895887e+00 3.189641942392120288e+00 3.194323949634873205e+00 3.198111463086325212e+00 3.200976692830657999e+00 3.202898610980254190e+00 3.203863110229197897e+00 3.203863110229197897e+00 3.202898610980254190e+00 3.200976692830657999e+00 3.198111463086325212e+00 3.194323949634873205e+00 3.189641942392120288e+00 3.184099783774895887e+00 3.177738109791016452e+00 3.170603543712240846e+00 3.162748344655918142e+00 3.154230013743357208e+00 3.145110860824900101e+00 3.135457535060889089e+00 3.125340522922011033e+00 3.114833617419503042e+00 3.104013362593942116e+00 3.092958477478770174e+00 3.081749263910133152e+00 3.070467002676839030e+00 3.059193342592175124e+00 3.048009687122554823e+00 3.036996583225812785e+00 3.026233117034557552e+00 3.015796320967220723e+00 3.005760596761922532e+00 2.996197158806516381e+00 2.987173501983166446e+00 2.978752898058800280e+00 2.970993924435035183e+00 2.963950028824468674e+00 2.957669133146499707e+00 2.952193279636931234e+00 2.947558321844075291e+00 2.943793662842221881e+00 2.940922042633700162e+00 2.938959376336274687e+00 2.937914644365942962e+00 2.937789835429390539e+00 2.938579942738369866e+00 2.940273013453226891e+00 2.942850250957679048e+00 2.946286169164958224e+00 2.950548797659541034e+00 2.955599936091920288e+00 2.961395455869247240e+00 2.967885646824912627e+00 2.975015606208109009e+00 2.982725667012613879e+00 2.990951862365004654e+00 2.999626422418451899e+00 3.008678299951244473e+00 3.018033720651243978e+00 3.027616753880022937e+00 3.037349899555153332e+00 3.047154686666960544e+00 3.056952278858119598e+00 3.066664082441346917e+00 3.076212352212527090e+00 3.085520790434067351e+00 3.094515134415971591e+00 3.103123728209650878e+00 3.111278074051103903e+00 3.118913359345091063e+00
3.090307973359112115e+00 3.096329729276069642e+00 3.101763753930512735e+00 3.106565862539478307e+00 3.110697045742586653e+00 3.114123771174178046e+00 3.116818242646274939e+00 3.118758614962274578e+00 3.119929162720257665e+00 3.120320401816394362e+00 3.119929162720257665e+00 3.118758614962274578e+00 3.116818242646274939e+00 3.114123771174178046e+00 3.110697045742586653e+00 3.106565862539478307e+00 3.101763753930512735e+00 3.096329729276069642e+00 3.090307973359112115e+00 3.083747504727966326e+00 3.076701796564447644e+00 3.069228362974365965e+00 3.061388313861774346e+00 3.053245881788781091e+00 3.044867924437131279e+00 3.036323406474653819e+00 3.027682864787626382e+00 3.019017861167782257e+00 3.010400426639341820e+00 3.001902501676052548e+00 2.993595376590609813e+00 2.985549136378455870e+00 2.977832114264995056e+00 2.970510358139931029e+00 2.963647113965214519e+00 2.957302330114667921e+00 2.951532186444826511e+00 2.946388651709031858e+00 2.941919072711668637e+00 2.938165798358582048e+00 2.935165841494530525e+00 2.932950581131545054e+00 2.931545507364987646e+00 2.930970010949644600e+00 2.931237219168585373e+00 2.932353879275419128e+00 2.934320290428738431e+00 2.937130284668576508e+00 2.940771257111547410e+00 2.945224245166732757e+00 2.950464056201266061e+00 2.956459442715676733e+00 2.963173323727346986e+00 2.970563050708471931e+00 2.978580716085551305e+00 2.987173501983166446e+00 2.996284066588069894e+00 3.005850965222861770e+00 3.015809102953790344e+00 3.026090215316676435e+00 3.036623373530291659e+00 3.047335510379469259e+00 3.058151962792182932e+00 3.068997027006961975e+00 3.079794522130338663e+00 3.090468357819315059e+00 3.100943101791457934e+00 3.111144542865575513e+00 3.121000245268930495e+00 3.130440090012330590e+00 3.139396799231757740e+00 3.147806439523690880e+00 3.155608900459998978e+00 3.162748344655918142e+00 3.169173625979960107e+00 3.174838672735753153e+00 3.179702832911106558e+00 3.183731178877033940e+00 3.186894769226679802e+00 3.189170865768993668e+00 3.190543104031908328e+00 3.191001615982257178e+00 3.190543104031908328e+00 3.189170865768993668e+00 3.186894769226679802e+00 3.183731178877033940e+00 3.179702832911106558e+00 3.174838672735753153e+00 3.169173625979960107e+00 3.162748344655918142e+00 3.155608900459998978e+00 3.147806439523690880e+00 3.139396799231757740e+00 3.130440090012330590e+00 3.121000245268930495e+00 3.111144542865575513e+00 3.100943101791457934e+00 3.090468357819315059e+00 3.079794522130338663e+00 3.068997027006961975e+00 3.058151962792182932e+00 3.047335510379469259e+00 3.036623373530291659e+00 3.026090215316676435e+00 3.015809102953790344e+00 3.005850965222861770e+00 2.996284066588069894e+00 2.987173501983166446e+00 2.978580716085551305e+00 2.970563050708471931e+00 2.963173323727346986e+00 2.956459442715676733e+00 2.950464056201266061e+00 2.945224245166732757e+00 2.940771257111547410e+00 2.937130284668576508e+00 2.934320290428738431e+00 2.932353879275419128e+00 2.931237219168585373e+00 2.930970010949644600e+00 2.931545507364987646e+00 2.932950581131545054e+00 2.935165841494530525e+00 2.938165798358582048e+00 2.941919072711668637e+00 2.946388651709031858e+00 2.951532186444826511e+00 2.957302330114667921e+00 2.963647113965214519e+00 2.970510358139931029e+00 2.977832114264995056e+00 2.985549136378455870e+00 2.993595376590609813e+00 3.001902501676052548e+00 3.010400426639341820e+00 3.019017861167782257e+00 3.027682864787626382e+00 3.036323406474653819e+00 3.044867924437131279e+00 3.053245881788781091e+00 3.061388313861774346e+00 3.069228362974365965e+00 3.076701796564447644e+00 3.083747504727966326e+00
3.054646991549427870e+00 3.060156336986533443e+00 3.065176556491285620e+00 3.069665438656318912e+00 3.073585299596752307e+00 3.076903276449317826e+00 3.079591583247038855e+00 3.081627727211144308e+00 3.082994683804886282e+00 3.083681029209661251e+00 3.083681029209661251e+00 3.082994683804886282e+00 3.081627727211144308e+00 3.079591583247038855e+00 3.076903276449317826e+00 3.073585299596752307e+00 3.069665438656318912e+00 3.065176556491285620e+00 3.060156336986533443e+00 3.054646991549427870e+00 3.048694930232719980e+00 3.042350399996928356e+00 3.035667092881490614e+00 3.028701727084656792e+00 3.021513604159963506e+00 3.014164145720484189e+00 3.006716413199643778e+00 2.999234614347793038e+00 2.991783600246286312e+00 2.984428356694312168e+00 2.977233493868016723e+00 2.970262738165919014e+00 2.963578430139254039e+00 2.957241032360807154e+00 2.951308651011297357e+00 2.945836574859100665e+00 2.940876835177718363e+00 2.936477789987037568e+00 2.932683735820182935e+00 2.929534550009111005e+00 2.927065366250548806e+00 2.925306285961298602e+00 2.924282127660123631e+00 2.924012216324550106e+00 2.924510214367131766e+00 2.925783995559324335e+00 2.927835562904551381e+00 2.930661011127769111e+00 2.934250534109375419e+00 2.938588477249324260e+00 2.943653434405312908e+00 2.949418388709528660e+00 2.955850896234343939e+00 2.962913311150906281e+00 2.970563050708471931e+00 2.978752898058800280e+00 2.987431340661403478e+00 2.996542941734022580e+00 3.006028741960616202e+00 3.015826688438009828e+00 3.025872087634354113e+00 3.036098078948789691e+00 3.046436125304076370e+00 3.056816517073202011e+00 3.067168885538451573e+00 3.077422722007700617e+00 3.087507898668441886e+00 3.097355187245497188e+00 3.106896771543811386e+00 3.116066750002820296e+00 3.124801624463483751e+00 3.133040771452510143e+00 3.140726892419785532e+00 3.147806439523690880e+00 3.154230013743357208e+00 3.159952732305958190e+00 3.164934562648902272e+00 3.169140620389804486e+00 3.172541429049246187e+00 3.175113139560663100e+00 3.176837707905944885e+00 3.177703029532195966e+00 3.177703029532195966e+00 3.176837707905944885e+00 3.175113139560663100e+00 3.172541429049246187e+00 3.169140620389804486e+00 3.164934562648902272e+00 3.159952732305958190e+00 3.154230013743357208e+00 3.147806439523690880e+00 3.140726892419785532e+00 3.133040771452510143e+00 3.124801624463483751e+00 3.116066750002820296e+00 3.106896771543811386e+00 3.097355187245497188e+00 3.087507898668441886e+00 3.077422722007700617e+00 3.067168885538451573e+00 3.056816517073202011e+00 3.046436125304076370e+00 3.036098078948789691e+00 3.025872087634354113e+00 3.015826688438009828e+00 3.006028741960616202e+00 2.996542941734022580e+00 2.987431340661403478e+00 2.978752898058800280e+00 2.970563050708471931e+00 2.962913311150906281e+00 2.955850896234343939e+00 2.949418388709528660e+00 2.943653434405312908e+00 2.938588477249324260e+00 2.934250534109375419e+00 2.930661011127769111e+00 2.927835562904551381e+00 2.925783995559324335e+00 2.924510214367131766e+00 2.924012216324550106e+00 2.924282127660123631e+00 2.925306285961298602e+00 2.927065366250548806e+00 2.929534550009111005e+00 2.932683735820182935e+00 2.936477789987037568e+00 2.940876835177718363e+00 2.945836574859100665e+00 2.951308651011297357e+00 2.957241032360807154e+00 2.963578430139254039e+00 2.970262738165919014e+00 2.977233493868016723e+00 2.984428356694312168e+00 2.991783600246286312e+00 2.999234614347793038e+00 3.006716413199643778e+00 3.014164145720484189e+00 3.021513604159963506e+00 3.028701727084656792e+00 3.035667092881490614e+00 3.042350399996928356e+00 3.048694930232719980e+00
3.019257411344003383e+00 3.024141131947505556e+00 3.028633237481515916e+00 3.032694221564601111e+00 3.036288460560295999e+00 3.039384493673738863e+00 3.041955270204213857e+00 3.043978362056959597e+00 3.045436139884263316e+00 3.046315911504944296e+00 3.046610021540657076e+00 3.046315911504944296e+00 3.045436139884263316e+00 3.043978362056959597e+00 3.041955270204213857e+00 3.039384493673738863e+00 3.036288460560295999e+00 3.032694221564601111e+00 3.028633237481515916e+00 3.024141131947505556e+00 3.019257411344003383e+00 3.014025154005453455e+00 3.008490671116634374e+00 3.002703141901462036e+00 2.996714225903196915e+00 2.990577655332451013e+00 2.984348810613016045e+00 2.978084282385461190e+00 2.971841423333296817e+00 2.965677893275915356e+00 2.959651201025459866e+00 2.953818246531140890e+00 2.948234866833978174e+00 2.942955389327500004e+00 2.938032195765826415e+00 2.933515300380175272e+00 2.929451945358812370e+00 2.925886216814522101e+00 2.922858684208952340e+00 2.920406066025726943e+00 2.918560924285408475e+00 2.917351390276818890e+00 2.916800923642405952e+00 2.916928106702219470e+00 2.917746475633460346e+00 2.919264389842587182e+00 2.921484940576694722e+00 2.924405899522537045e+00 2.928019707837460128e+00 2.932313505748876281e+00 2.937269202550185199e+00 2.942863586513478236e+00 2.949068473935394508e+00 2.955850896234343939e+00 2.963173323727346986e+00 2.970993924435035183e+00 2.979266855996234309e+00 2.987942588520814624e+00 2.996968255973261552e+00 3.006288033461419928e+00 3.015843537606681224e+00 3.025574246995185401e+00 3.035417939555618005e+00 3.045311143579096491e+00 3.055189598991489675e+00 3.064988725409099946e+00 3.074644093455479066e+00 3.084091895790797455e+00 3.093269414305716669e+00 3.102115479959190125e+00 3.110570921793850641e+00 3.118579001743130963e+00 3.126085831950521143e+00 3.133040771452510143e+00 3.139396799231757740e+00 3.145110860824900101e+00 3.150144185868474001e+00 3.154462574185536994e+00 3.158036648252767975e+00 3.160842070141517635e+00 3.162859721294390081e+00 3.164075843779504016e+00 3.164482141955527350e+00 3.164075843779504016e+00 3.162859721294390081e+00 3.160842070141517635e+00 3.158036648252767975e+00 3.154462574185536994e+00 3.150144185868474001e+00 3.145110860824900101e+00 3.139396799231757740e+00 3.133040771452510143e+00 3.126085831950521143e+00 3.118579001743130963e+00 3.110570921793850641e+00 3.102115479959190125e+00 3.093269414305716669e+00 3.084091895790797455e+00 3.074644093455479066e+00 3.064988725409099946e+00 3.055189598991489675e+00 3.045311143579096491e+00 3.035417939555618005e+00 3.025574246995185401e+00 3.015843537606681224e+00 3.006288033461419928e+00 2.996968255973261552e+00 2.987942588520814624e+00 2.979266855996234309e+00 2.970993924435035183e+00 2.963173323727346986e+00 2.955850896234343939e+00 2.949068473935394508e+00 2.942863586513478236e+00 2.937269202550185199e+00 2.932313505748876281e+00 2.928019707837460128e+00 2.924405899522537045e+00 2.921484940576694722e+00 2.919264389842587182e+00 2.917746475633460346e+00 2.916928106702219470e+00 2.916800923642405952e+00 2.917351390276818890e+00 2.918560924285408475e+00 2.920406066025726943e+00 2.922858684208952340e+00 2.925886216814522101e+00 2.929451945358812370e+00 2.933515300380175272e+00 2.938032195765826415e+00 2.942955389327500004e+00 2.948234866833978174e+00 2.953818246531140890e+00 2.959651201025459866e+00 2.965677893275915356e+00 2.971841423333296817e+00 2.978084282385461190e+00 2.984348810613016045e+00 2.990577655332451013e+00 2.996714225903196915e+00 3.002703141901462036e+00 3.008490671116634374e+00 3.014025154005453455e+00
2.984408568817016327e+00 2.988555464727039368e+00 2.992406300625133131e+00 2.995925001375503438e+00 2.999078738742143369e+00 3.001838192745766687e+00 3.004177784929916939e+00 3.006075881741712141e+00 3.007514966462753847e+00 3.008481778367863679e+00 3.008967418041421649e+00 3.008967418041421649e+00 3.008481778367863679e+00 3.007514966462753847e+00 3.006075881741712141e+00 3.004177784929916939e+00 3.001838192745766687e+00 2.999078738742143369e+00 2.995925001375503438e+00 2.992406300625133131e+00 2.988555464727039368e+00 2.984408568817016327e+00 2.980004647493901260e+00 2.975385383515114057e+00 2.970594775020773071e+00 2.965678783848590516e+00 2.960684967648157695e+00 2.955662098628857759e+00 2.950659771879720505e+00 2.945728006281180811e+00 2.940916841087199085e+00 2.936275931291325136e+00 2.931854144901498760e+00 2.927699165235845502e+00 2.923857101315299634e+00 2.920372109369071101e+00 2.917286028385989383e+00 2.914638032539488943e+00 2.912464303186945713e+00 2.910797722996521397e+00 2.909667594587470152e+00 2.909099385884413635e+00 2.909114504183835326e+00 2.909730100713380452e+00 2.910958907233302639e+00 2.912809105986168934e+00 2.915284234047704093e+00 2.918383122870252588e+00 2.922099873542809423e+00 2.926423868019940144e+00 2.931339816298184520e+00 2.936827839244976257e+00 2.942863586513478236e+00 2.949418388709528660e+00 2.956459442715676733e+00 2.963950028824468674e+00 2.971849758090372884e+00 2.980114848078945666e+00 2.988698424974856049e+00 2.997550849808745976e+00 3.006620066378215217e+00 3.015851968271897832e+00 3.025190782258844191e+00 3.034579465179430002e+00 3.043960111369728327e+00 3.053274367569402514e+00 3.062463852204544867e+00 3.071470575901705136e+00 3.080237360078044606e+00 3.088708250465197924e+00 3.096828922460870714e+00 3.104547075262203748e+00 3.111812811818081226e+00 3.118579001743130963e+00 3.124801624463483751e+00 3.130440090012330590e+00 3.135457535060889089e+00 3.139821091956373156e+00 3.143502128741303636e+00 3.146476458346754157e+00 3.148724515384036859e+00 3.150231499203188790e+00 3.150987482140653384e+00 3.150987482140653384e+00 3.150231499203188790e+00 3.148724515384036859e+00 3.146476458346754157e+00 3.143502128741303636e+00 3.139821091956373156e+00 3.135457535060889089e+00 3.130440090012330590e+00 3.124801624463483751e+00 3.118579001743130963e+00 3.111812811818081226e+00 3.104547075262203748e+00 3.096828922460870714e+00 3.088708250465197924e+00 3.080237360078044606e+00 3.071470575901705136e+00 3.062463852204544867e+00 3.053274367569402514e+00 3.043960111369728327e+00 3.034579465179430002e+00 3.025190782258844191e+00 3.015851968271897832e+00 3.006620066378215217e+00 2.997550849808745976e+00 2.988698424974856049e+00 2.980114848078945666e+00 2.971849758090372884e+00 2.963950028824468674e+00 2.956459442715676733e+00 2.949418388709528660e+00 2.942863586513478236e+00 2.936827839244976257e+00 2.931339816298184520e+00 2.926423868019940144e+00 2.922099873542809423e+00 2.918383122870252588e+00 2.915284234047704093e+00 2.912809105986168934e+00 2.910958907233302639e+00 2.909730100713380452e+00 2.909114504183835326e+00 2.909099385884413635e+00 2.909667594587470152e+00 2.910797722996521397e+00 2.912464303186945713e+00 2.914638032539488943e+00 2.917286028385989383e+00 2.920372109369071101e+00 2.923857101315299634e+00 2.927699165235845502e+00 2.931854144901498760e+00 2.936275931291325136e+00 2.940916841087199085e+00 2.945728006281180811e+00 2.950659771879720505e+00 2.955662098628857759e+00 2.960684967648157695e+00 2.965678783848590516e+00 2.970594775020773071e+00 2.975385383515114057e+00 2.980004647493901260e+00
2.950365684702402902e+00 2.953667550223434191e+00 2.956766102887768088e+00 2.959629413443908064e+00 2.962228178418645275e+00 2.964535957433616975e+00 2.966529387114436034e+00 2.968188369940294891e+00 2.969496236575762893e+00 2.970439880431470225e+00 2.971009863414963537e+00 2.971200492055457332e+00 2.971009863414963537e+00 2.970439880431470225e+00 2.969496236575762893e+00 2.968188369940294891e+00 2.966529387114436034e+00 2.964535957433616975e+00 2.962228178418645275e+00 2.959629413443908064e+00 2.956766102887768088e+00 2.953667550223434191e+00 2.950365684702402902e+00 2.946894802463843277e+00 2.943291288070452705e+00 2.939593318623312523e+00 2.935840552743705700e+00 2.932073806827913298e+00 2.928334721080587233e+00 2.924665417912830190e+00 2.921108155351744617e+00 2.917704978148774497e+00 2.914497369294015261e+00 2.911525904642944251e+00 2.908829913340546636e+00 2.906447146685758209e+00 2.904413458016957161e+00 2.902762496117198499e+00 2.901525414536772374e+00 2.900730599111172925e+00 2.900403415815558716e+00 2.900565980943460076e+00 2.901236955428782238e+00 2.902431364947567705e+00 2.904160447240743625e+00 2.906431527892784583e+00 2.909247925585329853e+00 2.912608887621079390e+00 2.916509556283310101e+00 2.920940966361987190e+00 2.925890073940381697e+00 2.931339816298184520e+00 2.937269202550185199e+00 2.943653434405312908e+00 2.950464056201266061e+00 2.957669133146499707e+00 2.965233456486009445e+00 2.973118774101564998e+00 2.981284044862521743e+00 2.989685714861421317e+00 2.998278013500815575e+00 3.007013267245266075e+00 3.015842228716528073e+00 3.024714418691504481e+00 3.033578478462599204e+00 3.042382529939370528e+00 3.051074540809469937e+00 3.059602692036207827e+00 3.067915744950150181e+00 3.075963405192878586e+00 3.083696680792586520e+00 3.091068231693377744e+00 3.098032708122518297e+00 3.104547075262203748e+00 3.110570921793850641e+00 3.116066750002820296e+00 3.121000245268930495e+00 3.125340522922011033e+00 3.129060350610997077e+00 3.132136344518352988e+00 3.134549137947513220e+00 3.136283521018157661e+00 3.137328550420798390e+00 3.137677628406784436e+00 3.137328550420798390e+00 3.136283521018157661e+00 3.134549137947513220e+00 3.132136344518352988e+00 3.129060350610997077e+00 3.125340522922011033e+00 3.121000245268930495e+00 3.116066750002820296e+00 3.110570921793850641e+00 3.104547075262203748e+00 3.098032708122518297e+00 3.091068231693377744e+00 3.083696680792586520e+00 3.075963405192878586e+00 3.067915744950150181e+00 3.059602692036207827e+00 3.051074540809469937e+00 3.042382529939370528e+00 3.033578478462599204e+00 3.024714418691504481e+00 3.015842228716528073e+00 3.007013267245266075e+00 2.998278013500815575e+00 2.989685714861421317e+00 2.981284044862521743e+00 2.973118774101564998e+00 2.965233456486009445e+00 2.957669133146499707e+00 2.950464056201266061e+00 2.943653434405312908e+00 2.937269202550185199e+00 2.931339816298184520e+00 2.925890073940381697e+00 2.920940966361987190e+00 2.916509556283310101e+00 2.912608887621079390e+00 2.909247925585329853e+00 2.906431527892784583e+00 2.904160447240743625e+00 2.902431364947567705e+00 2.901236955428782238e+00 2.900565980943460076e+00 2.900403415815558716e+00 2.900730599111172925e+00 2.901525414536772374e+00 2.902762496117198499e+00 2.904413458016957161e+00 2.906447146685758209e+00 2.908829913340546636e+00 2.911525904642944251e+00 2.914497369294015261e+00 2.917704978148774497e+00 2.921108155351744617e+00 2.924665417912830190e+00 2.928334721080587233e+00 2.932073806827913298e+00 2.935840552743705700e+00 2.939593318623312523e+00 2.943291288070452705e+00 2.946894802463843277e+00
2.917387845903931964e+00 2.919740431362880084e+00 2.921978807084635310e+00 2.924075886669669444e+00 2.926006608825939992e+00 2.927748145425211224e+00 2.929280090722744756e+00 2.930584630270804070e+00 2.931646688214563312e+00 2.932454051827050545e+00 2.932997472316740684e+00 2.933270741125584724e+00 2.933270741125584724e+00 2.932997472316740684e+00 2.932454051827050545e+00 2.931646688214563312e+00 2.930584630270804070e+00 2.929280090722744756e+00 2.927748145425211224e+00 2.926006608825939992e+00 2.924075886669669444e+00 2.921978807084635310e+00 2.919740431362880084e+00 2.917387845903931964e+00 2.914949936938301178e+00 2.912457149781638943e+00 2.909941234491640216e+00 2.907434979906439398e+00 2.904971938134951248e+00 2.902586141645360218e+00 2.900311815157383233e+00 2.898183084586328562e+00 2.896233685312326944e+00 2.894496672055878239e+00 2.893004132631304071e+00 2.891786907822612829e+00 2.890874319582074747e+00 2.890293909690647478e+00 2.890071190941920776e+00 2.890229412817816534e+00 2.890789343515860921e+00 2.891769070065021818e+00 2.893183818130971030e+00 2.895045792963144127e+00 2.897364042776275905e+00 2.900144345689395831e+00 2.903389121166889186e+00 2.907097366720474252e+00 2.911264620439264039e+00 2.915882949718957118e+00 2.920940966361987190e+00 2.926423868019940144e+00 2.932313505748876281e+00 2.938588477249324260e+00 2.945224245166732757e+00 2.952193279636931234e+00 2.959465224075866985e+00 2.967007083035115844e+00 2.974783430775637783e+00 2.982756639053403713e+00 2.990887122462918768e+00 2.999133599549528739e+00 3.007453367779740372e+00 3.015802590351476908e+00 3.024136592734171458e+00 3.032410166752429692e+00 3.040577879967370833e+00 3.048594388067090932e+00 3.056414747952297617e+00 3.063994729195282929e+00 3.071291121560070891e+00 3.078262036298709869e+00 3.084867198983131331e+00 3.091068231693377744e+00 3.096828922460870714e+00 3.102115479959190125e+00 3.106896771543811386e+00 3.111144542865575513e+00 3.114833617419503042e+00 3.117942074539716391e+00 3.120451404511763283e+00 3.122346639644108635e+00 3.123616460319956101e+00 3.124253275237219185e+00 3.124253275237219185e+00 3.123616460319956101e+00 3.122346639644108635e+00 3.120451404511763283e+00 3.117942074539716391e+00 3.114833617419503042e+00 3.111144542865575513e+00 3.106896771543811386e+00 3.102115479959190125e+00 3.096828922460870714e+00 3.091068231693377744e+00 3.084867198983131331e+00 3.078262036298709869e+00 3.071291121560070891e+00 3.063994729195282929e+00 3.056414747952297617e+00 3.048594388067090932e+00 3.040577879967370833e+00 3.032410166752429692e+00 3.024136592734171458e+00 3.015802590351476908e+00 3.007453367779740372e+00 2.999133599549528739e+00 2.990887122462918768e+00 2.982756639053403713e+00 2.974783430775637783e+00 2.967007083035115844e+00 2.959465224075866985e+00 2.952193279636931234e+00 2.945224245166732757e+00 2.938588477249324260e+00 2.932313505748876281e+00 2.926423868019940144e+00 2.920940966361987190e+00 2.915882949718957118e+00 2.911264620439264039e+00 2.907097366720474252e+00 2.903389121166889186e+00 2.900144345689395831e+00 2.897364042776275905e+00 2.895045792963144127e+00 2.893183818130971030e+00 2.891769070065021818e+00 2.890789343515860921e+00 2.890229412817816534e+00 2.890071190941920776e+00 2.890293909690647478e+00 2.890874319582074747e+00 2.891786907822612829e+00 2.893004132631304071e+00 2.894496672055878239e+00 2.896233685312326944e+00 2.898183084586328562e+00 2.900311815157383233e+00 2.902586141645360218e+00 2.904971938134951248e+00 2.907434979906439398e+00 2.909941234491640216e+00 2.912457149781638943e+00 2.914949936938301178e+00
2.885726033687422643e+00 2.887029981895583131e+00 2.888304365892024439e+00 2.889527615443984843e+00 2.890679610823303491e+00 2.891741856507265229e+00 2.892697640458763875e+00 2.893532177738331601e+00 2.894232737323774174e+00 2.894788751145036532e+00 2.895191904481368539e+00 2.895436207013811103e+00 2.895518043977492795e+00 2.895436207013811103e+00 2.895191904481368539e+00 2.894788751145036532e+00 2.894232737323774174e+00 2.893532177738331601e+00 2.892697640458763875e+00 2.891741856507265229e+00 2.890679610823303491e+00 2.889527615443984843e+00 2.888304365892024439e+00 2.887029981895583131e+00 2.885726033687422643e+00 2.884415355244522861e+00 2.883121845932535177e+00 2.881870262111465575e+00 2.880686000339032660e+00 2.879594873875710004e+00 2.878622884249868008e+00 2.877795989682451872e+00 2.877139872197713277e+00 2.876679705259711284e+00 2.876439923773245422e+00 2.876443998272783187e+00 2.876714215093795435e+00 2.877271464277947555e+00 2.878135036907198963e+00 2.879322433492360389e+00 2.880849184959658249e+00 2.882728687684936730e+00 2.884972053920005663e+00 2.887587978840123970e+00 2.890582625316581389e+00 2.893959527384666774e+00 2.897719513236207689e+00 2.901860648418098432e+00 2.906378199765269787e+00 2.911264620439264039e+00 2.916509556283310101e+00 2.922099873542809423e+00 2.928019707837460128e+00 2.934250534109375419e+00 2.940771257111547410e+00 2.947558321844075291e+00 2.954585843193095585e+00 2.961825753880231726e+00 2.969247969689964517e+00 2.976820570809533439e+00 2.984509997991918961e+00 2.992281262137985731e+00 3.000098165789998550e+00 3.007923534936061571e+00 3.015719459444461403e+00 3.023447540378923382e+00 3.031069142391020321e+00 3.038545649344690514e+00 3.045838721300567098e+00 3.052910550974535564e+00 3.059724117785995290e+00 3.066243437626482660e+00 3.072433806508636067e+00 3.078262036298709869e+00 3.083696680792586520e+00 3.088708250465197924e+00 3.093269414305716669e+00 3.097355187245497188e+00 3.100943101791457934e+00 3.104013362593942116e+00 3.106548982803958747e+00 3.108535901209259489e+00 3.109963079280887666e+00 3.110822577410600420e+00 3.111109609773739848e+00 3.110822577410600420e+00 3.109963079280887666e+00 3.108535901209259489e+00 3.106548982803958747e+00 3.104013362593942116e+00 3.100943101791457934e+00 3.097355187245497188e+00 3.093269414305716669e+00 3.088708250465197924e+00 3.083696680792586520e+00 3.078262036298709869e+00 3.072433806508636067e+00 3.066243437626482660e+00 3.059724117785995290e+00 3.052910550974535564e+00 3.045838721300567098e+00 3.038545649344690514e+00 3.031069142391020321e+00 3.023447540378923382e+00 3.015719459444461403e+00 3.007923534936061571e+00 3.000098165789998550e+00 2.992281262137985731e+00 2.984509997991918961e+00 2.976820570809533439e+00 2.969247969689964517e+00 2.961825753880231726e+00 2.954585843193095585e+00 2.947558321844075291e+00 2.940771257111547410e+00 2.934250534109375419e+00 2.928019707837460128e+00 2.922099873542809423e+00 2.916509556283310101e+00 2.911264620439264039e+00 2.906378199765269787e+00 2.901860648418098432e+00 2.897719513236207689e+00 2.893959527384666774e+00 2.890582625316581389e+00 2.887587978840123970e+00 2.884972053920005663e+00 2.882728687684936730e+00 2.880849184959658249e+00 2.879322433492360389e+00 2.878135036907198963e+00 2.877271464277947555e+00 2.876714215093795435e+00 2.876443998272783187e+00 2.876439923773245422e+00 2.876679705259711284e+00 2.877139872197713277e+00 2.877795989682451872e+00 2.878622884249868008e+00 2.879594873875710004e+00 2.880686000339032660e+00 2.881870262111465575e+00 2.883121845932535177e+00 2.884415355244522861e+00
2.855621213561768013e+00 2.855782963481342307e+00 2.855994552586880619e+00 2.856240570647338828e+00 2.856506514863939916e+00 2.856778924288025490e+00 2.857045504037880601e+00 2.857295238327770104e+00 2.857518491411887851e+00 2.857707095642437523e+00 2.857854425943632037e+00 2.857955460111374801e+00 2.858006824460913808e+00 2.858006824460913808e+00 2.857955460111374801e+00 2.857854425943632037e+00 2.857707095642437523e+00 2.857518491411887851e+00 2.857295238327770104e+00 2.857045504037880601e+00 2.856778924288025490e+00 2.856506514863939916e+00 2.856240570647338828e+00 2.855994552586880619e+00 2.855782963481342307e+00 2.855621213561768013e+00 2.855525476941400242e+00 2.855512540075870742e+00 2.855599643441124158e+00 2.855804317692178795e+00 2.856144215611769344e+00 2.856636941193780199e+00 2.857299877231843865e+00 2.858150012798426953e+00 2.859203772003963362e+00 2.860476845419140712e+00 2.861984025526238984e+00 2.863739047537796178e+00 2.865754436882742340e+00 2.868041364612069710e+00 2.870609511918277956e+00 2.873466944895735509e+00 2.876620000593254289e+00 2.880073185326137875e+00 2.883829086123371965e+00 2.887888296087179452e+00 2.892249354337598444e+00 2.896908701104878414e+00 2.901860648418098432e+00 2.907097366720474252e+00 2.912608887621079390e+00 2.918383122870252588e+00 2.924405899522537045e+00 2.930661011127769111e+00 2.937130284668576508e+00 2.943793662842221881e+00 2.950629301167240204e+00 2.957613679281536179e+00 2.964721725689511533e+00 2.971926955112103474e+00 2.979201617496176624e+00 2.986516857649258672e+00 2.993842884382869940e+00 3.001149147973206421e+00 3.008404524682375847e+00 3.015577507027221049e+00 3.022636398436356675e+00 3.029549510899891995e+00 3.036285364190554503e+00 3.042812885219871699e+00 3.049101606088758132e+00 3.055121859398387318e+00 3.060844969404532989e+00 3.066243437626482660e+00 3.071291121560070891e+00 3.075963405192878586e+00 3.080237360078044606e+00 3.084091895790797455e+00 3.087507898668441886e+00 3.090468357819315059e+00 3.092958477478770174e+00 3.094965774889644639e+00 3.096480162990315588e+00 3.097494017304466052e+00 3.098002226542313498e+00 3.098002226542313498e+00 3.097494017304466052e+00 3.096480162990315588e+00 3.094965774889644639e+00 3.092958477478770174e+00 3.090468357819315059e+00 3.087507898668441886e+00 3.084091895790797455e+00 3.080237360078044606e+00 3.075963405192878586e+00 3.071291121560070891e+00 3.066243437626482660e+00 3.060844969404532989e+00 3.055121859398387318e+00 3.049101606088758132e+00 3.042812885219871699e+00 3.036285364190554503e+00 3.029549510899891995e+00 3.022636398436356675e+00 3.015577507027221049e+00 3.008404524682375847e+00 3.001149147973206421e+00 2.993842884382869940e+00 2.986516857649258672e+00 2.979201617496176624e+00 2.971926955112103474e+00 2.964721725689511533e+00 2.957613679281536179e+00 2.950629301167240204e+00 2.943793662842221881e+00 2.937130284668576508e+00 2.930661011127769111e+00 2.924405899522537045e+00 2.918383122870252588e+00 2.912608887621079390e+00 2.907097366720474252e+00 2.901860648418098432e+00 2.896908701104878414e+00 2.892249354337598444e+00 2.887888296087179452e+00 2.883829086123371965e+00 2.880073185326137875e+00 2.876620000593254289e+00 2.873466944895735509e+00 2.870609511918277956e+00 2.868041364612069710e+00 2.865754436882742340e+00 2.863739047537796178e+00 2.861984025526238984e+00 2.860476845419140712e+00 2.859203772003963362e+00 2.858150012798426953e+00 2.857299877231843865e+00 2.856636941193780199e+00 2.856144215611769344e+00 2.855804317692178795e+00 2.855599643441124158e+00 2.855512540075870742e+00 2.855525476941400242e+00
2.827302501385910105e+00 2.826235151842837023e+00 2.825291053484333847e+00 2.824461564809713110e+00 2.823738445473257030e+00 2.823113946701173216e+00 2.822580895490657493e+00 2.822132771902252646e+00 2.821763778814020629e+00 2.821468903568359110e+00 2.821243971008909668e+00 2.821085687475596071e+00 2.820991675399675103e+00 2.820960498217395251e+00 2.820991675399675103e+00 2.821085687475596071e+00 2.821243971008909668e+00 2.821468903568359110e+00 2.821763778814020629e+00 2.822132771902252646e+00 2.822580895490657493e+00 2.823113946701173216e+00 2.823738445473257030e+00 2.824461564809713110e+00 2.825291053484333847e+00 2.826235151842837023e+00 2.827302501385910105e+00 2.828502048875231711e+00 2.829842945749612593e+00 2.831334443678633406e+00 2.832985787114914444e+00 2.834806103733249483e+00 2.836804293665070364e+00 2.838988918449851351e+00 2.841368090631029020e+00 2.843949364922830014e+00 2.846739631865924824e+00 2.849745014874234261e+00 2.852970771552582274e+00 2.856421200135365712e+00 2.860099551860221911e+00 2.864007950048129469e+00 2.868147316612704945e+00 2.872517306667164316e+00 2.877116251837720906e+00 2.881941112827774543e+00 2.886987441708350755e+00 2.892249354337598444e+00 2.897719513236207689e+00 2.903389121166889186e+00 2.909247925585329853e+00 2.915284234047704093e+00 2.921484940576694722e+00 2.927835562904551381e+00 2.934320290428738431e+00 2.940922042633700162e+00 2.947622537651977126e+00 2.954402370559810809e+00 2.961241100927188175e+00 2.968117349070455990e+00 2.975008900387905886e+00 2.981892817095359138e+00 2.988745556620532984e+00 2.995543095862061023e+00 3.002261060472016130e+00 3.008874858279943609e+00 3.015359815942115773e+00 3.021691317872161164e+00 3.027844946488718048e+00 3.033796622802390264e+00 3.039522746358161331e+00 3.045000333550694993e+00 3.050207153338449828e+00 3.055121859398387318e+00 3.059724117785995290e+00 3.063994729195282929e+00 3.067915744950150181e+00 3.071470575901705136e+00 3.074644093455479066e+00 3.077422722007700617e+00 3.079794522130338663e+00 3.081749263910133152e+00 3.083278489916863041e+00 3.084375567349919134e+00 3.085035728989605985e+00 3.085256102659645006e+00 3.085035728989605985e+00 3.084375567349919134e+00 3.083278489916863041e+00 3.081749263910133152e+00 3.079794522130338663e+00 3.077422722007700617e+00 3.074644093455479066e+00 3.071470575901705136e+00 3.067915744950150181e+00 3.063994729195282929e+00 3.059724117785995290e+00 3.055121859398387318e+00 3.050207153338449828e+00 3.045000333550694993e+00 3.039522746358161331e+00 3.033796622802390264e+00 3.027844946488718048e+00 3.021691317872161164e+00 3.015359815942115773e+00 3.008874858279943609e+00 3.002261060472016130e+00 2.995543095862061023e+00 2.988745556620532984e+00 2.981892817095359138e+00 2.975008900387905886e+00 2.968117349070455990e+00 2.961241100927188175e+00 2.954402370559810809e+00 2.947622537651977126e+00 2.940922042633700162e+00 2.934320290428738431e+00 2.927835562904551381e+00 2.921484940576694722e+00 2.915284234047704093e+00 2.909247925585329853e+00 2.903389121166889186e+00 2.897719513236207689e+00 2.892249354337598444e+00 2.886987441708350755e+00 2.881941112827774543e+00 2.877116251837720906e+00 2.872517306667164316e+00 2.868147316612704945e+00 2.864007950048129469e+00 2.860099551860221911e+00 2.856421200135365712e+00 2.852970771552582274e+00 2.849745014874234261e+00 2.846739631865924824e+00 2.843949364922830014e+00 2.841368090631029020e+00 2.838988918449851351e+00 2.836804293665070364e+00 2.834806103733249483e+00 2.832985787114914444e+00 2.831334443678633406e+00 2.829842945749612593e+00 2.828502048875231711e+00
2.800985419658815090e+00 2.798609546239864354e+00 2.796423636574537408e+00 2.794426386133173512e+00 2.792616427082849295e+00 2.790992370235764852e+00 2.789552844487466654e+00 2.788296533389822418e+00 2.787222208530641510e+00 2.786328759421432100e+00 2.785615219626752292e+00 2.785080788902616789e+00 2.784724851147354574e+00 2.784546988005717427e+00 2.784546988005717427e+00 2.784724851147354574e+00 2.785080788902616789e+00 2.785615219626752292e+00 2.786328759421432100e+00 2.787222208530641510e+00 2.788296533389822418e+00 2.789552844487466654e+00 2.790992370235764852e+00 2.792616427082849295e+00 2.794426386133173512e+00 2.796423636574537408e+00 2.798609546239864354e+00 2.800985419658815090e+00 2.803552453978541248e+00 2.806311693154035058e+00 2.809263980826596896e+00 2.812409912323595051e+00 2.815749786223996853e+00 2.819283555941845432e+00 2.823010781784009993e+00 2.826930583939009534e+00 2.831041596850548459e+00 2.835341925422618647e+00 2.839829103492606865e+00 2.844500054994970828e+00 2.849351058220701560e+00 2.854377713557169738e+00 2.859574915069210466e+00 2.864936826255569002e+00 2.870456860285322431e+00 2.876127664986876109e+00 2.881941112827774543e+00 2.887888296087179452e+00 2.893959527384666774e+00 2.900144345689395831e+00 2.906431527892784583e+00 2.912809105986168934e+00 2.919264389842587182e+00 2.925783995559324335e+00 2.932353879275419128e+00 2.938959376336274687e+00 2.945585245636198390e+00 2.952215718929468213e+00 2.958834554861548671e+00 2.965425097434841728e+00 2.971970338588010296e+00 2.978452984534788239e+00 2.984855525477512206e+00 2.991160308282653002e+00 2.997349611680559800e+00 3.003405723529716909e+00 3.009311019667116671e+00 3.015048043851177528e+00 3.020599588291920323e+00 3.025948774255131202e+00 3.031079132222929129e+00 3.035974681092580951e+00 3.040620005898674094e+00 3.045000333550694993e+00 3.049101606088758132e+00 3.052910550974535564e+00 3.056414747952297617e+00 3.059602692036207827e+00 3.062463852204544867e+00 3.064988725409099946e+00 3.067168885538451573e+00 3.068997027006961975e+00 3.070467002676839030e+00 3.071573855858307223e+00 3.072313846172498586e+00 3.072684469102792360e+00 3.072684469102792360e+00 3.072313846172498586e+00 3.071573855858307223e+00 3.070467002676839030e+00 3.068997027006961975e+00 3.067168885538451573e+00 3.064988725409099946e+00 3.062463852204544867e+00 3.059602692036207827e+00 3.056414747952297617e+00 3.052910550974535564e+00 3.049101606088758132e+00 3.045000333550694993e+00 3.040620005898674094e+00 3.035974681092580951e+00 3.031079132222929129e+00 3.025948774255131202e+00 3.020599588291920323e+00 3.015048043851177528e+00 3.009311019667116671e+00 3.003405723529716909e+00 2.997349611680559800e+00 2.991160308282653002e+00 2.984855525477512206e+00 2.978452984534788239e+00 2.971970338588010296e+00 2.965425097434841728e+00 2.958834554861548671e+00 2.952215718929468213e+00 2.945585245636198390e+00 2.938959376336274687e+00 2.932353879275419128e+00 2.925783995559324335e+00 2.919264389842587182e+00 2.912809105986168934e+00 2.906431527892784583e+00 2.900144345689395831e+00 2.893959527384666774e+00 2.887888296087179452e+00 2.881941112827774543e+00 2.876127664986876109e+00 2.870456860285322431e+00 2.864936826255569002e+00 2.859574915069210466e+00 2.854377713557169738e+00 2.849351058220701560e+00 2.844500054994970828e+00 2.839829103492606865e+00 2.835341925422618647e+00 2.831041596850548459e+00 2.826930583939009534e+00 2.823010781784009993e+00 2.819283555941845432e+00 2.815749786223996853e+00 2.812409912323595051e+00 2.809263980826596896e+00 2.806311693154035058e+00 2.803552453978541248e+00
2.776870257263113206e+00 2.773114675884114089e+00 2.769608410281355848e+00 2.766358015554377658e+00 2.763369565603459588e+00 2.760648642430737709e+00 2.758200326326456064e+00 2.756029186952878351e+00 2.754139275337070369e+00 2.752534116782546558e+00 2.751216704708525196e+00 2.750189495424335551e+00 2.749454403845334127e+00 2.749012800155492098e+00 2.748865507420680476e+00 2.749012800155492098e+00 2.749454403845334127e+00 2.750189495424335551e+00 2.751216704708525196e+00 2.752534116782546558e+00 2.754139275337070369e+00 2.756029186952878351e+00 2.758200326326456064e+00 2.760648642430737709e+00 2.763369565603459588e+00 2.766358015554377658e+00 2.769608410281355848e+00 2.773114675884114089e+00 2.776870257263113206e+00 2.780868129689798351e+00 2.785100811233070406e+00 2.789560376025536304e+00 2.794238468351708971e+00 2.799126317538944253e+00 2.804214753630489110e+00 2.809494223818598257e+00 2.814954809614195863e+00 2.820586244728151115e+00 2.826377933637707063e+00 2.832318970810165926e+00 2.838398160554425065e+00 2.844604037469487867e+00 2.850924887457587875e+00 2.857348769268114541e+00 2.863863536537063492e+00 2.870456860285322431e+00 2.877116251837720906e+00 2.883829086123371965e+00 2.890582625316581389e+00 2.897364042776275905e+00 2.904160447240743625e+00 2.910958907233302639e+00 2.917746475633460346e+00 2.924510214367131766e+00 2.931237219168585373e+00 2.937914644365942962e+00 2.944529727641392203e+00 2.951069814716620332e+00 2.957522383913500974e+00 2.963875070539698342e+00 2.970115691048563988e+00 2.976232266922600456e+00 2.982213048229791497e+00 2.988046536802168252e+00 2.993721508986364466e+00 2.999227037916227356e+00 3.004552515258235079e+00 3.009687672381094359e+00 3.014622600901799121e+00 3.019347772561440379e+00 3.023854058385218924e+00 3.028132747082391329e+00 3.032175562643340871e+00 3.035974681092580951e+00 3.039522746358161331e+00 3.042812885219871699e+00 3.045838721300567098e+00 3.048594388067090932e+00 3.051074540809469937e+00 3.053274367569402514e+00 3.055189598991489675e+00 3.056816517073202011e+00 3.058151962792182932e+00 3.059193342592175124e+00 3.059938633711639877e+00 3.060386388341944208e+00 3.060535736604846679e+00 3.060386388341944208e+00 3.059938633711639877e+00 3.059193342592175124e+00 3.058151962792182932e+00 3.056816517073202011e+00 3.055189598991489675e+00 3.053274367569402514e+00 3.051074540809469937e+00 3.048594388067090932e+00 3.045838721300567098e+00 3.042812885219871699e+00 3.039522746358161331e+00 3.035974681092580951e+00 3.032175562643340871e+00 3.028132747082391329e+00 3.023854058385218924e+00 3.019347772561440379e+00 3.014622600901799121e+00 3.009687672381094359e+00 3.004552515258235079e+00 2.999227037916227356e+00 2.993721508986364466e+00 2.988046536802168252e+00 2.982213048229791497e+00 2.976232266922600456e+00 2.970115691048563988e+00 2.963875070539698342e+00 2.957522383913500974e+00 2.951069814716620332e+00 2.944529727641392203e+00 2.937914644365942962e+00 2.931237219168585373e+00 2.924510214367131766e+00 2.917746475633460346e+00 2.910958907233302639e+00 2.904160447240743625e+00 2.897364042776275905e+00 2.890582625316581389e+00 2.883829086123371965e+00 2.877116251837720906e+00 2.870456860285322431e+00 2.863863536537063492e+00 2.857348769268114541e+00 2.850924887457587875e+00 2.844604037469487867e+00 2.838398160554425065e+00 2.832318970810165926e+00 2.826377933637707063e+00 2.820586244728151115e+00 2.814954809614195863e+00 2.809494223818598257e+00 2.804214753630489110e+00 2.799126317538944253e+00 2.794238468351708971e+00 2.789560376025536304e+00 2.785100811233070406e+00 2.780868129689798351e+00
2.755140545145769337e+00 2.749943016176885191e+00 2.745046185580625409e+00 2.740464940394273796e+00 2.736213319545973022e+00 2.732304446655603680e+00 2.728750466768709249e+00 2.725562487435270853e+00 2.722750524517971282e+00 2.720323453084611653e+00 2.718288963706813721e+00 2.716653524452194546e+00 2.715422348820215603e+00 2.714599369833083475e+00 2.714187220452644933e+00 2.714187220452644933e+00 2.714599369833083475e+00 2.715422348820215603e+00 2.716653524452194546e+00 2.718288963706813721e+00 2.720323453084611653e+00 2.722750524517971282e+00 2.725562487435270853e+00 2.728750466768709249e+00 2.732304446655603680e+00 2.736213319545973022e+00 2.740464940394273796e+00 2.745046185580625409e+00 2.749943016176885191e+00 2.755140545145769337e+00 2.760623108037076445e+00 2.766374336724048533e+00 2.772377235705286491e+00 2.778614260483372789e+00 2.785067397520752053e+00 2.791718245266279208e+00 2.798548095742542596e+00 2.805538016184295547e+00 2.812668930222292030e+00 2.819921698114441266e+00 2.827277195537290400e+00 2.834716390465485958e+00 2.842220417684835798e+00 2.849770650505755842e+00 2.857348769268114541e+00 2.864936826255569002e+00 2.872517306667164316e+00 2.880073185326137875e+00 2.887587978840123970e+00 2.895045792963144127e+00 2.902431364947567705e+00 2.909730100713380452e+00 2.916928106702219470e+00 2.924012216324550106e+00 2.930970010949644600e+00 2.937789835429390539e+00 2.944460808188168688e+00 2.950972825951632128e+00 2.957316563227048167e+00 2.963483466686531287e+00 2.969465744641665239e+00 2.975256351833627022e+00 2.980848969796340509e+00 2.986237983081597935e+00 2.991418451663873324e+00 2.996386079868701646e+00 3.001137182191860209e+00 3.005668646396722377e+00 3.009977894294342260e+00 3.014062840624445183e+00 3.017921850465922873e+00 3.021553695612230417e+00 3.024957510350430478e+00 3.028132747082391329e+00 3.031079132222929129e+00 3.033796622802390264e+00 3.036285364190554503e+00 3.038545649344690514e+00 3.040577879967370833e+00 3.042382529939370528e+00 3.043960111369728327e+00 3.045311143579096491e+00 3.046436125304076370e+00 3.047335510379469259e+00 3.048009687122554823e+00 3.048458961608998319e+00 3.048683544993851857e+00 3.048683544993851857e+00 3.048458961608998319e+00 3.048009687122554823e+00 3.047335510379469259e+00 3.046436125304076370e+00 3.045311143579096491e+00 3.043960111369728327e+00 3.042382529939370528e+00 3.040577879967370833e+00 3.038545649344690514e+00 3.036285364190554503e+00 3.033796622802390264e+00 3.031079132222929129e+00 3.028132747082391329e+00 3.024957510350430478e+00 3.021553695612230417e+00 3.017921850465922873e+00 3.014062840624445183e+00 3.009977894294342260e+00 3.005668646396722377e+00 3.001137182191860209e+00 2.996386079868701646e+00 2.991418451663873324e+00 2.986237983081597935e+00 2.980848969796340509e+00 2.975256351833627022e+00 2.969465744641665239e+00 2.963483466686531287e+00 2.957316563227048167e+00 2.950972825951632128e+00 2.944460808188168688e+00 2.937789835429390539e+00 2.930970010949644600e+00 2.924012216324550106e+00 2.916928106702219470e+00 2.909730100713380452e+00 2.902431364947567705e+00 2.895045792963144127e+00 2.887587978840123970e+00 2.880073185326137875e+00 2.872517306667164316e+00 2.864936826255569002e+00 2.857348769268114541e+00 2.849770650505755842e+00 2.842220417684835798e+00 2.834716390465485958e+00 2.827277195537290400e+00 2.819921698114441266e+00 2.812668930222292030e+00 2.805538016184295547e+00 2.798548095742542596e+00 2.791718245266279208e+00 2.785067397520752053e+00 2.778614260483372789e+00 2.772377235705286491e+00 2.766374336724048533e+00 2.760623108037076445e+00
2.735961659536755519e+00 2.729269526816917146e+00 2.722920953930278998e+00 2.716939577408812756e+00 2.711347873820154408e+00 2.706167032575425679e+00 2.701416835337997924e+00 2.697115542873541383e+00 2.693279790131299478e+00 2.689924490290268810e+00 2.687062748442206939e+00 2.684705785516625642e+00 2.682862872981756297e+00 2.681541278780132931e+00 2.680746224878899131e+00 2.680480856733392869e+00 2.680746224878899131e+00 2.681541278780132931e+00 2.682862872981756297e+00 2.684705785516625642e+00 2.687062748442206939e+00 2.689924490290268810e+00 2.693279790131299478e+00 2.697115542873541383e+00 2.701416835337997924e+00 2.706167032575425679e+00 2.711347873820154408e+00 2.716939577408812756e+00 2.722920953930278998e+00 2.729269526816917146e+00 2.735961659536755519e+00 2.742972688502097522e+00 2.750277060772475135e+00 2.757848475599138371e+00 2.765660028834572959e+00 2.773684359214154682e+00 2.781893795507949019e+00 2.790260503539027326e+00 2.798756632070412476e+00 2.807354456575902546e+00 2.816026519930415528e+00 2.824745769082940061e+00 2.833485686809540827e+00 2.842220417684835798e+00 2.850924887457587875e+00 2.859574915069210466e+00 2.868147316612704945e+00 2.876620000593254289e+00 2.884972053920005663e+00 2.893183818130971030e+00 2.901236955428782238e+00 2.909114504183835326e+00 2.916800923642405952e+00 2.924282127660123631e+00 2.931545507364987646e+00 2.938579942738369866e+00 2.945375803186509600e+00 2.951924937258130210e+00 2.958220651745553820e+00 2.964257680486233060e+00 2.970032143258481749e+00 2.975541495238781753e+00 2.980784467557751061e+00 2.985760999557193429e+00 2.990472163411129980e+00 2.994920081828864600e+00 2.999107839607541681e+00 3.003039389844920137e+00 3.006719455660019857e+00 3.010153428299380707e+00 3.013347262529970649e+00 3.016307370235868035e+00 3.019040513144794158e+00 3.021553695612230417e+00 3.023854058385218924e+00 3.025948774255131202e+00 3.027844946488718048e+00 3.029549510899891995e+00 3.031069142391020321e+00 3.032410166752429692e+00 3.033578478462599204e+00 3.034579465179430002e+00 3.035417939555618005e+00 3.036098078948789691e+00 3.036623373530291659e+00 3.036996583225812785e+00 3.037219703846952168e+00 3.037293942695975968e+00 3.037219703846952168e+00 3.036996583225812785e+00 3.036623373530291659e+00 3.036098078948789691e+00 3.035417939555618005e+00 3.034579465179430002e+00 3.033578478462599204e+00 3.032410166752429692e+00 3.031069142391020321e+00 3.029549510899891995e+00 3.027844946488718048e+00 3.025948774255131202e+00 3.023854058385218924e+00 3.021553695612230417e+00 3.019040513144794158e+00 3.016307370235868035e+00 3.013347262529970649e+00 3.010153428299380707e+00 3.006719455660019857e+00 3.003039389844920137e+00 2.999107839607541681e+00 2.994920081828864600e+00 2.990472163411129980e+00 2.985760999557193429e+00 2.980784467557751061e+00 2.975541495238781753e+00 2.970032143258481749e+00 2.964257680486233060e+00 2.958220651745553820e+00 2.951924937258130210e+00 2.945375803186509600e+00 2.938579942738369866e+00 2.931545507364987646e+00 2.924282127660123631e+00 2.916800923642405952e+00 2.909114504183835326e+00 2.901236955428782238e+00 2.893183818130971030e+00 2.884972053920005663e+00 2.876620000593254289e+00 2.868147316612704945e+00 2.859574915069210466e+00 2.850924887457587875e+00 2.842220417684835798e+00 2.833485686809540827e+00 2.824745769082940061e+00 2.816026519930415528e+00 2.807354456575902546e+00 2.798756632070412476e+00 2.790260503539027326e+00 2.781893795507949019e+00 2.773684359214154682e+00 2.765660028834572959e+00 2.757848475599138371e+00 2.750277060772475135e+00 2.742972688502097522e+00
2.719479563336083316e+00 2.711250322898565823e+00 2.703398492584322188e+00 2.695956817223609914e+00 2.688956628561685047e+00 2.682427654972723285e+00 2.676397840032530340e+00 2.670893171245541708e+00 2.665937520150761575e+00 2.661552494951434866e+00 2.657757306724725321e+00 2.654568650171251765e+00 2.652000599760739874e+00 2.650064522020015190e+00 2.648769004593942267e+00 2.648119802589572469e+00 2.648119802589572469e+00 2.648769004593942267e+00 2.650064522020015190e+00 2.652000599760739874e+00 2.654568650171251765e+00 2.657757306724725321e+00 2.661552494951434866e+00 2.665937520150761575e+00 2.670893171245541708e+00 2.676397840032530340e+00 2.682427654972723285e+00 2.688956628561685047e+00 2.695956817223609914e+00 2.703398492584322188e+00 2.711250322898565823e+00 2.719479563336083316e+00 2.728052253770037794e+00 2.736933422660309478e+00 2.746087295583931276e+00 2.755477506935270160e+00 2.765067313300102914e+00 2.774819807000327376e+00 2.784698128309941012e+00 2.794665674857903070e+00 2.804686306759587300e+00 2.814724546055445753e+00 2.824745769082940061e+00 2.834716390465485958e+00 2.844604037469487867e+00 2.854377713557169738e+00 2.864007950048129469e+00 2.873466944895735509e+00 2.882728687684936730e+00 2.891769070065021818e+00 2.900565980943460076e+00 2.909099385884413635e+00 2.917351390276818890e+00 2.925306285961298602e+00 2.932950581131545054e+00 2.940273013453226891e+00 2.947264546471086266e+00 2.953918349501561291e+00 2.960229761333149412e+00 2.966196238178838041e+00 2.971817286443306561e+00 2.977094380981431865e+00 2.982030869632929626e+00 2.986631864920065382e+00 2.990904123890306021e+00 2.994855917173072424e+00 2.998496888398497706e+00 3.001837905195897438e+00 3.004890903049855400e+00 3.007668723342069583e+00 3.010184946946948159e+00 3.012453724778095587e+00 3.014489606701173940e+00 3.016307370235868035e+00 3.017921850465922873e+00 3.019347772561440379e+00 3.020599588291920323e+00 3.021691317872161164e+00 3.022636398436356675e+00 3.023447540378923382e+00 3.024136592734171458e+00 3.024714418691504481e+00 3.025190782258844191e+00 3.025574246995185401e+00 3.025872087634354113e+00 3.026090215316676435e+00 3.026233117034557552e+00 3.026303809782453502e+00 3.026303809782453502e+00 3.026233117034557552e+00 3.026090215316676435e+00 3.025872087634354113e+00 3.025574246995185401e+00 3.025190782258844191e+00 3.024714418691504481e+00 3.024136592734171458e+00 3.023447540378923382e+00 3.022636398436356675e+00 3.021691317872161164e+00 3.020599588291920323e+00 3.019347772561440379e+00 3.017921850465922873e+00 3.016307370235868035e+00 3.014489606701173940e+00 3.012453724778095587e+00 3.010184946946948159e+00 3.007668723342069583e+00 3.004890903049855400e+00 3.001837905195897438e+00 2.998496888398497706e+00 2.994855917173072424e+00 2.990904123890306021e+00 2.986631864920065382e+00 2.982030869632929626e+00 2.977094380981431865e+00 2.971817286443306561e+00 2.966196238178838041e+00 2.960229761333149412e+00 2.953918349501561291e+00 2.947264546471086266e+00 2.940273013453226891e+00 2.932950581131545054e+00 2.925306285961298602e+00 2.917351390276818890e+00 2.909099385884413635e+00 2.900565980943460076e+00 2.891769070065021818e+00 2.882728687684936730e+00 2.873466944895735509e+00 2.864007950048129469e+00 2.854377713557169738e+00 2.844604037469487867e+00 2.834716390465485958e+00 2.824745769082940061e+00 2.814724546055445753e+00 2.804686306759587300e+00 2.794665674857903070e+00 2.784698128309941012e+00 2.774819807000327376e+00 2.765067313300102914e+00 2.755477506935270160e+00 2.746087295583931276e+00 2.736933422660309478e+00 2.728052253770037794e+00
2.705819695248003587e+00 2.696021489109041269e+00 2.686625107894447861e+00 2.677672701213474227e+00 2.669204814464915199e+00 2.661260132777128806e+00 2.653875235627620288e+00 2.647084363916347716e+00 2.640919201178903553e+00 2.635408670525096309e+00 2.630578748775894038e+00 2.626452299148018810e+00 2.623048923701765123e+00 2.620384836624613634e+00 2.618472759272284289e+00 2.617321837730923750e+00 2.616937583500454689e+00 2.617321837730923750e+00 2.618472759272284289e+00 2.620384836624613634e+00 2.623048923701765123e+00 2.626452299148018810e+00 2.630578748775894038e+00 2.635408670525096309e+00 2.640919201178903553e+00 2.647084363916347716e+00 2.653875235627620288e+00 2.661260132777128806e+00 2.669204814464915199e+00 2.677672701213474227e+00 2.686625107894447861e+00 2.696021489109041269e+00 2.705819695248003587e+00 2.715976237382367930e+00 2.726446559075371479e+00 2.737185313159522959e+00 2.748146641491016506e+00 2.759284455676822123e+00 2.770552716767916035e+00 2.781905711925313884e+00 2.793298326093615724e+00 2.804686306759587300e+00 2.816026519930415528e+00 2.827277195537290400e+00 2.838398160554425065e+00 2.849351058220701560e+00 2.860099551860221911e+00 2.870609511918277956e+00 2.880849184959658249e+00 2.890789343515860921e+00 2.900403415815558716e+00 2.909667594587470152e+00 2.918560924285408475e+00 2.927065366250548806e+00 2.935165841494530525e+00 2.942850250957679048e+00 2.950109473268059279e+00 2.956937340197967945e+00 2.963330590183519408e+00 2.969288800438888654e+00 2.974814298358372966e+00 2.979912053055303378e+00 2.984589548036012285e+00 2.988856636148268464e+00 2.992725378075833387e+00 2.996209865772929692e+00 2.999326032343828441e+00 3.002091449972205339e+00 3.004525117591983374e+00 3.006647240065216220e+00 3.008479000692709793e+00 3.010042328929056765e+00 3.011359665205159519e+00 3.012453724778095587e+00 3.013347262529970649e+00 3.014062840624445183e+00 3.014622600901799121e+00 3.015048043851177528e+00 3.015359815942115773e+00 3.015577507027221049e+00 3.015719459444461403e+00 3.015802590351476908e+00 3.015842228716528073e+00 3.015851968271897832e+00 3.015843537606681224e+00 3.015826688438009828e+00 3.015809102953790344e+00 3.015796320967220723e+00 3.015791687464892235e+00 3.015796320967220723e+00 3.015809102953790344e+00 3.015826688438009828e+00 3.015843537606681224e+00 3.015851968271897832e+00 3.015842228716528073e+00 3.015802590351476908e+00 3.015719459444461403e+00 3.015577507027221049e+00 3.015359815942115773e+00 3.015048043851177528e+00 3.014622600901799121e+00 3.014062840624445183e+00 3.013347262529970649e+00 3.012453724778095587e+00 3.011359665205159519e+00 3.010042328929056765e+00 3.008479000692709793e+00 3.006647240065216220e+00 3.004525117591983374e+00 3.002091449972205339e+00 2.999326032343828441e+00 2.996209865772929692e+00 2.992725378075833387e+00 2.988856636148268464e+00 2.984589548036012285e+00 2.979912053055303378e+00 2.974814298358372966e+00 2.969288800438888654e+00 2.963330590183519408e+00 2.956937340197967945e+00 2.950109473268059279e+00 2.942850250957679048e+00 2.935165841494530525e+00 2.927065366250548806e+00 2.918560924285408475e+00 2.909667594587470152e+00 2.900403415815558716e+00 2.890789343515860921e+00 2.880849184959658249e+00 2.870609511918277956e+00 2.860099551860221911e+00 2.849351058220701560e+00 2.838398160554425065e+00 2.827277195537290400e+00 2.816026519930415528e+00 2.804686306759587300e+00 2.793298326093615724e+00 2.781905711925313884e+00 2.770552716767916035e+00 2.759284455676822123e+00 2.748146641491016506e+00 2.737185313159522959e+00 2.726446559075371479e+00 2.715976237382367930e+00
2.695086015116717970e+00 2.683698046044948882e+00 2.672726526154022952e+00 2.662223240881502306e+00 2.652238245138317740e+00 2.642819539241688442e+00 2.634012756887178064e+00 2.625860867433233992e+00 2.618403894669563137e+00 2.611678654122563170e+00 2.605718510817271127e+00 2.600553159267170233e+00 2.596208427301712529e+00 2.592706105167764896e+00 2.590063801156774037e+00 2.588294824815556172e+00 2.587408098596759132e+00 2.587408098596759132e+00 2.588294824815556172e+00 2.590063801156774037e+00 2.592706105167764896e+00 2.596208427301712529e+00 2.600553159267170233e+00 2.605718510817271127e+00 2.611678654122563170e+00 2.618403894669563137e+00 2.625860867433233992e+00 2.634012756887178064e+00 2.642819539241688442e+00 2.652238245138317740e+00 2.662223240881502306e+00 2.672726526154022952e+00 2.683698046044948882e+00 2.695086015116717970e+00 2.706837251153331181e+00 2.718897516164508588e+00 2.731211862171953442e+00 2.743724979273553632e+00 2.756381543470084239e+00 2.769126561746376947e+00 2.781905711925313884e+00 2.794665674857903070e+00 2.807354456575902546e+00 2.819921698114441266e+00 2.832318970810165926e+00 2.844500054994970828e+00 2.856421200135365712e+00 2.868041364612069710e+00 2.879322433492360389e+00 2.890229412817816534e+00 2.900730599111172925e+00 2.910797722996521397e+00 2.920406066025726943e+00 2.929534550009111005e+00 2.938165798358582048e+00 2.946286169164958224e+00 2.953885759946519141e+00 2.960958384221232809e+00 2.967501520269014481e+00 2.973516232661144176e+00 2.979007067339923598e+00 2.983981921231415146e+00 2.988451887565901632e+00 2.992431078263323219e+00 2.995936424912834628e+00 2.998987460035546615e+00 3.001606080466261872e+00 3.003816294822465149e+00 3.005643957145960332e+00 3.007116488903504248e+00 3.008262591616825521e+00 3.009111952458855210e+00 3.009694945201343952e+00 3.010042328929056765e+00 3.010184946946948159e+00 3.010153428299380707e+00 3.009977894294342260e+00 3.009687672381094359e+00 3.009311019667116671e+00 3.008874858279943609e+00 3.008404524682375847e+00 3.007923534936061571e+00 3.007453367779740372e+00 3.007013267245266075e+00 3.006620066378215217e+00 3.006288033461419928e+00 3.006028741960616202e+00 3.005850965222861770e+00 3.005760596761922532e+00 3.005760596761922532e+00 3.005850965222861770e+00 3.006028741960616202e+00 3.006288033461419928e+00 3.006620066378215217e+00 3.007013267245266075e+00 3.007453367779740372e+00 3.007923534936061571e+00 3.008404524682375847e+00 3.008874858279943609e+00 3.009311019667116671e+00 3.009687672381094359e+00 3.009977894294342260e+00 3.010153428299380707e+00 3.010184946946948159e+00 3.010042328929056765e+00 3.009694945201343952e+00 3.009111952458855210e+00 3.008262591616825521e+00 3.007116488903504248e+00 3.005643957145960332e+00 3.003816294822465149e+00 3.001606080466261872e+00 2.998987460035546615e+00 2.995936424912834628e+00 2.992431078263323219e+00 2.988451887565901632e+00 2.983981921231415146e+00 2.979007067339923598e+00 2.973516232661144176e+00 2.967501520269014481e+00 2.960958384221232809e+00 2.953885759946519141e+00 2.946286169164958224e+00 2.938165798358582048e+00 2.929534550009111005e+00 2.920406066025726943e+00 2.910797722996521397e+00 2.900730599111172925e+00 2.890229412817816534e+00 2.879322433492360389e+00 2.868041364612069710e+00 2.856421200135365712e+00 2.844500054994970828e+00 2.832318970810165926e+00 2.819921698114441266e+00 2.807354456575902546e+00 2.794665674857903070e+00 2.781905711925313884e+00 2.769126561746376947e+00 2.756381543470084239e+00 2.743724979273553632e+00 2.731211862171953442e+00 2.718897516164508588e+00 2.706837251153331181e+00
2.687360212729200892e+00 2.674373076511271652e+00 2.661806940417608569e+00 2.649723388709736671e+00 2.638182215959209653e+00 2.627241033209493537e+00 2.616954887054709911e+00 2.607375894424786456e+00 2.598552895754248748e+00 2.590531129079414185e+00 2.583351927457147035e+00 2.577052441928593840e+00 2.571665392064852007e+00 2.567218845929734705e+00 2.563736031079057565e+00 2.561235177988022027e+00 2.559729397059839151e+00 2.559226590121648659e+00 2.559729397059839151e+00 2.561235177988022027e+00 2.563736031079057565e+00 2.567218845929734705e+00 2.571665392064852007e+00 2.577052441928593840e+00 2.583351927457147035e+00 2.590531129079414185e+00 2.598552895754248748e+00 2.607375894424786456e+00 2.616954887054709911e+00 2.627241033209493537e+00 2.638182215959209653e+00 2.649723388709736671e+00 2.661806940417608569e+00 2.674373076511271652e+00 2.687360212729200892e+00 2.700705378994126438e+00 2.714344630372999223e+00 2.728213462125045563e+00 2.742247225815429346e+00 2.756381543470084239e+00 2.770552716767916035e+00 2.784698128309941012e+00 2.798756632070412476e+00 2.812668930222292030e+00 2.826377933637707063e+00 2.839829103492606865e+00 2.852970771552582274e+00 2.865754436882742340e+00 2.878135036907198963e+00 2.890071190941920776e+00 2.901525414536772374e+00 2.912464303186945713e+00 2.922858684208952340e+00 2.932683735820182935e+00 2.941919072711668637e+00 2.950548797659541034e+00 2.958561518979438532e+00 2.965950333888129453e+00 2.972712778095664365e+00 2.978850742207665991e+00 2.984370355768802607e+00 2.989281840023304326e+00 2.993599330704558081e+00 2.997340672391735072e+00 3.000527186185173889e+00 3.003183412652374429e+00 3.005336832181384477e+00 3.007017565046640417e+00 3.008258053642782759e+00 3.009092729473359373e+00 3.009557667592743346e+00 3.009690231290139462e+00 3.009528709873585672e+00 3.009111952458855210e+00 3.008479000692709793e+00 3.007668723342069583e+00 3.006719455660019857e+00 3.005668646396722377e+00 3.004552515258235079e+00 3.003405723529716909e+00 3.002261060472016130e+00 3.001149147973206421e+00 3.000098165789998550e+00 2.999133599549528739e+00 2.998278013500815575e+00 2.997550849808745976e+00 2.996968255973261552e+00 2.996542941734022580e+00 2.996284066588069894e+00 2.996197158806516381e+00 2.996284066588069894e+00 2.996542941734022580e+00 2.996968255973261552e+00 2.997550849808745976e+00 2.998278013500815575e+00 2.999133599549528739e+00 3.000098165789998550e+00 3.001149147973206421e+00 3.002261060472016130e+00 3.003405723529716909e+00 3.004552515258235079e+00 3.005668646396722377e+00 3.006719455660019857e+00 3.007668723342069583e+00 3.008479000692709793e+00 3.009111952458855210e+00 3.009528709873585672e+00 3.009690231290139462e+00 3.009557667592743346e+00 3.009092729473359373e+00 3.008258053642782759e+00 3.007017565046640417e+00 3.005336832181384477e+00 3.003183412652374429e+00 3.000527186185173889e+00 2.997340672391735072e+00 2.993599330704558081e+00 2.989281840023304326e+00 2.984370355768802607e+00 2.978850742207665991e+00 2.972712778095664365e+00 2.965950333888129453e+00 2.958561518979438532e+00 2.950548797659541034e+00 2.941919072711668637e+00 2.932683735820182935e+00 2.922858684208952340e+00 2.912464303186945713e+00 2.901525414536772374e+00 2.890071190941920776e+00 2.878135036907198963e+00 2.865754436882742340e+00 2.852970771552582274e+00 2.839829103492606865e+00 2.826377933637707063e+00 2.812668930222292030e+00 2.798756632070412476e+00 2.784698128309941012e+00 2.770552716767916035e+00 2.756381543470084239e+00 2.742247225815429346e+00 2.728213462125045563e+00 2.714344630372999223e+00 2.700705378994126438e+00
2.682701086106587862e+00 2.668117018449002842e+00 2.653948220543260295e+00 2.640266168302471961e+00 2.627140557791771691e+00 2.614638840343623816e+00 2.602825770968567820e+00 2.591762973380745017e+00 2.581508524838474372e+00 2.572116563857038685e+00 2.563636923684573521e+00 2.556114794243910193e+00 2.549590415034784119e+00 2.544098801263483534e+00 2.539669505222651669e+00 2.536326414684225927e+00 2.534087589795515516e+00 2.532965139684125955e+00 2.532965139684125955e+00 2.534087589795515516e+00 2.536326414684225927e+00 2.539669505222651669e+00 2.544098801263483534e+00 2.549590415034784119e+00 2.556114794243910193e+00 2.563636923684573521e+00 2.572116563857038685e+00 2.581508524838474372e+00 2.591762973380745017e+00 2.602825770968567820e+00 2.614638840343623816e+00 2.627140557791771691e+00 2.640266168302471961e+00 2.653948220543260295e+00 2.668117018449002842e+00 2.682701086106587862e+00 2.697627642521805313e+00 2.712823082786863793e+00 2.728213462125045563e+00 2.743724979273553632e+00 2.759284455676822123e+00 2.774819807000327376e+00 2.790260503539027326e+00 2.805538016184295547e+00 2.820586244728151115e+00 2.835341925422618647e+00 2.849745014874234261e+00 2.863739047537796178e+00 2.877271464277947555e+00 2.890293909690647478e+00 2.902762496117198499e+00 2.914638032539488943e+00 2.925886216814522101e+00 2.936477789987037568e+00 2.946388651709031858e+00 2.955599936091920288e+00 2.964098047618830112e+00 2.971874657048655166e+00 2.978926657547808166e+00 2.985256081587710497e+00 2.990869979443668836e+00 2.995780260421682328e+00 3.000003498221640807e+00 3.003560702116174763e+00 3.006477055882092575e+00 3.008781626663905584e+00 3.010507046174489165e+00 3.011689166844911725e+00 3.012366695722118681e+00 3.012580809078228672e+00 3.012374750837354842e+00 3.011793418044068193e+00 3.010882936690899569e+00 3.009690231290139462e+00 3.008262591616825521e+00 3.006647240065216220e+00 3.004890903049855400e+00 3.003039389844920137e+00 3.001137182191860209e+00 2.999227037916227356e+00 2.997349611680559800e+00 2.995543095862061023e+00 2.993842884382869940e+00 2.992281262137985731e+00 2.990887122462918768e+00 2.989685714861421317e+00 2.988698424974856049e+00 2.987942588520814624e+00 2.987431340661403478e+00 2.987173501983166446e+00 2.987173501983166446e+00 2.987431340661403478e+00 2.987942588520814624e+00 2.988698424974856049e+00 2.989685714861421317e+00 2.990887122462918768e+00 2.992281262137985731e+00 2.993842884382869940e+00 2.995543095862061023e+00 2.997349611680559800e+00 2.999227037916227356e+00 3.001137182191860209e+00 3.003039389844920137e+00 3.004890903049855400e+00 3.006647240065216220e+00 3.008262591616825521e+00 3.009690231290139462e+00 3.010882936690899569e+00 3.011793418044068193e+00 3.012374750837354842e+00 3.012580809078228672e+00 3.012366695722118681e+00 3.011689166844911725e+00 3.010507046174489165e+00 3.008781626663905584e+00 3.006477055882092575e+00 3.003560702116174763e+00 3.000003498221640807e+00 2.995780260421682328e+00 2.990869979443668836e+00 2.985256081587710497e+00 2.978926657547808166e+00 2.971874657048655166e+00 2.964098047618830112e+00 2.955599936091920288e+00 2.946388651709031858e+00 2.936477789987037568e+00 2.925886216814522101e+00 2.914638032539488943e+00 2.902762496117198499e+00 2.890293909690647478e+00 2.877271464277947555e+00 2.863739047537796178e+00 2.849745014874234261e+00 2.835341925422618647e+00 2.820586244728151115e+00 2.805538016184295547e+00 2.790260503539027326e+00 2.774819807000327376e+00 2.759284455676822123e+00 2.743724979273553632e+00 2.728213462125045563e+00 2.712823082786863793e+00 2.697627642521805313e+00
2.681144094015733614e+00 2.664977129870115036e+00 2.649209292463956977e+00 2.633921970432805626e+00 2.619194852756270731e+00 2.605105392055026670e+00 2.591728281049078486e+00 2.579134946036303333e+00 2.567393061128282472e+00 2.556566086830311502e+00 2.546712836375187639e+00 2.537887073017393913e+00 2.530137141267030820e+00 2.523505634793133279e+00 2.518029103455601270e+00 2.513737801636029445e+00 2.510655479732367912e+00 2.508799220362829985e+00 2.508179320493391984e+00 2.508799220362829985e+00 2.510655479732367912e+00 2.513737801636029445e+00 2.518029103455601270e+00 2.523505634793133279e+00 2.530137141267030820e+00 2.537887073017393913e+00 2.546712836375187639e+00 2.556566086830311502e+00 2.567393061128282472e+00 2.579134946036303333e+00 2.591728281049078486e+00 2.605105392055026670e+00 2.619194852756270731e+00 2.633921970432805626e+00 2.649209292463956977e+00 2.664977129870115036e+00 2.681144094015733614e+00 2.697627642521805313e+00 2.714344630372999223e+00 2.731211862171953442e+00 2.748146641491016506e+00 2.765067313300102914e+00 2.781893795507949019e+00 2.798548095742542596e+00 2.814954809614195863e+00 2.831041596850548459e+00 2.846739631865924824e+00 2.861984025526238984e+00 2.876714215093795435e+00 2.890874319582074747e+00 2.904413458016957161e+00 2.917286028385989383e+00 2.929451945358812370e+00 2.940876835177718363e+00 2.951532186444826511e+00 2.961395455869247240e+00 2.970450128381180388e+00 2.978685731367632261e+00 2.986097803133517470e+00 2.992687816039985904e+00 2.998463055115851095e+00 3.003436453275705187e+00 3.007626384606949532e+00 3.011056417505084681e+00 3.013755029739753510e+00 3.015755287821048736e+00 3.017094493304028902e+00 3.017813798917569290e+00 3.017957797629325700e+00 3.017574087960333440e+00 3.016712819038896765e+00 3.015426219032608213e+00 3.013768110718565207e+00 3.011793418044068193e+00 3.009557667592743346e+00 3.007116488903504248e+00 3.004525117591983374e+00 3.001837905195897438e+00 2.999107839607541681e+00 2.996386079868701646e+00 2.993721508986364466e+00 2.991160308282653002e+00 2.988745556620532984e+00 2.986516857649258672e+00 2.984509997991918961e+00 2.982756639053403713e+00 2.981284044862521743e+00 2.980114848078945666e+00 2.979266855996234309e+00 2.978752898058800280e+00 2.978580716085551305e+00 2.978752898058800280e+00 2.979266855996234309e+00 2.980114848078945666e+00 2.981284044862521743e+00 2.982756639053403713e+00 2.984509997991918961e+00 2.986516857649258672e+00 2.988745556620532984e+00 2.991160308282653002e+00 2.993721508986364466e+00 2.996386079868701646e+00 2.999107839607541681e+00 3.001837905195897438e+00 3.004525117591983374e+00 3.007116488903504248e+00 3.009557667592743346e+00 3.011793418044068193e+00 3.013768110718565207e+00 3.015426219032608213e+00 3.016712819038896765e+00 3.017574087960333440e+00 3.017957797629325700e+00 3.017813798917569290e+00 3.017094493304028902e+00 3.015755287821048736e+00 3.013755029739753510e+00 3.011056417505084681e+00 3.007626384606949532e+00 3.003436453275705187e+00 2.998463055115851095e+00 2.992687816039985904e+00 2.986097803133517470e+00 2.978685731367632261e+00 2.970450128381180388e+00 2.961395455869247240e+00 2.951532186444826511e+00 2.940876835177718363e+00 2.929451945358812370e+00 2.917286028385989383e+00 2.904413458016957161e+00 2.890874319582074747e+00 2.876714215093795435e+00 2.861984025526238984e+00 2.846739631865924824e+00 2.831041596850548459e+00 2.814954809614195863e+00 2.798548095742542596e+00 2.781893795507949019e+00 2.765067313300102914e+00 2.748146641491016506e+00 2.731211862171953442e+00 2.714344630372999223e+00 2.697627642521805313e+00
2.682701086106587862e+00 2.664977129870115036e+00 2.647625691407787141e+00 2.630738020342321182e+00 2.614403818006560520e+00 2.598710628665931388e+00 2.583743243245371968e+00 2.569583119965493712e+00 2.556307826171735353e+00 2.543990505486960263e+00 2.532699374233336354e+00 2.522497250854984774e+00 2.513441121830279013e+00 2.505581747293709416e+00 2.498963309293912971e+00 2.493623105299028087e+00 2.489591289225340898e+00 2.486890661912773304e+00 2.485536512603820913e+00 2.485536512603820913e+00 2.486890661912773304e+00 2.489591289225340898e+00 2.493623105299028087e+00 2.498963309293912971e+00 2.505581747293709416e+00 2.513441121830279013e+00 2.522497250854984774e+00 2.532699374233336354e+00 2.543990505486960263e+00 2.556307826171735353e+00 2.569583119965493712e+00 2.583743243245371968e+00 2.598710628665931388e+00 2.614403818006560520e+00 2.630738020342321182e+00 2.647625691407787141e+00 2.664977129870115036e+00 2.682701086106587862e+00 2.700705378994126438e+00 2.718897516164508588e+00 2.737185313159522959e+00 2.755477506935270160e+00 2.773684359214154682e+00 2.791718245266279208e+00 2.809494223818598257e+00 2.826930583939009534e+00 2.843949364922830014e+00 2.860476845419140712e+00 2.876443998272783187e+00 2.891786907822612829e+00 2.906447146685758209e+00 2.920372109369071101e+00 2.933515300380175272e+00 2.945836574859100665e+00 2.957302330114667921e+00 2.967885646824912627e+00 2.977566379044963796e+00 2.986331192555984781e+00 2.994173551482209206e+00 3.001093653496564873e+00 3.007098314326016375e+00 3.012200802652633680e+00 3.016420626882388323e+00 3.019783275618193930e+00 3.022319914023734455e+00 3.024067038597666013e+00 3.025066093191234984e+00 3.025363049393849035e+00 3.025007954678465172e+00 3.024054451939829136e+00 3.022559274271683361e+00 3.020581719012604083e+00 3.018183105242561393e+00 3.015426219032608213e+00 3.012374750837354842e+00 3.009092729473359373e+00 3.005643957145960332e+00 3.002091449972205339e+00 2.998496888398497706e+00 2.994920081828864600e+00 2.991418451663873324e+00 2.988046536802168252e+00 2.984855525477512206e+00 2.981892817095359138e+00 2.979201617496176624e+00 2.976820570809533439e+00 2.974783430775637783e+00 2.973118774101564998e+00 2.971849758090372884e+00 2.970993924435035183e+00 2.970563050708471931e+00 2.970563050708471931e+00 2.970993924435035183e+00 2.971849758090372884e+00 2.973118774101564998e+00 2.974783430775637783e+00 2.976820570809533439e+00 2.979201617496176624e+00 2.981892817095359138e+00 2.984855525477512206e+00 2.988046536802168252e+00 2.991418451663873324e+00 2.994920081828864600e+00 2.998496888398497706e+00 3.002091449972205339e+00 3.005643957145960332e+00 3.009092729473359373e+00 3.012374750837354842e+00 3.015426219032608213e+00 3.018183105242561393e+00 3.020581719012604083e+00 3.022559274271683361e+00 3.024054451939829136e+00 3.025007954678465172e+00 3.025363049393849035e+00 3.025066093191234984e+00 3.024067038597666013e+00 3.022319914023734455e+00 3.019783275618193930e+00 3.016420626882388323e+00 3.012200802652633680e+00 3.007098314326016375e+00 3.001093653496564873e+00 2.994173551482209206e+00 2.986331192555984781e+00 2.977566379044963796e+00 2.967885646824912627e+00 2.957302330114667921e+00 2.945836574859100665e+00 2.933515300380175272e+00 2.920372109369071101e+00 2.906447146685758209e+00 2.891786907822612829e+00 2.876443998272783187e+00 2.860476845419140712e+00 2.843949364922830014e+00 2.826930583939009534e+00 2.809494223818598257e+00 2.791718245266279208e+00 2.773684359214154682e+00 2.755477506935270160e+00 2.737185313159522959e+00 2.718897516164508588e+00 2.700705378994126438e+00
2.687360212729200892e+00 2.668117018449002842e+00 2.649209292463956977e+00 2.630738020342321182e+00 2.612802862196792919e+00 2.595501472099513762e+00 2.578928828816066332e+00 2.563176582811228510e+00 2.548332424363212390e+00 2.534479477470465980e+00 2.521695724047146925e+00 2.510053462681309355e+00 2.499618805975528435e+00 2.490451220204948690e+00 2.482603110714717953e+00 2.476119456139924235e+00 2.471037494168896842e+00 2.467386461187967672e+00 2.465187387745281899e+00 2.464452951356089105e+00 2.465187387745281899e+00 2.467386461187967672e+00 2.471037494168896842e+00 2.476119456139924235e+00 2.482603110714717953e+00 2.490451220204948690e+00 2.499618805975528435e+00 2.510053462681309355e+00 2.521695724047146925e+00 2.534479477470465980e+00 2.548332424363212390e+00 2.563176582811228510e+00 2.578928828816066332e+00 2.595501472099513762e+00 2.612802862196792919e+00 2.630738020342321182e+00 2.649209292463956977e+00 2.668117018449002842e+00 2.687360212729200892e+00 2.706837251153331181e+00 2.726446559075371479e+00 2.746087295583931276e+00 2.765660028834572959e+00 2.785067397520752053e+00 2.804214753630489110e+00 2.823010781784009993e+00 2.841368090631029020e+00 2.859203772003963362e+00 2.876439923773245422e+00 2.893004132631304071e+00 2.908829913340546636e+00 2.923857101315299634e+00 2.938032195765826415e+00 2.951308651011297357e+00 2.963647113965214519e+00 2.975015606208109009e+00 2.985389649485370001e+00 2.994752333899479257e+00 3.003094328502481147e+00 3.010413834432872804e+00 3.016716481177984743e+00 3.022015166974857170e+00 3.026329844786533219e+00 3.029687255703152449e+00 3.032120612015246852e+00 3.033669232587139053e+00 3.034378133518382814e+00 3.034297577418161307e+00 3.033482584928746562e+00 3.031992412417303218e+00 3.029890000008265805e+00 3.027241394349333259e+00 3.024115150691158771e+00 3.020581719012604083e+00 3.016712819038896765e+00 3.012580809078228672e+00 3.008258053642782759e+00 3.003816294822465149e+00 2.999326032343828441e+00 2.994855917173072424e+00 2.990472163411129980e+00 2.986237983081597935e+00 2.982213048229791497e+00 2.978452984534788239e+00 2.975008900387905886e+00 2.971926955112103474e+00 2.969247969689964517e+00 2.967007083035115844e+00 2.965233456486009445e+00 2.963950028824468674e+00 2.963173323727346986e+00 2.962913311150906281e+00 2.963173323727346986e+00 2.963950028824468674e+00 2.965233456486009445e+00 2.967007083035115844e+00 2.969247969689964517e+00 2.971926955112103474e+00 2.975008900387905886e+00 2.978452984534788239e+00 2.982213048229791497e+00 2.986237983081597935e+00 2.990472163411129980e+00 2.994855917173072424e+00 2.999326032343828441e+00 3.003816294822465149e+00 3.008258053642782759e+00 3.012580809078228672e+00 3.016712819038896765e+00 3.020581719012604083e+00 3.024115150691158771e+00 3.027241394349333259e+00 3.029890000008265805e+00 3.031992412417303218e+00 3.033482584928746562e+00 3.034297577418161307e+00 3.034378133518382814e+00 3.033669232587139053e+00 3.032120612015246852e+00 3.029687255703152449e+00 3.026329844786533219e+00 3.022015166974857170e+00 3.016716481177984743e+00 3.010413834432872804e+00 3.003094328502481147e+00 2.994752333899479257e+00 2.985389649485370001e+00 2.975015606208109009e+00 2.963647113965214519e+00 2.951308651011297357e+00 2.938032195765826415e+00 2.923857101315299634e+00 2.908829913340546636e+00 2.893004132631304071e+00 2.876439923773245422e+00 2.859203772003963362e+00 2.841368090631029020e+00 2.823010781784009993e+00 2.804214753630489110e+00 2.785067397520752053e+00 2.765660028834572959e+00 2.746087295583931276e+00 2.726446559075371479e+00 2.706837251153331181e+00
2.695086015116717970e+00 2.674373076511271652e+00 2.653948220543260295e+00 2.633921970432805626e+00 2.614403818006560520e+00 2.595501472099513762e+00 2.577320116559536523e+00 2.559961683353742412e+00 2.543524146168615996e+00 2.528100839748010031e+00 2.513779810025562167e+00 2.500643199882328194e+00 2.488766675098069925e+00 2.478218894767801661e+00 2.469061030125916378e+00 2.461346335361212834e+00 2.455119773619967027e+00 2.450417700983783309e+00 2.447267610777550395e+00 2.445687940113475012e+00 2.445687940113475012e+00 2.447267610777550395e+00 2.450417700983783309e+00 2.455119773619967027e+00 2.461346335361212834e+00 2.469061030125916378e+00 2.478218894767801661e+00 2.488766675098069925e+00 2.500643199882328194e+00 2.513779810025562167e+00 2.528100839748010031e+00 2.543524146168615996e+00 2.559961683353742412e+00 2.577320116559536523e+00 2.595501472099513762e+00 2.614403818006560520e+00 2.633921970432805626e+00 2.653948220543260295e+00 2.674373076511271652e+00 2.695086015116717970e+00 2.715976237382367930e+00 2.736933422660309478e+00 2.757848475599138371e+00 2.778614260483372789e+00 2.799126317538944253e+00 2.819283555941845432e+00 2.838988918449851351e+00 2.858150012798426953e+00 2.876679705259711284e+00 2.894496672055878239e+00 2.911525904642944251e+00 2.927699165235845502e+00 2.942955389327500004e+00 2.957241032360807154e+00 2.970510358139931029e+00 2.982725667012613879e+00 2.993857462315116180e+00 3.003884554042390409e+00 3.012794099184457952e+00 3.020581578652214549e+00 3.027250711198258504e+00 3.032813305217176403e+00 3.037289049781411787e+00 3.040705246729757505e+00 3.043096486072194296e+00 3.044504267403793651e+00 3.044976570428499674e+00 3.044567378077683184e+00 3.043336156065503673e+00 3.041347293050611356e+00 3.038669505869084020e+00 3.035375214564500990e+00 3.031539892165691086e+00 3.027241394349333259e+00 3.022559274271683361e+00 3.017574087960333440e+00 3.012366695722118681e+00 3.007017565046640417e+00 3.001606080466261872e+00 2.996209865772929692e+00 2.990904123890306021e+00 2.985760999557193429e+00 2.980848969796340509e+00 2.976232266922600456e+00 2.971970338588010296e+00 2.968117349070455990e+00 2.964721725689511533e+00 2.961825753880231726e+00 2.959465224075866985e+00 2.957669133146499707e+00 2.956459442715676733e+00 2.955850896234343939e+00 2.955850896234343939e+00 2.956459442715676733e+00 2.957669133146499707e+00 2.959465224075866985e+00 2.961825753880231726e+00 2.964721725689511533e+00 2.968117349070455990e+00 2.971970338588010296e+00 2.976232266922600456e+00 2.980848969796340509e+00 2.985760999557193429e+00 2.990904123890306021e+00 2.996209865772929692e+00 3.001606080466261872e+00 3.007017565046640417e+00 3.012366695722118681e+00 3.017574087960333440e+00 3.022559274271683361e+00 3.027241394349333259e+00 3.031539892165691086e+00 3.035375214564500990e+00 3.038669505869084020e+00 3.041347293050611356e+00 3.043336156065503673e+00 3.044567378077683184e+00 3.044976570428499674e+00 3.044504267403793651e+00 3.043096486072194296e+00 3.040705246729757505e+00 3.037289049781411787e+00 3.032813305217176403e+00 3.027250711198258504e+00 3.020581578652214549e+00 3.012794099184457952e+00 3.003884554042390409e+00 2.993857462315116180e+00 2.982725667012613879e+00 2.970510358139931029e+00 2.957241032360807154e+00 2.942955389327500004e+00 2.927699165235845502e+00 2.911525904642944251e+00 2.894496672055878239e+00 2.876679705259711284e+00 2.858150012798426953e+00 2.838988918449851351e+00 2.819283555941845432e+00 2.799126317538944253e+00 2.778614260483372789e+00 2.757848475599138371e+00 2.736933422660309478e+00 2.715976237382367930e+00
2.705819695248003587e+00 2.683698046044948882e+00 2.661806940417608569e+00 2.640266168302471961e+00 2.619194852756270731e+00 2.598710628665931388e+00 2.578928828816066332e+00 2.559961683353742412e+00 2.541917538596052850e+00 2.524900100986998908e+00 2.509007711827164311e+00 2.494332658174090778e+00 2.480960525044873854e+00 2.468969593747250446e+00 2.458430290823649944e+00 2.449404691716981386e+00 2.441946082860063427e+00 2.436098585455755750e+00 2.431896843755225746e+00 2.429365780160948507e+00 2.428520418982503148e+00 2.429365780160948507e+00 2.431896843755225746e+00 2.436098585455755750e+00 2.441946082860063427e+00 2.449404691716981386e+00 2.458430290823649944e+00 2.468969593747250446e+00 2.480960525044873854e+00 2.494332658174090778e+00 2.509007711827164311e+00 2.524900100986998908e+00 2.541917538596052850e+00 2.559961683353742412e+00 2.578928828816066332e+00 2.598710628665931388e+00 2.619194852756270731e+00 2.640266168302471961e+00 2.661806940417608569e+00 2.683698046044948882e+00 2.705819695248003587e+00 2.728052253770037794e+00 2.750277060772475135e+00 2.772377235705286491e+00 2.794238468351708971e+00 2.815749786223996853e+00 2.836804293665070364e+00 2.857299877231843865e+00 2.877139872197713277e+00 2.896233685312326944e+00 2.914497369294015261e+00 2.931854144901498760e+00 2.948234866833978174e+00 2.963578430139254039e+00 2.977832114264995056e+00 2.990951862365004654e+00 3.002902493966925324e+00 3.013657849616266926e+00 3.023200866630263661e+00 3.031523585619809946e+00 3.038627087964613338e+00 3.044521364951732867e+00 3.049225119806896700e+00 3.052765504357330073e+00 3.055177792560598959e+00 3.056504993612187970e+00 3.056797407801763455e+00 3.056112128720688048e+00 3.054512495828154872e+00 3.052067501757175449e+00 3.048851159081823692e+00 3.044941831570870061e+00 3.040421535218149618e+00 3.035375214564500990e+00 3.029890000008265805e+00 3.024054451939829136e+00 3.017957797629325700e+00 3.011689166844911725e+00 3.005336832181384477e+00 2.998987460035546615e+00 2.992725378075833387e+00 2.986631864920065382e+00 2.980784467557751061e+00 2.975256351833627022e+00 2.970115691048563988e+00 2.965425097434841728e+00 2.961241100927188175e+00 2.957613679281536179e+00 2.954585843193095585e+00 2.952193279636931234e+00 2.950464056201266061e+00 2.949418388709528660e+00 2.949068473935394508e+00 2.949418388709528660e+00 2.950464056201266061e+00 2.952193279636931234e+00 2.954585843193095585e+00 2.957613679281536179e+00 2.961241100927188175e+00 2.965425097434841728e+00 2.970115691048563988e+00 2.975256351833627022e+00 2.980784467557751061e+00 2.986631864920065382e+00 2.992725378075833387e+00 2.998987460035546615e+00 3.005336832181384477e+00 3.011689166844911725e+00 3.017957797629325700e+00 3.024054451939829136e+00 3.029890000008265805e+00 3.035375214564500990e+00 3.040421535218149618e+00 3.044941831570870061e+00 3.048851159081823692e+00 3.052067501757175449e+00 3.054512495828154872e+00 3.056112128720688048e+00 3.056797407801763455e+00 3.056504993612187970e+00 3.055177792560598959e+00 3.052765504357330073e+00 3.049225119806896700e+00 3.044521364951732867e+00 3.038627087964613338e+00 3.031523585619809946e+00 3.023200866630263661e+00 3.013657849616266926e+00 3.002902493966925324e+00 2.990951862365004654e+00 2.977832114264995056e+00 2.963578430139254039e+00 2.948234866833978174e+00 2.931854144901498760e+00 2.914497369294015261e+00 2.896233685312326944e+00 2.877139872197713277e+00 2.857299877231843865e+00 2.836804293665070364e+00 2.815749786223996853e+00 2.794238468351708971e+00 2.772377235705286491e+00 2.750277060772475135e+00 2.728052253770037794e+00
2.719479563336083316e+00 2.696021489109041269e+00 2.672726526154022952e+00 2.649723388709736671e+00 2.627140557791771691e+00 2.605105392055026670e+00 2.583743243245371968e+00 2.563176582811228510e+00 2.543524146168615996e+00 2.524900100986998908e+00 2.507413245688854264e+00 2.491166244134580321e+00 2.476254902197904340e+00 2.462767491627242844e+00 2.450784126237949945e+00 2.440376195091652267e+00 2.431605856894864193e+00 2.424525599393017483e+00 2.419177867051416797e+00 2.415594759805001157e+00 2.413797805128166107e+00 2.413797805128166107e+00 2.415594759805001157e+00 2.419177867051416797e+00 2.424525599393017483e+00 2.431605856894864193e+00 2.440376195091652267e+00 2.450784126237949945e+00 2.462767491627242844e+00 2.476254902197904340e+00 2.491166244134580321e+00 2.507413245688854264e+00 2.524900100986998908e+00 2.543524146168615996e+00 2.563176582811228510e+00 2.583743243245371968e+00 2.605105392055026670e+00 2.627140557791771691e+00 2.649723388709736671e+00 2.672726526154022952e+00 2.696021489109041269e+00 2.719479563336083316e+00 2.742972688502097522e+00 2.766374336724048533e+00 2.789560376025536304e+00 2.812409912323595051e+00 2.834806103733249483e+00 2.856636941193780199e+00 2.877795989682451872e+00 2.898183084586328562e+00 2.917704978148774497e+00 2.936275931291325136e+00 2.953818246531140890e+00 2.970262738165919014e+00 2.985549136378455870e+00 2.999626422418451899e+00 3.012453092545726019e+00 3.023997348962776499e+00 3.034237216521381786e+00 3.043160584553541437e+00 3.050765173747136405e+00 3.057058428556902019e+00 3.062057336207358205e+00 3.065788173901873304e+00 3.068286186396876669e+00 3.069595196628125411e+00 3.069767152583005032e+00 3.068861614095114820e+00 3.066945183691283550e+00 3.064090886043160378e+00 3.060377500962494057e+00 3.055888855228188650e+00 3.050713078841467141e+00 3.044941831570870061e+00 3.038669505869084020e+00 3.031992412417303218e+00 3.025007954678465172e+00 3.017813798917569290e+00 3.010507046174489165e+00 3.003183412652374429e+00 2.995936424912834628e+00 2.988856636148268464e+00 2.982030869632929626e+00 2.975541495238781753e+00 2.969465744641665239e+00 2.963875070539698342e+00 2.958834554861548671e+00 2.954402370559810809e+00 2.950629301167240204e+00 2.947558321844075291e+00 2.945224245166732757e+00 2.943653434405312908e+00 2.942863586513478236e+00 2.942863586513478236e+00 2.943653434405312908e+00 2.945224245166732757e+00 2.947558321844075291e+00 2.950629301167240204e+00 2.954402370559810809e+00 2.958834554861548671e+00 2.963875070539698342e+00 2.969465744641665239e+00 2.975541495238781753e+00 2.982030869632929626e+00 2.988856636148268464e+00 2.995936424912834628e+00 3.003183412652374429e+00 3.010507046174489165e+00 3.017813798917569290e+00 3.025007954678465172e+00 3.031992412417303218e+00 3.038669505869084020e+00 3.044941831570870061e+00 3.050713078841467141e+00 3.055888855228188650e+00 3.060377500962494057e+00 3.064090886043160378e+00 3.066945183691283550e+00 3.068861614095114820e+00 3.069767152583005032e+00 3.069595196628125411e+00 3.068286186396876669e+00 3.065788173901873304e+00 3.062057336207358205e+00 3.057058428556902019e+00 3.050765173747136405e+00 3.043160584553541437e+00 3.034237216521381786e+00 3.023997348962776499e+00 3.012453092545726019e+00 2.999626422418451899e+00 2.985549136378455870e+00 2.970262738165919014e+00 2.953818246531140890e+00 2.936275931291325136e+00 2.917704978148774497e+00 2.898183084586328562e+00 2.877795989682451872e+00 2.856636941193780199e+00 2.834806103733249483e+00 2.812409912323595051e+00 2.789560376025536304e+00 2.766374336724048533e+00 2.742972688502097522e+00
2.735961659536755519e+00 2.711250322898565823e+00 2.686625107894447861e+00 2.662223240881502306e+00 2.638182215959209653e+00 2.614638840343623816e+00 2.591728281049078486e+00 2.569583119965493712e+00 2.548332424363212390e+00 2.528100839748010031e+00 2.509007711827164311e+00 2.491166244134580321e+00 2.474682697600464554e+00 2.459655638040978864e+00 2.446175237187943718e+00 2.434322632480768522e+00 2.424169350405309231e+00 2.415776797690644795e+00 2.409195824168392175e+00 2.404466360563972671e+00 2.401617133929262682e+00 2.400665462845577469e+00 2.401617133929262682e+00 2.404466360563972671e+00 2.409195824168392175e+00 2.415776797690644795e+00 2.424169350405309231e+00 2.434322632480768522e+00 2.446175237187943718e+00 2.459655638040978864e+00 2.474682697600464554e+00 2.491166244134580321e+00 2.509007711827164311e+00 2.528100839748010031e+00 2.548332424363212390e+00 2.569583119965493712e+00 2.591728281049078486e+00 2.614638840343623816e+00 2.638182215959209653e+00 2.662223240881502306e+00 2.686625107894447861e+00 2.711250322898565823e+00 2.735961659536755519e+00 2.760623108037076445e+00 2.785100811233070406e+00 2.809263980826596896e+00 2.832985787114914444e+00 2.856144215611769344e+00 2.878622884249868008e+00 2.900311815157383233e+00 2.921108155351744617e+00 2.940916841087199085e+00 2.959651201025459866e+00 2.977233493868016723e+00 2.993595376590609813e+00 3.008678299951244473e+00 3.022433828498947150e+00 3.034823882886836355e+00 3.045820902885831405e+00 3.055407930099685032e+00 3.063578609993677038e+00 3.070337113463343481e+00 3.075697978781481101e+00 3.079685875366790615e+00 3.082335291411038014e+00 3.083690147979336160e+00 3.083803342755413013e+00 3.082736227136445795e+00 3.080558020886137172e+00 3.077345169026296734e+00 3.073180646082770195e+00 3.068153213197752915e+00 3.062356633974365305e+00 3.055888855228188650e+00 3.048851159081823692e+00 3.041347293050611356e+00 3.033482584928746562e+00 3.025363049393849035e+00 3.017094493304028902e+00 3.008781626663905584e+00 3.000527186185173889e+00 2.992431078263323219e+00 2.984589548036012285e+00 2.977094380981431865e+00 2.970032143258481749e+00 2.963483466686531287e+00 2.957522383913500974e+00 2.952215718929468213e+00 2.947622537651977126e+00 2.943793662842221881e+00 2.940771257111547410e+00 2.938588477249324260e+00 2.937269202550185199e+00 2.936827839244976257e+00 2.937269202550185199e+00 2.938588477249324260e+00 2.940771257111547410e+00 2.943793662842221881e+00 2.947622537651977126e+00 2.952215718929468213e+00 2.957522383913500974e+00 2.963483466686531287e+00 2.970032143258481749e+00 2.977094380981431865e+00 2.984589548036012285e+00 2.992431078263323219e+00 3.000527186185173889e+00 3.008781626663905584e+00 3.017094493304028902e+00 3.025363049393849035e+00 3.033482584928746562e+00 3.041347293050611356e+00 3.048851159081823692e+00 3.055888855228188650e+00 3.062356633974365305e+00 3.068153213197752915e+00 3.073180646082770195e+00 3.077345169026296734e+00 3.080558020886137172e+00 3.082736227136445795e+00 3.083803342755413013e+00 3.083690147979336160e+00 3.082335291411038014e+00 3.079685875366790615e+00 3.075697978781481101e+00 3.070337113463343481e+00 3.063578609993677038e+00 3.055407930099685032e+00 3.045820902885831405e+00 3.034823882886836355e+00 3.022433828498947150e+00 3.008678299951244473e+00 2.993595376590609813e+00 2.977233493868016723e+00 2.959651201025459866e+00 2.940916841087199085e+00 2.921108155351744617e+00 2.900311815157383233e+00 2.878622884249868008e+00 2.856144215611769344e+00 2.832985787114914444e+00 2.809263980826596896e+00 2.785100811233070406e+00 2.760623108037076445e+00
2.755140545145769337e+00 2.729269526816917146e+00 2.703398492584322188e+00 2.677672701213474227e+00 2.652238245138317740e+00 2.627241033209493537e+00 2.602825770968567820e+00 2.579134946036303333e+00 2.556307826171735353e+00 2.534479477470465980e+00 2.513779810025562167e+00 2.494332658174090778e+00 2.476254902197904340e+00 2.459655638040978864e+00 2.444635401249440232e+00 2.431285450937374915e+00 2.419687119134382058e+00 2.409911230383205094e+00 2.402017595931202454e+00 2.396054586301950451e+00 2.392058785447110481e+00 2.390054729068244566e+00 2.390054729068244566e+00 2.392058785447110481e+00 2.396054586301950451e+00 2.402017595931202454e+00 2.409911230383205094e+00 2.419687119134382058e+00 2.431285450937374915e+00 2.444635401249440232e+00 2.459655638040978864e+00 2.476254902197904340e+00 2.494332658174090778e+00 2.513779810025562167e+00 2.534479477470465980e+00 2.556307826171735353e+00 2.579134946036303333e+00 2.602825770968567820e+00 2.627241033209493537e+00 2.652238245138317740e+00 2.677672701213474227e+00 2.703398492584322188e+00 2.729269526816917146e+00 2.755140545145769337e+00 2.780868129689798351e+00 2.806311693154035058e+00 2.831334443678633406e+00 2.855804317692178795e+00 2.879594873875710004e+00 2.902586141645360218e+00 2.924665417912830190e+00 2.945728006281180811e+00 2.965677893275915356e+00 2.984428356694312168e+00 3.001902501676052548e+00 3.018033720651243978e+00 3.032766073903813808e+00 3.046054588094486260e+00 3.057865470713556189e+00 3.068176239074669187e+00 3.076975763111901241e+00 3.084264221898640468e+00 3.090052974463253666e+00 3.094364346127976173e+00 3.097231332239296364e+00 3.098697221785153388e+00 3.098815144001899835e+00 3.097647541657551074e+00 3.095265575252898582e+00 3.091748462904373884e+00 3.087182761158234978e+00 3.081661592430844365e+00 3.075283825171351904e+00 3.068153213197752915e+00 3.060377500962494057e+00 3.052067501757175449e+00 3.043336156065503673e+00 3.034297577418161307e+00 3.025066093191234984e+00 3.015755287821048736e+00 3.006477055882092575e+00 2.997340672391735072e+00 2.988451887565901632e+00 2.979912053055303378e+00 2.971817286443306561e+00 2.964257680486233060e+00 2.957316563227048167e+00 2.951069814716620332e+00 2.945585245636198390e+00 2.940922042633700162e+00 2.937130284668576508e+00 2.934250534109375419e+00 2.932313505748876281e+00 2.931339816298184520e+00 2.931339816298184520e+00 2.932313505748876281e+00 2.934250534109375419e+00 2.937130284668576508e+00 2.940922042633700162e+00 2.945585245636198390e+00 2.951069814716620332e+00 2.957316563227048167e+00 2.964257680486233060e+00 2.971817286443306561e+00 2.979912053055303378e+00 2.988451887565901632e+00 2.997340672391735072e+00 3.006477055882092575e+00 3.015755287821048736e+00 3.025066093191234984e+00 3.034297577418161307e+00 3.043336156065503673e+00 3.052067501757175449e+00 3.060377500962494057e+00 3.068153213197752915e+00 3.075283825171351904e+00 3.081661592430844365e+00 3.087182761158234978e+00 3.091748462904373884e+00 3.095265575252898582e+00 3.097647541657551074e+00 3.098815144001899835e+00 3.098697221785153388e+00 3.097231332239296364e+00 3.094364346127976173e+00 3.090052974463253666e+00 3.084264221898640468e+00 3.076975763111901241e+00 3.068176239074669187e+00 3.057865470713556189e+00 3.046054588094486260e+00 3.032766073903813808e+00 3.018033720651243978e+00 3.001902501676052548e+00 2.984428356694312168e+00 2.965677893275915356e+00 2.945728006281180811e+00 2.924665417912830190e+00 2.902586141645360218e+00 2.879594873875710004e+00 2.855804317692178795e+00 2.831334443678633406e+00 2.806311693154035058e+00 2.780868129689798351e+00
2.776870257263113206e+00 2.749943016176885191e+00 2.722920953930278998e+00 2.695956817223609914e+00 2.669204814464915199e+00 2.642819539241688442e+00 2.616954887054709911e+00 2.591762973380745017e+00 2.567393061128282472e+00 2.543990505486960263e+00 2.521695724047146925e+00 2.500643199882328194e+00 2.480960525044873854e+00 2.462767491627242844e+00 2.446175237187943718e+00 2.431285450937374915e+00 2.418189646625928724e+00 2.406968507579031691e+00 2.397691308784779540e+00 2.390415420363651844e+00 2.385185896140753936e+00 2.382035150403868595e+00 2.380982725269958689e+00 2.382035150403868595e+00 2.385185896140753936e+00 2.390415420363651844e+00 2.397691308784779540e+00 2.406968507579031691e+00 2.418189646625928724e+00 2.431285450937374915e+00 2.446175237187943718e+00 2.462767491627242844e+00 2.480960525044873854e+00 2.500643199882328194e+00 2.521695724047146925e+00 2.543990505486960263e+00 2.567393061128282472e+00 2.591762973380745017e+00 2.616954887054709911e+00 2.642819539241688442e+00 2.669204814464915199e+00 2.695956817223609914e+00 2.722920953930278998e+00 2.749943016176885191e+00 2.776870257263113206e+00 2.803552453978541248e+00 2.829842945749612593e+00 2.855599643441124158e+00 2.880686000339032660e+00 2.904971938134951248e+00 2.928334721080587233e+00 2.950659771879720505e+00 2.971841423333296817e+00 2.991783600246286312e+00 3.010400426639341820e+00 3.027616753880022937e+00 3.043368605952949224e+00 3.057603538721229697e+00 3.070280910687900544e+00 3.081372063441103037e+00 3.090860410654977297e+00 3.098741435214697137e+00 3.105022594733279462e+00 3.109723136424548340e+00 3.112873822985522398e+00 3.114516571817414370e+00 3.114704010572055370e+00 3.113498952645109341e+00 3.110973796843859773e+00 3.107209856031273087e+00 3.102296620084823431e+00 3.096330959004464756e+00 3.089416272454991397e+00 3.081661592430844365e+00 3.073180646082770195e+00 3.064090886043160378e+00 3.054512495828154872e+00 3.044567378077683184e+00 3.034378133518382814e+00 3.024067038597666013e+00 3.013755029739753510e+00 3.003560702116174763e+00 2.993599330704558081e+00 2.983981921231415146e+00 2.974814298358372966e+00 2.966196238178838041e+00 2.958220651745553820e+00 2.950972825951632128e+00 2.944529727641392203e+00 2.938959376336274687e+00 2.934320290428738431e+00 2.930661011127769111e+00 2.928019707837460128e+00 2.926423868019940144e+00 2.925890073940381697e+00 2.926423868019940144e+00 2.928019707837460128e+00 2.930661011127769111e+00 2.934320290428738431e+00 2.938959376336274687e+00 2.944529727641392203e+00 2.950972825951632128e+00 2.958220651745553820e+00 2.966196238178838041e+00 2.974814298358372966e+00 2.983981921231415146e+00 2.993599330704558081e+00 3.003560702116174763e+00 3.013755029739753510e+00 3.024067038597666013e+00 3.034378133518382814e+00 3.044567378077683184e+00 3.054512495828154872e+00 3.064090886043160378e+00 3.073180646082770195e+00 3.081661592430844365e+00 3.089416272454991397e+00 3.096330959004464756e+00 3.102296620084823431e+00 3.107209856031273087e+00 3.110973796843859773e+00 3.113498952645109341e+00 3.114704010572055370e+00 3.114516571817414370e+00 3.112873822985522398e+00 3.109723136424548340e+00 3.105022594733279462e+00 3.098741435214697137e+00 3.090860410654977297e+00 3.081372063441103037e+00 3.070280910687900544e+00 3.057603538721229697e+00 3.043368605952949224e+00 3.027616753880022937e+00 3.010400426639341820e+00 2.991783600246286312e+00 2.971841423333296817e+00 2.950659771879720505e+00 2.928334721080587233e+00 2.904971938134951248e+00 2.880686000339032660e+00 2.855599643441124158e+00 2.829842945749612593e+00 2.803552453978541248e+00
2.800985419658815090e+00 2.773114675884114089e+00 2.745046185580625409e+00 2.716939577408812756e+00 2.688956628561685047e+00 2.661260132777128806e+00 2.634012756887178064e+00 2.607375894424786456e+00 2.581508524838474372e+00 2.556566086830311502e+00 2.532699374233336354e+00 2.510053462681309355e+00 2.488766675098069925e+00 2.468969593747250446e+00 2.450784126237949945e+00 2.434322632480768522e+00 2.419687119134382058e+00 2.406968507579031691e+00 2.396245980903762618e+00 2.387586414803080093e+00 2.381043896650416603e+00 2.376659336355185115e+00 2.374460171922208929e+00 2.374460171922208929e+00 2.376659336355185115e+00 2.381043896650416603e+00 2.387586414803080093e+00 2.396245980903762618e+00 2.406968507579031691e+00 2.419687119134382058e+00 2.434322632480768522e+00 2.450784126237949945e+00 2.468969593747250446e+00 2.488766675098069925e+00 2.510053462681309355e+00 2.532699374233336354e+00 2.556566086830311502e+00 2.581508524838474372e+00 2.607375894424786456e+00 2.634012756887178064e+00 2.661260132777128806e+00 2.688956628561685047e+00 2.716939577408812756e+00 2.745046185580625409e+00 2.773114675884114089e+00 2.800985419658815090e+00 2.828502048875231711e+00 2.855512540075870742e+00 2.881870262111465575e+00 2.907434979906439398e+00 2.932073806827913298e+00 2.955662098628857759e+00 2.978084282385461190e+00 2.999234614347793038e+00 3.019017861167782257e+00 3.037349899555153332e+00 3.054158230035727950e+00 3.069382401142855432e+00 3.082974341056450296e+00 3.094898594410140813e+00 3.105132462709935481e+00 3.113666047542105630e+00 3.120502196488001090e+00 3.125656352403822336e+00 3.129156307458019981e+00 3.131041864042774847e+00 3.131364405383031624e+00 3.130186379351775461e+00 3.127580699658208729e+00 3.123630069201327686e+00 3.118426230970303248e+00 3.112069152420577911e+00 3.104666149756575066e+00 3.096330959004464756e+00 3.087182761158234978e+00 3.077345169026296734e+00 3.066945183691283550e+00 3.056112128720688048e+00 3.044976570428499674e+00 3.033669232587139053e+00 3.022319914023734455e+00 3.011056417505084681e+00 3.000003498221640807e+00 2.989281840023304326e+00 2.979007067339923598e+00 2.969288800438888654e+00 2.960229761333149412e+00 2.951924937258130210e+00 2.944460808188168688e+00 2.937914644365942962e+00 2.932353879275419128e+00 2.927835562904551381e+00 2.924405899522537045e+00 2.922099873542809423e+00 2.920940966361987190e+00 2.920940966361987190e+00 2.922099873542809423e+00 2.924405899522537045e+00 2.927835562904551381e+00 2.932353879275419128e+00 2.937914644365942962e+00 2.944460808188168688e+00 2.951924937258130210e+00 2.960229761333149412e+00 2.969288800438888654e+00 2.979007067339923598e+00 2.989281840023304326e+00 3.000003498221640807e+00 3.011056417505084681e+00 3.022319914023734455e+00 3.033669232587139053e+00 3.044976570428499674e+00 3.056112128720688048e+00 3.066945183691283550e+00 3.077345169026296734e+00 3.087182761158234978e+00 3.096330959004464756e+00 3.104666149756575066e+00 3.112069152420577911e+00 3.118426230970303248e+00 3.123630069201327686e+00 3.127580699658208729e+00 3.130186379351775461e+00 3.131364405383031624e+00 3.131041864042774847e+00 3.129156307458019981e+00 3.125656352403822336e+00 3.120502196488001090e+00 3.113666047542105630e+00 3.105132462709935481e+00 3.094898594410140813e+00 3.082974341056450296e+00 3.069382401142855432e+00 3.054158230035727950e+00 3.037349899555153332e+00 3.019017861167782257e+00 2.999234614347793038e+00 2.978084282385461190e+00 2.955662098628857759e+00 2.932073806827913298e+00 2.907434979906439398e+00 2.881870262111465575e+00 2.855512540075870742e+00 2.828502048875231711e+00
2.827302501385910105e+00 2.798609546239864354e+00 2.769608410281355848e+00 2.740464940394273796e+00 2.711347873820154408e+00 2.682427654972723285e+00 2.653875235627620288e+00 2.625860867433233992e+00 2.598552895754248748e+00 2.572116563857038685e+00 2.546712836375187639e+00 2.522497250854984774e+00 2.499618805975528435e+00 2.478218894767801661e+00 2.458430290823649944e+00 2.440376195091652267e+00 2.424169350405309231e+00 2.409911230383205094e+00 2.397691308784779540e+00 2.387586414803080093e+00 2.379660179132132569e+00 2.373962574966089090e+00 2.370529557375321339e+00 2.369382803766538537e+00 2.370529557375321339e+00 2.373962574966089090e+00 2.379660179132132569e+00 2.387586414803080093e+00 2.397691308784779540e+00 2.409911230383205094e+00 2.424169350405309231e+00 2.440376195091652267e+00 2.458430290823649944e+00 2.478218894767801661e+00 2.499618805975528435e+00 2.522497250854984774e+00 2.546712836375187639e+00 2.572116563857038685e+00 2.598552895754248748e+00 2.625860867433233992e+00 2.653875235627620288e+00 2.682427654972723285e+00 2.711347873820154408e+00 2.740464940394273796e+00 2.769608410281355848e+00 2.798609546239864354e+00 2.827302501385910105e+00 2.855525476941400242e+00 2.883121845932535177e+00 2.909941234491640216e+00 2.935840552743705700e+00 2.960684967648157695e+00 2.984348810613016045e+00 3.006716413199643778e+00 3.027682864787626382e+00 3.047154686666960544e+00 3.065050417663987670e+00 3.081301107083573410e+00 3.095850711457765581e+00 3.108656392325089612e+00 3.119688713019276971e+00 3.128931733215760236e+00 3.136383000762860362e+00 3.142053441106309464e+00 3.145967145394684028e+00 3.148161059123436356e+00 3.148684573930840447e+00 3.147599025894302738e+00 3.144977104384800271e+00 3.140902176215089270e+00 3.135467530458807772e+00 3.128775549917607979e+00 3.120936815767625827e+00 3.112069152420577911e+00 3.102296620084823431e+00 3.091748462904373884e+00 3.080558020886137172e+00 3.068861614095114820e+00 3.056797407801763455e+00 3.044504267403793651e+00 3.032120612015246852e+00 3.019783275618193930e+00 3.007626384606949532e+00 2.995780260421682328e+00 2.984370355768802607e+00 2.973516232661144176e+00 2.963330590183519408e+00 2.953918349501561291e+00 2.945375803186509600e+00 2.937789835429390539e+00 2.931237219168585373e+00 2.925783995559324335e+00 2.921484940576694722e+00 2.918383122870252588e+00 2.916509556283310101e+00 2.915882949718957118e+00 2.916509556283310101e+00 2.918383122870252588e+00 2.921484940576694722e+00 2.925783995559324335e+00 2.931237219168585373e+00 2.937789835429390539e+00 2.945375803186509600e+00 2.953918349501561291e+00 2.963330590183519408e+00 2.973516232661144176e+00 2.984370355768802607e+00 2.995780260421682328e+00 3.007626384606949532e+00 3.019783275618193930e+00 3.032120612015246852e+00 3.044504267403793651e+00 3.056797407801763455e+00 3.068861614095114820e+00 3.080558020886137172e+00 3.091748462904373884e+00 3.102296620084823431e+00 3.112069152420577911e+00 3.120936815767625827e+00 3.128775549917607979e+00 3.135467530458807772e+00 3.140902176215089270e+00 3.144977104384800271e+00 3.147599025894302738e+00 3.148684573930840447e+00 3.148161059123436356e+00 3.145967145394684028e+00 3.142053441106309464e+00 3.136383000762860362e+00 3.128931733215760236e+00 3.119688713019276971e+00 3.108656392325089612e+00 3.095850711457765581e+00 3.081301107083573410e+00 3.065050417663987670e+00 3.047154686666960544e+00 3.027682864787626382e+00 3.006716413199643778e+00 2.984348810613016045e+00 2.960684967648157695e+00 2.935840552743705700e+00 2.909941234491640216e+00 2.883121845932535177e+00 2.855525476941400242e+00
2.855621213561768013e+00 2.826235151842837023e+00 2.796423636574537408e+00 2.766358015554377658e+00 2.736213319545973022e+00 2.706167032575425679e+00 2.676397840032530340e+00 2.647084363916347716e+00 2.618403894669563137e+00 2.590531129079414185e+00 2.563636923684573521e+00 2.537887073017393913e+00 2.513441121830279013e+00 2.490451220204948690e+00 2.469061030125916378e+00 2.449404691716981386e+00 2.431605856894864193e+00 2.415776797690644795e+00 2.402017595931202454e+00 2.390415420363651844e+00 2.381043896650416603e+00 2.373962574966089090e+00 2.369216499194792380e+00 2.366835880964079042e+00 2.366835880964079042e+00 2.369216499194792380e+00 2.373962574966089090e+00 2.381043896650416603e+00 2.390415420363651844e+00 2.402017595931202454e+00 2.415776797690644795e+00 2.431605856894864193e+00 2.449404691716981386e+00 2.469061030125916378e+00 2.490451220204948690e+00 2.513441121830279013e+00 2.537887073017393913e+00 2.563636923684573521e+00 2.590531129079414185e+00 2.618403894669563137e+00 2.647084363916347716e+00 2.676397840032530340e+00 2.706167032575425679e+00 2.736213319545973022e+00 2.766358015554377658e+00 2.796423636574537408e+00 2.826235151842837023e+00 2.855621213561768013e+00 2.884415355244522861e+00 2.912457149781638943e+00 2.939593318623312523e+00 2.965678783848590516e+00 2.990577655332451013e+00 3.014164145720484189e+00 3.036323406474653819e+00 3.056952278858119598e+00 3.075959954378022942e+00 3.093268539897126246e+00 3.108813523353316288e+00 3.122544136784493052e+00 3.134423614139571157e+00 3.144429342158218788e+00 3.152552903416486529e+00 3.158800011456380119e+00 3.163190338738504082e+00 3.165757238971905085e+00 3.166547366177907108e+00 3.165620193629006707e+00 3.163047436563866555e+00 3.158912383309163463e+00 3.153309140133153221e+00 3.146341795808936137e+00 3.138123512472539733e+00 3.128775549917607979e+00 3.118426230970303248e+00 3.107209856031273087e+00 3.095265575252898582e+00 3.082736227136445795e+00 3.069767152583005032e+00 3.056504993612187970e+00 3.043096486072194296e+00 3.029687255703152449e+00 3.016420626882388323e+00 3.003436453275705187e+00 2.990869979443668836e+00 2.978850742207665991e+00 2.967501520269014481e+00 2.956937340197967945e+00 2.947264546471086266e+00 2.938579942738369866e+00 2.930970010949644600e+00 2.924510214367131766e+00 2.919264389842587182e+00 2.915284234047704093e+00 2.912608887621079390e+00 2.911264620439264039e+00 2.911264620439264039e+00 2.912608887621079390e+00 2.915284234047704093e+00 2.919264389842587182e+00 2.924510214367131766e+00 2.930970010949644600e+00 2.938579942738369866e+00 2.947264546471086266e+00 2.956937340197967945e+00 2.967501520269014481e+00 2.978850742207665991e+00 2.990869979443668836e+00 3.003436453275705187e+00 3.016420626882388323e+00 3.029687255703152449e+00 3.043096486072194296e+00 3.056504993612187970e+00 3.069767152583005032e+00 3.082736227136445795e+00 3.095265575252898582e+00 3.107209856031273087e+00 3.118426230970303248e+00 3.128775549917607979e+00 3.138123512472539733e+00 3.146341795808936137e+00 3.153309140133153221e+00 3.158912383309163463e+00 3.163047436563866555e+00 3.165620193629006707e+00 3.166547366177907108e+00 3.165757238971905085e+00 3.163190338738504082e+00 3.158800011456380119e+00 3.152552903416486529e+00 3.144429342158218788e+00 3.134423614139571157e+00 3.122544136784493052e+00 3.108813523353316288e+00 3.093268539897126246e+00 3.075959954378022942e+00 3.056952278858119598e+00 3.036323406474653819e+00 3.014164145720484189e+00 2.990577655332451013e+00 2.965678783848590516e+00 2.939593318623312523e+00 2.912457149781638943e+00 2.884415355244522861e+00
2.885726033687422643e+00 2.855782963481342307e+00 2.825291053484333847e+00 2.794426386133173512e+00 2.763369565603459588e+00 2.732304446655603680e+00 2.701416835337997924e+00 2.670893171245541708e+00 2.640919201178903553e+00 2.611678654122563170e+00 2.583351927457147035e+00 2.556114794243910193e+00 2.530137141267030820e+00 2.505581747293709416e+00 2.482603110714717953e+00 2.461346335361212834e+00 2.441946082860063427e+00 2.424525599393017483e+00 2.409195824168392175e+00 2.396054586301950451e+00 2.385185896140753936e+00 2.376659336355185115e+00 2.370529557375321339e+00 2.366835880964079042e+00 2.365602014907083106e+00 2.366835880964079042e+00 2.370529557375321339e+00 2.376659336355185115e+00 2.385185896140753936e+00 2.396054586301950451e+00 2.409195824168392175e+00 2.424525599393017483e+00 2.441946082860063427e+00 2.461346335361212834e+00 2.482603110714717953e+00 2.505581747293709416e+00 2.530137141267030820e+00 2.556114794243910193e+00 2.583351927457147035e+00 2.611678654122563170e+00 2.640919201178903553e+00 2.670893171245541708e+00 2.701416835337997924e+00 2.732304446655603680e+00 2.763369565603459588e+00 2.794426386133173512e+00 2.825291053484333847e+00 2.855782963481342307e+00 2.885726033687422643e+00 2.914949936938301178e+00 2.943291288070452705e+00 2.970594775020773071e+00 2.996714225903196915e+00 3.021513604159963506e+00 3.044867924437131279e+00 3.066664082441346917e+00 3.086801592693154461e+00 3.105193228796320426e+00 3.121765561587305005e+00 3.136459391308497047e+00 3.149230070757234046e+00 3.160047717193773753e+00 3.168897311638865677e+00 3.175778685049146954e+00 3.180706391719454018e+00 3.183709471118973955e+00 3.184831100216311217e+00 3.184128139180614436e+00 3.181670574155502251e+00 3.177540861583602716e+00 3.171833179305986850e+00 3.164652590367101226e+00 3.156114126116516427e+00 3.146341795808936137e+00 3.135467530458807772e+00 3.123630069201327686e+00 3.110973796843859773e+00 3.097647541657551074e+00 3.083803342755413013e+00 3.069595196628125411e+00 3.055177792560598959e+00 3.040705246729757505e+00 3.026329844786533219e+00 3.012200802652633680e+00 2.998463055115851095e+00 2.985256081587710497e+00 2.972712778095664365e+00 2.960958384221232809e+00 2.950109473268059279e+00 2.940273013453226891e+00 2.931545507364987646e+00 2.924012216324550106e+00 2.917746475633460346e+00 2.912809105986168934e+00 2.909247925585329853e+00 2.907097366720474252e+00 2.906378199765269787e+00 2.907097366720474252e+00 2.909247925585329853e+00 2.912809105986168934e+00 2.917746475633460346e+00 2.924012216324550106e+00 2.931545507364987646e+00 2.940273013453226891e+00 2.950109473268059279e+00 2.960958384221232809e+00 2.972712778095664365e+00 2.985256081587710497e+00 2.998463055115851095e+00 3.012200802652633680e+00 3.026329844786533219e+00 3.040705246729757505e+00 3.055177792560598959e+00 3.069595196628125411e+00 3.083803342755413013e+00 3.097647541657551074e+00 3.110973796843859773e+00 3.123630069201327686e+00 3.135467530458807772e+00 3.146341795808936137e+00 3.156114126116516427e+00 3.164652590367101226e+00 3.171833179305986850e+00 3.177540861583602716e+00 3.181670574155502251e+00 3.184128139180614436e+00 3.184831100216311217e+00 3.183709471118973955e+00 3.180706391719454018e+00 3.175778685049146954e+00 3.168897311638865677e+00 3.160047717193773753e+00 3.149230070757234046e+00 3.136459391308497047e+00 3.121765561587305005e+00 3.105193228796320426e+00 3.086801592693154461e+00 3.066664082441346917e+00 3.044867924437131279e+00 3.021513604159963506e+00 2.996714225903196915e+00 2.970594775020773071e+00 2.943291288070452705e+00 2.914949936938301178e+00
2.917387845903931964e+00 2.887029981895583131e+00 2.855994552586880619e+00 2.824461564809713110e+00 2.792616427082849295e+00 2.760648642430737709e+00 2.728750466768709249e+00 2.697115542873541383e+00 2.665937520150761575e+00 2.635408670525096309e+00 2.605718510817271127e+00 2.577052441928593840e+00 2.549590415034784119e+00 2.523505634793133279e+00 2.498963309293912971e+00 2.476119456139924235e+00 2.455119773619967027e+00 2.436098585455755750e+00 2.419177867051416797e+00 2.404466360563972671e+00 2.392058785447110481e+00 2.382035150403868595e+00 2.374460171922208929e+00 2.369382803766538537e+00 2.366835880964079042e+00 2.366835880964079042e+00 2.369382803766538537e+00 2.374460171922208929e+00 2.382035150403868595e+00 2.392058785447110481e+00 2.404466360563972671e+00 2.419177867051416797e+00 2.436098585455755750e+00 2.455119773619967027e+00 2.476119456139924235e+00 2.498963309293912971e+00 2.523505634793133279e+00 2.549590415034784119e+00 2.577052441928593840e+00 2.605718510817271127e+00 2.635408670525096309e+00 2.665937520150761575e+00 2.697115542873541383e+00 2.728750466768709249e+00 2.760648642430737709e+00 2.792616427082849295e+00 2.824461564809713110e+00 2.855994552586880619e+00 2.887029981895583131e+00 2.917387845903931964e+00 2.946894802463843277e+00 2.975385383515114057e+00 3.002703141901462036e+00 3.028701727084656792e+00 3.053245881788781091e+00 3.076212352212527090e+00 3.097490705109172904e+00 3.116984045745997189e+00 3.134609631512213834e+00 3.150299376741212409e+00 3.164000245142844392e+00 3.175674527098463429e+00 3.185299999948844274e+00 3.192869970296278392e+00 3.198393198240316426e+00 3.201893704364981996e+00 3.203410461186861458e+00 3.202996971651742797e+00 3.200720738125394149e+00 3.196662626155536646e+00 3.190916128080316216e+00 3.183586532317921769e+00 3.174790004886432815e+00 3.164652590367101226e+00 3.153309140133153221e+00 3.140902176215089270e+00 3.127580699658208729e+00 3.113498952645109341e+00 3.098815144001899835e+00 3.083690147979336160e+00 3.068286186396876669e+00 3.052765504357330073e+00 3.037289049781411787e+00 3.022015166974857170e+00 3.007098314326016375e+00 2.992687816039985904e+00 2.978926657547808166e+00 2.965950333888129453e+00 2.953885759946519141e+00 2.942850250957679048e+00 2.932950581131545054e+00 2.924282127660123631e+00 2.916928106702219470e+00 2.910958907233302639e+00 2.906431527892784583e+00 2.903389121166889186e+00 2.901860648418098432e+00 2.901860648418098432e+00 2.903389121166889186e+00 2.906431527892784583e+00 2.910958907233302639e+00 2.916928106702219470e+00 2.924282127660123631e+00 2.932950581131545054e+00 2.942850250957679048e+00 2.953885759946519141e+00 2.965950333888129453e+00 2.978926657547808166e+00 2.992687816039985904e+00 3.007098314326016375e+00 3.022015166974857170e+00 3.037289049781411787e+00 3.052765504357330073e+00 3.068286186396876669e+00 3.083690147979336160e+00 3.098815144001899835e+00 3.113498952645109341e+00 3.127580699658208729e+00 3.140902176215089270e+00 3.153309140133153221e+00 3.164652590367101226e+00 3.174790004886432815e+00 3.183586532317921769e+00 3.190916128080316216e+00 3.196662626155536646e+00 3.200720738125394149e+00 3.202996971651742797e+00 3.203410461186861458e+00 3.201893704364981996e+00 3.198393198240316426e+00 3.192869970296278392e+00 3.185299999948844274e+00 3.175674527098463429e+00 3.164000245142844392e+00 3.150299376741212409e+00 3.134609631512213834e+00 3.116984045745997189e+00 3.097490705109172904e+00 3.076212352212527090e+00 3.053245881788781091e+00 3.028701727084656792e+00 3.002703141901462036e+00 2.975385383515114057e+00 2.946894802463843277e+00
2.950365684702402902e+00 2.919740431362880084e+00 2.888304365892024439e+00 2.856240570647338828e+00 2.823738445473257030e+00 2.790992370235764852e+00 2.758200326326456064e+00 2.725562487435270853e+00 2.693279790131299478e+00 2.661552494951434866e+00 2.630578748775894038e+00 2.600553159267170233e+00 2.571665392064852007e+00 2.544098801263483534e+00 2.518029103455601270e+00 2.493623105299028087e+00 2.471037494168896842e+00 2.450417700983783309e+00 2.431896843755225746e+00 2.415594759805001157e+00 2.401617133929262682e+00 2.390054729068244566e+00 2.380982725269958689e+00 2.374460171922208929e+00 2.370529557375321339e+00 2.369216499194792380e+00 2.370529557375321339e+00 2.374460171922208929e+00 2.380982725269958689e+00 2.390054729068244566e+00 2.401617133929262682e+00 2.415594759805001157e+00 2.431896843755225746e+00 2.450417700983783309e+00 2.471037494168896842e+00 2.493623105299028087e+00 2.518029103455601270e+00 2.544098801263483534e+00 2.571665392064852007e+00 2.600553159267170233e+00 2.630578748775894038e+00 2.661552494951434866e+00 2.693279790131299478e+00 2.725562487435270853e+00 2.758200326326456064e+00 2.790992370235764852e+00 2.823738445473257030e+00 2.856240570647338828e+00 2.888304365892024439e+00 2.919740431362880084e+00 2.950365684702402902e+00 2.980004647493901260e+00 3.008490671116634374e+00 3.035667092881490614e+00 3.061388313861774346e+00 3.085520790434067351e+00 3.107943932204806359e+00 3.128550899714243272e+00 3.147249296075303793e+00 3.163961747514811407e+00 3.178626368632267774e+00 3.191197109070588400e+00 3.201643979197050793e+00 3.209953153314432317e+00 3.216126949854842820e+00 3.220183688944979750e+00 3.222157428664373047e+00 3.222097582240481817e+00 3.220068419329316978e+00 3.216148455410616336e+00 3.210429734175877403e+00 3.203017008599264415e+00 3.194026827149327286e+00 3.183586532317921769e+00 3.171833179305986850e+00 3.158912383309163463e+00 3.144977104384800271e+00 3.130186379351775461e+00 3.114704010572055370e+00 3.098697221785153388e+00 3.082335291411038014e+00 3.065788173901873304e+00 3.049225119806896700e+00 3.032813305217176403e+00 3.016716481177984743e+00 3.001093653496564873e+00 2.986097803133517470e+00 2.971874657048655166e+00 2.958561518979438532e+00 2.946286169164958224e+00 2.935165841494530525e+00 2.925306285961298602e+00 2.916800923642405952e+00 2.909730100713380452e+00 2.904160447240743625e+00 2.900144345689395831e+00 2.897719513236207689e+00 2.896908701104878414e+00 2.897719513236207689e+00 2.900144345689395831e+00 2.904160447240743625e+00 2.909730100713380452e+00 2.916800923642405952e+00 2.925306285961298602e+00 2.935165841494530525e+00 2.946286169164958224e+00 2.958561518979438532e+00 2.971874657048655166e+00 2.986097803133517470e+00 3.001093653496564873e+00 3.016716481177984743e+00 3.032813305217176403e+00 3.049225119806896700e+00 3.065788173901873304e+00 3.082335291411038014e+00 3.098697221785153388e+00 3.114704010572055370e+00 3.130186379351775461e+00 3.144977104384800271e+00 3.158912383309163463e+00 3.171833179305986850e+00 3.183586532317921769e+00 3.194026827149327286e+00 3.203017008599264415e+00 3.210429734175877403e+00 3.216148455410616336e+00 3.220068419329316978e+00 3.222097582240481817e+00 3.222157428664373047e+00 3.220183688944979750e+00 3.216126949854842820e+00 3.209953153314432317e+00 3.201643979197050793e+00 3.191197109070588400e+00 3.178626368632267774e+00 3.163961747514811407e+00 3.147249296075303793e+00 3.128550899714243272e+00 3.107943932204806359e+00 3.085520790434067351e+00 3.061388313861774346e+00 3.035667092881490614e+00 3.008490671116634374e+00 2.980004647493901260e+00
2.984408568817016327e+00 2.953667550223434191e+00 2.921978807084635310e+00 2.889527615443984843e+00 2.856506514863939916e+00 2.823113946701173216e+00 2.789552844487466654e+00 2.756029186952878351e+00 2.722750524517971282e+00 2.689924490290268810e+00 2.657757306724725321e+00 2.626452299148018810e+00 2.596208427301712529e+00 2.567218845929734705e+00 2.539669505222651669e+00 2.513737801636029445e+00 2.489591289225340898e+00 2.467386461187967672e+00 2.447267610777550395e+00 2.429365780160948507e+00 2.413797805128166107e+00 2.400665462845577469e+00 2.390054729068244566e+00 2.382035150403868595e+00 2.376659336355185115e+00 2.373962574966089090e+00 2.373962574966089090e+00 2.376659336355185115e+00 2.382035150403868595e+00 2.390054729068244566e+00 2.400665462845577469e+00 2.413797805128166107e+00 2.429365780160948507e+00 2.447267610777550395e+00 2.467386461187967672e+00 2.489591289225340898e+00 2.513737801636029445e+00 2.539669505222651669e+00 2.567218845929734705e+00 2.596208427301712529e+00 2.626452299148018810e+00 2.657757306724725321e+00 2.689924490290268810e+00 2.722750524517971282e+00 2.756029186952878351e+00 2.789552844487466654e+00 2.823113946701173216e+00 2.856506514863939916e+00 2.889527615443984843e+00 2.921978807084635310e+00 2.953667550223434191e+00 2.984408568817016327e+00 3.014025154005453455e+00 3.042350399996928356e+00 3.069228362974365965e+00 3.094515134415971591e+00 3.118079820877149633e+00 3.139805422996817530e+00 3.159589607261402922e+00 3.177345364878819467e+00 3.193001552976324930e+00 3.206503314233724922e+00 3.217812371990146136e+00 3.226907198811380884e+00 3.233783057468594624e+00 3.238451914250342956e+00 3.240942225501328267e+00 3.241298599245423073e+00 3.239581334700089243e+00 3.235865843417060628e+00 3.230241956683121529e+00 3.222813124677934571e+00 3.213695513706879670e+00 3.203017008599264415e+00 3.190916128080316216e+00 3.177540861583602716e+00 3.163047436563866555e+00 3.147599025894302738e+00 3.131364405383031624e+00 3.114516571817414370e+00 3.097231332239296364e+00 3.079685875366790615e+00 3.062057336207358205e+00 3.044521364951732867e+00 3.027250711198258504e+00 3.010413834432872804e+00 2.994173551482209206e+00 2.978685731367632261e+00 2.964098047618830112e+00 2.950548797659541034e+00 2.938165798358582048e+00 2.927065366250548806e+00 2.917351390276818890e+00 2.909114504183835326e+00 2.902431364947567705e+00 2.897364042776275905e+00 2.893959527384666774e+00 2.892249354337598444e+00 2.892249354337598444e+00 2.893959527384666774e+00 2.897364042776275905e+00 2.902431364947567705e+00 2.909114504183835326e+00 2.917351390276818890e+00 2.927065366250548806e+00 2.938165798358582048e+00 2.950548797659541034e+00 2.964098047618830112e+00 2.978685731367632261e+00 2.994173551482209206e+00 3.010413834432872804e+00 3.027250711198258504e+00 3.044521364951732867e+00 3.062057336207358205e+00 3.079685875366790615e+00 3.097231332239296364e+00 3.114516571817414370e+00 3.131364405383031624e+00 3.147599025894302738e+00 3.163047436563866555e+00 3.177540861583602716e+00 3.190916128080316216e+00 3.203017008599264415e+00 3.213695513706879670e+00 3.222813124677934571e+00 3.230241956683121529e+00 3.235865843417060628e+00 3.239581334700089243e+00 3.241298599245423073e+00 3.240942225501328267e+00 3.238451914250342956e+00 3.233783057468594624e+00 3.226907198811380884e+00 3.217812371990146136e+00 3.206503314233724922e+00 3.193001552976324930e+00 3.177345364878819467e+00 3.159589607261402922e+00 3.139805422996817530e+00 3.118079820877149633e+00 3.094515134415971591e+00 3.069228362974365965e+00 3.042350399996928356e+00 3.014025154005453455e+00
3.019257411344003383e+00 2.988555464727039368e+00 2.956766102887768088e+00 2.924075886669669444e+00 2.890679610823303491e+00 2.856778924288025490e+00 2.822580895490657493e+00 2.788296533389822418e+00 2.754139275337070369e+00 2.720323453084611653e+00 2.687062748442206939e+00 2.654568650171251765e+00 2.623048923701765123e+00 2.592706105167764896e+00 2.563736031079057565e+00 2.536326414684225927e+00 2.510655479732367912e+00 2.486890661912773304e+00 2.465187387745281899e+00 2.445687940113475012e+00 2.428520418982503148e+00 2.413797805128166107e+00 2.401617133929262682e+00 2.392058785447110481e+00 2.385185896140753936e+00 2.381043896650416603e+00 2.379660179132132569e+00 2.381043896650416603e+00 2.385185896140753936e+00 2.392058785447110481e+00 2.401617133929262682e+00 2.413797805128166107e+00 2.428520418982503148e+00 2.445687940113475012e+00 2.465187387745281899e+00 2.486890661912773304e+00 2.510655479732367912e+00 2.536326414684225927e+00 2.563736031079057565e+00 2.592706105167764896e+00 2.623048923701765123e+00 2.654568650171251765e+00 2.687062748442206939e+00 2.720323453084611653e+00 2.754139275337070369e+00 2.788296533389822418e+00 2.822580895490657493e+00 2.856778924288025490e+00 2.890679610823303491e+00 2.924075886669669444e+00 2.956766102887768088e+00 2.988555464727039368e+00 3.019257411344003383e+00 3.048694930232719980e+00 3.076701796564447644e+00 3.103123728209650878e+00 3.127819447861410307e+00 3.150661644390166938e+00 3.171537826330012688e+00 3.190351061220716655e+00 3.207020595400941421e+00 3.221482349760140362e+00 3.233689287902350884e+00 3.243611654147447343e+00 3.251237079786907902e+00 3.256570557014212497e+00 3.259634280957126151e+00 3.260467361242437079e+00 3.259125405515863605e+00 3.255679978312947753e+00 3.250217939623785579e+00 3.242840668407771076e+00 3.233663177187631632e+00 3.222813124677934571e+00 3.210429734175877403e+00 3.196662626155536646e+00 3.181670574155502251e+00 3.165620193629006707e+00 3.148684573930840447e+00 3.131041864042774847e+00 3.112873822985522398e+00 3.094364346127976173e+00 3.075697978781481101e+00 3.057058428556902019e+00 3.038627087964613338e+00 3.020581578652214549e+00 3.003094328502481147e+00 2.986331192555984781e+00 2.970450128381180388e+00 2.955599936091920288e+00 2.941919072711668637e+00 2.929534550009111005e+00 2.918560924285408475e+00 2.909099385884413635e+00 2.901236955428782238e+00 2.895045792963144127e+00 2.890582625316581389e+00 2.887888296087179452e+00 2.886987441708350755e+00 2.887888296087179452e+00 2.890582625316581389e+00 2.895045792963144127e+00 2.901236955428782238e+00 2.909099385884413635e+00 2.918560924285408475e+00 2.929534550009111005e+00 2.941919072711668637e+00 2.955599936091920288e+00 2.970450128381180388e+00 2.986331192555984781e+00 3.003094328502481147e+00 3.020581578652214549e+00 3.038627087964613338e+00 3.057058428556902019e+00 3.075697978781481101e+00 3.094364346127976173e+00 3.112873822985522398e+00 3.131041864042774847e+00 3.148684573930840447e+00 3.165620193629006707e+00 3.181670574155502251e+00 3.196662626155536646e+00 3.210429734175877403e+00 3.222813124677934571e+00 3.233663177187631632e+00 3.242840668407771076e+00 3.250217939623785579e+00 3.255679978312947753e+00 3.259125405515863605e+00 3.260467361242437079e+00 3.259634280957126151e+00 3.256570557014212497e+00 3.251237079786907902e+00 3.243611654147447343e+00 3.233689287902350884e+00 3.221482349760140362e+00 3.207020595400941421e+00 3.190351061220716655e+00 3.171537826330012688e+00 3.150661644390166938e+00 3.127819447861410307e+00 3.103123728209650878e+00 3.076701796564447644e+00 3.048694930232719980e+00
3.054646991549427870e+00 3.024141131947505556e+00 2.992406300625133131e+00 2.959629413443908064e+00 2.926006608825939992e+00 2.891741856507265229e+00 2.857045504037880601e+00 2.822132771902252646e+00 2.787222208530641510e+00 2.752534116782546558e+00 2.718288963706813721e+00 2.684705785516625642e+00 2.652000599760739874e+00 2.620384836624613634e+00 2.590063801156774037e+00 2.561235177988022027e+00 2.534087589795515516e+00 2.508799220362829985e+00 2.485536512603820913e+00 2.464452951356089105e+00 2.445687940113475012e+00 2.429365780160948507e+00 2.415594759805001157e+00 2.404466360563972671e+00 2.396054586301950451e+00 2.390415420363651844e+00 2.387586414803080093e+00 2.387586414803080093e+00 2.390415420363651844e+00 2.396054586301950451e+00 2.404466360563972671e+00 2.415594759805001157e+00 2.429365780160948507e+00 2.445687940113475012e+00 2.464452951356089105e+00 2.485536512603820913e+00 2.508799220362829985e+00 2.534087589795515516e+00 2.561235177988022027e+00 2.590063801156774037e+00 2.620384836624613634e+00 2.652000599760739874e+00 2.684705785516625642e+00 2.718288963706813721e+00 2.752534116782546558e+00 2.787222208530641510e+00 2.822132771902252646e+00 2.857045504037880601e+00 2.891741856507265229e+00 2.926006608825939992e+00 2.959629413443908064e+00 2.992406300625133131e+00 3.024141131947505556e+00 3.054646991549427870e+00 3.083747504727966326e+00 3.111278074051103903e+00 3.137087023778704520e+00 3.161036644088543568e+00 3.183004127369821301e+00 3.202882389671160013e+00 3.220580771266830400e+00 3.236025611227240528e+00 3.249160691840563775e+00 3.259947549724337978e+00 3.268365651481492051e+00 3.274412432786850236e+00 3.278103200829653119e+00 3.279470901077475631e+00 3.278565750358792830e+00 3.275454739277849026e+00 3.270221007968380444e+00 3.262963100154938179e+00 3.253794101414251738e+00 3.242840668407771076e+00 3.230241956683121529e+00 3.216148455410616336e+00 3.200720738125394149e+00 3.184128139180614436e+00 3.166547366177907108e+00 3.148161059123436356e+00 3.129156307458019981e+00 3.109723136424548340e+00 3.090052974463253666e+00 3.070337113463343481e+00 3.050765173747136405e+00 3.031523585619809946e+00 3.012794099184457952e+00 2.994752333899479257e+00 2.977566379044963796e+00 2.961395455869247240e+00 2.946388651709031858e+00 2.932683735820182935e+00 2.920406066025726943e+00 2.909667594587470152e+00 2.900565980943460076e+00 2.893183818130971030e+00 2.887587978840123970e+00 2.883829086123371965e+00 2.881941112827774543e+00 2.881941112827774543e+00 2.883829086123371965e+00 2.887587978840123970e+00 2.893183818130971030e+00 2.900565980943460076e+00 2.909667594587470152e+00 2.920406066025726943e+00 2.932683735820182935e+00 2.946388651709031858e+00 2.961395455869247240e+00 2.977566379044963796e+00 2.994752333899479257e+00 3.012794099184457952e+00 3.031523585619809946e+00 3.050765173747136405e+00 3.070337113463343481e+00 3.090052974463253666e+00 3.109723136424548340e+00 3.129156307458019981e+00 3.148161059123436356e+00 3.166547366177907108e+00 3.184128139180614436e+00 3.200720738125394149e+00 3.216148455410616336e+00 3.230241956683121529e+00 3.242840668407771076e+00 3.253794101414251738e+00 3.262963100154938179e+00 3.270221007968380444e+00 3.275454739277849026e+00 3.278565750358792830e+00 3.279470901077475631e+00 3.278103200829653119e+00 3.274412432786850236e+00 3.268365651481492051e+00 3.259947549724337978e+00 3.249160691840563775e+00 3.236025611227240528e+00 3.220580771266830400e+00 3.202882389671160013e+00 3.183004127369821301e+00 3.161036644088543568e+00 3.137087023778704520e+00 3.111278074051103903e+00 3.083747504727966326e+00
3.090307973359112115e+00 3.060156336986533443e+00 3.028633237481515916e+00 2.995925001375503438e+00 2.962228178418645275e+00 2.927748145425211224e+00 2.892697640458763875e+00 2.857295238327770104e+00 2.821763778814020629e+00 2.786328759421432100e+00 2.751216704708525196e+00 2.716653524452194546e+00 2.682862872981756297e+00 2.650064522020015190e+00 2.618472759272284289e+00 2.588294824815556172e+00 2.559729397059839151e+00 2.532965139684125955e+00 2.508179320493391984e+00 2.485536512603820913e+00 2.465187387745281899e+00 2.447267610777550395e+00 2.431896843755225746e+00 2.419177867051416797e+00 2.409195824168392175e+00 2.402017595931202454e+00 2.397691308784779540e+00 2.396245980903762618e+00 2.397691308784779540e+00 2.402017595931202454e+00 2.409195824168392175e+00 2.419177867051416797e+00 2.431896843755225746e+00 2.447267610777550395e+00 2.465187387745281899e+00 2.485536512603820913e+00 2.508179320493391984e+00 2.532965139684125955e+00 2.559729397059839151e+00 2.588294824815556172e+00 2.618472759272284289e+00 2.650064522020015190e+00 2.682862872981756297e+00 2.716653524452194546e+00 2.751216704708525196e+00 2.786328759421432100e+00 2.821763778814020629e+00 2.857295238327770104e+00 2.892697640458763875e+00 2.927748145425211224e+00 2.962228178418645275e+00 2.995925001375503438e+00 3.028633237481515916e+00 3.060156336986533443e+00 3.090307973359112115e+00 3.118913359345091063e+00 3.145810473108302308e+00 3.170851185319929044e+00 3.193902278820405005e+00 3.214846353298651760e+00 3.233582608311299733e+00 3.250027498892955169e+00 3.264115258980229584e+00 3.275798288879935072e+00 3.285047404047780173e+00 3.291851943500215594e+00 3.296219737250813520e+00 3.298176933235421160e+00 3.297767685259321180e+00 3.295053704556509810e+00 3.290113678587972768e+00 3.283042561714560659e+00 3.273950743353177817e+00 3.262963100154938179e+00 3.250217939623785579e+00 3.235865843417060628e+00 3.220068419329316978e+00 3.202996971651742797e+00 3.184831100216311217e+00 3.165757238971905085e+00 3.145967145394684028e+00 3.125656352403822336e+00 3.105022594733279462e+00 3.084264221898640468e+00 3.063578609993677038e+00 3.043160584553541437e+00 3.023200866630263661e+00 3.003884554042390409e+00 2.985389649485370001e+00 2.967885646824912627e+00 2.951532186444826511e+00 2.936477789987037568e+00 2.922858684208952340e+00 2.910797722996521397e+00 2.900403415815558716e+00 2.891769070065021818e+00 2.884972053920005663e+00 2.880073185326137875e+00 2.877116251837720906e+00 2.876127664986876109e+00 2.877116251837720906e+00 2.880073185326137875e+00 2.884972053920005663e+00 2.891769070065021818e+00 2.900403415815558716e+00 2.910797722996521397e+00 2.922858684208952340e+00 2.936477789987037568e+00 2.951532186444826511e+00 2.967885646824912627e+00 2.985389649485370001e+00 3.003884554042390409e+00 3.023200866630263661e+00 3.043160584553541437e+00 3.063578609993677038e+00 3.084264221898640468e+00 3.105022594733279462e+00 3.125656352403822336e+00 3.145967145394684028e+00 3.165757238971905085e+00 3.184831100216311217e+00 3.202996971651742797e+00 3.220068419329316978e+00 3.235865843417060628e+00 3.250217939623785579e+00 3.262963100154938179e+00 3.273950743353177817e+00 3.283042561714560659e+00 3.290113678587972768e+00 3.295053704556509810e+00 3.297767685259321180e+00 3.298176933235421160e+00 3.296219737250813520e+00 3.291851943500215594e+00 3.285047404047780173e+00 3.275798288879935072e+00 3.264115258980229584e+00 3.250027498892955169e+00 3.233582608311299733e+00 3.214846353298651760e+00 3.193902278820405005e+00 3.170851185319929044e+00 3.145810473108302308e+00 3.118913359345091063e+00
3.125968955168797692e+00 3.096329729276069642e+00 3.065176556491285620e+00 3.032694221564601111e+00 2.999078738742143369e+00 2.964535957433616975e+00 2.929280090722744756e+00 2.893532177738331601e+00 2.857518491411887851e+00 2.821468903568359110e+00 2.785615219626752292e+00 2.750189495424335551e+00 2.715422348820215603e+00 2.681541278780132931e+00 2.648769004593942267e+00 2.617321837730923750e+00 2.587408098596759132e+00 2.559226590121648659e+00 2.532965139684125955e+00 2.508799220362829985e+00 2.486890661912773304e+00 2.467386461187967672e+00 2.450417700983783309e+00 2.436098585455755750e+00 2.424525599393017483e+00 2.415776797690644795e+00 2.409911230383205094e+00 2.406968507579031691e+00 2.406968507579031691e+00 2.409911230383205094e+00 2.415776797690644795e+00 2.424525599393017483e+00 2.436098585455755750e+00 2.450417700983783309e+00 2.467386461187967672e+00 2.486890661912773304e+00 2.508799220362829985e+00 2.532965139684125955e+00 2.559226590121648659e+00 2.587408098596759132e+00 2.617321837730923750e+00 2.648769004593942267e+00 2.681541278780132931e+00 2.715422348820215603e+00 2.750189495424335551e+00 2.785615219626752292e+00 2.821468903568359110e+00 2.857518491411887851e+00 2.893532177738331601e+00 2.929280090722744756e+00 2.964535957433616975e+00 2.999078738742143369e+00 3.032694221564601111e+00 3.065176556491285620e+00 3.096329729276069642e+00 3.125968955168797692e+00 3.153921985664319916e+00 3.180030317912535764e+00 3.204150297778369794e+00 3.226154108353210148e+00 3.245930636594133389e+00 3.263386211697266948e+00 3.278445209790015635e+00 3.291050520546027869e+00 3.301163872379042186e+00 3.308766013949037799e+00 3.313856750808257257e+00 3.316454837117336130e+00 3.316597723464597802e+00 3.314341162916098593e+00 3.309758678501974583e+00 3.302940896397809301e+00 3.293994750080077250e+00 3.283042561714560659e+00 3.270221007968380444e+00 3.255679978312947753e+00 3.239581334700089243e+00 3.222097582240481817e+00 3.203410461186861458e+00 3.183709471118973955e+00 3.163190338738504082e+00 3.142053441106309464e+00 3.120502196488001090e+00 3.098741435214697137e+00 3.076975763111901241e+00 3.055407930099685032e+00 3.034237216521381786e+00 3.013657849616266926e+00 2.993857462315116180e+00 2.975015606208109009e+00 2.957302330114667921e+00 2.940876835177718363e+00 2.925886216814522101e+00 2.912464303186945713e+00 2.900730599111172925e+00 2.890789343515860921e+00 2.882728687684936730e+00 2.876620000593254289e+00 2.872517306667164316e+00 2.870456860285322431e+00 2.870456860285322431e+00 2.872517306667164316e+00 2.876620000593254289e+00 2.882728687684936730e+00 2.890789343515860921e+00 2.900730599111172925e+00 2.912464303186945713e+00 2.925886216814522101e+00 2.940876835177718363e+00 2.957302330114667921e+00 2.975015606208109009e+00 2.993857462315116180e+00 3.013657849616266926e+00 3.034237216521381786e+00 3.055407930099685032e+00 3.076975763111901241e+00 3.098741435214697137e+00 3.120502196488001090e+00 3.142053441106309464e+00 3.163190338738504082e+00 3.183709471118973955e+00 3.203410461186861458e+00 3.222097582240481817e+00 3.239581334700089243e+00 3.255679978312947753e+00 3.270221007968380444e+00 3.283042561714560659e+00 3.293994750080077250e+00 3.302940896397809301e+00 3.309758678501974583e+00 3.314341162916098593e+00 3.316597723464597802e+00 3.316454837117336130e+00 3.313856750808257257e+00 3.308766013949037799e+00 3.301163872379042186e+00 3.291050520546027869e+00 3.278445209790015635e+00 3.263386211697266948e+00 3.245930636594133389e+00 3.226154108353210148e+00 3.204150297778369794e+00 3.180030317912535764e+00 3.153921985664319916e+00
3.161358535374221734e+00 3.132388882491115023e+00 3.101763753930512735e+00 3.069665438656318912e+00 3.036288460560295999e+00 3.001838192745766687e+00 2.966529387114436034e+00 2.930584630270804070e+00 2.894232737323774174e+00 2.857707095642437523e+00 2.821243971008909668e+00 2.785080788902616789e+00 2.749454403845334127e+00 2.714599369833083475e+00 2.680746224878899131e+00 2.648119802589572469e+00 2.616937583500454689e+00 2.587408098596759132e+00 2.559729397059839151e+00 2.534087589795515516e+00 2.510655479732367912e+00 2.489591289225340898e+00 2.471037494168896842e+00 2.455119773619967027e+00 2.441946082860063427e+00 2.431605856894864193e+00 2.424169350405309231e+00 2.419687119134382058e+00 2.418189646625928724e+00 2.419687119134382058e+00 2.424169350405309231e+00 2.431605856894864193e+00 2.441946082860063427e+00 2.455119773619967027e+00 2.471037494168896842e+00 2.489591289225340898e+00 2.510655479732367912e+00 2.534087589795515516e+00 2.559729397059839151e+00 2.587408098596759132e+00 2.616937583500454689e+00 2.648119802589572469e+00 2.680746224878899131e+00 2.714599369833083475e+00 2.749454403845334127e+00 2.785080788902616789e+00 2.821243971008909668e+00 2.857707095642437523e+00 2.894232737323774174e+00 2.930584630270804070e+00 2.966529387114436034e+00 3.001838192745766687e+00 3.036288460560295999e+00 3.069665438656318912e+00 3.101763753930512735e+00 3.132388882491115023e+00 3.161358535374221734e+00 3.188503949197400988e+00 3.213671072111971672e+00 3.236721636215548870e+00 3.257534108453508548e+00 3.276004512965471793e+00 3.292047118813540951e+00 3.305594988055468253e+00 3.316600380190273700e+00 3.325035010098119415e+00 3.330890157711984489e+00 3.334176628787469010e+00 3.334924567270308504e+00 3.333183120890208517e+00 3.329019962725896509e+00 3.322520672581307455e+00 3.313787983078136268e+00 3.302940896397809301e+00 3.290113678587972768e+00 3.275454739277849026e+00 3.259125405515863605e+00 3.241298599245423073e+00 3.222157428664373047e+00 3.201893704364981996e+00 3.180706391719454018e+00 3.158800011456380119e+00 3.136383000762860362e+00 3.113666047542105630e+00 3.090860410654977297e+00 3.068176239074669187e+00 3.045820902885831405e+00 3.023997348962776499e+00 3.002902493966925324e+00 2.982725667012613879e+00 2.963647113965214519e+00 2.945836574859100665e+00 2.929451945358812370e+00 2.914638032539488943e+00 2.901525414536772374e+00 2.890229412817816534e+00 2.880849184959658249e+00 2.873466944895735509e+00 2.868147316612704945e+00 2.864936826255569002e+00 2.863863536537063492e+00 2.864936826255569002e+00 2.868147316612704945e+00 2.873466944895735509e+00 2.880849184959658249e+00 2.890229412817816534e+00 2.901525414536772374e+00 2.914638032539488943e+00 2.929451945358812370e+00 2.945836574859100665e+00 2.963647113965214519e+00 2.982725667012613879e+00 3.002902493966925324e+00 3.023997348962776499e+00 3.045820902885831405e+00 3.068176239074669187e+00 3.090860410654977297e+00 3.113666047542105630e+00 3.136383000762860362e+00 3.158800011456380119e+00 3.180706391719454018e+00 3.201893704364981996e+00 3.222157428664373047e+00 3.241298599245423073e+00 3.259125405515863605e+00 3.275454739277849026e+00 3.290113678587972768e+00 3.302940896397809301e+00 3.313787983078136268e+00 3.322520672581307455e+00 3.329019962725896509e+00 3.333183120890208517e+00 3.334924567270308504e+00 3.334176628787469010e+00 3.330890157711984489e+00 3.325035010098119415e+00 3.316600380190273700e+00 3.305594988055468253e+00 3.292047118813540951e+00 3.276004512965471793e+00 3.257534108453508548e+00 3.236721636215548870e+00 3.213671072111971672e+00 3.188503949197400988e+00
3.196207377901208790e+00 3.168062362405765331e+00 3.138122242550181795e+00 3.106565862539478307e+00 3.073585299596752307e+00 3.039384493673738863e+00 3.004177784929916939e+00 2.968188369940294891e+00 2.931646688214563312e+00 2.894788751145036532e+00 2.857854425943632037e+00 2.821085687475596071e+00 2.784724851147354574e+00 2.749012800155492098e+00 2.714187220452644933e+00 2.680480856733392869e+00 2.648119802589572469e+00 2.617321837730923750e+00 2.588294824815556172e+00 2.561235177988022027e+00 2.536326414684225927e+00 2.513737801636029445e+00 2.493623105299028087e+00 2.476119456139924235e+00 2.461346335361212834e+00 2.449404691716981386e+00 2.440376195091652267e+00 2.434322632480768522e+00 2.431285450937374915e+00 2.431285450937374915e+00 2.434322632480768522e+00 2.440376195091652267e+00 2.449404691716981386e+00 2.461346335361212834e+00 2.476119456139924235e+00 2.493623105299028087e+00 2.513737801636029445e+00 2.536326414684225927e+00 2.561235177988022027e+00 2.588294824815556172e+00 2.617321837730923750e+00 2.648119802589572469e+00 2.680480856733392869e+00 2.714187220452644933e+00 2.749012800155492098e+00 2.784724851147354574e+00 2.821085687475596071e+00 2.857854425943632037e+00 2.894788751145036532e+00 2.931646688214563312e+00 2.968188369940294891e+00 3.004177784929916939e+00 3.039384493673738863e+00 3.073585299596752307e+00 3.106565862539478307e+00 3.138122242550181795e+00 3.168062362405765331e+00 3.196207377901208790e+00 3.222392945653054230e+00 3.246470378945812030e+00 3.268307683005261755e+00 3.287790462002939673e+00 3.304822691074665197e+00 3.319327347665283146e+00 3.331246897584029032e+00 3.340543632261956386e+00 3.347199854836213628e+00 3.351217913837029716e+00 3.352620084413277635e+00 3.351448298192640340e+00 3.347763724023817389e+00 3.341646202982195835e+00 3.333193542128245923e+00 3.322520672581307455e+00 3.309758678501974583e+00 3.295053704556509810e+00 3.278565750358792830e+00 3.260467361242437079e+00 3.240942225501328267e+00 3.220183688944979750e+00 3.198393198240316426e+00 3.175778685049146954e+00 3.152552903416486529e+00 3.128931733215760236e+00 3.105132462709935481e+00 3.081372063441103037e+00 3.057865470713556189e+00 3.034823882886836355e+00 3.012453092545726019e+00 2.990951862365004654e+00 2.970510358139931029e+00 2.951308651011297357e+00 2.933515300380175272e+00 2.917286028385989383e+00 2.902762496117198499e+00 2.890071190941920776e+00 2.879322433492360389e+00 2.870609511918277956e+00 2.864007950048129469e+00 2.859574915069210466e+00 2.857348769268114541e+00 2.857348769268114541e+00 2.859574915069210466e+00 2.864007950048129469e+00 2.870609511918277956e+00 2.879322433492360389e+00 2.890071190941920776e+00 2.902762496117198499e+00 2.917286028385989383e+00 2.933515300380175272e+00 2.951308651011297357e+00 2.970510358139931029e+00 2.990951862365004654e+00 3.012453092545726019e+00 3.034823882886836355e+00 3.057865470713556189e+00 3.081372063441103037e+00 3.105132462709935481e+00 3.128931733215760236e+00 3.152552903416486529e+00 3.175778685049146954e+00 3.198393198240316426e+00 3.220183688944979750e+00 3.240942225501328267e+00 3.260467361242437079e+00 3.278565750358792830e+00 3.295053704556509810e+00 3.309758678501974583e+00 3.322520672581307455e+00 3.333193542128245923e+00 3.341646202982195835e+00 3.347763724023817389e+00 3.351448298192640340e+00 3.352620084413277635e+00 3.351217913837029716e+00 3.347199854836213628e+00 3.340543632261956386e+00 3.331246897584029032e+00 3.319327347665283146e+00 3.304822691074665197e+00 3.287790462002939673e+00 3.268307683005261755e+00 3.246470378945812030e+00 3.222392945653054230e+00
3.230250262015822216e+00 3.203081786965269018e+00 3.173981414968404469e+00 3.143123608105508726e+00 3.110697045742586653e+00 3.076903276449317826e+00 3.041955270204213857e+00 3.006075881741712141e+00 2.969496236575762893e+00 2.932454051827050545e+00 2.895191904481368539e+00 2.857955460111374801e+00 2.820991675399675103e+00 2.784546988005717427e+00 2.748865507420680476e+00 2.714187220452644933e+00 2.680746224878899131e+00 2.648769004593942267e+00 2.618472759272284289e+00 2.590063801156774037e+00 2.563736031079057565e+00 2.539669505222651669e+00 2.518029103455601270e+00 2.498963309293912971e+00 2.482603110714717953e+00 2.469061030125916378e+00 2.458430290823649944e+00 2.450784126237949945e+00 2.446175237187943718e+00 2.444635401249440232e+00 2.446175237187943718e+00 2.450784126237949945e+00 2.458430290823649944e+00 2.469061030125916378e+00 2.482603110714717953e+00 2.498963309293912971e+00 2.518029103455601270e+00 2.539669505222651669e+00 2.563736031079057565e+00 2.590063801156774037e+00 2.618472759272284289e+00 2.648769004593942267e+00 2.680746224878899131e+00 2.714187220452644933e+00 2.748865507420680476e+00 2.784546988005717427e+00 2.820991675399675103e+00 2.857955460111374801e+00 2.895191904481368539e+00 2.932454051827050545e+00 2.969496236575762893e+00 3.006075881741712141e+00 3.041955270204213857e+00 3.076903276449317826e+00 3.110697045742586653e+00 3.143123608105508726e+00 3.173981414968404469e+00 3.203081786965269018e+00 3.230250262015822216e+00 3.255327833602367438e+00 3.278172069987757897e+00 3.298658106029601189e+00 3.316679500217882381e+00 3.332148950590938075e+00 3.344998864260494642e+00 3.355181776391995552e+00 3.362670615633158722e+00 3.367458814153129421e+00 3.369560261637431164e+00 3.369009103771599456e+00 3.365859386929511476e+00 3.360184551952259735e+00 3.352076781050805199e+00 3.341646202982195835e+00 3.329019962725896509e+00 3.314341162916098593e+00 3.297767685259321180e+00 3.279470901077475631e+00 3.259634280957126151e+00 3.238451914250342956e+00 3.216126949854842820e+00 3.192869970296278392e+00 3.168897311638865677e+00 3.144429342158218788e+00 3.119688713019276971e+00 3.094898594410140813e+00 3.070280910687900544e+00 3.046054588094486260e+00 3.022433828498947150e+00 2.999626422418451899e+00 2.977832114264995056e+00 2.957241032360807154e+00 2.938032195765826415e+00 2.920372109369071101e+00 2.904413458016957161e+00 2.890293909690647478e+00 2.878135036907198963e+00 2.868041364612069710e+00 2.860099551860221911e+00 2.854377713557169738e+00 2.850924887457587875e+00 2.849770650505755842e+00 2.850924887457587875e+00 2.854377713557169738e+00 2.860099551860221911e+00 2.868041364612069710e+00 2.878135036907198963e+00 2.890293909690647478e+00 2.904413458016957161e+00 2.920372109369071101e+00 2.938032195765826415e+00 2.957241032360807154e+00 2.977832114264995056e+00 2.999626422418451899e+00 3.022433828498947150e+00 3.046054588094486260e+00 3.070280910687900544e+00 3.094898594410140813e+00 3.119688713019276971e+00 3.144429342158218788e+00 3.168897311638865677e+00 3.192869970296278392e+00 3.216126949854842820e+00 3.238451914250342956e+00 3.259634280957126151e+00 3.279470901077475631e+00 3.297767685259321180e+00 3.314341162916098593e+00 3.329019962725896509e+00 3.341646202982195835e+00 3.352076781050805199e+00 3.360184551952259735e+00 3.365859386929511476e+00 3.369009103771599456e+00 3.369560261637431164e+00 3.367458814153129421e+00 3.362670615633158722e+00 3.355181776391995552e+00 3.344998864260494642e+00 3.332148950590938075e+00 3.316679500217882381e+00 3.298658106029601189e+00 3.278172069987757897e+00 3.255327833602367438e+00
3.263228100814293153e+00 3.237183862906570564e+00 3.209074691539216762e+00 3.179069747422596848e+00 3.147353372579603903e+00 3.114123771174178046e+00 3.079591583247038855e+00 3.043978362056959597e+00 3.007514966462753847e+00 2.970439880431470225e+00 2.932997472316740684e+00 2.895436207013811103e+00 2.858006824460913808e+00 2.820960498217395251e+00 2.784546988005717427e+00 2.749012800155492098e+00 2.714599369833083475e+00 2.681541278780132931e+00 2.650064522020015190e+00 2.620384836624613634e+00 2.592706105167764896e+00 2.567218845929734705e+00 2.544098801263483534e+00 2.523505634793133279e+00 2.505581747293709416e+00 2.490451220204948690e+00 2.478218894767801661e+00 2.468969593747250446e+00 2.462767491627242844e+00 2.459655638040978864e+00 2.459655638040978864e+00 2.462767491627242844e+00 2.468969593747250446e+00 2.478218894767801661e+00 2.490451220204948690e+00 2.505581747293709416e+00 2.523505634793133279e+00 2.544098801263483534e+00 2.567218845929734705e+00 2.592706105167764896e+00 2.620384836624613634e+00 2.650064522020015190e+00 2.681541278780132931e+00 2.714599369833083475e+00 2.749012800155492098e+00 2.784546988005717427e+00 2.820960498217395251e+00 2.858006824460913808e+00 2.895436207013811103e+00 2.932997472316740684e+00 2.970439880431470225e+00 3.007514966462753847e+00 3.043978362056959597e+00 3.079591583247038855e+00 3.114123771174178046e+00 3.147353372579603903e+00 3.179069747422596848e+00 3.209074691539216762e+00 3.237183862906570564e+00 3.263228100814293153e+00 3.287054628063064587e+00 3.308528127202899238e+00 3.327531682785034750e+00 3.343967582623060153e+00 3.357757972133714741e+00 3.368845356947463454e+00 3.377192950134792593e+00 3.382784861577624813e+00 3.385626128217058106e+00 3.385742585119867254e+00 3.383180578517479109e+00 3.378006523173347819e+00 3.370306307618568198e+00 3.360184551952259735e+00 3.347763724023817389e+00 3.333183120890208517e+00 3.316597723464597802e+00 3.298176933235421160e+00 3.278103200829653119e+00 3.256570557014212497e+00 3.233783057468594624e+00 3.209953153314432317e+00 3.185299999948844274e+00 3.160047717193773753e+00 3.134423614139571157e+00 3.108656392325089612e+00 3.082974341056450296e+00 3.057603538721229697e+00 3.032766073903813808e+00 3.008678299951244473e+00 2.985549136378455870e+00 2.963578430139254039e+00 2.942955389327500004e+00 2.923857101315299634e+00 2.906447146685758209e+00 2.890874319582074747e+00 2.877271464277947555e+00 2.865754436882742340e+00 2.856421200135365712e+00 2.849351058220701560e+00 2.844604037469487867e+00 2.842220417684835798e+00 2.842220417684835798e+00 2.844604037469487867e+00 2.849351058220701560e+00 2.856421200135365712e+00 2.865754436882742340e+00 2.877271464277947555e+00 2.890874319582074747e+00 2.906447146685758209e+00 2.923857101315299634e+00 2.942955389327500004e+00 2.963578430139254039e+00 2.985549136378455870e+00 3.008678299951244473e+00 3.032766073903813808e+00 3.057603538721229697e+00 3.082974341056450296e+00 3.108656392325089612e+00 3.134423614139571157e+00 3.160047717193773753e+00 3.185299999948844274e+00 3.209953153314432317e+00 3.233783057468594624e+00 3.256570557014212497e+00 3.278103200829653119e+00 3.298176933235421160e+00 3.316597723464597802e+00 3.333183120890208517e+00 3.347763724023817389e+00 3.360184551952259735e+00 3.370306307618568198e+00 3.378006523173347819e+00 3.383180578517479109e+00 3.385742585119867254e+00 3.385626128217058106e+00 3.382784861577624813e+00 3.377192950134792593e+00 3.368845356947463454e+00 3.357757972133714741e+00 3.343967582623060153e+00 3.327531682785034750e+00 3.308528127202899238e+00 3.287054628063064587e+00
3.294889913030802475e+00 3.270112383438710690e+00 3.243141537134544450e+00 3.214140338739256197e+00 3.183287871663402324e+00 3.150778054425460439e+00 3.116818242646274939e+00 3.081627727211144308e+00 3.045436139884263316e+00 3.008481778367863679e+00 2.971009863414963537e+00 2.933270741125584724e+00 2.895518043977492795e+00 2.858006824460913808e+00 2.820991675399675103e+00 2.784724851147354574e+00 2.749454403845334127e+00 2.715422348820215603e+00 2.682862872981756297e+00 2.652000599760739874e+00 2.623048923701765123e+00 2.596208427301712529e+00 2.571665392064852007e+00 2.549590415034784119e+00 2.530137141267030820e+00 2.513441121830279013e+00 2.499618805975528435e+00 2.488766675098069925e+00 2.480960525044873854e+00 2.476254902197904340e+00 2.474682697600464554e+00 2.476254902197904340e+00 2.480960525044873854e+00 2.488766675098069925e+00 2.499618805975528435e+00 2.513441121830279013e+00 2.530137141267030820e+00 2.549590415034784119e+00 2.571665392064852007e+00 2.596208427301712529e+00 2.623048923701765123e+00 2.652000599760739874e+00 2.682862872981756297e+00 2.715422348820215603e+00 2.749454403845334127e+00 2.784724851147354574e+00 2.820991675399675103e+00 2.858006824460913808e+00 2.895518043977492795e+00 2.933270741125584724e+00 2.971009863414963537e+00 3.008481778367863679e+00 3.045436139884263316e+00 3.081627727211144308e+00 3.116818242646274939e+00 3.150778054425460439e+00 3.183287871663402324e+00 3.214140338739256197e+00 3.243141537134544450e+00 3.270112383438710690e+00 3.294889913030802475e+00 3.317328439818564068e+00 3.337300583361869855e+00 3.354698155718890629e+00 3.369432901422778404e+00 3.381437085115956531e+00 3.390663922529725038e+00 3.397087851690107296e+00 3.400704642447375914e+00 3.401531343657524076e+00 3.399606068579473117e+00 3.394987620282814422e+00 3.387754960077824951e+00 3.378006523173347819e+00 3.365859386929511476e+00 3.351448298192640340e+00 3.334924567270308504e+00 3.316454837117336130e+00 3.296219737250813520e+00 3.274412432786850236e+00 3.251237079786907902e+00 3.226907198811380884e+00 3.201643979197050793e+00 3.175674527098463429e+00 3.149230070757234046e+00 3.122544136784493052e+00 3.095850711457765581e+00 3.069382401142855432e+00 3.043368605952949224e+00 3.018033720651243978e+00 2.993595376590609813e+00 2.970262738165919014e+00 2.948234866833978174e+00 2.927699165235845502e+00 2.908829913340546636e+00 2.891786907822612829e+00 2.876714215093795435e+00 2.863739047537796178e+00 2.852970771552582274e+00 2.844500054994970828e+00 2.838398160554425065e+00 2.834716390465485958e+00 2.833485686809540827e+00 2.834716390465485958e+00 2.838398160554425065e+00 2.844500054994970828e+00 2.852970771552582274e+00 2.863739047537796178e+00 2.876714215093795435e+00 2.891786907822612829e+00 2.908829913340546636e+00 2.927699165235845502e+00 2.948234866833978174e+00 2.970262738165919014e+00 2.993595376590609813e+00 3.018033720651243978e+00 3.043368605952949224e+00 3.069382401142855432e+00 3.095850711457765581e+00 3.122544136784493052e+00 3.149230070757234046e+00 3.175674527098463429e+00 3.201643979197050793e+00 3.226907198811380884e+00 3.251237079786907902e+00 3.274412432786850236e+00 3.296219737250813520e+00 3.316454837117336130e+00 3.334924567270308504e+00 3.351448298192640340e+00 3.365859386929511476e+00 3.378006523173347819e+00 3.387754960077824951e+00 3.394987620282814422e+00 3.399606068579473117e+00 3.401531343657524076e+00 3.400704642447375914e+00 3.397087851690107296e+00 3.390663922529725038e+00 3.381437085115956531e+00 3.369432901422778404e+00 3.354698155718890629e+00 3.337300583361869855e+00 3.317328439818564068e+00
3.324994733156457993e+00 3.301620171791229463e+00 3.275929431513360246e+00 3.248078416909024213e+00 3.218240056127942506e+00 3.186603059100875601e+00 3.153370554397836756e+00 3.118758614962274578e+00 3.082994683804886282e+00 3.046315911504944296e+00 3.008967418041421649e+00 2.971200492055457332e+00 2.933270741125584724e+00 2.895436207013811103e+00 2.857955460111374801e+00 2.821085687475596071e+00 2.785080788902616789e+00 2.750189495424335551e+00 2.716653524452194546e+00 2.684705785516625642e+00 2.654568650171251765e+00 2.626452299148018810e+00 2.600553159267170233e+00 2.577052441928593840e+00 2.556114794243910193e+00 2.537887073017393913e+00 2.522497250854984774e+00 2.510053462681309355e+00 2.500643199882328194e+00 2.494332658174090778e+00 2.491166244134580321e+00 2.491166244134580321e+00 2.494332658174090778e+00 2.500643199882328194e+00 2.510053462681309355e+00 2.522497250854984774e+00 2.537887073017393913e+00 2.556114794243910193e+00 2.577052441928593840e+00 2.600553159267170233e+00 2.626452299148018810e+00 2.654568650171251765e+00 2.684705785516625642e+00 2.716653524452194546e+00 2.750189495424335551e+00 2.785080788902616789e+00 2.821085687475596071e+00 2.857955460111374801e+00 2.895436207013811103e+00 2.933270741125584724e+00 2.971200492055457332e+00 3.008967418041421649e+00 3.046315911504944296e+00 3.082994683804886282e+00 3.118758614962274578e+00 3.153370554397836756e+00 3.186603059100875601e+00 3.218240056127942506e+00 3.248078416909024213e+00 3.275929431513360246e+00 3.301620171791229463e+00 3.324994733156457993e+00 3.345915345700374743e+00 3.364263346324511961e+00 3.379940004638936291e+00 3.392867196487576731e+00 3.402987920122842791e+00 3.410266651250374537e+00 3.414689534391778025e+00 3.416264409259305523e+00 3.415020672092308640e+00 3.411008973161143931e+00 3.404300752890645487e+00 3.394987620282814422e+00 3.383180578517479109e+00 3.369009103771599456e+00 3.352620084413277635e+00 3.334176628787469010e+00 3.313856750808257257e+00 3.291851943500215594e+00 3.268365651481492051e+00 3.243611654147447343e+00 3.217812371990146136e+00 3.191197109070588400e+00 3.164000245142844392e+00 3.136459391308497047e+00 3.108813523353316288e+00 3.081301107083573410e+00 3.054158230035727950e+00 3.027616753880022937e+00 3.001902501676052548e+00 2.977233493868016723e+00 2.953818246531140890e+00 2.931854144901498760e+00 2.911525904642944251e+00 2.893004132631304071e+00 2.876443998272783187e+00 2.861984025526238984e+00 2.849745014874234261e+00 2.839829103492606865e+00 2.832318970810165926e+00 2.827277195537290400e+00 2.824745769082940061e+00 2.824745769082940061e+00 2.827277195537290400e+00 2.832318970810165926e+00 2.839829103492606865e+00 2.849745014874234261e+00 2.861984025526238984e+00 2.876443998272783187e+00 2.893004132631304071e+00 2.911525904642944251e+00 2.931854144901498760e+00 2.953818246531140890e+00 2.977233493868016723e+00 3.001902501676052548e+00 3.027616753880022937e+00 3.054158230035727950e+00 3.081301107083573410e+00 3.108813523353316288e+00 3.136459391308497047e+00 3.164000245142844392e+00 3.191197109070588400e+00 3.217812371990146136e+00 3.243611654147447343e+00 3.268365651481492051e+00 3.291851943500215594e+00 3.313856750808257257e+00 3.334176628787469010e+00 3.352620084413277635e+00 3.369009103771599456e+00 3.383180578517479109e+00 3.394987620282814422e+00 3.404300752890645487e+00 3.411008973161143931e+00 3.415020672092308640e+00 3.416264409259305523e+00 3.414689534391778025e+00 3.410266651250374537e+00 3.402987920122842791e+00 3.392867196487576731e+00 3.379940004638936291e+00 3.364263346324511961e+00 3.345915345700374743e+00
3.353313445332315457e+00 3.331470955851048021e+00 3.307195778306039724e+00 3.280635930122888677e+00 3.251957318408564834e+00 3.221342546262826900e+00 3.188989590936254448e+00 3.155110363765741610e+00 3.119929162720257665e+00 3.083681029209661251e+00 3.046610021540657076e+00 3.008967418041421649e+00 2.971009863414963537e+00 2.932997472316740684e+00 2.895191904481368539e+00 2.857854425943632037e+00 2.821243971008909668e+00 2.785615219626752292e+00 2.751216704708525196e+00 2.718288963706813721e+00 2.687062748442206939e+00 2.657757306724725321e+00 2.630578748775894038e+00 2.605718510817271127e+00 2.583351927457147035e+00 2.563636923684573521e+00 2.546712836375187639e+00 2.532699374233336354e+00 2.521695724047146925e+00 2.513779810025562167e+00 2.509007711827164311e+00 2.507413245688854264e+00 2.509007711827164311e+00 2.513779810025562167e+00 2.521695724047146925e+00 2.532699374233336354e+00 2.546712836375187639e+00 2.563636923684573521e+00 2.583351927457147035e+00 2.605718510817271127e+00 2.630578748775894038e+00 2.657757306724725321e+00 2.687062748442206939e+00 2.718288963706813721e+00 2.751216704708525196e+00 2.785615219626752292e+00 2.821243971008909668e+00 2.857854425943632037e+00 2.895191904481368539e+00 2.932997472316740684e+00 2.971009863414963537e+00 3.008967418041421649e+00 3.046610021540657076e+00 3.083681029209661251e+00 3.119929162720257665e+00 3.155110363765741610e+00 3.188989590936254448e+00 3.221342546262826900e+00 3.251957318408564834e+00 3.280635930122888677e+00 3.307195778306039724e+00 3.331470955851048021e+00 3.353313445332315457e+00 3.372594175587419585e+00 3.389203933284003600e+00 3.403054122668851544e+00 3.414077367852943468e+00 3.422227953185803528e+00 3.427482098505380659e+00 3.429838067307050320e+00 3.429316107147047266e+00 3.425958222872531156e+00 3.419827784542476490e+00 3.411008973161143931e+00 3.399606068579473117e+00 3.385742585119867254e+00 3.369560261637431164e+00 3.351217913837029716e+00 3.330890157711984489e+00 3.308766013949037799e+00 3.285047404047780173e+00 3.259947549724337978e+00 3.233689287902350884e+00 3.206503314233724922e+00 3.178626368632267774e+00 3.150299376741212409e+00 3.121765561587305005e+00 3.093268539897126246e+00 3.065050417663987670e+00 3.037349899555153332e+00 3.010400426639341820e+00 2.984428356694312168e+00 2.959651201025459866e+00 2.936275931291325136e+00 2.914497369294015261e+00 2.894496672055878239e+00 2.876439923773245422e+00 2.860476845419140712e+00 2.846739631865924824e+00 2.835341925422618647e+00 2.826377933637707063e+00 2.819921698114441266e+00 2.816026519930415528e+00 2.814724546055445753e+00 2.816026519930415528e+00 2.819921698114441266e+00 2.826377933637707063e+00 2.835341925422618647e+00 2.846739631865924824e+00 2.860476845419140712e+00 2.876439923773245422e+00 2.894496672055878239e+00 2.914497369294015261e+00 2.936275931291325136e+00 2.959651201025459866e+00 2.984428356694312168e+00 3.010400426639341820e+00 3.037349899555153332e+00 3.065050417663987670e+00 3.093268539897126246e+00 3.121765561587305005e+00 3.150299376741212409e+00 3.178626368632267774e+00 3.206503314233724922e+00 3.233689287902350884e+00 3.259947549724337978e+00 3.285047404047780173e+00 3.308766013949037799e+00 3.330890157711984489e+00 3.351217913837029716e+00 3.369560261637431164e+00 3.385742585119867254e+00 3.399606068579473117e+00 3.411008973161143931e+00 3.419827784542476490e+00 3.425958222872531156e+00 3.429316107147047266e+00 3.429838067307050320e+00 3.427482098505380659e+00 3.422227953185803528e+00 3.414077367852943468e+00 3.403054122668851544e+00 3.389203933284003600e+00 3.372594175587419585e+00
3.379630527059410472e+00 3.359441159633144824e+00 3.336709738109858936e+00 3.311575608245746594e+00 3.284196827231063320e+00 3.254749024032205895e+00 3.223424125071863156e+00 3.190428954826899588e+00 3.155983721877671400e+00 3.120320401816394362e+00 3.083681029209661251e+00 3.046315911504944296e+00 3.008481778367863679e+00 2.970439880431470225e+00 2.932454051827050545e+00 2.894788751145036532e+00 2.857707095642437523e+00 2.821468903568359110e+00 2.786328759421432100e+00 2.752534116782546558e+00 2.720323453084611653e+00 2.689924490290268810e+00 2.661552494951434866e+00 2.635408670525096309e+00 2.611678654122563170e+00 2.590531129079414185e+00 2.572116563857038685e+00 2.556566086830311502e+00 2.543990505486960263e+00 2.534479477470465980e+00 2.528100839748010031e+00 2.524900100986998908e+00 2.524900100986998908e+00 2.528100839748010031e+00 2.534479477470465980e+00 2.543990505486960263e+00 2.556566086830311502e+00 2.572116563857038685e+00 2.590531129079414185e+00 2.611678654122563170e+00 2.635408670525096309e+00 2.661552494951434866e+00 2.689924490290268810e+00 2.720323453084611653e+00 2.752534116782546558e+00 2.786328759421432100e+00 2.821468903568359110e+00 2.857707095642437523e+00 2.894788751145036532e+00 2.932454051827050545e+00 2.970439880431470225e+00 3.008481778367863679e+00 3.046315911504944296e+00 3.083681029209661251e+00 3.120320401816394362e+00 3.155983721877671400e+00 3.190428954826899588e+00 3.223424125071863156e+00 3.254749024032205895e+00 3.284196827231063320e+00 3.311575608245746594e+00 3.336709738109858936e+00 3.359441159633144824e+00 3.379630527059410472e+00 3.397158202509394709e+00 3.411925101747023792e+00 3.423853382955526214e+00 3.432886973405697262e+00 3.438991930133262542e+00 3.442156632006106776e+00 3.442391801845762433e+00 3.439730358561039036e+00 3.434227100545275135e+00 3.425958222872531156e+00 3.415020672092308640e+00 3.401531343657524076e+00 3.385626128217058106e+00 3.367458814153129421e+00 3.347199854836213628e+00 3.325035010098119415e+00 3.301163872379042186e+00 3.275798288879935072e+00 3.249160691840563775e+00 3.221482349760140362e+00 3.193001552976324930e+00 3.163961747514811407e+00 3.134609631512213834e+00 3.105193228796320426e+00 3.075959954378022942e+00 3.047154686666960544e+00 3.019017861167782257e+00 2.991783600246286312e+00 2.965677893275915356e+00 2.940916841087199085e+00 2.917704978148774497e+00 2.896233685312326944e+00 2.876679705259711284e+00 2.859203772003963362e+00 2.843949364922830014e+00 2.831041596850548459e+00 2.820586244728151115e+00 2.812668930222292030e+00 2.807354456575902546e+00 2.804686306759587300e+00 2.804686306759587300e+00 2.807354456575902546e+00 2.812668930222292030e+00 2.820586244728151115e+00 2.831041596850548459e+00 2.843949364922830014e+00 2.859203772003963362e+00 2.876679705259711284e+00 2.896233685312326944e+00 2.917704978148774497e+00 2.940916841087199085e+00 2.965677893275915356e+00 2.991783600246286312e+00 3.019017861167782257e+00 3.047154686666960544e+00 3.075959954378022942e+00 3.105193228796320426e+00 3.134609631512213834e+00 3.163961747514811407e+00 3.193001552976324930e+00 3.221482349760140362e+00 3.249160691840563775e+00 3.275798288879935072e+00 3.301163872379042186e+00 3.325035010098119415e+00 3.347199854836213628e+00 3.367458814153129421e+00 3.385626128217058106e+00 3.401531343657524076e+00 3.415020672092308640e+00 3.425958222872531156e+00 3.434227100545275135e+00 3.439730358561039036e+00 3.442391801845762433e+00 3.442156632006106776e+00 3.438991930133262542e+00 3.432886973405697262e+00 3.423853382955526214e+00 3.411925101747023792e+00 3.397158202509394709e+00
3.403745689455111911e+00 3.385321597963611762e+00 3.364253971769807894e+00 3.340672748574837758e+00 3.314727349478140628e+00 3.286585598987418422e+00 3.256432504185930998e+00 3.224468902241026225e+00 3.190909986441492929e+00 3.155983721877671400e+00 3.119929162720257665e+00 3.082994683804886282e+00 3.045436139884263316e+00 3.007514966462753847e+00 2.969496236575762893e+00 2.931646688214563312e+00 2.894232737323774174e+00 2.857518491411887851e+00 2.821763778814020629e+00 2.787222208530641510e+00 2.754139275337070369e+00 2.722750524517971282e+00 2.693279790131299478e+00 2.665937520150761575e+00 2.640919201178903553e+00 2.618403894669563137e+00 2.598552895754248748e+00 2.581508524838474372e+00 2.567393061128282472e+00 2.556307826171735353e+00 2.548332424363212390e+00 2.543524146168615996e+00 2.541917538596052850e+00 2.543524146168615996e+00 2.548332424363212390e+00 2.556307826171735353e+00 2.567393061128282472e+00 2.581508524838474372e+00 2.598552895754248748e+00 2.618403894669563137e+00 2.640919201178903553e+00 2.665937520150761575e+00 2.693279790131299478e+00 2.722750524517971282e+00 2.754139275337070369e+00 2.787222208530641510e+00 2.821763778814020629e+00 2.857518491411887851e+00 2.894232737323774174e+00 2.931646688214563312e+00 2.969496236575762893e+00 3.007514966462753847e+00 3.045436139884263316e+00 3.082994683804886282e+00 3.119929162720257665e+00 3.155983721877671400e+00 3.190909986441492929e+00 3.224468902241026225e+00 3.256432504185930998e+00 3.286585598987418422e+00 3.314727349478140628e+00 3.340672748574837758e+00 3.364253971769807894e+00 3.385321597963611762e+00 3.403745689455111911e+00 3.419416722978384282e+00 3.432246364810833228e+00 3.442168084164778818e+00 3.449137600306233065e+00 3.453133160110837707e+00 3.454155644057675278e+00 3.452228499967719078e+00 3.447397505104541793e+00 3.439730358561039036e+00 3.429316107147047266e+00 3.416264409259305523e+00 3.400704642447375914e+00 3.382784861577624813e+00 3.362670615633158722e+00 3.340543632261956386e+00 3.316600380190273700e+00 3.291050520546027869e+00 3.264115258980229584e+00 3.236025611227240528e+00 3.207020595400941421e+00 3.177345364878819467e+00 3.147249296075303793e+00 3.116984045745997189e+00 3.086801592693154461e+00 3.056952278858119598e+00 3.027682864787626382e+00 2.999234614347793038e+00 2.971841423333296817e+00 2.945728006281180811e+00 2.921108155351744617e+00 2.898183084586328562e+00 2.877139872197713277e+00 2.858150012798426953e+00 2.841368090631029020e+00 2.826930583939009534e+00 2.814954809614195863e+00 2.805538016184295547e+00 2.798756632070412476e+00 2.794665674857903070e+00 2.793298326093615724e+00 2.794665674857903070e+00 2.798756632070412476e+00 2.805538016184295547e+00 2.814954809614195863e+00 2.826930583939009534e+00 2.841368090631029020e+00 2.858150012798426953e+00 2.877139872197713277e+00 2.898183084586328562e+00 2.921108155351744617e+00 2.945728006281180811e+00 2.971841423333296817e+00 2.999234614347793038e+00 3.027682864787626382e+00 3.056952278858119598e+00 3.086801592693154461e+00 3.116984045745997189e+00 3.147249296075303793e+00 3.177345364878819467e+00 3.207020595400941421e+00 3.236025611227240528e+00 3.264115258980229584e+00 3.291050520546027869e+00 3.316600380190273700e+00 3.340543632261956386e+00 3.362670615633158722e+00 3.382784861577624813e+00 3.400704642447375914e+00 3.416264409259305523e+00 3.429316107147047266e+00 3.439730358561039036e+00 3.447397505104541793e+00 3.452228499967719078e+00 3.454155644057675278e+00 3.453133160110837707e+00 3.449137600306233065e+00 3.442168084164778818e+00 3.432246364810833228e+00 3.419416722978384282e+00
3.425475401572456224e+00 3.408919061490593094e+00 3.389626280603093900e+00 3.367716905467518007e+00 3.343330983117683175e+00 3.316627746039553681e+00 3.287784450491938681e+00 3.256995076917557963e+00 3.224468902241026225e+00 3.190428954826899588e+00 3.155110363765741610e+00 3.118758614962274578e+00 3.081627727211144308e+00 3.043978362056959597e+00 3.006075881741712141e+00 2.968188369940294891e+00 2.930584630270804070e+00 2.893532177738331601e+00 2.857295238327770104e+00 2.822132771902252646e+00 2.788296533389822418e+00 2.756029186952878351e+00 2.725562487435270853e+00 2.697115542873541383e+00 2.670893171245541708e+00 2.647084363916347716e+00 2.625860867433233992e+00 2.607375894424786456e+00 2.591762973380745017e+00 2.579134946036303333e+00 2.569583119965493712e+00 2.563176582811228510e+00 2.559961683353742412e+00 2.559961683353742412e+00 2.563176582811228510e+00 2.569583119965493712e+00 2.579134946036303333e+00 2.591762973380745017e+00 2.607375894424786456e+00 2.625860867433233992e+00 2.647084363916347716e+00 2.670893171245541708e+00 2.697115542873541383e+00 2.725562487435270853e+00 2.756029186952878351e+00 2.788296533389822418e+00 2.822132771902252646e+00 2.857295238327770104e+00 2.893532177738331601e+00 2.930584630270804070e+00 2.968188369940294891e+00 3.006075881741712141e+00 3.043978362056959597e+00 3.081627727211144308e+00 3.118758614962274578e+00 3.155110363765741610e+00 3.190428954826899588e+00 3.224468902241026225e+00 3.256995076917557963e+00 3.287784450491938681e+00 3.316627746039553681e+00 3.343330983117683175e+00 3.367716905467518007e+00 3.389626280603093900e+00 3.408919061490593094e+00 3.425475401572456224e+00 3.439196515508088581e+00 3.450005379178156861e+00 3.457847263723696329e+00 3.462690099654901932e+00 3.464524668358327286e+00 3.463364619645044939e+00 3.459246315306350184e+00 3.452228499967719078e+00 3.442391801845762433e+00 3.429838067307050320e+00 3.414689534391778025e+00 3.397087851690107296e+00 3.377192950134792593e+00 3.355181776391995552e+00 3.331246897584029032e+00 3.305594988055468253e+00 3.278445209790015635e+00 3.250027498892955169e+00 3.220580771266830400e+00 3.190351061220716655e+00 3.159589607261402922e+00 3.128550899714243272e+00 3.097490705109172904e+00 3.066664082441346917e+00 3.036323406474653819e+00 3.006716413199643778e+00 2.978084282385461190e+00 2.950659771879720505e+00 2.924665417912830190e+00 2.900311815157383233e+00 2.877795989682451872e+00 2.857299877231843865e+00 2.838988918449851351e+00 2.823010781784009993e+00 2.809494223818598257e+00 2.798548095742542596e+00 2.790260503539027326e+00 2.784698128309941012e+00 2.781905711925313884e+00 2.781905711925313884e+00 2.784698128309941012e+00 2.790260503539027326e+00 2.798548095742542596e+00 2.809494223818598257e+00 2.823010781784009993e+00 2.838988918449851351e+00 2.857299877231843865e+00 2.877795989682451872e+00 2.900311815157383233e+00 2.924665417912830190e+00 2.950659771879720505e+00 2.978084282385461190e+00 3.006716413199643778e+00 3.036323406474653819e+00 3.066664082441346917e+00 3.097490705109172904e+00 3.128550899714243272e+00 3.159589607261402922e+00 3.190351061220716655e+00 3.220580771266830400e+00 3.250027498892955169e+00 3.278445209790015635e+00 3.305594988055468253e+00 3.331246897584029032e+00 3.355181776391995552e+00 3.377192950134792593e+00 3.397087851690107296e+00 3.414689534391778025e+00 3.429838067307050320e+00 3.442391801845762433e+00 3.452228499967719078e+00 3.459246315306350184e+00 3.463364619645044939e+00 3.464524668358327286e+00 3.462690099654901932e+00 3.457847263723696329e+00 3.450005379178156861e+00 3.439196515508088581e+00
3.444654287181470043e+00 3.430057779973578302e+00 3.412641131110595083e+00 3.392513471018339999e+00 3.369804788055398515e+00 3.344664983376784306e+00 3.317262773735878412e+00 3.287784450491938681e+00 3.256432504185930998e+00 3.223424125071863156e+00 3.188989590936254448e+00 3.153370554397836756e+00 3.116818242646274939e+00 3.079591583247038855e+00 3.041955270204213857e+00 3.004177784929916939e+00 2.966529387114436034e+00 2.929280090722744756e+00 2.892697640458763875e+00 2.857045504037880601e+00 2.822580895490657493e+00 2.789552844487466654e+00 2.758200326326456064e+00 2.728750466768709249e+00 2.701416835337997924e+00 2.676397840032530340e+00 2.653875235627620288e+00 2.634012756887178064e+00 2.616954887054709911e+00 2.602825770968567820e+00 2.591728281049078486e+00 2.583743243245371968e+00 2.578928828816066332e+00 2.577320116559536523e+00 2.578928828816066332e+00 2.583743243245371968e+00 2.591728281049078486e+00 2.602825770968567820e+00 2.616954887054709911e+00 2.634012756887178064e+00 2.653875235627620288e+00 2.676397840032530340e+00 2.701416835337997924e+00 2.728750466768709249e+00 2.758200326326456064e+00 2.789552844487466654e+00 2.822580895490657493e+00 2.857045504037880601e+00 2.892697640458763875e+00 2.929280090722744756e+00 2.966529387114436034e+00 3.004177784929916939e+00 3.041955270204213857e+00 3.079591583247038855e+00 3.116818242646274939e+00 3.153370554397836756e+00 3.188989590936254448e+00 3.223424125071863156e+00 3.256432504185930998e+00 3.287784450491938681e+00 3.317262773735878412e+00 3.344664983376784306e+00 3.369804788055398515e+00 3.392513471018339999e+00 3.412641131110595083e+00 3.430057779973578302e+00 3.444654287181470043e+00 3.456343166206862438e+00 3.465059195318856755e+00 3.470759868773777956e+00 3.473425674950629816e+00 3.473060199400908932e+00 3.469690052114972278e+00 3.463364619645044939e+00 3.454155644057675278e+00 3.442156632006106776e+00 3.427482098505380659e+00 3.410266651250374537e+00 3.390663922529725038e+00 3.368845356947463454e+00 3.344998864260494642e+00 3.319327347665283146e+00 3.292047118813540951e+00 3.263386211697266948e+00 3.233582608311299733e+00 3.202882389671160013e+00 3.171537826330012688e+00 3.139805422996817530e+00 3.107943932204806359e+00 3.076212352212527090e+00 3.044867924437131279e+00 3.014164145720484189e+00 2.984348810613016045e+00 2.955662098628857759e+00 2.928334721080587233e+00 2.902586141645360218e+00 2.878622884249868008e+00 2.856636941193780199e+00 2.836804293665070364e+00 2.819283555941845432e+00 2.804214753630489110e+00 2.791718245266279208e+00 2.781893795507949019e+00 2.774819807000327376e+00 2.770552716767916035e+00 2.769126561746376947e+00 2.770552716767916035e+00 2.774819807000327376e+00 2.781893795507949019e+00 2.791718245266279208e+00 2.804214753630489110e+00 2.819283555941845432e+00 2.836804293665070364e+00 2.856636941193780199e+00 2.878622884249868008e+00 2.902586141645360218e+00 2.928334721080587233e+00 2.955662098628857759e+00 2.984348810613016045e+00 3.014164145720484189e+00 3.044867924437131279e+00 3.076212352212527090e+00 3.107943932204806359e+00 3.139805422996817530e+00 3.171537826330012688e+00 3.202882389671160013e+00 3.233582608311299733e+00 3.263386211697266948e+00 3.292047118813540951e+00 3.319327347665283146e+00 3.344998864260494642e+00 3.368845356947463454e+00 3.390663922529725038e+00 3.410266651250374537e+00 3.427482098505380659e+00 3.442156632006106776e+00 3.454155644057675278e+00 3.463364619645044939e+00 3.469690052114972278e+00 3.473060199400908932e+00 3.473425674950629816e+00 3.470759868773777956e+00 3.465059195318856755e+00 3.456343166206862438e+00
3.461136383382142245e+00 3.448580752728135579e+00 3.433131052598250132e+00 3.414885134795353050e+00 3.393962302552433474e+00 3.370502439795048044e+00 3.344664983376784306e+00 3.316627746039553681e+00 3.286585598987418422e+00 3.254749024032205895e+00 3.221342546262826900e+00 3.186603059100875601e+00 3.150778054425460439e+00 3.114123771174178046e+00 3.076903276449317826e+00 3.039384493673738863e+00 3.001838192745766687e+00 2.964535957433616975e+00 2.927748145425211224e+00 2.891741856507265229e+00 2.856778924288025490e+00 2.823113946701173216e+00 2.790992370235764852e+00 2.760648642430737709e+00 2.732304446655603680e+00 2.706167032575425679e+00 2.682427654972723285e+00 2.661260132777128806e+00 2.642819539241688442e+00 2.627241033209493537e+00 2.614638840343623816e+00 2.605105392055026670e+00 2.598710628665931388e+00 2.595501472099513762e+00 2.595501472099513762e+00 2.598710628665931388e+00 2.605105392055026670e+00 2.614638840343623816e+00 2.627241033209493537e+00 2.642819539241688442e+00 2.661260132777128806e+00 2.682427654972723285e+00 2.706167032575425679e+00 2.732304446655603680e+00 2.760648642430737709e+00 2.790992370235764852e+00 2.823113946701173216e+00 2.856778924288025490e+00 2.891741856507265229e+00 2.927748145425211224e+00 2.964535957433616975e+00 3.001838192745766687e+00 3.039384493673738863e+00 3.076903276449317826e+00 3.114123771174178046e+00 3.150778054425460439e+00 3.186603059100875601e+00 3.221342546262826900e+00 3.254749024032205895e+00 3.286585598987418422e+00 3.316627746039553681e+00 3.344664983376784306e+00 3.370502439795048044e+00 3.393962302552433474e+00 3.414885134795353050e+00 3.433131052598250132e+00 3.448580752728135579e+00 3.461136383382142245e+00 3.470722251342141629e+00 3.477285360236030076e+00 3.480795775881194043e+00 3.481246816001929201e+00 3.478655062949549404e+00 3.473060199400908932e+00 3.464524668358327286e+00 3.453133160110837707e+00 3.438991930133262542e+00 3.422227953185803528e+00 3.402987920122842791e+00 3.381437085115956531e+00 3.357757972133714741e+00 3.332148950590938075e+00 3.304822691074665197e+00 3.276004512965471793e+00 3.245930636594133389e+00 3.214846353298651760e+00 3.183004127369821301e+00 3.150661644390166938e+00 3.118079820877149633e+00 3.085520790434067351e+00 3.053245881788781091e+00 3.021513604159963506e+00 2.990577655332451013e+00 2.960684967648157695e+00 2.932073806827913298e+00 2.904971938134951248e+00 2.879594873875710004e+00 2.856144215611769344e+00 2.834806103733249483e+00 2.815749786223996853e+00 2.799126317538944253e+00 2.785067397520752053e+00 2.773684359214154682e+00 2.765067313300102914e+00 2.759284455676822123e+00 2.756381543470084239e+00 2.756381543470084239e+00 2.759284455676822123e+00 2.765067313300102914e+00 2.773684359214154682e+00 2.785067397520752053e+00 2.799126317538944253e+00 2.815749786223996853e+00 2.834806103733249483e+00 2.856144215611769344e+00 2.879594873875710004e+00 2.904971938134951248e+00 2.932073806827913298e+00 2.960684967648157695e+00 2.990577655332451013e+00 3.021513604159963506e+00 3.053245881788781091e+00 3.085520790434067351e+00 3.118079820877149633e+00 3.150661644390166938e+00 3.183004127369821301e+00 3.214846353298651760e+00 3.245930636594133389e+00 3.276004512965471793e+00 3.304822691074665197e+00 3.332148950590938075e+00 3.357757972133714741e+00 3.381437085115956531e+00 3.402987920122842791e+00 3.422227953185803528e+00 3.438991930133262542e+00 3.453133160110837707e+00 3.464524668358327286e+00 3.473060199400908932e+00 3.478655062949549404e+00 3.481246816001929201e+00 3.480795775881194043e+00 3.477285360236030076e+00 3.470722251342141629e+00
3.474796251470222419e+00 3.464350936114441115e+00 3.450947897098998851e+00 3.434673211566819706e+00 3.415634933720554045e+00 3.393962302552433474e+00 3.369804788055398515e+00 3.343330983117683175e+00 3.314727349478140628e+00 3.284196827231063320e+00 3.251957318408564834e+00 3.218240056127942506e+00 3.183287871663402324e+00 3.147353372579603903e+00 3.110697045742586653e+00 3.073585299596752307e+00 3.036288460560295999e+00 2.999078738742143369e+00 2.962228178418645275e+00 2.926006608825939992e+00 2.890679610823303491e+00 2.856506514863939916e+00 2.823738445473257030e+00 2.792616427082849295e+00 2.763369565603459588e+00 2.736213319545973022e+00 2.711347873820154408e+00 2.688956628561685047e+00 2.669204814464915199e+00 2.652238245138317740e+00 2.638182215959209653e+00 2.627140557791771691e+00 2.619194852756270731e+00 2.614403818006560520e+00 2.612802862196792919e+00 2.614403818006560520e+00 2.619194852756270731e+00 2.627140557791771691e+00 2.638182215959209653e+00 2.652238245138317740e+00 2.669204814464915199e+00 2.688956628561685047e+00 2.711347873820154408e+00 2.736213319545973022e+00 2.763369565603459588e+00 2.792616427082849295e+00 2.823738445473257030e+00 2.856506514863939916e+00 2.890679610823303491e+00 2.926006608825939992e+00 2.962228178418645275e+00 2.999078738742143369e+00 3.036288460560295999e+00 3.073585299596752307e+00 3.110697045742586653e+00 3.147353372579603903e+00 3.183287871663402324e+00 3.218240056127942506e+00 3.251957318408564834e+00 3.284196827231063320e+00 3.314727349478140628e+00 3.343330983117683175e+00 3.369804788055398515e+00 3.393962302552433474e+00 3.415634933720554045e+00 3.434673211566819706e+00 3.450947897098998851e+00 3.464350936114441115e+00 3.474796251470222419e+00 3.482220367862178367e+00 3.486582864415594951e+00 3.487866651701118759e+00 3.486078071125901179e+00 3.481246816001929201e+00 3.473425674950629816e+00 3.462690099654901932e+00 3.449137600306233065e+00 3.432886973405697262e+00 3.414077367852943468e+00 3.392867196487576731e+00 3.369432901422778404e+00 3.343967582623060153e+00 3.316679500217882381e+00 3.287790462002939673e+00 3.257534108453508548e+00 3.226154108353210148e+00 3.193902278820405005e+00 3.161036644088543568e+00 3.127819447861410307e+00 3.094515134415971591e+00 3.061388313861774346e+00 3.028701727084656792e+00 2.996714225903196915e+00 2.965678783848590516e+00 2.935840552743705700e+00 2.907434979906439398e+00 2.880686000339032660e+00 2.855804317692178795e+00 2.832985787114914444e+00 2.812409912323595051e+00 2.794238468351708971e+00 2.778614260483372789e+00 2.765660028834572959e+00 2.755477506935270160e+00 2.748146641491016506e+00 2.743724979273553632e+00 2.742247225815429346e+00 2.743724979273553632e+00 2.748146641491016506e+00 2.755477506935270160e+00 2.765660028834572959e+00 2.778614260483372789e+00 2.794238468351708971e+00 2.812409912323595051e+00 2.832985787114914444e+00 2.855804317692178795e+00 2.880686000339032660e+00 2.907434979906439398e+00 2.935840552743705700e+00 2.965678783848590516e+00 2.996714225903196915e+00 3.028701727084656792e+00 3.061388313861774346e+00 3.094515134415971591e+00 3.127819447861410307e+00 3.161036644088543568e+00 3.193902278820405005e+00 3.226154108353210148e+00 3.257534108453508548e+00 3.287790462002939673e+00 3.316679500217882381e+00 3.343967582623060153e+00 3.369432901422778404e+00 3.392867196487576731e+00 3.414077367852943468e+00 3.432886973405697262e+00 3.449137600306233065e+00 3.462690099654901932e+00 3.473425674950629816e+00 3.481246816001929201e+00 3.486078071125901179e+00 3.487866651701118759e+00 3.486582864415594951e+00 3.482220367862178367e+00
3.485529931601507148e+00 3.477252279046164407e+00 3.465963952034415652e+00 3.451738826954857231e+00 3.434673211566819706e+00 3.414885134795353050e+00 3.392513471018339999e+00 3.367716905467518007e+00 3.340672748574837758e+00 3.311575608245746594e+00 3.280635930122888677e+00 3.248078416909024213e+00 3.214140338739256197e+00 3.179069747422596848e+00 3.143123608105508726e+00 3.106565862539478307e+00 3.069665438656318912e+00 3.032694221564601111e+00 2.995925001375503438e+00 2.959629413443908064e+00 2.924075886669669444e+00 2.889527615443984843e+00 2.856240570647338828e+00 2.824461564809713110e+00 2.794426386133173512e+00 2.766358015554377658e+00 2.740464940394273796e+00 2.716939577408812756e+00 2.695956817223609914e+00 2.677672701213474227e+00 2.662223240881502306e+00 2.649723388709736671e+00 2.640266168302471961e+00 2.633921970432805626e+00 2.630738020342321182e+00 2.630738020342321182e+00 2.633921970432805626e+00 2.640266168302471961e+00 2.649723388709736671e+00 2.662223240881502306e+00 2.677672701213474227e+00 2.695956817223609914e+00 2.716939577408812756e+00 2.740464940394273796e+00 2.766358015554377658e+00 2.794426386133173512e+00 2.824461564809713110e+00 2.856240570647338828e+00 2.889527615443984843e+00 2.924075886669669444e+00 2.959629413443908064e+00 2.995925001375503438e+00 3.032694221564601111e+00 3.069665438656318912e+00 3.106565862539478307e+00 3.143123608105508726e+00 3.179069747422596848e+00 3.214140338739256197e+00 3.248078416909024213e+00 3.280635930122888677e+00 3.311575608245746594e+00 3.340672748574837758e+00 3.367716905467518007e+00 3.392513471018339999e+00 3.414885134795353050e+00 3.434673211566819706e+00 3.451738826954857231e+00 3.465963952034415652e+00 3.477252279046164407e+00 3.485529931601507148e+00 3.490746004017979853e+00 3.492872925723931044e+00 3.491906648003009650e+00 3.487866651701118759e+00 3.480795775881194043e+00 3.470759868773777956e+00 3.457847263723696329e+00 3.442168084164778818e+00 3.423853382955526214e+00 3.403054122668851544e+00 3.379940004638936291e+00 3.354698155718890629e+00 3.327531682785034750e+00 3.298658106029601189e+00 3.268307683005261755e+00 3.236721636215548870e+00 3.204150297778369794e+00 3.170851185319929044e+00 3.137087023778704520e+00 3.103123728209650878e+00 3.069228362974365965e+00 3.035667092881490614e+00 3.002703141901462036e+00 2.970594775020773071e+00 2.939593318623312523e+00 2.909941234491640216e+00 2.881870262111465575e+00 2.855599643441124158e+00 2.831334443678633406e+00 2.809263980826596896e+00 2.789560376025536304e+00 2.772377235705286491e+00 2.757848475599138371e+00 2.746087295583931276e+00 2.737185313159522959e+00 2.731211862171953442e+00 2.728213462125045563e+00 2.728213462125045563e+00 2.731211862171953442e+00 2.737185313159522959e+00 2.746087295583931276e+00 2.757848475599138371e+00 2.772377235705286491e+00 2.789560376025536304e+00 2.809263980826596896e+00 2.831334443678633406e+00 2.855599643441124158e+00 2.881870262111465575e+00 2.909941234491640216e+00 2.939593318623312523e+00 2.970594775020773071e+00 3.002703141901462036e+00 3.035667092881490614e+00 3.069228362974365965e+00 3.103123728209650878e+00 3.137087023778704520e+00 3.170851185319929044e+00 3.204150297778369794e+00 3.236721636215548870e+00 3.268307683005261755e+00 3.298658106029601189e+00 3.327531682785034750e+00 3.354698155718890629e+00 3.379940004638936291e+00 3.403054122668851544e+00 3.423853382955526214e+00 3.442168084164778818e+00 3.457847263723696329e+00 3.470759868773777956e+00 3.480795775881194043e+00 3.487866651701118759e+00 3.491906648003009650e+00 3.492872925723931044e+00 3.490746004017979853e+00
3.493255733989025114e+00 3.487190598653077789e+00 3.478072897176204048e+00 3.465963952034415652e+00 3.450947897098998851e+00 3.433131052598250132e+00 3.412641131110595083e+00 3.389626280603093900e+00 3.364253971769807894e+00 3.336709738109858936e+00 3.307195778306039724e+00 3.275929431513360246e+00 3.243141537134544450e+00 3.209074691539216762e+00 3.173981414968404469e+00 3.138122242550181795e+00 3.101763753930512735e+00 3.065176556491285620e+00 3.028633237481515916e+00 2.992406300625133131e+00 2.956766102887768088e+00 2.921978807084635310e+00 2.888304365892024439e+00 2.855994552586880619e+00 2.825291053484333847e+00 2.796423636574537408e+00 2.769608410281355848e+00 2.745046185580625409e+00 2.722920953930278998e+00 2.703398492584322188e+00 2.686625107894447861e+00 2.672726526154022952e+00 2.661806940417608569e+00 2.653948220543260295e+00 2.649209292463956977e+00 2.647625691407787141e+00 2.649209292463956977e+00 2.653948220543260295e+00 2.661806940417608569e+00 2.672726526154022952e+00 2.686625107894447861e+00 2.703398492584322188e+00 2.722920953930278998e+00 2.745046185580625409e+00 2.769608410281355848e+00 2.796423636574537408e+00 2.825291053484333847e+00 2.855994552586880619e+00 2.888304365892024439e+00 2.921978807084635310e+00 2.956766102887768088e+00 2.992406300625133131e+00 3.028633237481515916e+00 3.065176556491285620e+00 3.101763753930512735e+00 3.138122242550181795e+00 3.173981414968404469e+00 3.209074691539216762e+00 3.243141537134544450e+00 3.275929431513360246e+00 3.307195778306039724e+00 3.336709738109858936e+00 3.364253971769807894e+00 3.389626280603093900e+00 3.412641131110595083e+00 3.433131052598250132e+00 3.450947897098998851e+00 3.465963952034415652e+00 3.478072897176204048e+00 3.487190598653077789e+00 3.493255733989025114e+00 3.496230243445065611e+00 3.496099604258796845e+00 3.492872925723931044e+00 3.486582864415594951e+00 3.477285360236030076e+00 3.465059195318856755e+00 3.450005379178156861e+00 3.432246364810833228e+00 3.411925101747023792e+00 3.389203933284003600e+00 3.364263346324511961e+00 3.337300583361869855e+00 3.308528127202899238e+00 3.278172069987757897e+00 3.246470378945812030e+00 3.213671072111971672e+00 3.180030317912535764e+00 3.145810473108302308e+00 3.111278074051103903e+00 3.076701796564447644e+00 3.042350399996928356e+00 3.008490671116634374e+00 2.975385383515114057e+00 2.943291288070452705e+00 2.912457149781638943e+00 2.883121845932535177e+00 2.855512540075870742e+00 2.829842945749612593e+00 2.806311693154035058e+00 2.785100811233070406e+00 2.766374336724048533e+00 2.750277060772475135e+00 2.736933422660309478e+00 2.726446559075371479e+00 2.718897516164508588e+00 2.714344630372999223e+00 2.712823082786863793e+00 2.714344630372999223e+00 2.718897516164508588e+00 2.726446559075371479e+00 2.736933422660309478e+00 2.750277060772475135e+00 2.766374336724048533e+00 2.785100811233070406e+00 2.806311693154035058e+00 2.829842945749612593e+00 2.855512540075870742e+00 2.883121845932535177e+00 2.912457149781638943e+00 2.943291288070452705e+00 2.975385383515114057e+00 3.008490671116634374e+00 3.042350399996928356e+00 3.076701796564447644e+00 3.111278074051103903e+00 3.145810473108302308e+00 3.180030317912535764e+00 3.213671072111971672e+00 3.246470378945812030e+00 3.278172069987757897e+00 3.308528127202899238e+00 3.337300583361869855e+00 3.364263346324511961e+00 3.389203933284003600e+00 3.411925101747023792e+00 3.432246364810833228e+00 3.450005379178156861e+00 3.465059195318856755e+00 3.477285360236030076e+00 3.486582864415594951e+00 3.492872925723931044e+00 3.496099604258796845e+00 3.496230243445065611e+00
3.497914860611639032e+00 3.494094289447466029e+00 3.487190598653077789e+00 3.477252279046164407e+00 3.464350936114441115e+00 3.448580752728135579e+00 3.430057779973578302e+00 3.408919061490593094e+00 3.385321597963611762e+00 3.359441159633144824e+00 3.331470955851048021e+00 3.301620171791229463e+00 3.270112383438710690e+00 3.237183862906570564e+00 3.203081786965269018e+00 3.168062362405765331e+00 3.132388882491115023e+00 3.096329729276069642e+00 3.060156336986533443e+00 3.024141131947505556e+00 2.988555464727039368e+00 2.953667550223434191e+00 2.919740431362880084e+00 2.887029981895583131e+00 2.855782963481342307e+00 2.826235151842837023e+00 2.798609546239864354e+00 2.773114675884114089e+00 2.749943016176885191e+00 2.729269526816917146e+00 2.711250322898565823e+00 2.696021489109041269e+00 2.683698046044948882e+00 2.674373076511271652e+00 2.668117018449002842e+00 2.664977129870115036e+00 2.664977129870115036e+00 2.668117018449002842e+00 2.674373076511271652e+00 2.683698046044948882e+00 2.696021489109041269e+00 2.711250322898565823e+00 2.729269526816917146e+00 2.749943016176885191e+00 2.773114675884114089e+00 2.798609546239864354e+00 2.826235151842837023e+00 2.855782963481342307e+00 2.887029981895583131e+00 2.919740431362880084e+00 2.953667550223434191e+00 2.988555464727039368e+00 3.024141131947505556e+00 3.060156336986533443e+00 3.096329729276069642e+00 3.132388882491115023e+00 3.168062362405765331e+00 3.203081786965269018e+00 3.237183862906570564e+00 3.270112383438710690e+00 3.301620171791229463e+00 3.331470955851048021e+00 3.359441159633144824e+00 3.385321597963611762e+00 3.408919061490593094e+00 3.430057779973578302e+00 3.448580752728135579e+00 3.464350936114441115e+00 3.477252279046164407e+00 3.487190598653077789e+00 3.494094289447466029e+00 3.497914860611639032e+00 3.498627297332101538e+00 3.496230243445065611e+00 3.490746004017979853e+00 3.482220367862178367e+00 3.470722251342141629e+00 3.456343166206862438e+00 3.439196515508088581e+00 3.419416722978384282e+00 3.397158202509394709e+00 3.372594175587419585e+00 3.345915345700374743e+00 3.317328439818564068e+00 3.287054628063064587e+00 3.255327833602367438e+00 3.222392945653054230e+00 3.188503949197400988e+00 3.153921985664319916e+00 3.118913359345091063e+00 3.083747504727966326e+00 3.048694930232719980e+00 3.014025154005453455e+00 2.980004647493901260e+00 2.946894802463843277e+00 2.914949936938301178e+00 2.884415355244522861e+00 2.855525476941400242e+00 2.828502048875231711e+00 2.803552453978541248e+00 2.780868129689798351e+00 2.760623108037076445e+00 2.742972688502097522e+00 2.728052253770037794e+00 2.715976237382367930e+00 2.706837251153331181e+00 2.700705378994126438e+00 2.697627642521805313e+00 2.697627642521805313e+00 2.700705378994126438e+00 2.706837251153331181e+00 2.715976237382367930e+00 2.728052253770037794e+00 2.742972688502097522e+00 2.760623108037076445e+00 2.780868129689798351e+00 2.803552453978541248e+00 2.828502048875231711e+00 2.855525476941400242e+00 2.884415355244522861e+00 2.914949936938301178e+00 2.946894802463843277e+00 2.980004647493901260e+00 3.014025154005453455e+00 3.048694930232719980e+00 3.083747504727966326e+00 3.118913359345091063e+00 3.153921985664319916e+00 3.188503949197400988e+00 3.222392945653054230e+00 3.255327833602367438e+00 3.287054628063064587e+00 3.317328439818564068e+00 3.345915345700374743e+00 3.372594175587419585e+00 3.397158202509394709e+00 3.419416722978384282e+00 3.439196515508088581e+00 3.456343166206862438e+00 3.470722251342141629e+00 3.482220367862178367e+00 3.490746004017979853e+00 3.496230243445065611e+00 3.498627297332101538e+00
