4.101488863173718080e+00 4.098575536388559648e+00 4.089857728209037369e+00 4.075401786419354799e+00 4.055317729465262921e+00 4.029758409147270903e+00 3.998918347326139600e+00 3.963032255494061573e+00 3.922373248478499885e+00 3.877250765873416771e+00 3.828008217017140780e+00 3.775020367439929192e+00 3.718690486672006301e+00 3.659447279118924978e+00 3.597741621362191111e+00 3.534043130716229886e+00 3.468836591157056670e+00 3.402618263823501632e+00 3.335892110170293190e+00 3.269165956517084748e+00 3.202947629183530154e+00 3.137741089624356494e+00 3.074042598978394381e+00 3.012336941221662290e+00 2.953093733668580523e+00 2.896763852900656300e+00 2.843776003323446044e+00 2.794533454467168720e+00 2.749410971862086939e+00 2.708751964846523475e+00 2.672865873014446336e+00 2.642025811193314144e+00 2.616466490875322570e+00 2.596382433921232025e+00 2.581926492131547679e+00 2.573208683952025400e+00 2.570295357166868744e+00 2.573208683952025400e+00 2.581926492131547679e+00 2.596382433921232025e+00 2.616466490875322570e+00 2.642025811193314144e+00 2.672865873014446336e+00 2.708751964846523475e+00 2.749410971862086939e+00 2.794533454467168720e+00 2.843776003323446044e+00 2.896763852900656300e+00 2.953093733668580523e+00 3.012336941221662290e+00 3.074042598978394381e+00 3.137741089624356494e+00 3.202947629183530154e+00 3.269165956517084748e+00 3.335892110170293190e+00 3.402618263823501632e+00 3.468836591157056670e+00 3.534043130716229886e+00 3.597741621362191111e+00 3.659447279118924978e+00 3.718690486672006301e+00 3.775020367439929192e+00 3.828008217017140780e+00 3.877250765873416771e+00 3.922373248478499885e+00 3.963032255494061573e+00 3.998918347326139600e+00 4.029758409147270903e+00 4.055317729465262921e+00 4.075401786419354799e+00 4.089857728209037369e+00 4.098575536388559648e+00 4.101488863173718080e+00 4.098575536388559648e+00 4.089857728209037369e+00 4.075401786419354799e+00 4.055317729465262921e+00 4.029758409147270903e+00 3.998918347326139600e+00 3.963032255494061573e+00 3.922373248478499885e+00 3.877250765873416771e+00 3.828008217017140780e+00 3.775020367439929192e+00 3.718690486672006301e+00 3.659447279118924978e+00 3.597741621362191111e+00 3.534043130716229886e+00 3.468836591157056670e+00 3.402618263823501632e+00 3.335892110170293190e+00 3.269165956517084748e+00 3.202947629183530154e+00 3.137741089624356494e+00 3.074042598978394381e+00 3.012336941221662290e+00 2.953093733668580523e+00 2.896763852900656300e+00 2.843776003323446044e+00 2.794533454467168720e+00 2.749410971862086939e+00 2.708751964846523475e+00 2.672865873014446336e+00 2.642025811193314144e+00 2.616466490875322570e+00 2.596382433921232025e+00 2.581926492131547679e+00 2.573208683952025400e+00 2.570295357166868744e+00 2.573208683952025400e+00 2.581926492131547679e+00 2.596382433921232025e+00 2.616466490875322570e+00 2.642025811193314144e+00 2.672865873014446336e+00 2.708751964846523475e+00 2.749410971862086939e+00 2.794533454467168720e+00 2.843776003323446044e+00 2.896763852900656300e+00 2.953093733668580523e+00 3.012336941221662290e+00 3.074042598978394381e+00 3.137741089624356494e+00 3.202947629183530154e+00 3.269165956517084748e+00 3.335892110170293190e+00 3.402618263823501632e+00 3.468836591157056670e+00 3.534043130716229886e+00 3.597741621362191111e+00 3.659447279118924978e+00 3.718690486672006301e+00 3.775020367439929192e+00 3.828008217017140780e+00 3.877250765873416771e+00 3.922373248478499885e+00 3.963032255494061573e+00 3.998918347326139600e+00 4.029758409147270903e+00 4.055317729465262921e+00 4.075401786419354799e+00 4.089857728209037369e+00 4.098575536388559648e+00
4.098575536388559648e+00 4.099321794452547074e+00 4.094250774965728645e+00 4.083405326324637485e+00 4.066872231665413118e+00 4.044781540315462109e+00 4.017305570001796333e+00 3.984657587425138203e+00 3.947090177256600274e+00 3.904893311984961368e+00 3.858392137319034632e+00 3.807944490014306904e+00 3.753938167029156947e+00 3.696787966808312120e+00 3.636932525225112567e+00 3.574830970276694941e+00 3.510959421005239722e+00 3.445807357303609653e+00 3.379873888245989111e+00 3.313663947356070949e+00 3.247684443780846308e+00 3.182440398673323401e+00 3.118431096199527630e+00 3.056146278473368838e+00 2.996062413388139500e+00 2.938639063758097247e+00 2.884315385412006716e+00 2.833506780898560340e+00 2.786601734278703280e+00 2.743958851101137242e+00 2.705904126095111994e+00 2.672728459380893540e+00 2.644685440106345542e+00 2.621989414382112749e+00 2.604813852223597515e+00 2.593290025931604958e+00 2.587506009972687870e+00 2.587506009972687870e+00 2.593290025931604958e+00 2.604813852223597515e+00 2.621989414382112749e+00 2.644685440106345542e+00 2.672728459380893540e+00 2.705904126095111994e+00 2.743958851101137242e+00 2.786601734278703280e+00 2.833506780898560340e+00 2.884315385412006716e+00 2.938639063758097247e+00 2.996062413388139500e+00 3.056146278473368838e+00 3.118431096199527630e+00 3.182440398673323401e+00 3.247684443780846308e+00 3.313663947356070949e+00 3.379873888245989111e+00 3.445807357303609653e+00 3.510959421005239722e+00 3.574830970276694941e+00 3.636932525225112567e+00 3.696787966808312120e+00 3.753938167029156947e+00 3.807944490014306904e+00 3.858392137319034632e+00 3.904893311984961368e+00 3.947090177256600274e+00 3.984657587425138203e+00 4.017305570001796333e+00 4.044781540315462109e+00 4.066872231665413118e+00 4.083405326324637485e+00 4.094250774965728645e+00 4.099321794452547074e+00 4.098575536388559648e+00 4.092013421318411837e+00 4.079681136023819654e+00 4.061668293919001194e+00 4.038107761114727801e+00 4.009174653264762966e+00 3.975085010813944830e+00 3.936094162714895095e+00 3.892494791051398284e+00 3.844614711282896113e+00 3.792814384989110277e+00 3.737484184029758350e+00 3.679041426926531688e+00 3.617927210008262673e+00 3.554603057422485168e+00 3.489547415495467320e+00 3.423252018107736827e+00 3.356218150734140426e+00 3.288952841569103835e+00 3.221965008713112866e+00 3.155761592731272547e+00 3.090843704006596138e+00 3.027702814198558912e+00 2.966817020782320569e+00 2.908647413088291334e+00 2.853634567489879981e+00 2.802195198404811460e+00 2.754718990590241390e+00 2.711565636832671711e+00 2.673062103571111070e+00 2.639500145257850594e+00 2.611134086368768426e+00 2.588178887938775929e+00 2.570808513333249667e+00 2.559154605689560658e+00 2.553305487091508841e+00 2.553305487091508841e+00 2.559154605689560658e+00 2.570808513333249667e+00 2.588178887938775929e+00 2.611134086368768426e+00 2.639500145257850594e+00 2.673062103571111070e+00 2.711565636832671711e+00 2.754718990590241390e+00 2.802195198404811460e+00 2.853634567489879981e+00 2.908647413088291334e+00 2.966817020782320569e+00 3.027702814198558912e+00 3.090843704006596138e+00 3.155761592731272547e+00 3.221965008713112866e+00 3.288952841569103835e+00 3.356218150734140426e+00 3.423252018107736827e+00 3.489547415495467320e+00 3.554603057422485168e+00 3.617927210008262673e+00 3.679041426926531688e+00 3.737484184029758350e+00 3.792814384989110277e+00 3.844614711282896113e+00 3.892494791051398284e+00 3.936094162714895095e+00 3.975085010813944830e+00 4.009174653264762966e+00 4.038107761114727801e+00 4.061668293919001194e+00 4.079681136023819654e+00 4.092013421318411837e+00
4.089857728209037369e+00 4.094250774965728645e+00 4.092835339238491521e+00 4.085630690030894741e+00 4.072700139582789092e+00 4.054150545382814386e+00 4.030131480836768532e+00 4.000834080934190240e+00 3.966489571728760044e+00 3.927367494854271612e+00 3.883773640618575218e+00 3.836047705435479571e+00 3.784560691452115933e+00 3.729712068190889962e+00 3.671926717835805487e+00 3.611651687439012104e+00 3.549352772792237598e+00 3.485510959988233903e+00 3.420618751779709310e+00 3.355176406719206472e+00 3.289688119726370541e+00 3.224658173173916342e+00 3.160587087807156692e+00 3.097967802812156890e+00 3.037281914124828841e+00 2.978995999629013625e+00 2.923558059229151240e+00 2.871394096907911919e+00 2.822904870797339427e+00 2.778462836012228099e+00 2.738409303526269323e+00 2.703051836726011459e+00 2.672661905467597965e+00 2.647472815500246934e+00 2.627677929023384706e+00 2.613429189927435559e+00 2.604835964948048144e+00 2.601964209557980912e+00 2.604835964948048144e+00 2.613429189927435559e+00 2.627677929023384706e+00 2.647472815500246934e+00 2.672661905467597965e+00 2.703051836726011459e+00 2.738409303526269323e+00 2.778462836012228099e+00 2.822904870797339427e+00 2.871394096907911919e+00 2.923558059229151240e+00 2.978995999629013625e+00 3.037281914124828841e+00 3.097967802812156890e+00 3.160587087807156692e+00 3.224658173173916342e+00 3.289688119726370541e+00 3.355176406719206472e+00 3.420618751779709310e+00 3.485510959988233903e+00 3.549352772792237598e+00 3.611651687439012104e+00 3.671926717835805487e+00 3.729712068190889962e+00 3.784560691452115933e+00 3.836047705435479571e+00 3.883773640618575218e+00 3.927367494854271612e+00 3.966489571728760044e+00 4.000834080934190240e+00 4.030131480836768532e+00 4.054150545382814386e+00 4.072700139582789092e+00 4.085630690030894741e+00 4.092835339238491521e+00 4.094250774965728645e+00 4.089857728209037369e+00 4.079681136023819654e+00 4.063789967912296852e+00 4.042296717067101142e+00 4.015356560311757583e+00 3.983166193100853292e+00 3.945962348415765764e+00 3.904020010797888407e+00 3.857650339081688973e+00 3.807198313607314422e+00 3.753040125789712800e+00 3.695580329882496073e+00 3.635248778585211227e+00 3.572497365788219970e+00 3.507796601217898935e+00 3.441632043024835053e+00 3.374500615439606221e+00 3.306906839496107864e+00 3.239359005484943932e+00 3.172365316243643374e+00 3.106430030613335003e+00 3.042049636391240597e+00 2.979709081884781341e+00 2.919878094728229900e+00 2.863007615959650476e+00 2.809526376479921428e+00 2.759837641933024610e+00 2.714316150766240554e+00 2.673305268759833098e+00 2.637114381669574570e+00 2.606016545814503260e+00 2.580246414480465322e+00 2.559998455912158022e+00 2.545425476448480051e+00 2.536637460035050307e+00 2.533700732941192246e+00 2.536637460035050307e+00 2.545425476448480051e+00 2.559998455912158022e+00 2.580246414480465322e+00 2.606016545814503260e+00 2.637114381669574570e+00 2.673305268759833098e+00 2.714316150766240554e+00 2.759837641933024610e+00 2.809526376479921428e+00 2.863007615959650476e+00 2.919878094728229900e+00 2.979709081884781341e+00 3.042049636391240597e+00 3.106430030613335003e+00 3.172365316243643374e+00 3.239359005484943932e+00 3.306906839496107864e+00 3.374500615439606221e+00 3.441632043024835053e+00 3.507796601217898935e+00 3.572497365788219970e+00 3.635248778585211227e+00 3.695580329882496073e+00 3.753040125789712800e+00 3.807198313607314422e+00 3.857650339081688973e+00 3.904020010797888407e+00 3.945962348415765764e+00 3.983166193100853292e+00 4.015356560311757583e+00 4.042296717067101142e+00 4.063789967912296852e+00 4.079681136023819654e+00
4.075401786419354799e+00 4.083405326324637485e+00 4.085630690030894741e+00 4.082073641431827049e+00 4.072773939982466729e+00 4.057815013953076644e+00 4.037323301405961296e+00 4.011467263956639329e+00 3.980456080870867996e+00 3.944538033481510553e+00 3.903998592265789824e+00 3.859158221185854387e+00 3.810369916046834504e+00 3.758016495650223998e+00 3.702507666401066544e+00 3.644276882750748570e+00 3.583778027410170708e+00 3.521481936638707566e+00 3.457872797092438777e+00 3.393444441691500391e+00 3.328696572733739867e+00 3.264130941034347533e+00 3.200247510204411228e+00 3.137540635293112334e+00 3.076495284907487360e+00 3.017583335591291771e+00 2.961259966692983969e+00 2.907960183186471426e+00 2.858095492932761772e+00 2.812050763693594302e+00 2.770181283838306197e+00 2.732810049133188812e+00 2.700225296280117870e+00 2.672678301991444183e+00 2.650381464365371809e+00 2.633506681175609376e+00 2.622184037427455205e+00 2.616500812176810964e+00 2.616500812176810964e+00 2.622184037427455205e+00 2.633506681175609376e+00 2.650381464365371809e+00 2.672678301991444183e+00 2.700225296280117870e+00 2.732810049133188812e+00 2.770181283838306197e+00 2.812050763693594302e+00 2.858095492932761772e+00 2.907960183186471426e+00 2.961259966692983969e+00 3.017583335591291771e+00 3.076495284907487360e+00 3.137540635293112334e+00 3.200247510204411228e+00 3.264130941034347533e+00 3.328696572733739867e+00 3.393444441691500391e+00 3.457872797092438777e+00 3.521481936638707566e+00 3.583778027410170708e+00 3.644276882750748570e+00 3.702507666401066544e+00 3.758016495650223998e+00 3.810369916046834504e+00 3.859158221185854387e+00 3.903998592265789824e+00 3.944538033481510553e+00 3.980456080870867996e+00 4.011467263956639329e+00 4.037323301405961296e+00 4.057815013953076644e+00 4.072773939982466729e+00 4.082073641431827049e+00 4.085630690030894741e+00 4.083405326324637485e+00 4.075401786419354799e+00 4.061668293919001194e+00 4.042296717067101142e+00 4.017421893657598275e+00 3.987220628806662948e+00 3.951910373167374591e+00 3.911747591601546059e+00 3.867025834679157725e+00 3.818073527638016884e+00 3.765251493587060683e+00 3.708950229760029860e+00 3.649586957506317120e+00 3.587602468428642055e+00 3.523457790629532571e+00 3.457630700398627965e+00 3.390612105850168589e+00 3.322902329995665038e+00 3.255007321503305295e+00 3.187434821947254360e+00 3.120690518682463388e+00 3.055274212591394534e+00 2.991676029837332607e+00 2.930372706425534712e+00 2.871823973820972764e+00 2.816469073103844423e+00 2.764723424167577548e+00 2.716975475285669628e+00 2.673583757002850003e+00 2.634874162752779192e+00 2.601137476880790000e+00 2.572627168869208614e+00 2.549557470538661441e+00 2.532101750847133736e+00 2.520391200645575314e+00 2.514513837391868289e+00 2.514513837391868289e+00 2.520391200645575314e+00 2.532101750847133736e+00 2.549557470538661441e+00 2.572627168869208614e+00 2.601137476880790000e+00 2.634874162752779192e+00 2.673583757002850003e+00 2.716975475285669628e+00 2.764723424167577548e+00 2.816469073103844423e+00 2.871823973820972764e+00 2.930372706425534712e+00 2.991676029837332607e+00 3.055274212591394534e+00 3.120690518682463388e+00 3.187434821947254360e+00 3.255007321503305295e+00 3.322902329995665038e+00 3.390612105850168589e+00 3.457630700398627965e+00 3.523457790629532571e+00 3.587602468428642055e+00 3.649586957506317120e+00 3.708950229760029860e+00 3.765251493587060683e+00 3.818073527638016884e+00 3.867025834679157725e+00 3.911747591601546059e+00 3.951910373167374591e+00 3.987220628806662948e+00 4.017421893657598275e+00 4.042296717067101142e+00 4.061668293919001194e+00
4.055317729465262921e+00 4.066872231665413118e+00 4.072700139582789092e+00 4.072773939982466729e+00 4.067109911862158533e+00 4.055767970502047071e+00 4.038851179477194187e+00 4.016504934407286953e+00 3.988915824716583458e+00 3.956310182127048325e+00 3.918952326991410828e+00 3.877142525871873691e+00 3.831214675967162808e+00 3.781533734068595720e+00 3.728492909669244071e+00 3.672510643644253392e+00 3.614027395551046240e+00 3.553502264053569615e+00 3.491409466243348358e+00 3.428234702702603443e+00 3.364471436022719697e+00 3.300617111148365534e+00 3.237169346358667710e+00 3.174622123918400263e+00 3.113462009432893307e+00 3.054164428719882807e+00 2.997190030571738717e+00 2.942981163125773403e+00 2.891958490693451456e+00 2.844517776828183742e+00 2.801026858143815357e+00 2.761822831941906475e+00 2.727209479076216692e+00 2.697454941690095254e+00 2.672789673520198139e+00 2.653404678383060489e+00 2.639450050265182313e+00 2.631033826139361320e+00 2.628221160247303345e+00 2.631033826139361320e+00 2.639450050265182313e+00 2.653404678383060489e+00 2.672789673520198139e+00 2.697454941690095254e+00 2.727209479076216692e+00 2.761822831941906475e+00 2.801026858143815357e+00 2.844517776828183742e+00 2.891958490693451456e+00 2.942981163125773403e+00 2.997190030571738717e+00 3.054164428719882807e+00 3.113462009432893307e+00 3.174622123918400263e+00 3.237169346358667710e+00 3.300617111148365534e+00 3.364471436022719697e+00 3.428234702702603443e+00 3.491409466243348358e+00 3.553502264053569615e+00 3.614027395551046240e+00 3.672510643644253392e+00 3.728492909669244071e+00 3.781533734068595720e+00 3.831214675967162808e+00 3.877142525871873691e+00 3.918952326991410828e+00 3.956310182127048325e+00 3.988915824716583458e+00 4.016504934407286953e+00 4.038851179477194187e+00 4.055767970502047071e+00 4.067109911862158533e+00 4.072773939982466729e+00 4.072700139582789092e+00 4.066872231665413118e+00 4.055317729465262921e+00 4.038107761114727801e+00 4.015356560311757583e+00 3.987220628806662948e+00 3.953897577020894172e+00 3.915624651561091074e+00 3.872676960775029542e+00 3.825365411794782400e+00 3.774034374708827855e+00 3.719059091582375132e+00 3.660842849987938408e+00 3.599813942501443265e+00 3.536422435249168661e+00 3.471136770045334163e+00 3.404440225927951147e+00 3.336827266971994277e+00 3.268799804126066633e+00 3.200863399474609405e+00 3.133523441767605444e+00 3.067281322280269507e+00 3.002630640064465339e+00 2.940053465431993640e+00 2.880016690068650576e+00 2.822968491520830181e+00 2.769334938928128320e+00 2.719516765802732383e+00 2.673886334387316932e+00 2.632784814667525897e+00 2.596519599483877450e+00 2.565361975393527061e+00 2.539545066988422306e+00 2.519262070297736855e+00 2.504664788704967560e+00 2.495862482510331493e+00 2.492921040884692019e+00 2.495862482510331493e+00 2.504664788704967560e+00 2.519262070297736855e+00 2.539545066988422306e+00 2.565361975393527061e+00 2.596519599483877450e+00 2.632784814667525897e+00 2.673886334387316932e+00 2.719516765802732383e+00 2.769334938928128320e+00 2.822968491520830181e+00 2.880016690068650576e+00 2.940053465431993640e+00 3.002630640064465339e+00 3.067281322280269507e+00 3.133523441767605444e+00 3.200863399474609405e+00 3.268799804126066633e+00 3.336827266971994277e+00 3.404440225927951147e+00 3.471136770045334163e+00 3.536422435249168661e+00 3.599813942501443265e+00 3.660842849987938408e+00 3.719059091582375132e+00 3.774034374708827855e+00 3.825365411794782400e+00 3.872676960775029542e+00 3.915624651561091074e+00 3.953897577020894172e+00 3.987220628806662948e+00 4.015356560311757583e+00 4.038107761114727801e+00
4.029758409147270903e+00 4.044781540315462109e+00 4.054150545382814386e+00 4.057815013953076644e+00 4.055767970502047071e+00 4.048045887655895569e+00 4.034728368840689861e+00 4.015937502794105107e+00 3.991836894927352830e+00 3.962630382984350330e+00 3.928560446847421783e+00 3.889906324665819870e+00 3.846981849717660662e+00 3.800133024540356619e+00 3.749735350863070860e+00 3.696190935732019511e+00 3.639925395921484341e+00 3.581384584256994685e+00 3.521031162830992045e+00 3.459341049254801348e+00 3.396799763055120991e+00 3.333898700081310285e+00 3.271131363335506137e+00 3.208989578967132328e+00 3.147959726283909632e+00 3.088519010522508434e+00 3.031131806793966987e+00 2.976246103074830618e+00 2.924290069358442157e+00 2.875668779117926732e+00 2.830761108070433796e+00 2.789916833879868108e+00 2.753453958903175458e+00 2.721656276384695872e+00 2.694771198647215371e+00 2.673007863831313724e+00 2.656535535611442622e+00 2.645482308084288192e+00 2.639934125699151313e+00 2.639934125699151313e+00 2.645482308084288192e+00 2.656535535611442622e+00 2.673007863831313724e+00 2.694771198647215371e+00 2.721656276384695872e+00 2.753453958903175458e+00 2.789916833879868108e+00 2.830761108070433796e+00 2.875668779117926732e+00 2.924290069358442157e+00 2.976246103074830618e+00 3.031131806793966987e+00 3.088519010522508434e+00 3.147959726283909632e+00 3.208989578967132328e+00 3.271131363335506137e+00 3.333898700081310285e+00 3.396799763055120991e+00 3.459341049254801348e+00 3.521031162830992045e+00 3.581384584256994685e+00 3.639925395921484341e+00 3.696190935732019511e+00 3.749735350863070860e+00 3.800133024540356619e+00 3.846981849717660662e+00 3.889906324665819870e+00 3.928560446847421783e+00 3.962630382984350330e+00 3.991836894927352830e+00 4.015937502794105107e+00 4.034728368840689861e+00 4.048045887655895569e+00 4.055767970502047071e+00 4.057815013953076644e+00 4.054150545382814386e+00 4.044781540315462109e+00 4.029758409147270903e+00 4.009174653264762966e+00 3.983166193100853292e+00 3.951910373167374591e+00 3.915624651561091074e+00 3.874564983842277766e+00 3.829023913511521382e+00 3.779328383544171555e+00 3.725837285565710477e+00 3.668938765249096345e+00 3.609047304371613141e+00 3.546600601669863462e+00 3.482056276164246622e+00 3.415888417977024805e+00 3.348584012830368550e+00 3.280639267374073409e+00 3.212555863249308974e+00 3.144837168339138511e+00 3.077984433984664037e+00 3.012493007054661831e+00 2.948848585645957865e+00 2.887523546862214463e+00 2.828973374572816724e+00 2.773633214295304850e+00 2.721914581380054710e+00 2.674202247512038610e+00 2.630851329190246890e+00 2.592184600311197240e+00 2.558490049280389922e+00 2.530018699217638556e+00 2.506982707823048884e+00 2.489553761345205007e+00 2.477861774858017174e+00 2.471993908724772204e+00 2.471993908724772204e+00 2.477861774858017174e+00 2.489553761345205007e+00 2.506982707823048884e+00 2.530018699217638556e+00 2.558490049280389922e+00 2.592184600311197240e+00 2.630851329190246890e+00 2.674202247512038610e+00 2.721914581380054710e+00 2.773633214295304850e+00 2.828973374572816724e+00 2.887523546862214463e+00 2.948848585645957865e+00 3.012493007054661831e+00 3.077984433984664037e+00 3.144837168339138511e+00 3.212555863249308974e+00 3.280639267374073409e+00 3.348584012830368550e+00 3.415888417977024805e+00 3.482056276164246622e+00 3.546600601669863462e+00 3.609047304371613141e+00 3.668938765249096345e+00 3.725837285565710477e+00 3.779328383544171555e+00 3.829023913511521382e+00 3.874564983842277766e+00 3.915624651561091074e+00 3.951910373167374591e+00 3.983166193100853292e+00 4.009174653264762966e+00
3.998918347326139600e+00 4.017305570001796333e+00 4.030131480836768532e+00 4.037323301405961296e+00 4.038851179477194187e+00 4.034728368840689861e+00 4.025011081075664521e+00 4.009798010472391816e+00 3.989229535815332017e+00 3.963486605191865575e+00 3.932789312403083049e+00 3.897395175899421194e+00 3.857597133427092206e+00 3.813721267733841902e+00 3.766124280728169627e+00 3.715190735399256372e+00 3.661330086570777187e+00 3.604973523167247507e+00 3.546570646104232338e+00 3.486586007162754353e+00 3.425495535264174496e+00 3.363782877416456873e+00 3.301935682249737436e+00 3.240441854493591567e+00 3.179785808966776539e+00 3.120444752651252873e+00 3.062885023205573543e+00 3.007558511840246140e+00 2.954899197832441260e+00 2.905319821104598521e+00 2.859208718237406632e+00 2.816926846040370691e+00 2.778805015372287190e+00 2.745141356300242474e+00 2.716199033921490980e+00 2.692204232261170560e+00 2.673344421614853417e+00 2.659766922543937095e+00 2.651577777470314867e+00 2.648840938471925366e+00 2.651577777470314867e+00 2.659766922543937095e+00 2.673344421614853417e+00 2.692204232261170560e+00 2.716199033921490980e+00 2.745141356300242474e+00 2.778805015372287190e+00 2.816926846040370691e+00 2.859208718237406632e+00 2.905319821104598521e+00 2.954899197832441260e+00 3.007558511840246140e+00 3.062885023205573543e+00 3.120444752651252873e+00 3.179785808966776539e+00 3.240441854493591567e+00 3.301935682249737436e+00 3.363782877416456873e+00 3.425495535264174496e+00 3.486586007162754353e+00 3.546570646104232338e+00 3.604973523167247507e+00 3.661330086570777187e+00 3.715190735399256372e+00 3.766124280728169627e+00 3.813721267733841902e+00 3.857597133427092206e+00 3.897395175899421194e+00 3.932789312403083049e+00 3.963486605191865575e+00 3.989229535815332017e+00 4.009798010472391816e+00 4.025011081075664521e+00 4.034728368840689861e+00 4.038851179477194187e+00 4.037323301405961296e+00 4.030131480836768532e+00 4.017305570001796333e+00 3.998918347326139600e+00 3.975085010813944830e+00 3.945962348415765764e+00 3.911747591601546059e+00 3.872676960775029542e+00 3.829023913511521382e+00 3.781097108863269884e+00 3.729238103138832638e+00 3.673818794607486282e+00 3.615238636492033919e+00 3.553921639378190278e+00 3.490313185773223470e+00 3.424876680977867682e+00 3.358090065683299930e+00 3.290442216759471794e+00 3.222429263554205559e+00 3.154550847667938029e+00 3.087306354601678127e+00 3.021191145892445196e+00 2.956692820349597906e+00 2.894287532786782524e+00 2.834436398209785768e+00 2.777582008773224143e+00 2.724145089964050470e+00 2.674521321413552588e+00 2.629078346490008489e+00 2.588152993390922418e+00 2.552048728847669867e+00 2.521033363788733439e+00 2.495337028393816770e+00 2.475150431924667327e+00 2.460623420554901131e+00 2.451863844157044614e+00 2.448936740657479127e+00 2.451863844157044614e+00 2.460623420554901131e+00 2.475150431924667327e+00 2.495337028393816770e+00 2.521033363788733439e+00 2.552048728847669867e+00 2.588152993390922418e+00 2.629078346490008489e+00 2.674521321413552588e+00 2.724145089964050470e+00 2.777582008773224143e+00 2.834436398209785768e+00 2.894287532786782524e+00 2.956692820349597906e+00 3.021191145892445196e+00 3.087306354601678127e+00 3.154550847667938029e+00 3.222429263554205559e+00 3.290442216759471794e+00 3.358090065683299930e+00 3.424876680977867682e+00 3.490313185773223470e+00 3.553921639378190278e+00 3.615238636492033919e+00 3.673818794607486282e+00 3.729238103138832638e+00 3.781097108863269884e+00 3.829023913511521382e+00 3.872676960775029542e+00 3.911747591601546059e+00 3.945962348415765764e+00 3.975085010813944830e+00
3.963032255494061573e+00 3.984657587425138203e+00 4.000834080934190240e+00 4.011467263956639329e+00 4.016504934407286953e+00 4.015937502794105107e+00 4.009798010472391816e+00 3.998161823504495782e+00 3.981146004559164897e+00 3.958908367734463862e+00 3.931646223600961054e+00 3.899594824118719050e+00 3.863025519364955418e+00 3.822243640201396619e+00 3.777586123094844428e+00 3.729418895265444789e+00 3.678134040159455775e+00 3.624146764913434016e+00 3.567892192981656496e+00 3.509822006427027574e+00 3.450400963517576525e+00 3.390103318216993955e+00 3.329409168901793947e+00 3.268800764173285689e+00 3.208758793956209221e+00 3.149758694184685126e+00 3.092266993269398245e+00 3.036737728218589893e+00 2.983608957751771040e+00 2.933299399003184593e+00 2.886205213467762487e+00 2.842696966702490169e+00 2.803116784969861275e+00 2.767775730507054721e+00 2.736951415436514434e+00 2.710885872513147277e+00 2.689783698944340440e+00 2.673810487436437011e+00 2.663091556430897899e+00 2.657710989211887753e+00 2.657710989211887753e+00 2.663091556430897899e+00 2.673810487436437011e+00 2.689783698944340440e+00 2.710885872513147277e+00 2.736951415436514434e+00 2.767775730507054721e+00 2.803116784969861275e+00 2.842696966702490169e+00 2.886205213467762487e+00 2.933299399003184593e+00 2.983608957751771040e+00 3.036737728218589893e+00 3.092266993269398245e+00 3.149758694184685126e+00 3.208758793956209221e+00 3.268800764173285689e+00 3.329409168901793947e+00 3.390103318216993955e+00 3.450400963517576525e+00 3.509822006427027574e+00 3.567892192981656496e+00 3.624146764913434016e+00 3.678134040159455775e+00 3.729418895265444789e+00 3.777586123094844428e+00 3.822243640201396619e+00 3.863025519364955418e+00 3.899594824118719050e+00 3.931646223600961054e+00 3.958908367734463862e+00 3.981146004559164897e+00 3.998161823504495782e+00 4.009798010472391816e+00 4.015937502794105107e+00 4.016504934407286953e+00 4.011467263956639329e+00 4.000834080934190240e+00 3.984657587425138203e+00 3.963032255494061573e+00 3.936094162714895095e+00 3.904020010797888407e+00 3.867025834679157725e+00 3.825365411794782400e+00 3.779328383544171555e+00 3.729238103138832638e+00 3.675449226116386470e+00 3.618345061759574488e+00 3.558334705481275506e+00 3.495849973905453378e+00 3.431342165877470762e+00 3.365278673964228418e+00 3.298139472144808959e+00 3.230413506337065144e+00 3.162595015147795063e+00 3.095179808767980489e+00 3.028661534256185117e+00 2.963527955559838389e+00 2.900257276515363802e+00 2.839314534744328711e+00 2.781148093826861345e+00 2.726186260389233951e+00 2.674834051795661249e+00 2.627470138992031856e+00 2.584443987720288494e+00 2.546073219816478161e+00 2.512641214634783182e+00 2.484394968816444838e+00 2.461543230660753423e+00 2.444254923269685964e+00 2.432657868444458416e+00 2.426837821027837627e+00 2.426837821027837627e+00 2.432657868444458416e+00 2.444254923269685964e+00 2.461543230660753423e+00 2.484394968816444838e+00 2.512641214634783182e+00 2.546073219816478161e+00 2.584443987720288494e+00 2.627470138992031856e+00 2.674834051795661249e+00 2.726186260389233951e+00 2.781148093826861345e+00 2.839314534744328711e+00 2.900257276515363802e+00 2.963527955559838389e+00 3.028661534256185117e+00 3.095179808767980489e+00 3.162595015147795063e+00 3.230413506337065144e+00 3.298139472144808959e+00 3.365278673964228418e+00 3.431342165877470762e+00 3.495849973905453378e+00 3.558334705481275506e+00 3.618345061759574488e+00 3.675449226116386470e+00 3.729238103138832638e+00 3.779328383544171555e+00 3.825365411794782400e+00 3.867025834679157725e+00 3.904020010797888407e+00 3.936094162714895095e+00
3.922373248478499885e+00 3.947090177256600274e+00 3.966489571728760044e+00 3.980456080870867996e+00 3.988915824716583458e+00 3.991836894927352830e+00 3.989229535815332017e+00 3.981146004559164897e+00 3.967680111794179343e+00 3.948966446190798063e+00 3.925179289039611774e+00 3.896531227220123128e+00 3.863271475224720586e+00 3.825683919122648380e+00 3.784084897463588337e+00 3.738820736120933130e+00 3.690265055945867179e+00 3.638815873830271386e+00 3.584892519346746909e+00 3.528932390535160835e+00 3.471387573626750989e+00 3.412721352529628049e+00 3.353404634735481782e+00 3.293912320940336258e+00 3.234719646097174106e+00 3.176298519832317258e+00 3.119113894158540123e+00 3.063620186206456708e+00 3.010257783273011523e+00 2.959449656855374311e+00 2.911598111504869468e+00 2.867081693305193912e+00 2.826252281559876511e+00 2.789432385875066700e+00 2.756912669255866088e+00 2.728949716109628110e+00 2.705764062180864737e+00 2.687538501444118655e+00 2.674416682868315576e+00 2.666502007755056081e+00 2.663856836060641609e+00 2.666502007755056081e+00 2.674416682868315576e+00 2.687538501444118655e+00 2.705764062180864737e+00 2.728949716109628110e+00 2.756912669255866088e+00 2.789432385875066700e+00 2.826252281559876511e+00 2.867081693305193912e+00 2.911598111504869468e+00 2.959449656855374311e+00 3.010257783273011523e+00 3.063620186206456708e+00 3.119113894158540123e+00 3.176298519832317258e+00 3.234719646097174106e+00 3.293912320940336258e+00 3.353404634735481782e+00 3.412721352529628049e+00 3.471387573626750989e+00 3.528932390535160835e+00 3.584892519346746909e+00 3.638815873830271386e+00 3.690265055945867179e+00 3.738820736120933130e+00 3.784084897463588337e+00 3.825683919122648380e+00 3.863271475224720586e+00 3.896531227220123128e+00 3.925179289039611774e+00 3.948966446190798063e+00 3.967680111794179343e+00 3.981146004559164897e+00 3.989229535815332017e+00 3.991836894927352830e+00 3.988915824716583458e+00 3.980456080870867996e+00 3.966489571728760044e+00 3.947090177256600274e+00 3.922373248478499885e+00 3.892494791051398284e+00 3.857650339081688973e+00 3.818073527638016884e+00 3.774034374708827855e+00 3.725837285565710477e+00 3.673818794607486282e+00 3.618345061759574488e+00 3.559809142372787338e+00 3.498628051291584828e+00 3.435239643330413539e+00 3.370099333796388041e+00 3.303676683916523249e+00 3.236451877058572180e+00 3.168912112468661224e+00 3.101547943879751301e+00 3.034849590767839889e+00 2.969303250244422099e+00 2.905387437572585885e+00 2.843569383079973978e+00 2.784301512816621749e+00 2.728018039672406303e+00 2.675131690832343256e+00 2.626030596414734575e+00 2.581075362914861948e+00 2.540596353675081520e+00 2.504891197031121397e+00 2.474222541056465108e+00 2.448816071954745155e+00 2.428858811148406183e+00 2.414497703995881484e+00 2.405838510855011325e+00 2.402945008914481040e+00 2.405838510855011325e+00 2.414497703995881484e+00 2.428858811148406183e+00 2.448816071954745155e+00 2.474222541056465108e+00 2.504891197031121397e+00 2.540596353675081520e+00 2.581075362914861948e+00 2.626030596414734575e+00 2.675131690832343256e+00 2.728018039672406303e+00 2.784301512816621749e+00 2.843569383079973978e+00 2.905387437572585885e+00 2.969303250244422099e+00 3.034849590767839889e+00 3.101547943879751301e+00 3.168912112468661224e+00 3.236451877058572180e+00 3.303676683916523249e+00 3.370099333796388041e+00 3.435239643330413539e+00 3.498628051291584828e+00 3.559809142372787338e+00 3.618345061759574488e+00 3.673818794607486282e+00 3.725837285565710477e+00 3.774034374708827855e+00 3.818073527638016884e+00 3.857650339081688973e+00 3.892494791051398284e+00
3.877250765873416771e+00 3.904893311984961368e+00 3.927367494854271612e+00 3.944538033481510553e+00 3.956310182127048325e+00 3.962630382984350330e+00 3.963486605191865575e+00 3.958908367734463862e+00 3.948966446190798063e+00 3.933772265688983527e+00 3.913476984820821514e+00 3.888270277616044712e+00 3.858378822975272460e+00 3.824064513185569059e+00 3.785622395279133467e+00 3.743378361027287493e+00 3.697686603273106609e+00 3.648926858082301994e+00 3.597501453819690109e+00 3.543832189725490522e+00 3.488357067860596405e+00 3.431526903402855044e+00 3.373801839199176200e+00 3.315647791203478523e+00 3.257532851952980479e+00 3.199923679550910283e+00 3.143281899730076656e+00 3.088060548468057220e+00 3.034700582311879113e+00 2.983627483050282247e+00 2.935247982649039411e+00 2.889946933444748733e+00 2.848084347482199963e+00 2.809992627588067560e+00 2.775974011309376710e+00 2.746298247219940425e+00 2.721200521324163901e+00 2.700879649378845837e+00 2.685496548924326987e+00 2.675173002682039058e+00 2.669990722752447976e+00 2.669990722752447976e+00 2.675173002682039058e+00 2.685496548924326987e+00 2.700879649378845837e+00 2.721200521324163901e+00 2.746298247219940425e+00 2.775974011309376710e+00 2.809992627588067560e+00 2.848084347482199963e+00 2.889946933444748733e+00 2.935247982649039411e+00 2.983627483050282247e+00 3.034700582311879113e+00 3.088060548468057220e+00 3.143281899730076656e+00 3.199923679550910283e+00 3.257532851952980479e+00 3.315647791203478523e+00 3.373801839199176200e+00 3.431526903402855044e+00 3.488357067860596405e+00 3.543832189725490522e+00 3.597501453819690109e+00 3.648926858082301994e+00 3.697686603273106609e+00 3.743378361027287493e+00 3.785622395279133467e+00 3.824064513185569059e+00 3.858378822975272460e+00 3.888270277616044712e+00 3.913476984820821514e+00 3.933772265688983527e+00 3.948966446190798063e+00 3.958908367734463862e+00 3.963486605191865575e+00 3.962630382984350330e+00 3.956310182127048325e+00 3.944538033481510553e+00 3.927367494854271612e+00 3.904893311984961368e+00 3.877250765873416771e+00 3.844614711282896113e+00 3.807198313607314422e+00 3.765251493587060683e+00 3.719059091582375132e+00 3.668938765249096345e+00 3.615238636492033919e+00 3.558334705481275506e+00 3.498628051291584828e+00 3.436541840351237553e+00 3.372518165351888086e+00 3.307014738564090006e+00 3.240501464614085947e+00 3.173456918698053908e+00 3.106364756933038151e+00 3.039710086063825312e+00 2.973975820058149200e+00 2.909639051226289297e+00 2.847167463394761899e+00 2.787015814347979514e+00 2.729622514229082864e+00 2.675406325865387291e+00 2.624763212060767348e+00 2.578063353783602185e+00 2.535648361883346524e+00 2.497828703501010494e+00 2.464881362710088730e+00 2.437047753147181695e+00 2.414531898479143734e+00 2.397498894520685209e+00 2.386073664678332928e+00 2.380340018169899263e+00 2.380340018169899263e+00 2.386073664678332928e+00 2.397498894520685209e+00 2.414531898479143734e+00 2.437047753147181695e+00 2.464881362710088730e+00 2.497828703501010494e+00 2.535648361883346524e+00 2.578063353783602185e+00 2.624763212060767348e+00 2.675406325865387291e+00 2.729622514229082864e+00 2.787015814347979514e+00 2.847167463394761899e+00 2.909639051226289297e+00 2.973975820058149200e+00 3.039710086063825312e+00 3.106364756933038151e+00 3.173456918698053908e+00 3.240501464614085947e+00 3.307014738564090006e+00 3.372518165351888086e+00 3.436541840351237553e+00 3.498628051291584828e+00 3.558334705481275506e+00 3.615238636492033919e+00 3.668938765249096345e+00 3.719059091582375132e+00 3.765251493587060683e+00 3.807198313607314422e+00 3.844614711282896113e+00
3.828008217017140780e+00 3.858392137319034632e+00 3.883773640618575218e+00 3.903998592265789824e+00 3.918952326991410828e+00 3.928560446847421783e+00 3.932789312403083049e+00 3.931646223600961054e+00 3.925179289039611774e+00 3.913476984820821514e+00 3.896667406461642447e+00 3.874917219706883742e+00 3.848430318368452507e+00 3.817446199546539631e+00 3.782238068737222125e+00 3.743110689385128698e+00 3.700397993382898321e+00 3.654460470836335961e+00 3.605682359091728184e+00 3.554468652546855623e+00 3.501241956128307908e+00 3.446439206504404940e+00 3.390508286106233893e+00 3.333904555841563422e+00 3.277087333001389435e+00 3.220516341271967065e+00 3.164648159973221908e+00 3.109932699645987952e+00 3.056809730905301947e+00 3.005705493066858747e+00 2.957029408441666174e+00 2.911170927384576057e+00 2.868496528182040706e+00 2.829346894680586200e+00 2.794034293199235020e+00 2.762840168746821146e+00 2.736012978890272507e+00 2.713766281805459091e+00 2.696277093101711930e+00 2.683684523959602330e+00 2.676088710974500628e+00 2.673550045872195469e+00 2.676088710974500628e+00 2.683684523959602330e+00 2.696277093101711930e+00 2.713766281805459091e+00 2.736012978890272507e+00 2.762840168746821146e+00 2.794034293199235020e+00 2.829346894680586200e+00 2.868496528182040706e+00 2.911170927384576057e+00 2.957029408441666174e+00 3.005705493066858747e+00 3.056809730905301947e+00 3.109932699645987952e+00 3.164648159973221908e+00 3.220516341271967065e+00 3.277087333001389435e+00 3.333904555841563422e+00 3.390508286106233893e+00 3.446439206504404940e+00 3.501241956128307908e+00 3.554468652546855623e+00 3.605682359091728184e+00 3.654460470836335961e+00 3.700397993382898321e+00 3.743110689385128698e+00 3.782238068737222125e+00 3.817446199546539631e+00 3.848430318368452507e+00 3.874917219706883742e+00 3.896667406461642447e+00 3.913476984820821514e+00 3.925179289039611774e+00 3.931646223600961054e+00 3.932789312403083049e+00 3.928560446847421783e+00 3.918952326991410828e+00 3.903998592265789824e+00 3.883773640618575218e+00 3.858392137319034632e+00 3.828008217017140780e+00 3.792814384989110277e+00 3.753040125789712800e+00 3.708950229760029860e+00 3.660842849987938408e+00 3.609047304371613141e+00 3.553921639378190278e+00 3.495849973905453378e+00 3.435239643330413539e+00 3.372518165351888086e+00 3.308130050593453664e+00 3.242533482117614607e+00 3.176196889003119583e+00 3.109595439947172579e+00 3.043207483466729091e+00 2.977510961683484059e+00 2.912979824882487190e+00 2.850080474032739897e+00 2.789268258250028776e+00 2.730984053768823916e+00 2.675650950374719006e+00 2.623671070436154551e+00 2.575422544670269875e+00 2.531256667590316312e+00 2.491495254220071676e+00 2.456428218134657726e+00 2.426311389208416269e+00 2.401364587632157210e+00 2.381769968817573524e+00 2.367670651751119681e+00 2.359169641208477497e+00 2.356329052010432523e+00 2.359169641208477497e+00 2.367670651751119681e+00 2.381769968817573524e+00 2.401364587632157210e+00 2.426311389208416269e+00 2.456428218134657726e+00 2.491495254220071676e+00 2.531256667590316312e+00 2.575422544670269875e+00 2.623671070436154551e+00 2.675650950374719006e+00 2.730984053768823916e+00 2.789268258250028776e+00 2.850080474032739897e+00 2.912979824882487190e+00 2.977510961683484059e+00 3.043207483466729091e+00 3.109595439947172579e+00 3.176196889003119583e+00 3.242533482117614607e+00 3.308130050593453664e+00 3.372518165351888086e+00 3.435239643330413539e+00 3.495849973905453378e+00 3.553921639378190278e+00 3.609047304371613141e+00 3.660842849987938408e+00 3.708950229760029860e+00 3.753040125789712800e+00 3.792814384989110277e+00
3.775020367439929192e+00 3.807944490014306904e+00 3.836047705435479571e+00 3.859158221185854387e+00 3.877142525871873691e+00 3.889906324665819870e+00 3.897395175899421194e+00 3.899594824118719050e+00 3.896531227220123128e+00 3.888270277616044712e+00 3.874917219706883742e+00 3.856615768247069642e+00 3.833546934468444523e+00 3.805927569047417247e+00 3.774008633155998549e+00 3.738073210904618637e+00 3.698434278450982493e+00 3.655432246898875359e+00 3.609432297830045488e+00 3.560821531887734093e+00 3.510005952250198291e+00 3.457407306085968912e+00 3.403459808159848166e+00 3.348606771651885694e+00 3.293297171953665892e+00 3.237982169712138258e+00 3.183111619696918027e+00 3.129130592170167091e+00 3.076475933338182589e+00 3.025572891161268263e+00 2.976831832295777414e+00 2.930645075243244246e+00 2.887383863891415103e+00 2.847395504557834300e+00 2.811000688396298131e+00 2.778491019609722112e+00 2.750126768340518613e+00 2.726134865393264661e+00 2.706707154097630852e+00 2.691998912656030196e+00 2.682127658255313296e+00 2.677172242070867458e+00 2.677172242070867458e+00 2.682127658255313296e+00 2.691998912656030196e+00 2.706707154097630852e+00 2.726134865393264661e+00 2.750126768340518613e+00 2.778491019609722112e+00 2.811000688396298131e+00 2.847395504557834300e+00 2.887383863891415103e+00 2.930645075243244246e+00 2.976831832295777414e+00 3.025572891161268263e+00 3.076475933338182589e+00 3.129130592170167091e+00 3.183111619696918027e+00 3.237982169712138258e+00 3.293297171953665892e+00 3.348606771651885694e+00 3.403459808159848166e+00 3.457407306085968912e+00 3.510005952250198291e+00 3.560821531887734093e+00 3.609432297830045488e+00 3.655432246898875359e+00 3.698434278450982493e+00 3.738073210904618637e+00 3.774008633155998549e+00 3.805927569047417247e+00 3.833546934468444523e+00 3.856615768247069642e+00 3.874917219706883742e+00 3.888270277616044712e+00 3.896531227220123128e+00 3.899594824118719050e+00 3.897395175899421194e+00 3.889906324665819870e+00 3.877142525871873691e+00 3.859158221185854387e+00 3.836047705435479571e+00 3.807944490014306904e+00 3.775020367439929192e+00 3.737484184029758350e+00 3.695580329882496073e+00 3.649586957506317120e+00 3.599813942501443265e+00 3.546600601669863462e+00 3.490313185773223470e+00 3.431342165877470762e+00 3.370099333796388041e+00 3.307014738564090006e+00 3.242533482117614607e+00 3.177112398445803620e+00 3.111216641351286061e+00 3.045316206671911274e+00 2.979882415310960653e+00 2.915384383728249151e+00 2.852285508644294421e+00 2.791039992606445086e+00 2.732089436759965739e+00 2.675859526660874010e+00 2.622756836264661384e+00 2.573165774331273248e+00 2.527445696408599840e+00 2.485928204302540578e+00 2.448914653520826601e+00 2.416673887601232362e+00 2.389440216514296278e+00 2.367411654479596006e+00 2.350748430566744762e+00 2.339571783382845993e+00 2.333963048992641287e+00 2.333963048992641287e+00 2.339571783382845993e+00 2.350748430566744762e+00 2.367411654479596006e+00 2.389440216514296278e+00 2.416673887601232362e+00 2.448914653520826601e+00 2.485928204302540578e+00 2.527445696408599840e+00 2.573165774331273248e+00 2.622756836264661384e+00 2.675859526660874010e+00 2.732089436759965739e+00 2.791039992606445086e+00 2.852285508644294421e+00 2.915384383728249151e+00 2.979882415310960653e+00 3.045316206671911274e+00 3.111216641351286061e+00 3.177112398445803620e+00 3.242533482117614607e+00 3.307014738564090006e+00 3.370099333796388041e+00 3.431342165877470762e+00 3.490313185773223470e+00 3.546600601669863462e+00 3.599813942501443265e+00 3.649586957506317120e+00 3.695580329882496073e+00 3.737484184029758350e+00
3.718690486672006301e+00 3.753938167029156947e+00 3.784560691452115933e+00 3.810369916046834504e+00 3.831214675967162808e+00 3.846981849717660662e+00 3.857597133427092206e+00 3.863025519364955418e+00 3.863271475224720586e+00 3.858378822975272460e+00 3.848430318368452507e+00 3.833546934468444523e+00 3.813886854820756067e+00 3.789644184087366252e+00 3.761047386123623326e+00 3.728357461545256601e+00 3.691865878814599267e+00 3.651892274748837597e+00 3.608781942105466545e+00 3.562903123517786153e+00 3.514644132524076259e+00 3.464410323746603293e+00 3.412620935421094348e+00 3.359705828444900177e+00 3.306102146895449234e+00 3.252250925563916706e+00 3.198593670447516413e+00 3.145568938344849741e+00 3.093608941700356940e+00 3.043136204646478049e+00 2.994560295796926841e+00 2.948274662754590825e+00 2.904653592517550731e+00 2.864049321002465565e+00 2.826789313763375500e+00 2.793173738674703532e+00 2.763473149879685398e+00 2.737926400690905648e+00 2.716738801380392587e+00 2.700080535925996283e+00 2.688085349803031932e+00 2.680849518840249690e+00 2.678431107012988033e+00 2.680849518840249690e+00 2.688085349803031932e+00 2.700080535925996283e+00 2.716738801380392587e+00 2.737926400690905648e+00 2.763473149879685398e+00 2.793173738674703532e+00 2.826789313763375500e+00 2.864049321002465565e+00 2.904653592517550731e+00 2.948274662754590825e+00 2.994560295796926841e+00 3.043136204646478049e+00 3.093608941700356940e+00 3.145568938344849741e+00 3.198593670447516413e+00 3.252250925563916706e+00 3.306102146895449234e+00 3.359705828444900177e+00 3.412620935421094348e+00 3.464410323746603293e+00 3.514644132524076259e+00 3.562903123517786153e+00 3.608781942105466545e+00 3.651892274748837597e+00 3.691865878814599267e+00 3.728357461545256601e+00 3.761047386123623326e+00 3.789644184087366252e+00 3.813886854820756067e+00 3.833546934468444523e+00 3.848430318368452507e+00 3.858378822975272460e+00 3.863271475224720586e+00 3.863025519364955418e+00 3.857597133427092206e+00 3.846981849717660662e+00 3.831214675967162808e+00 3.810369916046834504e+00 3.784560691452115933e+00 3.753938167029156947e+00 3.718690486672006301e+00 3.679041426926531688e+00 3.635248778585211227e+00 3.587602468428642055e+00 3.536422435249168661e+00 3.482056276164246622e+00 3.424876680977867682e+00 3.365278673964228418e+00 3.303676683916523249e+00 3.240501464614085947e+00 3.176196889003119583e+00 3.111216641351286061e+00 3.046020832417033475e+00 2.981072563264862918e+00 2.916834463753234186e+00 2.853765231919425105e+00 2.792316200484008970e+00 2.732927956496474575e+00 2.676027039744703462e+00 2.622022744957289930e+00 2.571304052043647648e+00 2.524236707648600753e+00 2.481160480152754921e+00 2.442386608936364834e+00 2.408195467252519428e+00 2.378834456436458300e+00 2.354516147424003503e+00 2.335416683676862615e+00 2.321674457630048316e+00 2.313389070702099648e+00 2.310620584757790752e+00 2.313389070702099648e+00 2.321674457630048316e+00 2.335416683676862615e+00 2.354516147424003503e+00 2.378834456436458300e+00 2.408195467252519428e+00 2.442386608936364834e+00 2.481160480152754921e+00 2.524236707648600753e+00 2.571304052043647648e+00 2.622022744957289930e+00 2.676027039744703462e+00 2.732927956496474575e+00 2.792316200484008970e+00 2.853765231919425105e+00 2.916834463753234186e+00 2.981072563264862918e+00 3.046020832417033475e+00 3.111216641351286061e+00 3.176196889003119583e+00 3.240501464614085947e+00 3.303676683916523249e+00 3.365278673964228418e+00 3.424876680977867682e+00 3.482056276164246622e+00 3.536422435249168661e+00 3.587602468428642055e+00 3.635248778585211227e+00 3.679041426926531688e+00
3.659447279118924978e+00 3.696787966808312120e+00 3.729712068190889962e+00 3.758016495650223998e+00 3.781533734068595720e+00 3.800133024540356619e+00 3.813721267733841902e+00 3.822243640201396619e+00 3.825683919122648380e+00 3.824064513185569059e+00 3.817446199546539631e+00 3.805927569047417247e+00 3.789644184087366252e+00 3.768767455733309291e+00 3.743503248788443205e+00 3.714090225607100226e+00 3.680797941430835163e+00 3.643924705909382222e+00 3.603795227247273303e+00 3.560758057068380111e+00 3.515182855604221945e+00 3.467457498175965380e+00 3.417985045144128264e+00 3.367180598535169267e+00 3.315468069412272012e+00 3.263276880732436158e+00 3.211038630918089609e+00 3.159183743665447519e+00 3.108138129611162981e+00 3.058319885383113945e+00 3.010136055270790312e+00 2.963979480268259525e+00 2.920225758571415753e+00 2.879230340756735895e+00 2.841325781837035880e+00 2.806819171189172124e+00 2.775989759987937955e+00 2.749086804270276740e+00 2.726327640105675965e+00 2.707896005574836007e+00 2.693940622373007798e+00 2.684574047870968982e+00 2.679871806400786483e+00 2.679871806400786483e+00 2.684574047870968982e+00 2.693940622373007798e+00 2.707896005574836007e+00 2.726327640105675965e+00 2.749086804270276740e+00 2.775989759987937955e+00 2.806819171189172124e+00 2.841325781837035880e+00 2.879230340756735895e+00 2.920225758571415753e+00 2.963979480268259525e+00 3.010136055270790312e+00 3.058319885383113945e+00 3.108138129611162981e+00 3.159183743665447519e+00 3.211038630918089609e+00 3.263276880732436158e+00 3.315468069412272012e+00 3.367180598535169267e+00 3.417985045144128264e+00 3.467457498175965380e+00 3.515182855604221945e+00 3.560758057068380111e+00 3.603795227247273303e+00 3.643924705909382222e+00 3.680797941430835163e+00 3.714090225607100226e+00 3.743503248788443205e+00 3.768767455733309291e+00 3.789644184087366252e+00 3.805927569047417247e+00 3.817446199546539631e+00 3.824064513185569059e+00 3.825683919122648380e+00 3.822243640201396619e+00 3.813721267733841902e+00 3.800133024540356619e+00 3.781533734068595720e+00 3.758016495650223998e+00 3.729712068190889962e+00 3.696787966808312120e+00 3.659447279118924978e+00 3.617927210008262673e+00 3.572497365788219970e+00 3.523457790629532571e+00 3.471136770045334163e+00 3.415888417977024805e+00 3.358090065683299930e+00 3.298139472144808959e+00 3.236451877058572180e+00 3.173456918698053908e+00 3.109595439947172579e+00 3.045316206671911274e+00 2.981072563264862918e+00 2.917319050681049131e+00 2.854508012573851783e+00 2.793086215235780490e+00 2.733491506949337957e+00 2.676149542059010233e+00 2.621470594588924286e+00 2.569846485555348448e+00 2.521647647264378289e+00 2.477220346849124510e+00 2.436884090095604360e+00 2.400929225241311027e+00 2.369614764915529026e+00 2.343166442737499633e+00 2.321775019309881838e+00 2.305594850454310674e+00 2.294742728547507049e+00 2.289297005745457358e+00 2.289297005745457358e+00 2.294742728547507049e+00 2.305594850454310674e+00 2.321775019309881838e+00 2.343166442737499633e+00 2.369614764915529026e+00 2.400929225241311027e+00 2.436884090095604360e+00 2.477220346849124510e+00 2.521647647264378289e+00 2.569846485555348448e+00 2.621470594588924286e+00 2.676149542059010233e+00 2.733491506949337957e+00 2.793086215235780490e+00 2.854508012573851783e+00 2.917319050681049131e+00 2.981072563264862918e+00 3.045316206671911274e+00 3.109595439947172579e+00 3.173456918698053908e+00 3.236451877058572180e+00 3.298139472144808959e+00 3.358090065683299930e+00 3.415888417977024805e+00 3.471136770045334163e+00 3.523457790629532571e+00 3.572497365788219970e+00 3.617927210008262673e+00
3.597741621362191111e+00 3.636932525225112567e+00 3.671926717835805487e+00 3.702507666401066544e+00 3.728492909669244071e+00 3.749735350863070860e+00 3.766124280728169627e+00 3.777586123094844428e+00 3.784084897463588337e+00 3.785622395279133467e+00 3.782238068737222125e+00 3.774008633155998549e+00 3.761047386123623326e+00 3.743503248788443205e+00 3.721559536771648968e+00 3.695432470238737110e+00 3.665369434649425884e+00 3.631647005601141842e+00 3.594568752974060200e+00 3.554462841262636896e+00 3.511679444526594640e+00 3.466587995801685196e+00 3.419574292066799526e+00 3.371037476959125812e+00 3.321386924355179904e+00 3.271039046685359608e+00 3.220414052417497786e+00 3.169932677526623888e+00 3.120012915960575839e+00 3.071066774113060394e+00 3.023497074127041273e+00 2.977694330473539708e+00 2.934033723686777506e+00 2.892872194390582408e+00 2.854545679828633720e+00 2.819366514019561176e+00 2.787621011405441163e+00 2.759567252458407172e+00 2.735433088165559301e+00 2.715414378638956183e+00 2.699673479307919788e+00 2.688337986258785062e+00 2.681499750307056562e+00 2.679214167333743735e+00 2.681499750307056562e+00 2.688337986258785062e+00 2.699673479307919788e+00 2.715414378638956183e+00 2.735433088165559301e+00 2.759567252458407172e+00 2.787621011405441163e+00 2.819366514019561176e+00 2.854545679828633720e+00 2.892872194390582408e+00 2.934033723686777506e+00 2.977694330473539708e+00 3.023497074127041273e+00 3.071066774113060394e+00 3.120012915960575839e+00 3.169932677526623888e+00 3.220414052417497786e+00 3.271039046685359608e+00 3.321386924355179904e+00 3.371037476959125812e+00 3.419574292066799526e+00 3.466587995801685196e+00 3.511679444526594640e+00 3.554462841262636896e+00 3.594568752974060200e+00 3.631647005601141842e+00 3.665369434649425884e+00 3.695432470238737110e+00 3.721559536771648968e+00 3.743503248788443205e+00 3.761047386123623326e+00 3.774008633155998549e+00 3.782238068737222125e+00 3.785622395279133467e+00 3.784084897463588337e+00 3.777586123094844428e+00 3.766124280728169627e+00 3.749735350863070860e+00 3.728492909669244071e+00 3.702507666401066544e+00 3.671926717835805487e+00 3.636932525225112567e+00 3.597741621362191111e+00 3.554603057422485168e+00 3.507796601217898935e+00 3.457630700398627965e+00 3.404440225927951147e+00 3.348584012830368550e+00 3.290442216759471794e+00 3.230413506337065144e+00 3.168912112468661224e+00 3.106364756933038151e+00 3.043207483466729091e+00 2.979882415310960653e+00 2.916834463753234186e+00 2.854508012573851783e+00 2.793343603496601713e+00 2.733774647740827124e+00 2.676224188579531926e+00 2.621101739426092703e+00 2.568800221403850781e+00 2.519693023602286086e+00 2.474131208296680651e+00 2.432440882311857955e+00 2.394920754453357503e+00 2.361839897520676690e+00 2.333435731867649743e+00 2.309912245796617025e+00 2.291438466278251429e+00 2.278147191591651133e+00 2.270133995493825108e+00 2.267456510469204378e+00 2.270133995493825108e+00 2.278147191591651133e+00 2.291438466278251429e+00 2.309912245796617025e+00 2.333435731867649743e+00 2.361839897520676690e+00 2.394920754453357503e+00 2.432440882311857955e+00 2.474131208296680651e+00 2.519693023602286086e+00 2.568800221403850781e+00 2.621101739426092703e+00 2.676224188579531926e+00 2.733774647740827124e+00 2.793343603496601713e+00 2.854508012573851783e+00 2.916834463753234186e+00 2.979882415310960653e+00 3.043207483466729091e+00 3.106364756933038151e+00 3.168912112468661224e+00 3.230413506337065144e+00 3.290442216759471794e+00 3.348584012830368550e+00 3.404440225927951147e+00 3.457630700398627965e+00 3.507796601217898935e+00 3.554603057422485168e+00
3.534043130716229886e+00 3.574830970276694941e+00 3.611651687439012104e+00 3.644276882750748570e+00 3.672510643644253392e+00 3.696190935732019511e+00 3.715190735399256372e+00 3.729418895265444789e+00 3.738820736120933130e+00 3.743378361027287493e+00 3.743110689385128698e+00 3.738073210904618637e+00 3.728357461545256601e+00 3.714090225607100226e+00 3.695432470238737110e+00 3.672578020662503828e+00 3.645751986389151877e+00 3.615208950587148973e+00 3.581230936572098233e+00 3.544125167075193872e+00 3.504221633523656454e+00 3.461870494008613353e+00 3.417439319915909213e+00 3.371310212343043400e+00 3.323876810411988014e+00 3.275541214405739421e+00 3.226710847299609330e+00 3.177795278721843530e+00 3.129203035658505883e+00 3.081338424312548785e+00 3.034598387436023614e+00 2.989369421177959563e+00 2.946024575030975257e+00 2.904920557820314553e+00 2.866394971864965058e+00 2.830763696457776479e+00 2.798318440667638018e+00 2.769324484170550438e+00 2.744018623377633137e+00 2.722607338557755607e+00 2.705265195962592628e+00 2.692133497165180689e+00 2.683319185933437989e+00 2.678894020991744451e+00 2.678894020991744451e+00 2.683319185933437989e+00 2.692133497165180689e+00 2.705265195962592628e+00 2.722607338557755607e+00 2.744018623377633137e+00 2.769324484170550438e+00 2.798318440667638018e+00 2.830763696457776479e+00 2.866394971864965058e+00 2.904920557820314553e+00 2.946024575030975257e+00 2.989369421177959563e+00 3.034598387436023614e+00 3.081338424312548785e+00 3.129203035658505883e+00 3.177795278721843530e+00 3.226710847299609330e+00 3.275541214405739421e+00 3.323876810411988014e+00 3.371310212343043400e+00 3.417439319915909213e+00 3.461870494008613353e+00 3.504221633523656454e+00 3.544125167075193872e+00 3.581230936572098233e+00 3.615208950587148973e+00 3.645751986389151877e+00 3.672578020662503828e+00 3.695432470238737110e+00 3.714090225607100226e+00 3.728357461545256601e+00 3.738073210904618637e+00 3.743110689385128698e+00 3.743378361027287493e+00 3.738820736120933130e+00 3.729418895265444789e+00 3.715190735399256372e+00 3.696190935732019511e+00 3.672510643644253392e+00 3.644276882750748570e+00 3.611651687439012104e+00 3.574830970276694941e+00 3.534043130716229886e+00 3.489547415495467320e+00 3.441632043024835053e+00 3.390612105850168589e+00 3.336827266971994277e+00 3.280639267374073409e+00 3.222429263554205559e+00 3.162595015147795063e+00 3.101547943879751301e+00 3.039710086063825312e+00 2.977510961683484059e+00 2.915384383728249151e+00 2.853765231919425105e+00 2.793086215235780490e+00 2.733774647740827124e+00 2.676249262118239880e+00 2.620917085041389871e+00 2.568170398038918112e+00 2.518383806874500142e+00 2.471911441640132434e+00 2.429084308774687173e+00 2.390207815070709785e+00 2.355559482431100360e+00 2.325386870693336050e+00 2.299905724263320295e+00 2.279298356605616860e+00 2.263712284834752619e+00 2.253259124757099663e+00 2.248013754738959591e+00 2.248013754738959591e+00 2.253259124757099663e+00 2.263712284834752619e+00 2.279298356605616860e+00 2.299905724263320295e+00 2.325386870693336050e+00 2.355559482431100360e+00 2.390207815070709785e+00 2.429084308774687173e+00 2.471911441640132434e+00 2.518383806874500142e+00 2.568170398038918112e+00 2.620917085041389871e+00 2.676249262118239880e+00 2.733774647740827124e+00 2.793086215235780490e+00 2.853765231919425105e+00 2.915384383728249151e+00 2.977510961683484059e+00 3.039710086063825312e+00 3.101547943879751301e+00 3.162595015147795063e+00 3.222429263554205559e+00 3.280639267374073409e+00 3.336827266971994277e+00 3.390612105850168589e+00 3.441632043024835053e+00 3.489547415495467320e+00
3.468836591157056670e+00 3.510959421005239722e+00 3.549352772792237598e+00 3.583778027410170708e+00 3.614027395551046240e+00 3.639925395921484341e+00 3.661330086570777187e+00 3.678134040159455775e+00 3.690265055945867179e+00 3.697686603273106609e+00 3.700397993382898321e+00 3.698434278450982493e+00 3.691865878814599267e+00 3.680797941430835163e+00 3.665369434649425884e+00 3.645751986389151877e+00 3.622148474758370984e+00 3.594791382042344718e+00 3.563940924778595587e+00 3.529882974343127255e+00 3.492926784061476386e+00 3.453402540327811465e+00 3.411658756550885130e+00 3.368059529937758700e+00 3.322981682165727424e+00 3.276811805871816308e+00 3.229943239600865379e+00 3.182772994392443877e+00 3.135698655549127523e+00 3.089115283311625770e+00 3.043412336168347831e+00 2.998970640348190830e+00 2.956159428687129331e+00 2.915333471524181430e+00 2.876830321574718852e+00 2.840967693854204779e+00 2.808041000689973199e+00 2.778321060670563725e+00 2.752051999050303177e+00 2.729449355661637711e+00 2.710698414800131406e+00 2.695952769849310204e+00 2.685333133617484602e+00 2.678926403480054841e+00 2.676784988472894256e+00 2.678926403480054841e+00 2.685333133617484602e+00 2.695952769849310204e+00 2.710698414800131406e+00 2.729449355661637711e+00 2.752051999050303177e+00 2.778321060670563725e+00 2.808041000689973199e+00 2.840967693854204779e+00 2.876830321574718852e+00 2.915333471524181430e+00 2.956159428687129331e+00 2.998970640348190830e+00 3.043412336168347831e+00 3.089115283311625770e+00 3.135698655549127523e+00 3.182772994392443877e+00 3.229943239600865379e+00 3.276811805871816308e+00 3.322981682165727424e+00 3.368059529937758700e+00 3.411658756550885130e+00 3.453402540327811465e+00 3.492926784061476386e+00 3.529882974343127255e+00 3.563940924778595587e+00 3.594791382042344718e+00 3.622148474758370984e+00 3.645751986389151877e+00 3.665369434649425884e+00 3.680797941430835163e+00 3.691865878814599267e+00 3.698434278450982493e+00 3.700397993382898321e+00 3.697686603273106609e+00 3.690265055945867179e+00 3.678134040159455775e+00 3.661330086570777187e+00 3.639925395921484341e+00 3.614027395551046240e+00 3.583778027410170708e+00 3.549352772792237598e+00 3.510959421005239722e+00 3.468836591157056670e+00 3.423252018107736827e+00 3.374500615439606221e+00 3.322902329995665038e+00 3.268799804126066633e+00 3.212555863249308974e+00 3.154550847667938029e+00 3.095179808767980489e+00 3.034849590767839889e+00 2.973975820058149200e+00 2.912979824882487190e+00 2.852285508644294421e+00 2.792316200484008970e+00 2.733491506949337957e+00 2.676224188579531926e+00 2.620917085041389871e+00 2.567960112092030567e+00 2.517727353103730081e+00 2.470574267173782257e+00 2.426835034962419257e+00 2.386820062361302064e+00 2.350813660901748481e+00 2.319071922474736258e+00 2.291820804464059780e+00 2.269254439800926892e+00 2.251533684744925434e+00 2.238784915395544584e+00 2.231099082054087024e+00 2.228531028602075192e+00 2.231099082054087024e+00 2.238784915395544584e+00 2.251533684744925434e+00 2.269254439800926892e+00 2.291820804464059780e+00 2.319071922474736258e+00 2.350813660901748481e+00 2.386820062361302064e+00 2.426835034962419257e+00 2.470574267173782257e+00 2.517727353103730081e+00 2.567960112092030567e+00 2.620917085041389871e+00 2.676224188579531926e+00 2.733491506949337957e+00 2.792316200484008970e+00 2.852285508644294421e+00 2.912979824882487190e+00 2.973975820058149200e+00 3.034849590767839889e+00 3.095179808767980489e+00 3.154550847667938029e+00 3.212555863249308974e+00 3.268799804126066633e+00 3.322902329995665038e+00 3.374500615439606221e+00 3.423252018107736827e+00
3.402618263823501632e+00 3.445807357303609653e+00 3.485510959988233903e+00 3.521481936638707566e+00 3.553502264053569615e+00 3.581384584256994685e+00 3.604973523167247507e+00 3.624146764913434016e+00 3.638815873830271386e+00 3.648926858082301994e+00 3.654460470836335961e+00 3.655432246898875359e+00 3.651892274748837597e+00 3.643924705909382222e+00 3.631647005601141842e+00 3.615208950587148973e+00 3.594791382042344718e+00 3.570604723143272263e+00 3.542887272861902304e+00 3.511903289148310403e+00 3.477940876286800265e+00 3.441309692697153810e+00 3.402338496815507707e+00 3.361372549917698294e+00 3.318770895832168666e+00 3.274903538421869431e+00 3.230148538487471743e+00 3.184889052352085415e+00 3.139510334825848847e+00 3.094396729513759770e+00 3.049928669520199254e+00 3.006479711517845654e+00 2.964413625887905912e+00 2.924081565204749378e+00 2.885819332734410381e+00 2.849944771847679803e+00 2.816755296320470947e+00 2.786525580413924619e+00 2.759505426402492745e+00 2.735917825859415231e+00 2.715957229525908456e+00 2.699788038994251682e+00 2.687543331738121655e+00 2.679323829238694277e+00 2.675197116096025951e+00 2.675197116096025951e+00 2.679323829238694277e+00 2.687543331738121655e+00 2.699788038994251682e+00 2.715957229525908456e+00 2.735917825859415231e+00 2.759505426402492745e+00 2.786525580413924619e+00 2.816755296320470947e+00 2.849944771847679803e+00 2.885819332734410381e+00 2.924081565204749378e+00 2.964413625887905912e+00 3.006479711517845654e+00 3.049928669520199254e+00 3.094396729513759770e+00 3.139510334825848847e+00 3.184889052352085415e+00 3.230148538487471743e+00 3.274903538421869431e+00 3.318770895832168666e+00 3.361372549917698294e+00 3.402338496815507707e+00 3.441309692697153810e+00 3.477940876286800265e+00 3.511903289148310403e+00 3.542887272861902304e+00 3.570604723143272263e+00 3.594791382042344718e+00 3.615208950587148973e+00 3.631647005601141842e+00 3.643924705909382222e+00 3.651892274748837597e+00 3.655432246898875359e+00 3.654460470836335961e+00 3.648926858082301994e+00 3.638815873830271386e+00 3.624146764913434016e+00 3.604973523167247507e+00 3.581384584256994685e+00 3.553502264053569615e+00 3.521481936638707566e+00 3.485510959988233903e+00 3.445807357303609653e+00 3.402618263823501632e+00 3.356218150734140426e+00 3.306906839496107864e+00 3.255007321503305295e+00 3.200863399474609405e+00 3.144837168339138511e+00 3.087306354601678127e+00 3.028661534256185117e+00 2.969303250244422099e+00 2.909639051226289297e+00 2.850080474032739897e+00 2.791039992606445086e+00 2.732927956496474575e+00 2.676149542059010233e+00 2.621101739426092703e+00 2.568170398038918112e+00 2.517727353103730081e+00 2.470127654719756816e+00 2.425706920654864263e+00 2.384778832811341509e+00 2.347632796338708694e+00 2.314531779120711175e+00 2.285710347999319492e+00 2.261372916609725614e+00 2.241692218098500167e+00 2.226808014294340055e+00 2.216826051110121210e+00 2.211817268089984800e+00 2.211817268089984800e+00 2.216826051110121210e+00 2.226808014294340055e+00 2.241692218098500167e+00 2.261372916609725614e+00 2.285710347999319492e+00 2.314531779120711175e+00 2.347632796338708694e+00 2.384778832811341509e+00 2.425706920654864263e+00 2.470127654719756816e+00 2.517727353103730081e+00 2.568170398038918112e+00 2.621101739426092703e+00 2.676149542059010233e+00 2.732927956496474575e+00 2.791039992606445086e+00 2.850080474032739897e+00 2.909639051226289297e+00 2.969303250244422099e+00 3.028661534256185117e+00 3.087306354601678127e+00 3.144837168339138511e+00 3.200863399474609405e+00 3.255007321503305295e+00 3.306906839496107864e+00 3.356218150734140426e+00
3.335892110170293190e+00 3.379873888245989111e+00 3.420618751779709310e+00 3.457872797092438777e+00 3.491409466243348358e+00 3.521031162830992045e+00 3.546570646104232338e+00 3.567892192981656496e+00 3.584892519346746909e+00 3.597501453819690109e+00 3.605682359091728184e+00 3.609432297830045488e+00 3.608781942105466545e+00 3.603795227247273303e+00 3.594568752974060200e+00 3.581230936572098233e+00 3.563940924778595587e+00 3.542887272861902304e+00 3.518286401160540589e+00 3.490380841034171677e+00 3.459437283779431382e+00 3.425744447559996075e+00 3.389610778781614542e+00 3.351362005598881311e+00 3.311338562361539228e+00 3.269892904785656640e+00 3.227386736461632655e+00 3.184188167980357420e+00 3.140668830465989547e+00 3.097200965644776094e+00 3.054154514751549865e+00 3.011894228577768118e+00 2.970776820797166096e+00 2.931148186368487174e+00 2.893340706312079735e+00 2.857670659492097531e+00 2.824435761213742069e+00 2.793912847471720529e+00 2.766355722569302511e+00 2.741993186575476305e+00 2.721027257710380898e+00 2.703631603256850813e+00 2.689950190999939039e+00 2.680096171508910441e+00 2.674150999810129381e+00 2.672163803168170038e+00 2.674150999810129381e+00 2.680096171508910441e+00 2.689950190999939039e+00 2.703631603256850813e+00 2.721027257710380898e+00 2.741993186575476305e+00 2.766355722569302511e+00 2.793912847471720529e+00 2.824435761213742069e+00 2.857670659492097531e+00 2.893340706312079735e+00 2.931148186368487174e+00 2.970776820797166096e+00 3.011894228577768118e+00 3.054154514751549865e+00 3.097200965644776094e+00 3.140668830465989547e+00 3.184188167980357420e+00 3.227386736461632655e+00 3.269892904785656640e+00 3.311338562361539228e+00 3.351362005598881311e+00 3.389610778781614542e+00 3.425744447559996075e+00 3.459437283779431382e+00 3.490380841034171677e+00 3.518286401160540589e+00 3.542887272861902304e+00 3.563940924778595587e+00 3.581230936572098233e+00 3.594568752974060200e+00 3.603795227247273303e+00 3.608781942105466545e+00 3.609432297830045488e+00 3.605682359091728184e+00 3.597501453819690109e+00 3.584892519346746909e+00 3.567892192981656496e+00 3.546570646104232338e+00 3.521031162830992045e+00 3.491409466243348358e+00 3.457872797092438777e+00 3.420618751779709310e+00 3.379873888245989111e+00 3.335892110170293190e+00 3.288952841569103835e+00 3.239359005484943932e+00 3.187434821947254360e+00 3.133523441767605444e+00 3.077984433984664037e+00 3.021191145892445196e+00 2.963527955559838389e+00 2.905387437572585885e+00 2.847167463394761899e+00 2.789268258250028776e+00 2.732089436759965739e+00 2.676027039744703462e+00 2.621470594588924286e+00 2.568800221403850781e+00 2.518383806874500142e+00 2.470574267173782257e+00 2.425706920654864263e+00 2.384096990205661903e+00 2.346037254170627584e+00 2.311795863622629899e+00 2.281614342510223548e+00 2.255705785822448739e+00 2.234253269415120702e+00 2.217408483540598940e+00 2.205290600429625325e+00 2.197985384501631945e+00 2.195544551942687495e+00 2.197985384501631945e+00 2.205290600429625325e+00 2.217408483540598940e+00 2.234253269415120702e+00 2.255705785822448739e+00 2.281614342510223548e+00 2.311795863622629899e+00 2.346037254170627584e+00 2.384096990205661903e+00 2.425706920654864263e+00 2.470574267173782257e+00 2.518383806874500142e+00 2.568800221403850781e+00 2.621470594588924286e+00 2.676027039744703462e+00 2.732089436759965739e+00 2.789268258250028776e+00 2.847167463394761899e+00 2.905387437572585885e+00 2.963527955559838389e+00 3.021191145892445196e+00 3.077984433984664037e+00 3.133523441767605444e+00 3.187434821947254360e+00 3.239359005484943932e+00 3.288952841569103835e+00
3.269165956517084748e+00 3.313663947356070949e+00 3.355176406719206472e+00 3.393444441691500391e+00 3.428234702702603443e+00 3.459341049254801348e+00 3.486586007162754353e+00 3.509822006427027574e+00 3.528932390535160835e+00 3.543832189725490522e+00 3.554468652546855623e+00 3.560821531887734093e+00 3.562903123517786153e+00 3.560758057068380111e+00 3.554462841262636896e+00 3.544125167075193872e+00 3.529882974343127255e+00 3.511903289148310403e+00 3.490380841034171677e+00 3.465536470793135759e+00 3.437615341152219006e+00 3.406884964181242648e+00 3.373633060639481318e+00 3.338165267751778131e+00 3.300802713054418192e+00 3.261879472965778515e+00 3.221739935609040373e+00 3.180736088137679829e+00 3.139224749383335844e+00 3.097564769055741962e+00 3.056114214972718290e+00 3.015227569882597436e+00 2.975252959361573080e+00 2.936529432024738373e+00 2.899384312883949821e+00 2.864130650121216259e+00 2.831064774827407149e+00 2.800463992388099399e+00 2.772584423188102942e+00 2.747659009161143473e+00 2.725895701440251173e+00 2.707475842977155267e+00 2.692552758506058463e+00 2.681250562639981183e+00 2.673663195218345834e+00 2.669853691285620556e+00 2.669853691285620556e+00 2.673663195218345834e+00 2.681250562639981183e+00 2.692552758506058463e+00 2.707475842977155267e+00 2.725895701440251173e+00 2.747659009161143473e+00 2.772584423188102942e+00 2.800463992388099399e+00 2.831064774827407149e+00 2.864130650121216259e+00 2.899384312883949821e+00 2.936529432024738373e+00 2.975252959361573080e+00 3.015227569882597436e+00 3.056114214972718290e+00 3.097564769055741962e+00 3.139224749383335844e+00 3.180736088137679829e+00 3.221739935609040373e+00 3.261879472965778515e+00 3.300802713054418192e+00 3.338165267751778131e+00 3.373633060639481318e+00 3.406884964181242648e+00 3.437615341152219006e+00 3.465536470793135759e+00 3.490380841034171677e+00 3.511903289148310403e+00 3.529882974343127255e+00 3.544125167075193872e+00 3.554462841262636896e+00 3.560758057068380111e+00 3.562903123517786153e+00 3.560821531887734093e+00 3.554468652546855623e+00 3.543832189725490522e+00 3.528932390535160835e+00 3.509822006427027574e+00 3.486586007162754353e+00 3.459341049254801348e+00 3.428234702702603443e+00 3.393444441691500391e+00 3.355176406719206472e+00 3.313663947356070949e+00 3.269165956517084748e+00 3.221965008713112866e+00 3.172365316243643374e+00 3.120690518682463388e+00 3.067281322280269507e+00 3.012493007054661831e+00 2.956692820349597906e+00 2.900257276515363802e+00 2.843569383079973978e+00 2.787015814347979514e+00 2.730984053768823916e+00 2.675859526660874010e+00 2.622022744957289930e+00 2.569846485555348448e+00 2.519693023602286086e+00 2.471911441640132434e+00 2.426835034962419257e+00 2.384778832811341509e+00 2.346037254170627584e+00 2.310881915893348459e+00 2.279559609753198046e+00 2.252290463730919345e+00 2.229266301454376542e+00 2.210649212211775794e+00 2.196570342364172923e+00 2.187128917307729292e+00 2.182391501391001132e+00 2.182391501391001132e+00 2.187128917307729292e+00 2.196570342364172923e+00 2.210649212211775794e+00 2.229266301454376542e+00 2.252290463730919345e+00 2.279559609753198046e+00 2.310881915893348459e+00 2.346037254170627584e+00 2.384778832811341509e+00 2.426835034962419257e+00 2.471911441640132434e+00 2.519693023602286086e+00 2.569846485555348448e+00 2.622022744957289930e+00 2.675859526660874010e+00 2.730984053768823916e+00 2.787015814347979514e+00 2.843569383079973978e+00 2.900257276515363802e+00 2.956692820349597906e+00 3.012493007054661831e+00 3.067281322280269507e+00 3.120690518682463388e+00 3.172365316243643374e+00 3.221965008713112866e+00
3.202947629183530154e+00 3.247684443780846308e+00 3.289688119726370541e+00 3.328696572733739867e+00 3.364471436022719697e+00 3.396799763055120991e+00 3.425495535264174496e+00 3.450400963517576525e+00 3.471387573626750989e+00 3.488357067860596405e+00 3.501241956128307908e+00 3.510005952250198291e+00 3.514644132524076259e+00 3.515182855604221945e+00 3.511679444526594640e+00 3.504221633523656454e+00 3.492926784061476386e+00 3.477940876286800265e+00 3.459437283779431382e+00 3.437615341152219006e+00 3.412698715615103850e+00 3.384933595108551518e+00 3.354586707004508117e+00 3.321943182658649629e+00 3.287304284266803212e+00 3.250985011521848378e+00 3.213311606477258664e+00 3.174618975792979914e+00 3.135248050162450451e+00 3.095543101191754687e+00 3.055849036319384648e+00 3.016508692525677660e+00 2.977860149583230420e+00 2.940234083443723723e+00 2.903951180043620628e+00 2.869319629343633604e+00 2.836632718798210551e+00 2.806166544686372166e+00 2.778177858829714353e+00 2.752902067184406221e+00 2.730551395629268630e+00 2.711313236990539721e+00 2.695348691955457010e+00 2.682791315041805902e+00 2.673746075220615026e+00 2.668288539145941218e+00 2.666464283241937405e+00 2.668288539145941218e+00 2.673746075220615026e+00 2.682791315041805902e+00 2.695348691955457010e+00 2.711313236990539721e+00 2.730551395629268630e+00 2.752902067184406221e+00 2.778177858829714353e+00 2.806166544686372166e+00 2.836632718798210551e+00 2.869319629343633604e+00 2.903951180043620628e+00 2.940234083443723723e+00 2.977860149583230420e+00 3.016508692525677660e+00 3.055849036319384648e+00 3.095543101191754687e+00 3.135248050162450451e+00 3.174618975792979914e+00 3.213311606477258664e+00 3.250985011521848378e+00 3.287304284266803212e+00 3.321943182658649629e+00 3.354586707004508117e+00 3.384933595108551518e+00 3.412698715615103850e+00 3.437615341152219006e+00 3.459437283779431382e+00 3.477940876286800265e+00 3.492926784061476386e+00 3.504221633523656454e+00 3.511679444526594640e+00 3.515182855604221945e+00 3.514644132524076259e+00 3.510005952250198291e+00 3.501241956128307908e+00 3.488357067860596405e+00 3.471387573626750989e+00 3.450400963517576525e+00 3.425495535264174496e+00 3.396799763055120991e+00 3.364471436022719697e+00 3.328696572733739867e+00 3.289688119726370541e+00 3.247684443780846308e+00 3.202947629183530154e+00 3.155761592731272547e+00 3.106430030613335003e+00 3.055274212591394534e+00 3.002630640064465339e+00 2.948848585645957865e+00 2.894287532786782524e+00 2.839314534744328711e+00 2.784301512816621749e+00 2.729622514229082864e+00 2.675650950374719006e+00 2.622756836264661384e+00 2.571304052043647648e+00 2.521647647264378289e+00 2.474131208296680651e+00 2.429084308774687173e+00 2.386820062361302064e+00 2.347632796338708694e+00 2.311795863622629899e+00 2.279559609753198046e+00 2.251149510244682794e+00 2.226764492388828121e+00 2.206575454211919141e+00 2.190723991794541803e+00 2.179321344586702569e+00 2.172447566701408928e+00 2.170150930459590732e+00 2.172447566701408928e+00 2.179321344586702569e+00 2.190723991794541803e+00 2.206575454211919141e+00 2.226764492388828121e+00 2.251149510244682794e+00 2.279559609753198046e+00 2.311795863622629899e+00 2.347632796338708694e+00 2.386820062361302064e+00 2.429084308774687173e+00 2.474131208296680651e+00 2.521647647264378289e+00 2.571304052043647648e+00 2.622756836264661384e+00 2.675650950374719006e+00 2.729622514229082864e+00 2.784301512816621749e+00 2.839314534744328711e+00 2.894287532786782524e+00 2.948848585645957865e+00 3.002630640064465339e+00 3.055274212591394534e+00 3.106430030613335003e+00 3.155761592731272547e+00
3.137741089624356494e+00 3.182440398673323401e+00 3.224658173173916342e+00 3.264130941034347533e+00 3.300617111148365534e+00 3.333898700081310285e+00 3.363782877416456873e+00 3.390103318216993955e+00 3.412721352529628049e+00 3.431526903402855044e+00 3.446439206504404940e+00 3.457407306085968912e+00 3.464410323746603293e+00 3.467457498175965380e+00 3.466587995801685196e+00 3.461870494008613353e+00 3.453402540327811465e+00 3.441309692697153810e+00 3.425744447559996075e+00 3.406884964181242648e+00 3.384933595108551518e+00 3.360115234179112065e+00 3.332675494857799237e+00 3.302878732980184306e+00 3.271005929154103598e+00 3.237352447137170852e+00 3.202225685446750347e+00 3.165942640266385499e+00 3.128827398382187042e+00 3.091208579409434609e+00 3.053416746949331628e+00 3.015781808545769938e+00 2.978630424390452891e+00 2.942283444650853230e+00 2.907053395070342106e+00 2.873242030114637302e+00 2.841137972416710511e+00 2.811014456607266343e+00 2.783127194815018246e+00 2.757712380186323031e+00 2.734984843714451497e+00 2.715136378492939428e+00 2.698334244224033895e+00 2.684719863432036835e+00 2.674407719362851932e+00 2.667484464006479428e+00 2.664008243070331794e+00 2.664008243070331794e+00 2.667484464006479428e+00 2.674407719362851932e+00 2.684719863432036835e+00 2.698334244224033895e+00 2.715136378492939428e+00 2.734984843714451497e+00 2.757712380186323031e+00 2.783127194815018246e+00 2.811014456607266343e+00 2.841137972416710511e+00 2.873242030114637302e+00 2.907053395070342106e+00 2.942283444650853230e+00 2.978630424390452891e+00 3.015781808545769938e+00 3.053416746949331628e+00 3.091208579409434609e+00 3.128827398382187042e+00 3.165942640266385499e+00 3.202225685446750347e+00 3.237352447137170852e+00 3.271005929154103598e+00 3.302878732980184306e+00 3.332675494857799237e+00 3.360115234179112065e+00 3.384933595108551518e+00 3.406884964181242648e+00 3.425744447559996075e+00 3.441309692697153810e+00 3.453402540327811465e+00 3.461870494008613353e+00 3.466587995801685196e+00 3.467457498175965380e+00 3.464410323746603293e+00 3.457407306085968912e+00 3.446439206504404940e+00 3.431526903402855044e+00 3.412721352529628049e+00 3.390103318216993955e+00 3.363782877416456873e+00 3.333898700081310285e+00 3.300617111148365534e+00 3.264130941034347533e+00 3.224658173173916342e+00 3.182440398673323401e+00 3.137741089624356494e+00 3.090843704006596138e+00 3.042049636391240597e+00 2.991676029837332607e+00 2.940053465431993640e+00 2.887523546862214463e+00 2.834436398209785768e+00 2.781148093826861345e+00 2.728018039672406303e+00 2.675406325865387291e+00 2.623671070436154551e+00 2.573165774331273248e+00 2.524236707648600753e+00 2.477220346849124510e+00 2.432440882311857955e+00 2.390207815070709785e+00 2.350813660901748481e+00 2.314531779120711175e+00 2.281614342510223548e+00 2.252290463730919345e+00 2.226764492388828121e+00 2.205214495641786510e+00 2.187790933840174201e+00 2.174615541222445270e+00 2.165780420134951090e+00 2.161347355630182765e+00 2.161347355630182765e+00 2.165780420134951090e+00 2.174615541222445270e+00 2.187790933840174201e+00 2.205214495641786510e+00 2.226764492388828121e+00 2.252290463730919345e+00 2.281614342510223548e+00 2.314531779120711175e+00 2.350813660901748481e+00 2.390207815070709785e+00 2.432440882311857955e+00 2.477220346849124510e+00 2.524236707648600753e+00 2.573165774331273248e+00 2.623671070436154551e+00 2.675406325865387291e+00 2.728018039672406303e+00 2.781148093826861345e+00 2.834436398209785768e+00 2.887523546862214463e+00 2.940053465431993640e+00 2.991676029837332607e+00 3.042049636391240597e+00 3.090843704006596138e+00
3.074042598978394381e+00 3.118431096199527630e+00 3.160587087807156692e+00 3.200247510204411228e+00 3.237169346358667710e+00 3.271131363335506137e+00 3.301935682249737436e+00 3.329409168901793947e+00 3.353404634735481782e+00 3.373801839199176200e+00 3.390508286106233893e+00 3.403459808159848166e+00 3.412620935421094348e+00 3.417985045144128264e+00 3.419574292066799526e+00 3.417439319915909213e+00 3.411658756550885130e+00 3.402338496815507707e+00 3.389610778781614542e+00 3.373633060639481318e+00 3.354586707004508117e+00 3.332675494857799237e+00 3.308123950707885452e+00 3.281175531841938664e+00 3.252090665717565887e+00 3.221144662621743038e+00 3.188625517683266519e+00 3.154831619162294043e+00 3.120069380648418100e+00 3.084650815372066646e+00 3.048891071268613917e+00 3.013105945726721302e+00 2.977609399100413778e+00 2.942711086066721382e+00 2.908713923767496823e+00 2.875911715386498368e+00 2.844586847382961636e+00 2.815008078034173522e+00 2.787428434236197461e+00 2.762083232679386935e+00 2.739188240559868870e+00 2.718937989917209919e+00 2.701504258510057266e+00 2.687034728864721611e+00 2.675651835766142295e+00 2.667451811016886776e+00 2.662503932778772953e+00 2.660849985244831739e+00 2.662503932778772953e+00 2.667451811016886776e+00 2.675651835766142295e+00 2.687034728864721611e+00 2.701504258510057266e+00 2.718937989917209919e+00 2.739188240559868870e+00 2.762083232679386935e+00 2.787428434236197461e+00 2.815008078034173522e+00 2.844586847382961636e+00 2.875911715386498368e+00 2.908713923767496823e+00 2.942711086066721382e+00 2.977609399100413778e+00 3.013105945726721302e+00 3.048891071268613917e+00 3.084650815372066646e+00 3.120069380648418100e+00 3.154831619162294043e+00 3.188625517683266519e+00 3.221144662621743038e+00 3.252090665717565887e+00 3.281175531841938664e+00 3.308123950707885452e+00 3.332675494857799237e+00 3.354586707004508117e+00 3.373633060639481318e+00 3.389610778781614542e+00 3.402338496815507707e+00 3.411658756550885130e+00 3.417439319915909213e+00 3.419574292066799526e+00 3.417985045144128264e+00 3.412620935421094348e+00 3.403459808159848166e+00 3.390508286106233893e+00 3.373801839199176200e+00 3.353404634735481782e+00 3.329409168901793947e+00 3.301935682249737436e+00 3.271131363335506137e+00 3.237169346358667710e+00 3.200247510204411228e+00 3.160587087807156692e+00 3.118431096199527630e+00 3.074042598978394381e+00 3.027702814198558912e+00 2.979709081884781341e+00 2.930372706425534712e+00 2.880016690068650576e+00 2.828973374572816724e+00 2.777582008773224143e+00 2.726186260389233951e+00 2.675131690832343256e+00 2.624763212060767348e+00 2.575422544670269875e+00 2.527445696408599840e+00 2.481160480152754921e+00 2.436884090095604360e+00 2.394920754453357503e+00 2.355559482431100360e+00 2.319071922474736258e+00 2.285710347999319492e+00 2.255705785822448739e+00 2.229266301454376542e+00 2.206575454211919141e+00 2.187790933840174201e+00 2.173043388954175370e+00 2.162435456162407288e+00 2.156040997216496446e+00 2.153904549958073122e+00 2.156040997216496446e+00 2.162435456162407288e+00 2.173043388954175370e+00 2.187790933840174201e+00 2.206575454211919141e+00 2.229266301454376542e+00 2.255705785822448739e+00 2.285710347999319492e+00 2.319071922474736258e+00 2.355559482431100360e+00 2.394920754453357503e+00 2.436884090095604360e+00 2.481160480152754921e+00 2.527445696408599840e+00 2.575422544670269875e+00 2.624763212060767348e+00 2.675131690832343256e+00 2.726186260389233951e+00 2.777582008773224143e+00 2.828973374572816724e+00 2.880016690068650576e+00 2.930372706425534712e+00 2.979709081884781341e+00 3.027702814198558912e+00
3.012336941221662290e+00 3.056146278473368838e+00 3.097967802812156890e+00 3.137540635293112334e+00 3.174622123918400263e+00 3.208989578967132328e+00 3.240441854493591567e+00 3.268800764173285689e+00 3.293912320940336258e+00 3.315647791203478523e+00 3.333904555841563422e+00 3.348606771651885694e+00 3.359705828444900177e+00 3.367180598535169267e+00 3.371037476959125812e+00 3.371310212343043400e+00 3.368059529937758700e+00 3.361372549917698294e+00 3.351362005598881311e+00 3.338165267751778131e+00 3.321943182658649629e+00 3.302878732980184306e+00 3.281175531841938664e+00 3.257056161817160511e+00 3.230760371659409547e+00 3.202543144716959223e+00 3.172672653933055642e+00 3.141428119194552782e+00 3.109097583529327746e+00 3.075975625264989688e+00 3.042361023742829573e+00 3.008554396528162034e+00 2.974855826268544501e+00 2.941562495423185819e+00 2.908966347019800391e+00 2.877351789389435144e+00 2.846993462487396709e+00 2.818154082931544568e+00 2.791082384281852402e+00 2.766011168351707905e+00 2.743155482487626529e+00 2.722710936786395308e+00 2.704852174144463550e+00 2.689731504861943900e+00 2.677477716261703833e+00 2.668195066442518026e+00 2.661962469874047610e+00 2.658832881071664822e+00 2.658832881071664822e+00 2.661962469874047610e+00 2.668195066442518026e+00 2.677477716261703833e+00 2.689731504861943900e+00 2.704852174144463550e+00 2.722710936786395308e+00 2.743155482487626529e+00 2.766011168351707905e+00 2.791082384281852402e+00 2.818154082931544568e+00 2.846993462487396709e+00 2.877351789389435144e+00 2.908966347019800391e+00 2.941562495423185819e+00 2.974855826268544501e+00 3.008554396528162034e+00 3.042361023742829573e+00 3.075975625264989688e+00 3.109097583529327746e+00 3.141428119194552782e+00 3.172672653933055642e+00 3.202543144716959223e+00 3.230760371659409547e+00 3.257056161817160511e+00 3.281175531841938664e+00 3.302878732980184306e+00 3.321943182658649629e+00 3.338165267751778131e+00 3.351362005598881311e+00 3.361372549917698294e+00 3.368059529937758700e+00 3.371310212343043400e+00 3.371037476959125812e+00 3.367180598535169267e+00 3.359705828444900177e+00 3.348606771651885694e+00 3.333904555841563422e+00 3.315647791203478523e+00 3.293912320940336258e+00 3.268800764173285689e+00 3.240441854493591567e+00 3.208989578967132328e+00 3.174622123918400263e+00 3.137540635293112334e+00 3.097967802812156890e+00 3.056146278473368838e+00 3.012336941221662290e+00 2.966817020782320569e+00 2.919878094728229900e+00 2.871823973820972764e+00 2.822968491520830181e+00 2.773633214295304850e+00 2.724145089964050470e+00 2.674834051795661249e+00 2.626030596414734575e+00 2.578063353783602185e+00 2.531256667590316312e+00 2.485928204302540578e+00 2.442386608936364834e+00 2.400929225241311027e+00 2.361839897520676690e+00 2.325386870693336050e+00 2.291820804464059780e+00 2.261372916609725614e+00 2.234253269415120702e+00 2.210649212211775794e+00 2.190723991794541803e+00 2.174615541222445270e+00 2.162435456162407288e+00 2.154268166516750238e+00 2.150170309599078067e+00 2.150170309599078067e+00 2.154268166516750238e+00 2.162435456162407288e+00 2.174615541222445270e+00 2.190723991794541803e+00 2.210649212211775794e+00 2.234253269415120702e+00 2.261372916609725614e+00 2.291820804464059780e+00 2.325386870693336050e+00 2.361839897520676690e+00 2.400929225241311027e+00 2.442386608936364834e+00 2.485928204302540578e+00 2.531256667590316312e+00 2.578063353783602185e+00 2.626030596414734575e+00 2.674834051795661249e+00 2.724145089964050470e+00 2.773633214295304850e+00 2.822968491520830181e+00 2.871823973820972764e+00 2.919878094728229900e+00 2.966817020782320569e+00
2.953093733668580523e+00 2.996062413388139500e+00 3.037281914124828841e+00 3.076495284907487360e+00 3.113462009432893307e+00 3.147959726283909632e+00 3.179785808966776539e+00 3.208758793956209221e+00 3.234719646097174106e+00 3.257532851952980479e+00 3.277087333001389435e+00 3.293297171953665892e+00 3.306102146895449234e+00 3.315468069412272012e+00 3.321386924355179904e+00 3.323876810411988014e+00 3.322981682165727424e+00 3.318770895832168666e+00 3.311338562361539228e+00 3.300802713054418192e+00 3.287304284266803212e+00 3.271005929154103598e+00 3.252090665717565887e+00 3.230760371659409547e+00 3.207234137715454736e+00 3.181746492207269572e+00 3.154545510531692187e+00 3.125890824176702054e+00 3.096051544612251405e+00 3.065304118047165627e+00 3.033930127563619461e+00 3.002214059535088353e+00 2.970441051499100649e+00 2.938894638790449765e+00 2.907854517242926651e+00 2.877594339137953927e+00 2.848379559317787635e+00 2.820465347991264249e+00 2.794094586244294742e+00 2.769495959629430626e+00 2.746882164453719355e+00 2.726448240517513000e+00 2.708370043085427170e+00 2.692802865801791512e+00 2.679880225104736002e+00 2.669712815454424071e+00 2.662387643381274760e+00 2.657967346989325019e+00 2.656489706128595252e+00 2.657967346989325019e+00 2.662387643381274760e+00 2.669712815454424071e+00 2.679880225104736002e+00 2.692802865801791512e+00 2.708370043085427170e+00 2.726448240517513000e+00 2.746882164453719355e+00 2.769495959629430626e+00 2.794094586244294742e+00 2.820465347991264249e+00 2.848379559317787635e+00 2.877594339137953927e+00 2.907854517242926651e+00 2.938894638790449765e+00 2.970441051499100649e+00 3.002214059535088353e+00 3.033930127563619461e+00 3.065304118047165627e+00 3.096051544612251405e+00 3.125890824176702054e+00 3.154545510531692187e+00 3.181746492207269572e+00 3.207234137715454736e+00 3.230760371659409547e+00 3.252090665717565887e+00 3.271005929154103598e+00 3.287304284266803212e+00 3.300802713054418192e+00 3.311338562361539228e+00 3.318770895832168666e+00 3.322981682165727424e+00 3.323876810411988014e+00 3.321386924355179904e+00 3.315468069412272012e+00 3.306102146895449234e+00 3.293297171953665892e+00 3.277087333001389435e+00 3.257532851952980479e+00 3.234719646097174106e+00 3.208758793956209221e+00 3.179785808966776539e+00 3.147959726283909632e+00 3.113462009432893307e+00 3.076495284907487360e+00 3.037281914124828841e+00 2.996062413388139500e+00 2.953093733668580523e+00 2.908647413088291334e+00 2.863007615959650476e+00 2.816469073103844423e+00 2.769334938928128320e+00 2.721914581380054710e+00 2.674521321413552588e+00 2.627470138992031856e+00 2.581075362914861948e+00 2.535648361883346524e+00 2.491495254220071676e+00 2.448914653520826601e+00 2.408195467252519428e+00 2.369614764915529026e+00 2.333435731867649743e+00 2.299905724263320295e+00 2.269254439800926892e+00 2.241692218098500167e+00 2.217408483540598940e+00 2.196570342364172923e+00 2.179321344586702569e+00 2.165780420134951090e+00 2.156040997216496446e+00 2.150170309599078067e+00 2.148208898034847714e+00 2.150170309599078067e+00 2.156040997216496446e+00 2.165780420134951090e+00 2.179321344586702569e+00 2.196570342364172923e+00 2.217408483540598940e+00 2.241692218098500167e+00 2.269254439800926892e+00 2.299905724263320295e+00 2.333435731867649743e+00 2.369614764915529026e+00 2.408195467252519428e+00 2.448914653520826601e+00 2.491495254220071676e+00 2.535648361883346524e+00 2.581075362914861948e+00 2.627470138992031856e+00 2.674521321413552588e+00 2.721914581380054710e+00 2.769334938928128320e+00 2.816469073103844423e+00 2.863007615959650476e+00 2.908647413088291334e+00
2.896763852900656300e+00 2.938639063758097247e+00 2.978995999629013625e+00 3.017583335591291771e+00 3.054164428719882807e+00 3.088519010522508434e+00 3.120444752651252873e+00 3.149758694184685126e+00 3.176298519832317258e+00 3.199923679550910283e+00 3.220516341271967065e+00 3.237982169712138258e+00 3.252250925563916706e+00 3.263276880732436158e+00 3.271039046685359608e+00 3.275541214405739421e+00 3.276811805871816308e+00 3.274903538421869431e+00 3.269892904785656640e+00 3.261879472965778515e+00 3.250985011521848378e+00 3.237352447137170852e+00 3.221144662621743038e+00 3.202543144716959223e+00 3.181746492207269572e+00 3.158968795903682292e+00 3.134437903034996697e+00 3.108393579458100131e+00 3.081085583871449263e+00 3.052771668880450928e+00 3.023715524314624759e+00 2.994184678630032792e+00 2.964448374543232845e+00 2.934775435232594987e+00 2.905432137507670376e+00 2.876680108287169357e+00 2.848774260541134140e+00 2.821960784544879530e+00 2.796475209863232170e+00 2.772540552937050595e+00 2.750365564484035019e+00 2.730143090157422847e+00 2.712048557035332763e+00 2.696238597546737115e+00 2.682849821384787337e+00 2.671997744822567356e+00 2.663775885638814511e+00 2.658255030591133217e+00 2.655482681051274163e+00 2.655482681051274163e+00 2.658255030591133217e+00 2.663775885638814511e+00 2.671997744822567356e+00 2.682849821384787337e+00 2.696238597546737115e+00 2.712048557035332763e+00 2.730143090157422847e+00 2.750365564484035019e+00 2.772540552937050595e+00 2.796475209863232170e+00 2.821960784544879530e+00 2.848774260541134140e+00 2.876680108287169357e+00 2.905432137507670376e+00 2.934775435232594987e+00 2.964448374543232845e+00 2.994184678630032792e+00 3.023715524314624759e+00 3.052771668880450928e+00 3.081085583871449263e+00 3.108393579458100131e+00 3.134437903034996697e+00 3.158968795903682292e+00 3.181746492207269572e+00 3.202543144716959223e+00 3.221144662621743038e+00 3.237352447137170852e+00 3.250985011521848378e+00 3.261879472965778515e+00 3.269892904785656640e+00 3.274903538421869431e+00 3.276811805871816308e+00 3.275541214405739421e+00 3.271039046685359608e+00 3.263276880732436158e+00 3.252250925563916706e+00 3.237982169712138258e+00 3.220516341271967065e+00 3.199923679550910283e+00 3.176298519832317258e+00 3.149758694184685126e+00 3.120444752651252873e+00 3.088519010522508434e+00 3.054164428719882807e+00 3.017583335591291771e+00 2.978995999629013625e+00 2.938639063758097247e+00 2.896763852900656300e+00 2.853634567489879981e+00 2.809526376479921428e+00 2.764723424167577548e+00 2.719516765802732383e+00 2.674202247512038610e+00 2.629078346490008489e+00 2.584443987720288494e+00 2.540596353675081520e+00 2.497828703501010494e+00 2.456428218134657726e+00 2.416673887601232362e+00 2.378834456436458300e+00 2.343166442737499633e+00 2.309912245796617025e+00 2.279298356605616860e+00 2.251533684744925434e+00 2.226808014294340055e+00 2.205290600429625325e+00 2.187128917307729292e+00 2.172447566701408928e+00 2.161347355630182765e+00 2.153904549958073122e+00 2.150170309599078067e+00 2.150170309599078067e+00 2.153904549958073122e+00 2.161347355630182765e+00 2.172447566701408928e+00 2.187128917307729292e+00 2.205290600429625325e+00 2.226808014294340055e+00 2.251533684744925434e+00 2.279298356605616860e+00 2.309912245796617025e+00 2.343166442737499633e+00 2.378834456436458300e+00 2.416673887601232362e+00 2.456428218134657726e+00 2.497828703501010494e+00 2.540596353675081520e+00 2.584443987720288494e+00 2.629078346490008489e+00 2.674202247512038610e+00 2.719516765802732383e+00 2.764723424167577548e+00 2.809526376479921428e+00 2.853634567489879981e+00
2.843776003323446044e+00 2.884315385412006716e+00 2.923558059229151240e+00 2.961259966692983969e+00 2.997190030571738717e+00 3.031131806793966987e+00 3.062885023205573543e+00 3.092266993269398245e+00 3.119113894158540123e+00 3.143281899730076656e+00 3.164648159973221908e+00 3.183111619696918027e+00 3.198593670447516413e+00 3.211038630918089609e+00 3.220414052417497786e+00 3.226710847299609330e+00 3.229943239600865379e+00 3.230148538487471743e+00 3.227386736461632655e+00 3.221739935609040373e+00 3.213311606477258664e+00 3.202225685446750347e+00 3.188625517683266519e+00 3.172672653933055642e+00 3.154545510531692187e+00 3.134437903034996697e+00 3.112557464838553667e+00 3.089123963023503894e+00 3.064367524443886381e+00 3.038526785748990822e+00 3.011846981607853024e+00 2.984577985867581607e+00 2.956972320729565507e+00 2.929283149264517050e+00 2.901762266707625937e+00 2.874658105977252021e+00 2.848213772745241457e+00 2.822665125154356414e+00 2.798238912930809619e+00 2.775150990179735988e+00 2.753604615582399884e+00 2.733788853040186595e+00 2.715877085037278871e+00 2.700025650127097609e+00 2.686372614993852270e+00 2.675036690507106574e+00 2.666116300081978530e+00 2.659688807488946427e+00 2.655809910034145904e+00 2.654513201762728425e+00 2.655809910034145904e+00 2.659688807488946427e+00 2.666116300081978530e+00 2.675036690507106574e+00 2.686372614993852270e+00 2.700025650127097609e+00 2.715877085037278871e+00 2.733788853040186595e+00 2.753604615582399884e+00 2.775150990179735988e+00 2.798238912930809619e+00 2.822665125154356414e+00 2.848213772745241457e+00 2.874658105977252021e+00 2.901762266707625937e+00 2.929283149264517050e+00 2.956972320729565507e+00 2.984577985867581607e+00 3.011846981607853024e+00 3.038526785748990822e+00 3.064367524443886381e+00 3.089123963023503894e+00 3.112557464838553667e+00 3.134437903034996697e+00 3.154545510531692187e+00 3.172672653933055642e+00 3.188625517683266519e+00 3.202225685446750347e+00 3.213311606477258664e+00 3.221739935609040373e+00 3.227386736461632655e+00 3.230148538487471743e+00 3.229943239600865379e+00 3.226710847299609330e+00 3.220414052417497786e+00 3.211038630918089609e+00 3.198593670447516413e+00 3.183111619696918027e+00 3.164648159973221908e+00 3.143281899730076656e+00 3.119113894158540123e+00 3.092266993269398245e+00 3.062885023205573543e+00 3.031131806793966987e+00 2.997190030571738717e+00 2.961259966692983969e+00 2.923558059229151240e+00 2.884315385412006716e+00 2.843776003323446044e+00 2.802195198404811460e+00 2.759837641933024610e+00 2.716975475285669628e+00 2.673886334387316932e+00 2.630851329190246890e+00 2.588152993390922418e+00 2.546073219816478161e+00 2.504891197031121397e+00 2.464881362710088730e+00 2.426311389208416269e+00 2.389440216514296278e+00 2.354516147424003503e+00 2.321775019309881838e+00 2.291438466278251429e+00 2.263712284834752619e+00 2.238784915395544584e+00 2.216826051110121210e+00 2.197985384501631945e+00 2.182391501391001132e+00 2.170150930459590732e+00 2.161347355630182765e+00 2.156040997216496446e+00 2.154268166516750238e+00 2.156040997216496446e+00 2.161347355630182765e+00 2.170150930459590732e+00 2.182391501391001132e+00 2.197985384501631945e+00 2.216826051110121210e+00 2.238784915395544584e+00 2.263712284834752619e+00 2.291438466278251429e+00 2.321775019309881838e+00 2.354516147424003503e+00 2.389440216514296278e+00 2.426311389208416269e+00 2.464881362710088730e+00 2.504891197031121397e+00 2.546073219816478161e+00 2.588152993390922418e+00 2.630851329190246890e+00 2.673886334387316932e+00 2.716975475285669628e+00 2.759837641933024610e+00 2.802195198404811460e+00
2.794533454467168720e+00 2.833506780898560340e+00 2.871394096907911919e+00 2.907960183186471426e+00 2.942981163125773403e+00 2.976246103074830618e+00 3.007558511840246140e+00 3.036737728218589893e+00 3.063620186206456708e+00 3.088060548468057220e+00 3.109932699645987952e+00 3.129130592170167091e+00 3.145568938344849741e+00 3.159183743665447519e+00 3.169932677526623888e+00 3.177795278721843530e+00 3.182772994392443877e+00 3.184889052352085415e+00 3.184188167980357420e+00 3.180736088137679829e+00 3.174618975792979914e+00 3.165942640266385499e+00 3.154831619162294043e+00 3.141428119194552782e+00 3.125890824176702054e+00 3.108393579458100131e+00 3.089123963023503894e+00 3.068281754332360833e+00 3.046077312748052268e+00 3.022729878090716582e+00 2.998465806434940983e+00 2.973516754761049707e+00 2.948117828452245348e+00 2.922505705906556894e+00 2.896916754700276986e+00 2.871585153797257650e+00 2.846741036245306944e+00 2.822608666637794084e+00 2.799404667346408360e+00 2.777336307151980765e+00 2.756599865417380446e+00 2.737379084363240178e+00 2.719843721328284669e+00 2.704148212126359585e+00 2.690430455757896411e+00 2.678810729800915613e+00 2.669390744802941473e+00 2.662252844927998296e+00 2.657459360990372499e+00 2.655052120837539054e+00 2.655052120837539054e+00 2.657459360990372499e+00 2.662252844927998296e+00 2.669390744802941473e+00 2.678810729800915613e+00 2.690430455757896411e+00 2.704148212126359585e+00 2.719843721328284669e+00 2.737379084363240178e+00 2.756599865417380446e+00 2.777336307151980765e+00 2.799404667346408360e+00 2.822608666637794084e+00 2.846741036245306944e+00 2.871585153797257650e+00 2.896916754700276986e+00 2.922505705906556894e+00 2.948117828452245348e+00 2.973516754761049707e+00 2.998465806434940983e+00 3.022729878090716582e+00 3.046077312748052268e+00 3.068281754332360833e+00 3.089123963023503894e+00 3.108393579458100131e+00 3.125890824176702054e+00 3.141428119194552782e+00 3.154831619162294043e+00 3.165942640266385499e+00 3.174618975792979914e+00 3.180736088137679829e+00 3.184188167980357420e+00 3.184889052352085415e+00 3.182772994392443877e+00 3.177795278721843530e+00 3.169932677526623888e+00 3.159183743665447519e+00 3.145568938344849741e+00 3.129130592170167091e+00 3.109932699645987952e+00 3.088060548468057220e+00 3.063620186206456708e+00 3.036737728218589893e+00 3.007558511840246140e+00 2.976246103074830618e+00 2.942981163125773403e+00 2.907960183186471426e+00 2.871394096907911919e+00 2.833506780898560340e+00 2.794533454467168720e+00 2.754718990590241390e+00 2.714316150766240554e+00 2.673583757002850003e+00 2.632784814667525897e+00 2.592184600311197240e+00 2.552048728847669867e+00 2.512641214634783182e+00 2.474222541056465108e+00 2.437047753147181695e+00 2.401364587632157210e+00 2.367411654479596006e+00 2.335416683676862615e+00 2.305594850454310674e+00 2.278147191591651133e+00 2.253259124757099663e+00 2.231099082054087024e+00 2.211817268089984800e+00 2.195544551942687495e+00 2.182391501391001132e+00 2.172447566701408928e+00 2.165780420134951090e+00 2.162435456162407288e+00 2.162435456162407288e+00 2.165780420134951090e+00 2.172447566701408928e+00 2.182391501391001132e+00 2.195544551942687495e+00 2.211817268089984800e+00 2.231099082054087024e+00 2.253259124757099663e+00 2.278147191591651133e+00 2.305594850454310674e+00 2.335416683676862615e+00 2.367411654479596006e+00 2.401364587632157210e+00 2.437047753147181695e+00 2.474222541056465108e+00 2.512641214634783182e+00 2.552048728847669867e+00 2.592184600311197240e+00 2.632784814667525897e+00 2.673583757002850003e+00 2.714316150766240554e+00 2.754718990590241390e+00
2.749410971862086939e+00 2.786601734278703280e+00 2.822904870797339427e+00 2.858095492932761772e+00 2.891958490693451456e+00 2.924290069358442157e+00 2.954899197832441260e+00 2.983608957751771040e+00 3.010257783273011523e+00 3.034700582311879113e+00 3.056809730905301947e+00 3.076475933338182589e+00 3.093608941700356940e+00 3.108138129611162981e+00 3.120012915960575839e+00 3.129203035658505883e+00 3.135698655549127523e+00 3.139510334825848847e+00 3.140668830465989547e+00 3.139224749383335844e+00 3.135248050162450451e+00 3.128827398382187042e+00 3.120069380648418100e+00 3.109097583529327746e+00 3.096051544612251405e+00 3.081085583871449263e+00 3.064367524443886381e+00 3.046077312748052268e+00 3.026405548642992827e+00 3.005551937004889762e+00 2.983723672691896756e+00 2.961133771369774959e+00 2.937999359077421158e+00 2.914539933719651810e+00 2.890975611882133034e+00 2.867525374468590460e+00 2.844405324662770962e+00 2.821826971616697488e+00 2.799995553063797882e+00 2.779108409751639641e+00 2.759353424186845150e+00 2.740907535687318930e+00 2.723935343147911414e+00 2.708587806249678653e+00 2.695001055085058272e+00 2.683295317337397012e+00 2.673573971249672443e+00 2.665922731650834265e+00 2.660408975286408850e+00 2.657081210630481305e+00 2.655968696247267502e+00 2.657081210630481305e+00 2.660408975286408850e+00 2.665922731650834265e+00 2.673573971249672443e+00 2.683295317337397012e+00 2.695001055085058272e+00 2.708587806249678653e+00 2.723935343147911414e+00 2.740907535687318930e+00 2.759353424186845150e+00 2.779108409751639641e+00 2.799995553063797882e+00 2.821826971616697488e+00 2.844405324662770962e+00 2.867525374468590460e+00 2.890975611882133034e+00 2.914539933719651810e+00 2.937999359077421158e+00 2.961133771369774959e+00 2.983723672691896756e+00 3.005551937004889762e+00 3.026405548642992827e+00 3.046077312748052268e+00 3.064367524443886381e+00 3.081085583871449263e+00 3.096051544612251405e+00 3.109097583529327746e+00 3.120069380648418100e+00 3.128827398382187042e+00 3.135248050162450451e+00 3.139224749383335844e+00 3.140668830465989547e+00 3.139510334825848847e+00 3.135698655549127523e+00 3.129203035658505883e+00 3.120012915960575839e+00 3.108138129611162981e+00 3.093608941700356940e+00 3.076475933338182589e+00 3.056809730905301947e+00 3.034700582311879113e+00 3.010257783273011523e+00 2.983608957751771040e+00 2.954899197832441260e+00 2.924290069358442157e+00 2.891958490693451456e+00 2.858095492932761772e+00 2.822904870797339427e+00 2.786601734278703280e+00 2.749410971862086939e+00 2.711565636832671711e+00 2.673305268759833098e+00 2.634874162752779192e+00 2.596519599483877450e+00 2.558490049280389922e+00 2.521033363788733439e+00 2.484394968816444838e+00 2.448816071954745155e+00 2.414531898479143734e+00 2.381769968817573524e+00 2.350748430566744762e+00 2.321674457630048316e+00 2.294742728547507049e+00 2.270133995493825108e+00 2.248013754738959591e+00 2.228531028602075192e+00 2.211817268089984800e+00 2.197985384501631945e+00 2.187128917307729292e+00 2.179321344586702569e+00 2.174615541222445270e+00 2.173043388954175370e+00 2.174615541222445270e+00 2.179321344586702569e+00 2.187128917307729292e+00 2.197985384501631945e+00 2.211817268089984800e+00 2.228531028602075192e+00 2.248013754738959591e+00 2.270133995493825108e+00 2.294742728547507049e+00 2.321674457630048316e+00 2.350748430566744762e+00 2.381769968817573524e+00 2.414531898479143734e+00 2.448816071954745155e+00 2.484394968816444838e+00 2.521033363788733439e+00 2.558490049280389922e+00 2.596519599483877450e+00 2.634874162752779192e+00 2.673305268759833098e+00 2.711565636832671711e+00
2.708751964846523475e+00 2.743958851101137242e+00 2.778462836012228099e+00 2.812050763693594302e+00 2.844517776828183742e+00 2.875668779117926732e+00 2.905319821104598521e+00 2.933299399003184593e+00 2.959449656855374311e+00 2.983627483050282247e+00 3.005705493066858747e+00 3.025572891161268263e+00 3.043136204646478049e+00 3.058319885383113945e+00 3.071066774113060394e+00 3.081338424312548785e+00 3.089115283311625770e+00 3.094396729513759770e+00 3.097200965644776094e+00 3.097564769055741962e+00 3.095543101191754687e+00 3.091208579409434609e+00 3.084650815372066646e+00 3.075975625264989688e+00 3.065304118047165627e+00 3.052771668880450928e+00 3.038526785748990822e+00 3.022729878090716582e+00 3.005551937004889762e+00 2.987173137268543055e+00 2.967781371985266592e+00 2.947570731197693306e+00 2.926739936216357307e+00 2.905490741749167327e+00 2.884026318154935709e+00 2.862549626289646820e+00 2.841261797464021299e+00 2.820360530985409397e+00 2.800038521616211806e+00 2.780481929046136447e+00 2.761868901148362365e+00 2.744368162372650133e+00 2.728137678124796128e+00 2.713323405395385191e+00 2.700058139236072297e+00 2.688460463943716849e+00 2.678633817007120665e+00 2.670665673004171570e+00 2.664626853715430954e+00 2.660570969750561066e+00 2.658533997974058760e+00 2.658533997974058760e+00 2.660570969750561066e+00 2.664626853715430954e+00 2.670665673004171570e+00 2.678633817007120665e+00 2.688460463943716849e+00 2.700058139236072297e+00 2.713323405395385191e+00 2.728137678124796128e+00 2.744368162372650133e+00 2.761868901148362365e+00 2.780481929046136447e+00 2.800038521616211806e+00 2.820360530985409397e+00 2.841261797464021299e+00 2.862549626289646820e+00 2.884026318154935709e+00 2.905490741749167327e+00 2.926739936216357307e+00 2.947570731197693306e+00 2.967781371985266592e+00 2.987173137268543055e+00 3.005551937004889762e+00 3.022729878090716582e+00 3.038526785748990822e+00 3.052771668880450928e+00 3.065304118047165627e+00 3.075975625264989688e+00 3.084650815372066646e+00 3.091208579409434609e+00 3.095543101191754687e+00 3.097564769055741962e+00 3.097200965644776094e+00 3.094396729513759770e+00 3.089115283311625770e+00 3.081338424312548785e+00 3.071066774113060394e+00 3.058319885383113945e+00 3.043136204646478049e+00 3.025572891161268263e+00 3.005705493066858747e+00 2.983627483050282247e+00 2.959449656855374311e+00 2.933299399003184593e+00 2.905319821104598521e+00 2.875668779117926732e+00 2.844517776828183742e+00 2.812050763693594302e+00 2.778462836012228099e+00 2.743958851101137242e+00 2.708751964846523475e+00 2.673062103571111070e+00 2.637114381669574570e+00 2.601137476880790000e+00 2.565361975393527061e+00 2.530018699217638556e+00 2.495337028393816770e+00 2.461543230660753423e+00 2.428858811148406183e+00 2.397498894520685209e+00 2.367670651751119681e+00 2.339571783382845993e+00 2.313389070702099648e+00 2.289297005745457358e+00 2.267456510469204378e+00 2.248013754738959591e+00 2.231099082054087024e+00 2.216826051110121210e+00 2.205290600429625325e+00 2.196570342364172923e+00 2.190723991794541803e+00 2.187790933840174201e+00 2.187790933840174201e+00 2.190723991794541803e+00 2.196570342364172923e+00 2.205290600429625325e+00 2.216826051110121210e+00 2.231099082054087024e+00 2.248013754738959591e+00 2.267456510469204378e+00 2.289297005745457358e+00 2.313389070702099648e+00 2.339571783382845993e+00 2.367670651751119681e+00 2.397498894520685209e+00 2.428858811148406183e+00 2.461543230660753423e+00 2.495337028393816770e+00 2.530018699217638556e+00 2.565361975393527061e+00 2.601137476880790000e+00 2.637114381669574570e+00 2.673062103571111070e+00
2.672865873014446336e+00 2.705904126095111994e+00 2.738409303526269323e+00 2.770181283838306197e+00 2.801026858143815357e+00 2.830761108070433796e+00 2.859208718237406632e+00 2.886205213467762487e+00 2.911598111504869468e+00 2.935247982649039411e+00 2.957029408441666174e+00 2.976831832295777414e+00 2.994560295796926841e+00 3.010136055270790312e+00 3.023497074127041273e+00 3.034598387436023614e+00 3.043412336168347831e+00 3.049928669520199254e+00 3.054154514751549865e+00 3.056114214972718290e+00 3.055849036319384648e+00 3.053416746949331628e+00 3.048891071268613917e+00 3.042361023742829573e+00 3.033930127563619461e+00 3.023715524314624759e+00 3.011846981607853024e+00 2.998465806434940983e+00 2.983723672691896756e+00 2.967781371985266592e+00 2.950807497407449187e+00 2.932977070474498404e+00 2.914470121847508199e+00 2.895470236805237629e+00 2.876163076698457832e+00 2.856734887793491051e+00 2.837371009002327416e+00 2.818254389998825715e+00 2.799564131134842260e+00 2.781474056397311045e+00 2.764151330388745276e+00 2.747755129971190424e+00 2.732435380790073864e+00 2.718331568392841735e+00 2.705571633081580440e+00 2.694270956993420452e+00 2.684531451192294416e+00 2.676440749786053175e+00 2.670071517259813731e+00 2.665480874346122242e+00 2.662709946841582020e+00 2.661783540835056527e+00 2.662709946841582020e+00 2.665480874346122242e+00 2.670071517259813731e+00 2.676440749786053175e+00 2.684531451192294416e+00 2.694270956993420452e+00 2.705571633081580440e+00 2.718331568392841735e+00 2.732435380790073864e+00 2.747755129971190424e+00 2.764151330388745276e+00 2.781474056397311045e+00 2.799564131134842260e+00 2.818254389998825715e+00 2.837371009002327416e+00 2.856734887793491051e+00 2.876163076698457832e+00 2.895470236805237629e+00 2.914470121847508199e+00 2.932977070474498404e+00 2.950807497407449187e+00 2.967781371985266592e+00 2.983723672691896756e+00 2.998465806434940983e+00 3.011846981607853024e+00 3.023715524314624759e+00 3.033930127563619461e+00 3.042361023742829573e+00 3.048891071268613917e+00 3.053416746949331628e+00 3.055849036319384648e+00 3.056114214972718290e+00 3.054154514751549865e+00 3.049928669520199254e+00 3.043412336168347831e+00 3.034598387436023614e+00 3.023497074127041273e+00 3.010136055270790312e+00 2.994560295796926841e+00 2.976831832295777414e+00 2.957029408441666174e+00 2.935247982649039411e+00 2.911598111504869468e+00 2.886205213467762487e+00 2.859208718237406632e+00 2.830761108070433796e+00 2.801026858143815357e+00 2.770181283838306197e+00 2.738409303526269323e+00 2.705904126095111994e+00 2.672865873014446336e+00 2.639500145257850594e+00 2.606016545814503260e+00 2.572627168869208614e+00 2.539545066988422306e+00 2.506982707823048884e+00 2.475150431924667327e+00 2.444254923269685964e+00 2.414497703995881484e+00 2.386073664678332928e+00 2.359169641208477497e+00 2.333963048992641287e+00 2.310620584757790752e+00 2.289297005745457358e+00 2.270133995493825108e+00 2.253259124757099663e+00 2.238784915395544584e+00 2.226808014294340055e+00 2.217408483540598940e+00 2.210649212211775794e+00 2.206575454211919141e+00 2.205214495641786510e+00 2.206575454211919141e+00 2.210649212211775794e+00 2.217408483540598940e+00 2.226808014294340055e+00 2.238784915395544584e+00 2.253259124757099663e+00 2.270133995493825108e+00 2.289297005745457358e+00 2.310620584757790752e+00 2.333963048992641287e+00 2.359169641208477497e+00 2.386073664678332928e+00 2.414497703995881484e+00 2.444254923269685964e+00 2.475150431924667327e+00 2.506982707823048884e+00 2.539545066988422306e+00 2.572627168869208614e+00 2.606016545814503260e+00 2.639500145257850594e+00
2.642025811193314144e+00 2.672728459380893540e+00 2.703051836726011459e+00 2.732810049133188812e+00 2.761822831941906475e+00 2.789916833879868108e+00 2.816926846040370691e+00 2.842696966702490169e+00 2.867081693305193912e+00 2.889946933444748733e+00 2.911170927384576057e+00 2.930645075243244246e+00 2.948274662754590825e+00 2.963979480268259525e+00 2.977694330473539708e+00 2.989369421177959563e+00 2.998970640348190830e+00 3.006479711517845654e+00 3.011894228577768118e+00 3.015227569882597436e+00 3.016508692525677660e+00 3.015781808545769938e+00 3.013105945726721302e+00 3.008554396528162034e+00 3.002214059535088353e+00 2.994184678630032792e+00 2.984577985867581607e+00 2.973516754761049707e+00 2.961133771369774959e+00 2.947570731197693306e+00 2.932977070474498404e+00 2.917508740886062935e+00 2.901326937246562654e+00 2.884596787958178421e+00 2.867486018382230384e+00 2.850163597446466301e+00 2.832798377934953038e+00 2.815557740949241605e+00 2.798606254991371944e+00 2.782104360001559584e+00 2.766207086486680122e+00 2.751062819601652887e+00 2.736812117696490798e+00 2.723586594419856510e+00 2.711507872978672129e+00 2.700686620596414844e+00 2.691221670594436066e+00 2.683199238845687784e+00 2.676692240623845809e+00 2.671759713098387667e+00 2.668446347913772332e+00 2.666782137444556167e+00 2.666782137444556167e+00 2.668446347913772332e+00 2.671759713098387667e+00 2.676692240623845809e+00 2.683199238845687784e+00 2.691221670594436066e+00 2.700686620596414844e+00 2.711507872978672129e+00 2.723586594419856510e+00 2.736812117696490798e+00 2.751062819601652887e+00 2.766207086486680122e+00 2.782104360001559584e+00 2.798606254991371944e+00 2.815557740949241605e+00 2.832798377934953038e+00 2.850163597446466301e+00 2.867486018382230384e+00 2.884596787958178421e+00 2.901326937246562654e+00 2.917508740886062935e+00 2.932977070474498404e+00 2.947570731197693306e+00 2.961133771369774959e+00 2.973516754761049707e+00 2.984577985867581607e+00 2.994184678630032792e+00 3.002214059535088353e+00 3.008554396528162034e+00 3.013105945726721302e+00 3.015781808545769938e+00 3.016508692525677660e+00 3.015227569882597436e+00 3.011894228577768118e+00 3.006479711517845654e+00 2.998970640348190830e+00 2.989369421177959563e+00 2.977694330473539708e+00 2.963979480268259525e+00 2.948274662754590825e+00 2.930645075243244246e+00 2.911170927384576057e+00 2.889946933444748733e+00 2.867081693305193912e+00 2.842696966702490169e+00 2.816926846040370691e+00 2.789916833879868108e+00 2.761822831941906475e+00 2.732810049133188812e+00 2.703051836726011459e+00 2.672728459380893540e+00 2.642025811193314144e+00 2.611134086368768426e+00 2.580246414480465322e+00 2.549557470538661441e+00 2.519262070297736855e+00 2.489553761345205007e+00 2.460623420554901131e+00 2.432657868444458416e+00 2.405838510855011325e+00 2.380340018169899263e+00 2.356329052010432523e+00 2.333963048992641287e+00 2.313389070702099648e+00 2.294742728547507049e+00 2.278147191591651133e+00 2.263712284834752619e+00 2.251533684744925434e+00 2.241692218098500167e+00 2.234253269415120702e+00 2.229266301454376542e+00 2.226764492388828121e+00 2.226764492388828121e+00 2.229266301454376542e+00 2.234253269415120702e+00 2.241692218098500167e+00 2.251533684744925434e+00 2.263712284834752619e+00 2.278147191591651133e+00 2.294742728547507049e+00 2.313389070702099648e+00 2.333963048992641287e+00 2.356329052010432523e+00 2.380340018169899263e+00 2.405838510855011325e+00 2.432657868444458416e+00 2.460623420554901131e+00 2.489553761345205007e+00 2.519262070297736855e+00 2.549557470538661441e+00 2.580246414480465322e+00 2.611134086368768426e+00
2.616466490875322570e+00 2.644685440106345542e+00 2.672661905467597965e+00 2.700225296280117870e+00 2.727209479076216692e+00 2.753453958903175458e+00 2.778805015372287190e+00 2.803116784969861275e+00 2.826252281559876511e+00 2.848084347482199963e+00 2.868496528182040706e+00 2.887383863891415103e+00 2.904653592517550731e+00 2.920225758571415753e+00 2.934033723686777506e+00 2.946024575030975257e+00 2.956159428687129331e+00 2.964413625887905912e+00 2.970776820797166096e+00 2.975252959361573080e+00 2.977860149583230420e+00 2.978630424390452891e+00 2.977609399100413778e+00 2.974855826268544501e+00 2.970441051499100649e+00 2.964448374543232845e+00 2.956972320729565507e+00 2.948117828452245348e+00 2.937999359077421158e+00 2.926739936216357307e+00 2.914470121847508199e+00 2.901326937246562654e+00 2.887452737099494016e+00 2.872994045525361528e+00 2.858100363020856349e+00 2.842922953554758436e+00 2.827613621186243709e+00 2.812323485655102928e+00 2.797201766393878852e+00 2.782394584341715937e+00 2.768043790797911186e+00 2.754285832340708229e+00 2.741250660555700325e+00 2.729060694970089518e+00 2.717829847177004154e+00 2.707662613660974049e+00 2.698653244305322829e+00 2.690884992978546109e+00 2.684429455964322031e+00 2.679346003323315184e+00 2.675681307559635957e+00 2.673468973216228672e+00 2.672729270247087729e+00 2.673468973216228672e+00 2.675681307559635957e+00 2.679346003323315184e+00 2.684429455964322031e+00 2.690884992978546109e+00 2.698653244305322829e+00 2.707662613660974049e+00 2.717829847177004154e+00 2.729060694970089518e+00 2.741250660555700325e+00 2.754285832340708229e+00 2.768043790797911186e+00 2.782394584341715937e+00 2.797201766393878852e+00 2.812323485655102928e+00 2.827613621186243709e+00 2.842922953554758436e+00 2.858100363020856349e+00 2.872994045525361528e+00 2.887452737099494016e+00 2.901326937246562654e+00 2.914470121847508199e+00 2.926739936216357307e+00 2.937999359077421158e+00 2.948117828452245348e+00 2.956972320729565507e+00 2.964448374543232845e+00 2.970441051499100649e+00 2.974855826268544501e+00 2.977609399100413778e+00 2.978630424390452891e+00 2.977860149583230420e+00 2.975252959361573080e+00 2.970776820797166096e+00 2.964413625887905912e+00 2.956159428687129331e+00 2.946024575030975257e+00 2.934033723686777506e+00 2.920225758571415753e+00 2.904653592517550731e+00 2.887383863891415103e+00 2.868496528182040706e+00 2.848084347482199963e+00 2.826252281559876511e+00 2.803116784969861275e+00 2.778805015372287190e+00 2.753453958903175458e+00 2.727209479076216692e+00 2.700225296280117870e+00 2.672661905467597965e+00 2.644685440106345542e+00 2.616466490875322570e+00 2.588178887938775929e+00 2.559998455912158022e+00 2.532101750847133736e+00 2.504664788704967560e+00 2.477861774858017174e+00 2.451863844157044614e+00 2.426837821027837627e+00 2.402945008914481040e+00 2.380340018169899263e+00 2.359169641208477497e+00 2.339571783382845993e+00 2.321674457630048316e+00 2.305594850454310674e+00 2.291438466278251429e+00 2.279298356605616860e+00 2.269254439800926892e+00 2.261372916609725614e+00 2.255705785822448739e+00 2.252290463730919345e+00 2.251149510244682794e+00 2.252290463730919345e+00 2.255705785822448739e+00 2.261372916609725614e+00 2.269254439800926892e+00 2.279298356605616860e+00 2.291438466278251429e+00 2.305594850454310674e+00 2.321674457630048316e+00 2.339571783382845993e+00 2.359169641208477497e+00 2.380340018169899263e+00 2.402945008914481040e+00 2.426837821027837627e+00 2.451863844157044614e+00 2.477861774858017174e+00 2.504664788704967560e+00 2.532101750847133736e+00 2.559998455912158022e+00 2.588178887938775929e+00
2.596382433921232025e+00 2.621989414382112749e+00 2.647472815500246934e+00 2.672678301991444183e+00 2.697454941690095254e+00 2.721656276384695872e+00 2.745141356300242474e+00 2.767775730507054721e+00 2.789432385875066700e+00 2.809992627588067560e+00 2.829346894680586200e+00 2.847395504557834300e+00 2.864049321002465565e+00 2.879230340756735895e+00 2.892872194390582408e+00 2.904920557820314553e+00 2.915333471524181430e+00 2.924081565204749378e+00 2.931148186368487174e+00 2.936529432024738373e+00 2.940234083443723723e+00 2.942283444650853230e+00 2.942711086066721382e+00 2.941562495423185819e+00 2.938894638790449765e+00 2.934775435232594987e+00 2.929283149264517050e+00 2.922505705906556894e+00 2.914539933719651810e+00 2.905490741749167327e+00 2.895470236805237629e+00 2.884596787958178421e+00 2.872994045525361528e+00 2.860789922168246235e+00 2.848115544002212562e+00 2.835104179845412631e+00 2.821890156894300450e+00 2.808607771211549586e+00 2.795390201446158240e+00 2.782368434175195748e+00 2.769670209162254704e+00 2.757418992669995905e+00 2.745732986744222170e+00 2.734724182106662571e+00 2.724497461954949795e+00 2.715149763573975861e+00 2.706769304215701499e+00 2.699434877208181316e+00 2.693215223712715822e+00 2.688168484964835958e+00 2.684341739214713751e+00 2.681770626930329637e+00 2.680479067147226058e+00 2.680479067147226058e+00 2.681770626930329637e+00 2.684341739214713751e+00 2.688168484964835958e+00 2.693215223712715822e+00 2.699434877208181316e+00 2.706769304215701499e+00 2.715149763573975861e+00 2.724497461954949795e+00 2.734724182106662571e+00 2.745732986744222170e+00 2.757418992669995905e+00 2.769670209162254704e+00 2.782368434175195748e+00 2.795390201446158240e+00 2.808607771211549586e+00 2.821890156894300450e+00 2.835104179845412631e+00 2.848115544002212562e+00 2.860789922168246235e+00 2.872994045525361528e+00 2.884596787958178421e+00 2.895470236805237629e+00 2.905490741749167327e+00 2.914539933719651810e+00 2.922505705906556894e+00 2.929283149264517050e+00 2.934775435232594987e+00 2.938894638790449765e+00 2.941562495423185819e+00 2.942711086066721382e+00 2.942283444650853230e+00 2.940234083443723723e+00 2.936529432024738373e+00 2.931148186368487174e+00 2.924081565204749378e+00 2.915333471524181430e+00 2.904920557820314553e+00 2.892872194390582408e+00 2.879230340756735895e+00 2.864049321002465565e+00 2.847395504557834300e+00 2.829346894680586200e+00 2.809992627588067560e+00 2.789432385875066700e+00 2.767775730507054721e+00 2.745141356300242474e+00 2.721656276384695872e+00 2.697454941690095254e+00 2.672678301991444183e+00 2.647472815500246934e+00 2.621989414382112749e+00 2.596382433921232025e+00 2.570808513333249667e+00 2.545425476448480051e+00 2.520391200645575314e+00 2.495862482510331493e+00 2.471993908724772204e+00 2.448936740657479127e+00 2.426837821027837627e+00 2.405838510855011325e+00 2.386073664678332928e+00 2.367670651751119681e+00 2.350748430566744762e+00 2.335416683676862615e+00 2.321775019309881838e+00 2.309912245796617025e+00 2.299905724263320295e+00 2.291820804464059780e+00 2.285710347999319492e+00 2.281614342510223548e+00 2.279559609753198046e+00 2.279559609753198046e+00 2.281614342510223548e+00 2.285710347999319492e+00 2.291820804464059780e+00 2.299905724263320295e+00 2.309912245796617025e+00 2.321775019309881838e+00 2.335416683676862615e+00 2.350748430566744762e+00 2.367670651751119681e+00 2.386073664678332928e+00 2.405838510855011325e+00 2.426837821027837627e+00 2.448936740657479127e+00 2.471993908724772204e+00 2.495862482510331493e+00 2.520391200645575314e+00 2.545425476448480051e+00 2.570808513333249667e+00
2.581926492131547679e+00 2.604813852223597515e+00 2.627677929023384706e+00 2.650381464365371809e+00 2.672789673520198139e+00 2.694771198647215371e+00 2.716199033921490980e+00 2.736951415436514434e+00 2.756912669255866088e+00 2.775974011309376710e+00 2.794034293199235020e+00 2.811000688396298131e+00 2.826789313763375500e+00 2.841325781837035880e+00 2.854545679828633720e+00 2.866394971864965058e+00 2.876830321574718852e+00 2.885819332734410381e+00 2.893340706312079735e+00 2.899384312883949821e+00 2.903951180043620628e+00 2.907053395070342106e+00 2.908713923767496823e+00 2.908966347019800391e+00 2.907854517242926651e+00 2.905432137507670376e+00 2.901762266707625937e+00 2.896916754700276986e+00 2.890975611882133034e+00 2.884026318154935709e+00 2.876163076698457832e+00 2.867486018382230384e+00 2.858100363020856349e+00 2.848115544002212562e+00 2.837644303092642151e+00 2.826801762445918076e+00 2.815704481011718219e+00 2.804469502653281765e+00 2.793213403342026169e+00 2.782051344798583958e+00 2.771096141895257770e+00 2.760457351024349304e+00 2.750240386471454190e+00 2.740545671613482170e+00 2.731467831489894138e+00 2.723094932974315707e+00 2.715507778404793182e+00 2.708779258117361977e+00 2.702973766872435846e+00 2.698146688670245208e+00 2.694343953923967749e+00 2.691601672401332745e+00 2.689945844761529425e+00 2.689392154908788246e+00 2.689945844761529425e+00 2.691601672401332745e+00 2.694343953923967749e+00 2.698146688670245208e+00 2.702973766872435846e+00 2.708779258117361977e+00 2.715507778404793182e+00 2.723094932974315707e+00 2.731467831489894138e+00 2.740545671613482170e+00 2.750240386471454190e+00 2.760457351024349304e+00 2.771096141895257770e+00 2.782051344798583958e+00 2.793213403342026169e+00 2.804469502653281765e+00 2.815704481011718219e+00 2.826801762445918076e+00 2.837644303092642151e+00 2.848115544002212562e+00 2.858100363020856349e+00 2.867486018382230384e+00 2.876163076698457832e+00 2.884026318154935709e+00 2.890975611882133034e+00 2.896916754700276986e+00 2.901762266707625937e+00 2.905432137507670376e+00 2.907854517242926651e+00 2.908966347019800391e+00 2.908713923767496823e+00 2.907053395070342106e+00 2.903951180043620628e+00 2.899384312883949821e+00 2.893340706312079735e+00 2.885819332734410381e+00 2.876830321574718852e+00 2.866394971864965058e+00 2.854545679828633720e+00 2.841325781837035880e+00 2.826789313763375500e+00 2.811000688396298131e+00 2.794034293199235020e+00 2.775974011309376710e+00 2.756912669255866088e+00 2.736951415436514434e+00 2.716199033921490980e+00 2.694771198647215371e+00 2.672789673520198139e+00 2.650381464365371809e+00 2.627677929023384706e+00 2.604813852223597515e+00 2.581926492131547679e+00 2.559154605689560658e+00 2.536637460035050307e+00 2.514513837391868289e+00 2.492921040884692019e+00 2.471993908724772204e+00 2.451863844157044614e+00 2.432657868444458416e+00 2.414497703995881484e+00 2.397498894520685209e+00 2.381769968817573524e+00 2.367411654479596006e+00 2.354516147424003503e+00 2.343166442737499633e+00 2.333435731867649743e+00 2.325386870693336050e+00 2.319071922474736258e+00 2.314531779120711175e+00 2.311795863622629899e+00 2.310881915893348459e+00 2.311795863622629899e+00 2.314531779120711175e+00 2.319071922474736258e+00 2.325386870693336050e+00 2.333435731867649743e+00 2.343166442737499633e+00 2.354516147424003503e+00 2.367411654479596006e+00 2.381769968817573524e+00 2.397498894520685209e+00 2.414497703995881484e+00 2.432657868444458416e+00 2.451863844157044614e+00 2.471993908724772204e+00 2.492921040884692019e+00 2.514513837391868289e+00 2.536637460035050307e+00 2.559154605689560658e+00
2.573208683952025400e+00 2.593290025931604958e+00 2.613429189927435559e+00 2.633506681175609376e+00 2.653404678383060489e+00 2.673007863831313724e+00 2.692204232261170560e+00 2.710885872513147277e+00 2.728949716109628110e+00 2.746298247219940425e+00 2.762840168746821146e+00 2.778491019609722112e+00 2.793173738674703532e+00 2.806819171189172124e+00 2.819366514019561176e+00 2.830763696457776479e+00 2.840967693854204779e+00 2.849944771847679803e+00 2.857670659492097531e+00 2.864130650121216259e+00 2.869319629343633604e+00 2.873242030114637302e+00 2.875911715386498368e+00 2.877351789389435144e+00 2.877594339137953927e+00 2.876680108287169357e+00 2.874658105977252021e+00 2.871585153797257650e+00 2.867525374468590460e+00 2.862549626289646820e+00 2.856734887793491051e+00 2.850163597446466301e+00 2.842922953554758436e+00 2.835104179845412631e+00 2.826801762445918076e+00 2.818112664200281614e+00 2.809135522427871123e+00 2.799969836352971253e+00 2.790715150506970499e+00 2.781470240430989005e+00 2.772332306984142125e+00 2.763396185491981072e+00 2.754753575851183189e+00 2.746492299541543503e+00 2.738695589285657928e+00 2.731441416842336878e+00 2.724801864123400197e+00 2.718842542487552638e+00 2.713622064692017943e+00 2.709191573575339351e+00 2.705594331106388140e+00 2.702865370968529302e+00 2.701031217357556358e+00 2.700109672161281171e+00 2.700109672161281171e+00 2.701031217357556358e+00 2.702865370968529302e+00 2.705594331106388140e+00 2.709191573575339351e+00 2.713622064692017943e+00 2.718842542487552638e+00 2.724801864123400197e+00 2.731441416842336878e+00 2.738695589285657928e+00 2.746492299541543503e+00 2.754753575851183189e+00 2.763396185491981072e+00 2.772332306984142125e+00 2.781470240430989005e+00 2.790715150506970499e+00 2.799969836352971253e+00 2.809135522427871123e+00 2.818112664200281614e+00 2.826801762445918076e+00 2.835104179845412631e+00 2.842922953554758436e+00 2.850163597446466301e+00 2.856734887793491051e+00 2.862549626289646820e+00 2.867525374468590460e+00 2.871585153797257650e+00 2.874658105977252021e+00 2.876680108287169357e+00 2.877594339137953927e+00 2.877351789389435144e+00 2.875911715386498368e+00 2.873242030114637302e+00 2.869319629343633604e+00 2.864130650121216259e+00 2.857670659492097531e+00 2.849944771847679803e+00 2.840967693854204779e+00 2.830763696457776479e+00 2.819366514019561176e+00 2.806819171189172124e+00 2.793173738674703532e+00 2.778491019609722112e+00 2.762840168746821146e+00 2.746298247219940425e+00 2.728949716109628110e+00 2.710885872513147277e+00 2.692204232261170560e+00 2.673007863831313724e+00 2.653404678383060489e+00 2.633506681175609376e+00 2.613429189927435559e+00 2.593290025931604958e+00 2.573208683952025400e+00 2.553305487091508841e+00 2.533700732941192246e+00 2.514513837391868289e+00 2.495862482510331493e+00 2.477861774858017174e+00 2.460623420554901131e+00 2.444254923269685964e+00 2.428858811148406183e+00 2.414531898479143734e+00 2.401364587632157210e+00 2.389440216514296278e+00 2.378834456436458300e+00 2.369614764915529026e+00 2.361839897520676690e+00 2.355559482431100360e+00 2.350813660901748481e+00 2.347632796338708694e+00 2.346037254170627584e+00 2.346037254170627584e+00 2.347632796338708694e+00 2.350813660901748481e+00 2.355559482431100360e+00 2.361839897520676690e+00 2.369614764915529026e+00 2.378834456436458300e+00 2.389440216514296278e+00 2.401364587632157210e+00 2.414531898479143734e+00 2.428858811148406183e+00 2.444254923269685964e+00 2.460623420554901131e+00 2.477861774858017174e+00 2.495862482510331493e+00 2.514513837391868289e+00 2.533700732941192246e+00 2.553305487091508841e+00
2.570295357166868744e+00 2.587506009972687870e+00 2.604835964948048144e+00 2.622184037427455205e+00 2.639450050265182313e+00 2.656535535611442622e+00 2.673344421614853417e+00 2.689783698944340440e+00 2.705764062180864737e+00 2.721200521324163901e+00 2.736012978890272507e+00 2.750126768340518613e+00 2.763473149879685398e+00 2.775989759987937955e+00 2.787621011405441163e+00 2.798318440667638018e+00 2.808041000689973199e+00 2.816755296320470947e+00 2.824435761213742069e+00 2.831064774827407149e+00 2.836632718798210551e+00 2.841137972416710511e+00 2.844586847382961636e+00 2.846993462487396709e+00 2.848379559317787635e+00 2.848774260541134140e+00 2.848213772745241457e+00 2.846741036245306944e+00 2.844405324662770962e+00 2.841261797464021299e+00 2.837371009002327416e+00 2.832798377934953038e+00 2.827613621186243709e+00 2.821890156894300450e+00 2.815704481011718219e+00 2.809135522427871123e+00 2.802263981640010115e+00 2.795171658121688552e+00 2.787940771618938829e+00 2.780653282646424973e+00 2.773390217457361917e+00 2.766231002722155718e+00 2.759252815071908227e+00 2.752529950544641668e+00 2.746133218815375532e+00 2.740129366897104291e+00 2.734580536769826153e+00 2.729543761130871271e+00 2.725070501163763925e+00 2.721206229897111140e+00 2.717990064371996084e+00 2.715454449458697628e+00 2.713624895764270573e+00 2.712519773654535893e+00 2.712150164980609901e+00 2.712519773654535893e+00 2.713624895764270573e+00 2.715454449458697628e+00 2.717990064371996084e+00 2.721206229897111140e+00 2.725070501163763925e+00 2.729543761130871271e+00 2.734580536769826153e+00 2.740129366897104291e+00 2.746133218815375532e+00 2.752529950544641668e+00 2.759252815071908227e+00 2.766231002722155718e+00 2.773390217457361917e+00 2.780653282646424973e+00 2.787940771618938829e+00 2.795171658121688552e+00 2.802263981640010115e+00 2.809135522427871123e+00 2.815704481011718219e+00 2.821890156894300450e+00 2.827613621186243709e+00 2.832798377934953038e+00 2.837371009002327416e+00 2.841261797464021299e+00 2.844405324662770962e+00 2.846741036245306944e+00 2.848213772745241457e+00 2.848774260541134140e+00 2.848379559317787635e+00 2.846993462487396709e+00 2.844586847382961636e+00 2.841137972416710511e+00 2.836632718798210551e+00 2.831064774827407149e+00 2.824435761213742069e+00 2.816755296320470947e+00 2.808041000689973199e+00 2.798318440667638018e+00 2.787621011405441163e+00 2.775989759987937955e+00 2.763473149879685398e+00 2.750126768340518613e+00 2.736012978890272507e+00 2.721200521324163901e+00 2.705764062180864737e+00 2.689783698944340440e+00 2.673344421614853417e+00 2.656535535611442622e+00 2.639450050265182313e+00 2.622184037427455205e+00 2.604835964948048144e+00 2.587506009972687870e+00 2.570295357166868744e+00 2.553305487091508841e+00 2.536637460035050307e+00 2.520391200645575314e+00 2.504664788704967560e+00 2.489553761345205007e+00 2.475150431924667327e+00 2.461543230660753423e+00 2.448816071954745155e+00 2.437047753147181695e+00 2.426311389208416269e+00 2.416673887601232362e+00 2.408195467252519428e+00 2.400929225241311027e+00 2.394920754453357503e+00 2.390207815070709785e+00 2.386820062361302064e+00 2.384778832811341509e+00 2.384096990205661903e+00 2.384778832811341509e+00 2.386820062361302064e+00 2.390207815070709785e+00 2.394920754453357503e+00 2.400929225241311027e+00 2.408195467252519428e+00 2.416673887601232362e+00 2.426311389208416269e+00 2.437047753147181695e+00 2.448816071954745155e+00 2.461543230660753423e+00 2.475150431924667327e+00 2.489553761345205007e+00 2.504664788704967560e+00 2.520391200645575314e+00 2.536637460035050307e+00 2.553305487091508841e+00
2.573208683952025400e+00 2.587506009972687870e+00 2.601964209557980912e+00 2.616500812176810964e+00 2.631033826139361320e+00 2.645482308084288192e+00 2.659766922543937095e+00 2.673810487436437011e+00 2.687538501444118655e+00 2.700879649378845837e+00 2.713766281805459091e+00 2.726134865393264661e+00 2.737926400690905648e+00 2.749086804270276740e+00 2.759567252458407172e+00 2.769324484170550438e+00 2.778321060670563725e+00 2.786525580413924619e+00 2.793912847471720529e+00 2.800463992388099399e+00 2.806166544686372166e+00 2.811014456607266343e+00 2.815008078034173522e+00 2.818154082931544568e+00 2.820465347991264249e+00 2.821960784544879530e+00 2.822665125154356414e+00 2.822608666637794084e+00 2.821826971616697488e+00 2.820360530985409397e+00 2.818254389998825715e+00 2.815557740949241605e+00 2.812323485655102928e+00 2.808607771211549586e+00 2.804469502653281765e+00 2.799969836352971253e+00 2.795171658121688552e+00 2.790139050090841177e+00 2.784936750536731065e+00 2.779629610858669775e+00 2.774282053939199244e+00 2.768957538100115912e+00 2.763718030821015859e+00 2.758623496308164391e+00 2.753731400891270997e+00 2.749096240085235010e+00 2.744769090983901538e+00 2.740797193454964198e+00 2.737223563380630775e+00 2.734086640939338508e+00 2.731419976651686898e+00 2.729251957620661972e+00 2.727605576084725758e+00 2.726498242074526956e+00 2.725941641622559697e+00 2.725941641622559697e+00 2.726498242074526956e+00 2.727605576084725758e+00 2.729251957620661972e+00 2.731419976651686898e+00 2.734086640939338508e+00 2.737223563380630775e+00 2.740797193454964198e+00 2.744769090983901538e+00 2.749096240085235010e+00 2.753731400891270997e+00 2.758623496308164391e+00 2.763718030821015859e+00 2.768957538100115912e+00 2.774282053939199244e+00 2.779629610858669775e+00 2.784936750536731065e+00 2.790139050090841177e+00 2.795171658121688552e+00 2.799969836352971253e+00 2.804469502653281765e+00 2.808607771211549586e+00 2.812323485655102928e+00 2.815557740949241605e+00 2.818254389998825715e+00 2.820360530985409397e+00 2.821826971616697488e+00 2.822608666637794084e+00 2.822665125154356414e+00 2.821960784544879530e+00 2.820465347991264249e+00 2.818154082931544568e+00 2.815008078034173522e+00 2.811014456607266343e+00 2.806166544686372166e+00 2.800463992388099399e+00 2.793912847471720529e+00 2.786525580413924619e+00 2.778321060670563725e+00 2.769324484170550438e+00 2.759567252458407172e+00 2.749086804270276740e+00 2.737926400690905648e+00 2.726134865393264661e+00 2.713766281805459091e+00 2.700879649378845837e+00 2.687538501444118655e+00 2.673810487436437011e+00 2.659766922543937095e+00 2.645482308084288192e+00 2.631033826139361320e+00 2.616500812176810964e+00 2.601964209557980912e+00 2.587506009972687870e+00 2.573208683952025400e+00 2.559154605689560658e+00 2.545425476448480051e+00 2.532101750847133736e+00 2.519262070297736855e+00 2.506982707823048884e+00 2.495337028393816770e+00 2.484394968816444838e+00 2.474222541056465108e+00 2.464881362710088730e+00 2.456428218134657726e+00 2.448914653520826601e+00 2.442386608936364834e+00 2.436884090095604360e+00 2.432440882311857955e+00 2.429084308774687173e+00 2.426835034962419257e+00 2.425706920654864263e+00 2.425706920654864263e+00 2.426835034962419257e+00 2.429084308774687173e+00 2.432440882311857955e+00 2.436884090095604360e+00 2.442386608936364834e+00 2.448914653520826601e+00 2.456428218134657726e+00 2.464881362710088730e+00 2.474222541056465108e+00 2.484394968816444838e+00 2.495337028393816770e+00 2.506982707823048884e+00 2.519262070297736855e+00 2.532101750847133736e+00 2.545425476448480051e+00 2.559154605689560658e+00
2.581926492131547679e+00 2.593290025931604958e+00 2.604835964948048144e+00 2.616500812176810964e+00 2.628221160247303345e+00 2.639934125699151313e+00 2.651577777470314867e+00 2.663091556430897899e+00 2.674416682868315576e+00 2.685496548924326987e+00 2.696277093101711930e+00 2.706707154097630852e+00 2.716738801380392587e+00 2.726327640105675965e+00 2.735433088165559301e+00 2.744018623377633137e+00 2.752051999050303177e+00 2.759505426402492745e+00 2.766355722569302511e+00 2.772584423188102942e+00 2.778177858829714353e+00 2.783127194815018246e+00 2.787428434236197461e+00 2.791082384281852402e+00 2.794094586244294742e+00 2.796475209863232170e+00 2.798238912930809619e+00 2.799404667346408360e+00 2.799995553063797882e+00 2.800038521616211806e+00 2.799564131134842260e+00 2.798606254991371944e+00 2.797201766393878852e+00 2.795390201446158240e+00 2.793213403342026169e+00 2.790715150506970499e+00 2.787940771618938829e+00 2.784936750536731065e+00 2.781750324238135175e+00 2.778429076919639584e+00 2.775020533435184955e+00 2.771571755252701053e+00 2.768128942084056021e+00 2.764737042296763203e+00 2.761439375144779884e+00 2.758277267761348739e+00 2.755289709740040394e+00 2.752513027991621453e+00 2.749980584405395945e+00 2.747722498665222890e+00 2.745765398374061750e+00 2.744132198428061997e+00 2.742841911353488982e+00 2.741909490079026401e+00 2.741345704363871594e+00 2.741157051840708458e+00 2.741345704363871594e+00 2.741909490079026401e+00 2.742841911353488982e+00 2.744132198428061997e+00 2.745765398374061750e+00 2.747722498665222890e+00 2.749980584405395945e+00 2.752513027991621453e+00 2.755289709740040394e+00 2.758277267761348739e+00 2.761439375144779884e+00 2.764737042296763203e+00 2.768128942084056021e+00 2.771571755252701053e+00 2.775020533435184955e+00 2.778429076919639584e+00 2.781750324238135175e+00 2.784936750536731065e+00 2.787940771618938829e+00 2.790715150506970499e+00 2.793213403342026169e+00 2.795390201446158240e+00 2.797201766393878852e+00 2.798606254991371944e+00 2.799564131134842260e+00 2.800038521616211806e+00 2.799995553063797882e+00 2.799404667346408360e+00 2.798238912930809619e+00 2.796475209863232170e+00 2.794094586244294742e+00 2.791082384281852402e+00 2.787428434236197461e+00 2.783127194815018246e+00 2.778177858829714353e+00 2.772584423188102942e+00 2.766355722569302511e+00 2.759505426402492745e+00 2.752051999050303177e+00 2.744018623377633137e+00 2.735433088165559301e+00 2.726327640105675965e+00 2.716738801380392587e+00 2.706707154097630852e+00 2.696277093101711930e+00 2.685496548924326987e+00 2.674416682868315576e+00 2.663091556430897899e+00 2.651577777470314867e+00 2.639934125699151313e+00 2.628221160247303345e+00 2.616500812176810964e+00 2.604835964948048144e+00 2.593290025931604958e+00 2.581926492131547679e+00 2.570808513333249667e+00 2.559998455912158022e+00 2.549557470538661441e+00 2.539545066988422306e+00 2.530018699217638556e+00 2.521033363788733439e+00 2.512641214634783182e+00 2.504891197031121397e+00 2.497828703501010494e+00 2.491495254220071676e+00 2.485928204302540578e+00 2.481160480152754921e+00 2.477220346849124510e+00 2.474131208296680651e+00 2.471911441640132434e+00 2.470574267173782257e+00 2.470127654719756816e+00 2.470574267173782257e+00 2.471911441640132434e+00 2.474131208296680651e+00 2.477220346849124510e+00 2.481160480152754921e+00 2.485928204302540578e+00 2.491495254220071676e+00 2.497828703501010494e+00 2.504891197031121397e+00 2.512641214634783182e+00 2.521033363788733439e+00 2.530018699217638556e+00 2.539545066988422306e+00 2.549557470538661441e+00 2.559998455912158022e+00 2.570808513333249667e+00
2.596382433921232025e+00 2.604813852223597515e+00 2.613429189927435559e+00 2.622184037427455205e+00 2.631033826139361320e+00 2.639934125699151313e+00 2.648840938471925366e+00 2.657710989211887753e+00 2.666502007755056081e+00 2.675173002682039058e+00 2.683684523959602330e+00 2.691998912656030196e+00 2.700080535925996283e+00 2.707896005574836007e+00 2.715414378638956183e+00 2.722607338557755607e+00 2.729449355661637711e+00 2.735917825859415231e+00 2.741993186575476305e+00 2.747659009161143473e+00 2.752902067184406221e+00 2.757712380186323031e+00 2.762083232679386935e+00 2.766011168351707905e+00 2.769495959629430626e+00 2.772540552937050595e+00 2.775150990179735988e+00 2.777336307151980765e+00 2.779108409751639641e+00 2.780481929046136447e+00 2.781474056397311045e+00 2.782104360001559584e+00 2.782394584341715937e+00 2.782368434175195748e+00 2.782051344798583958e+00 2.781470240430989005e+00 2.780653282646424973e+00 2.779629610858669775e+00 2.778429076919639584e+00 2.777081975934229785e+00 2.775618775420216178e+00 2.774069844951140507e+00 2.772465188413013149e+00 2.770834180982211681e+00 2.769205312892336845e+00 2.767605942002321129e+00 2.766062057107124161e+00 2.764598053846591963e+00 2.763236524968018415e+00 2.761998066584453237e+00 2.760901101944734481e+00 2.759961724093555002e+00 2.759193558651616751e+00 2.758607647788254180e+00 2.758212356293041623e+00 2.758013300480062213e+00 2.758013300480062213e+00 2.758212356293041623e+00 2.758607647788254180e+00 2.759193558651616751e+00 2.759961724093555002e+00 2.760901101944734481e+00 2.761998066584453237e+00 2.763236524968018415e+00 2.764598053846591963e+00 2.766062057107124161e+00 2.767605942002321129e+00 2.769205312892336845e+00 2.770834180982211681e+00 2.772465188413013149e+00 2.774069844951140507e+00 2.775618775420216178e+00 2.777081975934229785e+00 2.778429076919639584e+00 2.779629610858669775e+00 2.780653282646424973e+00 2.781470240430989005e+00 2.782051344798583958e+00 2.782368434175195748e+00 2.782394584341715937e+00 2.782104360001559584e+00 2.781474056397311045e+00 2.780481929046136447e+00 2.779108409751639641e+00 2.777336307151980765e+00 2.775150990179735988e+00 2.772540552937050595e+00 2.769495959629430626e+00 2.766011168351707905e+00 2.762083232679386935e+00 2.757712380186323031e+00 2.752902067184406221e+00 2.747659009161143473e+00 2.741993186575476305e+00 2.735917825859415231e+00 2.729449355661637711e+00 2.722607338557755607e+00 2.715414378638956183e+00 2.707896005574836007e+00 2.700080535925996283e+00 2.691998912656030196e+00 2.683684523959602330e+00 2.675173002682039058e+00 2.666502007755056081e+00 2.657710989211887753e+00 2.648840938471925366e+00 2.639934125699151313e+00 2.631033826139361320e+00 2.622184037427455205e+00 2.613429189927435559e+00 2.604813852223597515e+00 2.596382433921232025e+00 2.588178887938775929e+00 2.580246414480465322e+00 2.572627168869208614e+00 2.565361975393527061e+00 2.558490049280389922e+00 2.552048728847669867e+00 2.546073219816478161e+00 2.540596353675081520e+00 2.535648361883346524e+00 2.531256667590316312e+00 2.527445696408599840e+00 2.524236707648600753e+00 2.521647647264378289e+00 2.519693023602286086e+00 2.518383806874500142e+00 2.517727353103730081e+00 2.517727353103730081e+00 2.518383806874500142e+00 2.519693023602286086e+00 2.521647647264378289e+00 2.524236707648600753e+00 2.527445696408599840e+00 2.531256667590316312e+00 2.535648361883346524e+00 2.540596353675081520e+00 2.546073219816478161e+00 2.552048728847669867e+00 2.558490049280389922e+00 2.565361975393527061e+00 2.572627168869208614e+00 2.580246414480465322e+00 2.588178887938775929e+00
2.616466490875322570e+00 2.621989414382112749e+00 2.627677929023384706e+00 2.633506681175609376e+00 2.639450050265182313e+00 2.645482308084288192e+00 2.651577777470314867e+00 2.657710989211887753e+00 2.663856836060641609e+00 2.669990722752447976e+00 2.676088710974500628e+00 2.682127658255313296e+00 2.688085349803031932e+00 2.693940622373007798e+00 2.699673479307919788e+00 2.705265195962592628e+00 2.710698414800131406e+00 2.715957229525908456e+00 2.721027257710380898e+00 2.725895701440251173e+00 2.730551395629268630e+00 2.734984843714451497e+00 2.739188240559868870e+00 2.743155482487626529e+00 2.746882164453719355e+00 2.750365564484035019e+00 2.753604615582399884e+00 2.756599865417380446e+00 2.759353424186845150e+00 2.761868901148362365e+00 2.764151330388745276e+00 2.766207086486680122e+00 2.768043790797911186e+00 2.769670209162254704e+00 2.771096141895257770e+00 2.772332306984142125e+00 2.773390217457361917e+00 2.774282053939199244e+00 2.775020533435184955e+00 2.775618775420216178e+00 2.776090166319271191e+00 2.776448223479938804e+00 2.776706459737061650e+00 2.776878249662205533e+00 2.776976698574708635e+00 2.777014515366811764e+00 2.777003890162969224e+00 2.776956377793174724e+00 2.776882788012398517e+00 2.776793083343147561e+00 2.776696285356548444e+00 2.776600390139237984e+00 2.776512293619638694e+00 2.776437727348254558e+00 2.776381205243036110e+00 2.776345981723515433e+00 2.776334021566571497e+00 2.776345981723515433e+00 2.776381205243036110e+00 2.776437727348254558e+00 2.776512293619638694e+00 2.776600390139237984e+00 2.776696285356548444e+00 2.776793083343147561e+00 2.776882788012398517e+00 2.776956377793174724e+00 2.777003890162969224e+00 2.777014515366811764e+00 2.776976698574708635e+00 2.776878249662205533e+00 2.776706459737061650e+00 2.776448223479938804e+00 2.776090166319271191e+00 2.775618775420216178e+00 2.775020533435184955e+00 2.774282053939199244e+00 2.773390217457361917e+00 2.772332306984142125e+00 2.771096141895257770e+00 2.769670209162254704e+00 2.768043790797911186e+00 2.766207086486680122e+00 2.764151330388745276e+00 2.761868901148362365e+00 2.759353424186845150e+00 2.756599865417380446e+00 2.753604615582399884e+00 2.750365564484035019e+00 2.746882164453719355e+00 2.743155482487626529e+00 2.739188240559868870e+00 2.734984843714451497e+00 2.730551395629268630e+00 2.725895701440251173e+00 2.721027257710380898e+00 2.715957229525908456e+00 2.710698414800131406e+00 2.705265195962592628e+00 2.699673479307919788e+00 2.693940622373007798e+00 2.688085349803031932e+00 2.682127658255313296e+00 2.676088710974500628e+00 2.669990722752447976e+00 2.663856836060641609e+00 2.657710989211887753e+00 2.651577777470314867e+00 2.645482308084288192e+00 2.639450050265182313e+00 2.633506681175609376e+00 2.627677929023384706e+00 2.621989414382112749e+00 2.616466490875322570e+00 2.611134086368768426e+00 2.606016545814503260e+00 2.601137476880790000e+00 2.596519599483877450e+00 2.592184600311197240e+00 2.588152993390922418e+00 2.584443987720288494e+00 2.581075362914861948e+00 2.578063353783602185e+00 2.575422544670269875e+00 2.573165774331273248e+00 2.571304052043647648e+00 2.569846485555348448e+00 2.568800221403850781e+00 2.568170398038918112e+00 2.567960112092030567e+00 2.568170398038918112e+00 2.568800221403850781e+00 2.569846485555348448e+00 2.571304052043647648e+00 2.573165774331273248e+00 2.575422544670269875e+00 2.578063353783602185e+00 2.581075362914861948e+00 2.584443987720288494e+00 2.588152993390922418e+00 2.592184600311197240e+00 2.596519599483877450e+00 2.601137476880790000e+00 2.606016545814503260e+00 2.611134086368768426e+00
2.642025811193314144e+00 2.644685440106345542e+00 2.647472815500246934e+00 2.650381464365371809e+00 2.653404678383060489e+00 2.656535535611442622e+00 2.659766922543937095e+00 2.663091556430897899e+00 2.666502007755056081e+00 2.669990722752447976e+00 2.673550045872195469e+00 2.677172242070867458e+00 2.680849518840249690e+00 2.684574047870968982e+00 2.688337986258785062e+00 2.692133497165180689e+00 2.695952769849310204e+00 2.699788038994251682e+00 2.703631603256850813e+00 2.707475842977155267e+00 2.711313236990539721e+00 2.715136378492939428e+00 2.718937989917209919e+00 2.722710936786395308e+00 2.726448240517513000e+00 2.730143090157422847e+00 2.733788853040186595e+00 2.737379084363240178e+00 2.740907535687318930e+00 2.744368162372650133e+00 2.747755129971190424e+00 2.751062819601652887e+00 2.754285832340708229e+00 2.757418992669995905e+00 2.760457351024349304e+00 2.763396185491981072e+00 2.766231002722155718e+00 2.768957538100115912e+00 2.771571755252701053e+00 2.774069844951140507e+00 2.776448223479938804e+00 2.778703530542548705e+00 2.780832626775691097e+00 2.782832590944639417e+00 2.784700716891630901e+00 2.786434510308777757e+00 2.788031685405365945e+00 2.789490161537393487e+00 2.790808059864528179e+00 2.791983700096439147e+00 2.793015597386668158e+00 2.793902459427939799e+00 2.794643183798066755e+00 2.795236855600404358e+00 2.795682745437291228e+00 2.795980307749001970e+00 2.796129179544590837e+00 2.796129179544590837e+00 2.795980307749001970e+00 2.795682745437291228e+00 2.795236855600404358e+00 2.794643183798066755e+00 2.793902459427939799e+00 2.793015597386668158e+00 2.791983700096439147e+00 2.790808059864528179e+00 2.789490161537393487e+00 2.788031685405365945e+00 2.786434510308777757e+00 2.784700716891630901e+00 2.782832590944639417e+00 2.780832626775691097e+00 2.778703530542548705e+00 2.776448223479938804e+00 2.774069844951140507e+00 2.771571755252701053e+00 2.768957538100115912e+00 2.766231002722155718e+00 2.763396185491981072e+00 2.760457351024349304e+00 2.757418992669995905e+00 2.754285832340708229e+00 2.751062819601652887e+00 2.747755129971190424e+00 2.744368162372650133e+00 2.740907535687318930e+00 2.737379084363240178e+00 2.733788853040186595e+00 2.730143090157422847e+00 2.726448240517513000e+00 2.722710936786395308e+00 2.718937989917209919e+00 2.715136378492939428e+00 2.711313236990539721e+00 2.707475842977155267e+00 2.703631603256850813e+00 2.699788038994251682e+00 2.695952769849310204e+00 2.692133497165180689e+00 2.688337986258785062e+00 2.684574047870968982e+00 2.680849518840249690e+00 2.677172242070867458e+00 2.673550045872195469e+00 2.669990722752447976e+00 2.666502007755056081e+00 2.663091556430897899e+00 2.659766922543937095e+00 2.656535535611442622e+00 2.653404678383060489e+00 2.650381464365371809e+00 2.647472815500246934e+00 2.644685440106345542e+00 2.642025811193314144e+00 2.639500145257850594e+00 2.637114381669574570e+00 2.634874162752779192e+00 2.632784814667525897e+00 2.630851329190246890e+00 2.629078346490008489e+00 2.627470138992031856e+00 2.626030596414734575e+00 2.624763212060767348e+00 2.623671070436154551e+00 2.622756836264661384e+00 2.622022744957289930e+00 2.621470594588924286e+00 2.621101739426092703e+00 2.620917085041389871e+00 2.620917085041389871e+00 2.621101739426092703e+00 2.621470594588924286e+00 2.622022744957289930e+00 2.622756836264661384e+00 2.623671070436154551e+00 2.624763212060767348e+00 2.626030596414734575e+00 2.627470138992031856e+00 2.629078346490008489e+00 2.630851329190246890e+00 2.632784814667525897e+00 2.634874162752779192e+00 2.637114381669574570e+00 2.639500145257850594e+00
2.672865873014446336e+00 2.672728459380893540e+00 2.672661905467597965e+00 2.672678301991444183e+00 2.672789673520198139e+00 2.673007863831313724e+00 2.673344421614853417e+00 2.673810487436437011e+00 2.674416682868315576e+00 2.675173002682039058e+00 2.676088710974500628e+00 2.677172242070867458e+00 2.678431107012988033e+00 2.679871806400786483e+00 2.681499750307056562e+00 2.683319185933437989e+00 2.685333133617484602e+00 2.687543331738121655e+00 2.689950190999939039e+00 2.692552758506058463e+00 2.695348691955457010e+00 2.698334244224033895e+00 2.701504258510057266e+00 2.704852174144463550e+00 2.708370043085427170e+00 2.712048557035332763e+00 2.715877085037278871e+00 2.719843721328284669e+00 2.723935343147911414e+00 2.728137678124796128e+00 2.732435380790073864e+00 2.736812117696490798e+00 2.741250660555700325e+00 2.745732986744222170e+00 2.750240386471454190e+00 2.754753575851183189e+00 2.759252815071908227e+00 2.763718030821015859e+00 2.768128942084056021e+00 2.772465188413013149e+00 2.776706459737061650e+00 2.780832626775691097e+00 2.784823871107705795e+00 2.788660813950183837e+00 2.792324642709311799e+00 2.795797234379802543e+00 2.799061274891396334e+00 2.802100373529517352e+00 2.804899171592300178e+00 2.807443444487670359e+00 2.809720196521602542e+00 2.811717747681804269e+00 2.813425811779431296e+00 2.814835565374586679e+00 2.815939706978843660e+00 2.816732506099382416e+00 2.817209841763869349e+00 2.817369230242606992e+00 2.817209841763869349e+00 2.816732506099382416e+00 2.815939706978843660e+00 2.814835565374586679e+00 2.813425811779431296e+00 2.811717747681804269e+00 2.809720196521602542e+00 2.807443444487670359e+00 2.804899171592300178e+00 2.802100373529517352e+00 2.799061274891396334e+00 2.795797234379802543e+00 2.792324642709311799e+00 2.788660813950183837e+00 2.784823871107705795e+00 2.780832626775691097e+00 2.776706459737061650e+00 2.772465188413013149e+00 2.768128942084056021e+00 2.763718030821015859e+00 2.759252815071908227e+00 2.754753575851183189e+00 2.750240386471454190e+00 2.745732986744222170e+00 2.741250660555700325e+00 2.736812117696490798e+00 2.732435380790073864e+00 2.728137678124796128e+00 2.723935343147911414e+00 2.719843721328284669e+00 2.715877085037278871e+00 2.712048557035332763e+00 2.708370043085427170e+00 2.704852174144463550e+00 2.701504258510057266e+00 2.698334244224033895e+00 2.695348691955457010e+00 2.692552758506058463e+00 2.689950190999939039e+00 2.687543331738121655e+00 2.685333133617484602e+00 2.683319185933437989e+00 2.681499750307056562e+00 2.679871806400786483e+00 2.678431107012988033e+00 2.677172242070867458e+00 2.676088710974500628e+00 2.675173002682039058e+00 2.674416682868315576e+00 2.673810487436437011e+00 2.673344421614853417e+00 2.673007863831313724e+00 2.672789673520198139e+00 2.672678301991444183e+00 2.672661905467597965e+00 2.672728459380893540e+00 2.672865873014446336e+00 2.673062103571111070e+00 2.673305268759833098e+00 2.673583757002850003e+00 2.673886334387316932e+00 2.674202247512038610e+00 2.674521321413552588e+00 2.674834051795661249e+00 2.675131690832343256e+00 2.675406325865387291e+00 2.675650950374719006e+00 2.675859526660874010e+00 2.676027039744703462e+00 2.676149542059010233e+00 2.676224188579531926e+00 2.676249262118239880e+00 2.676224188579531926e+00 2.676149542059010233e+00 2.676027039744703462e+00 2.675859526660874010e+00 2.675650950374719006e+00 2.675406325865387291e+00 2.675131690832343256e+00 2.674834051795661249e+00 2.674521321413552588e+00 2.674202247512038610e+00 2.673886334387316932e+00 2.673583757002850003e+00 2.673305268759833098e+00 2.673062103571111070e+00
2.708751964846523475e+00 2.705904126095111994e+00 2.703051836726011459e+00 2.700225296280117870e+00 2.697454941690095254e+00 2.694771198647215371e+00 2.692204232261170560e+00 2.689783698944340440e+00 2.687538501444118655e+00 2.685496548924326987e+00 2.683684523959602330e+00 2.682127658255313296e+00 2.680849518840249690e+00 2.679871806400786483e+00 2.679214167333743735e+00 2.678894020991744451e+00 2.678926403480054841e+00 2.679323829238694277e+00 2.680096171508910441e+00 2.681250562639981183e+00 2.682791315041805902e+00 2.684719863432036835e+00 2.687034728864721611e+00 2.689731504861943900e+00 2.692802865801791512e+00 2.696238597546737115e+00 2.700025650127097609e+00 2.704148212126359585e+00 2.708587806249678653e+00 2.713323405395385191e+00 2.718331568392841735e+00 2.723586594419856510e+00 2.729060694970089518e+00 2.734724182106662571e+00 2.740545671613482170e+00 2.746492299541543503e+00 2.752529950544641668e+00 2.758623496308164391e+00 2.764737042296763203e+00 2.770834180982211681e+00 2.776878249662205533e+00 2.782832590944639417e+00 2.788660813950183837e+00 2.794327054279124756e+00 2.799796230796296470e+00 2.805034297310580182e+00 2.810008487262694477e+00 2.814687549586494697e+00 2.819041973974467652e+00 2.823044203856949874e+00 2.826668835496265686e+00 2.829892801700799598e+00 2.832695538779133049e+00 2.835059135480012760e+00 2.836968462799015267e+00 2.838411283676383068e+00 2.839378341761541691e+00 2.839863428577043436e+00 2.839863428577043436e+00 2.839378341761541691e+00 2.838411283676383068e+00 2.836968462799015267e+00 2.835059135480012760e+00 2.832695538779133049e+00 2.829892801700799598e+00 2.826668835496265686e+00 2.823044203856949874e+00 2.819041973974467652e+00 2.814687549586494697e+00 2.810008487262694477e+00 2.805034297310580182e+00 2.799796230796296470e+00 2.794327054279124756e+00 2.788660813950183837e+00 2.782832590944639417e+00 2.776878249662205533e+00 2.770834180982211681e+00 2.764737042296763203e+00 2.758623496308164391e+00 2.752529950544641668e+00 2.746492299541543503e+00 2.740545671613482170e+00 2.734724182106662571e+00 2.729060694970089518e+00 2.723586594419856510e+00 2.718331568392841735e+00 2.713323405395385191e+00 2.708587806249678653e+00 2.704148212126359585e+00 2.700025650127097609e+00 2.696238597546737115e+00 2.692802865801791512e+00 2.689731504861943900e+00 2.687034728864721611e+00 2.684719863432036835e+00 2.682791315041805902e+00 2.681250562639981183e+00 2.680096171508910441e+00 2.679323829238694277e+00 2.678926403480054841e+00 2.678894020991744451e+00 2.679214167333743735e+00 2.679871806400786483e+00 2.680849518840249690e+00 2.682127658255313296e+00 2.683684523959602330e+00 2.685496548924326987e+00 2.687538501444118655e+00 2.689783698944340440e+00 2.692204232261170560e+00 2.694771198647215371e+00 2.697454941690095254e+00 2.700225296280117870e+00 2.703051836726011459e+00 2.705904126095111994e+00 2.708751964846523475e+00 2.711565636832671711e+00 2.714316150766240554e+00 2.716975475285669628e+00 2.719516765802732383e+00 2.721914581380054710e+00 2.724145089964050470e+00 2.726186260389233951e+00 2.728018039672406303e+00 2.729622514229082864e+00 2.730984053768823916e+00 2.732089436759965739e+00 2.732927956496474575e+00 2.733491506949337957e+00 2.733774647740827124e+00 2.733774647740827124e+00 2.733491506949337957e+00 2.732927956496474575e+00 2.732089436759965739e+00 2.730984053768823916e+00 2.729622514229082864e+00 2.728018039672406303e+00 2.726186260389233951e+00 2.724145089964050470e+00 2.721914581380054710e+00 2.719516765802732383e+00 2.716975475285669628e+00 2.714316150766240554e+00 2.711565636832671711e+00
2.749410971862086939e+00 2.743958851101137242e+00 2.738409303526269323e+00 2.732810049133188812e+00 2.727209479076216692e+00 2.721656276384695872e+00 2.716199033921490980e+00 2.710885872513147277e+00 2.705764062180864737e+00 2.700879649378845837e+00 2.696277093101711930e+00 2.691998912656030196e+00 2.688085349803031932e+00 2.684574047870968982e+00 2.681499750307056562e+00 2.678894020991744451e+00 2.676784988472894256e+00 2.675197116096025951e+00 2.674150999810129381e+00 2.673663195218345834e+00 2.673746075220615026e+00 2.674407719362851932e+00 2.675651835766142295e+00 2.677477716261703833e+00 2.679880225104736002e+00 2.682849821384787337e+00 2.686372614993852270e+00 2.690430455757896411e+00 2.695001055085058272e+00 2.700058139236072297e+00 2.705571633081580440e+00 2.711507872978672129e+00 2.717829847177004154e+00 2.724497461954949795e+00 2.731467831489894138e+00 2.738695589285657928e+00 2.746133218815375532e+00 2.753731400891270997e+00 2.761439375144779884e+00 2.769205312892336845e+00 2.776976698574708635e+00 2.784700716891630901e+00 2.792324642709311799e+00 2.799796230796296470e+00 2.807064102443524334e+00 2.814078126047105943e+00 2.820789788777222196e+00 2.827152556523294891e+00 2.833122219393687136e+00 2.838657220156906025e+00 2.843718963139989508e+00 2.848272101247172561e+00 2.852284798927276821e+00 2.855728969099949222e+00 2.858580482247841115e+00 2.860819346092272841e+00 2.862429854492491543e+00 2.863400704441514844e+00 2.863725080272966128e+00 2.863400704441514844e+00 2.862429854492491543e+00 2.860819346092272841e+00 2.858580482247841115e+00 2.855728969099949222e+00 2.852284798927276821e+00 2.848272101247172561e+00 2.843718963139989508e+00 2.838657220156906025e+00 2.833122219393687136e+00 2.827152556523294891e+00 2.820789788777222196e+00 2.814078126047105943e+00 2.807064102443524334e+00 2.799796230796296470e+00 2.792324642709311799e+00 2.784700716891630901e+00 2.776976698574708635e+00 2.769205312892336845e+00 2.761439375144779884e+00 2.753731400891270997e+00 2.746133218815375532e+00 2.738695589285657928e+00 2.731467831489894138e+00 2.724497461954949795e+00 2.717829847177004154e+00 2.711507872978672129e+00 2.705571633081580440e+00 2.700058139236072297e+00 2.695001055085058272e+00 2.690430455757896411e+00 2.686372614993852270e+00 2.682849821384787337e+00 2.679880225104736002e+00 2.677477716261703833e+00 2.675651835766142295e+00 2.674407719362851932e+00 2.673746075220615026e+00 2.673663195218345834e+00 2.674150999810129381e+00 2.675197116096025951e+00 2.676784988472894256e+00 2.678894020991744451e+00 2.681499750307056562e+00 2.684574047870968982e+00 2.688085349803031932e+00 2.691998912656030196e+00 2.696277093101711930e+00 2.700879649378845837e+00 2.705764062180864737e+00 2.710885872513147277e+00 2.716199033921490980e+00 2.721656276384695872e+00 2.727209479076216692e+00 2.732810049133188812e+00 2.738409303526269323e+00 2.743958851101137242e+00 2.749410971862086939e+00 2.754718990590241390e+00 2.759837641933024610e+00 2.764723424167577548e+00 2.769334938928128320e+00 2.773633214295304850e+00 2.777582008773224143e+00 2.781148093826861345e+00 2.784301512816621749e+00 2.787015814347979514e+00 2.789268258250028776e+00 2.791039992606445086e+00 2.792316200484008970e+00 2.793086215235780490e+00 2.793343603496601713e+00 2.793086215235780490e+00 2.792316200484008970e+00 2.791039992606445086e+00 2.789268258250028776e+00 2.787015814347979514e+00 2.784301512816621749e+00 2.781148093826861345e+00 2.777582008773224143e+00 2.773633214295304850e+00 2.769334938928128320e+00 2.764723424167577548e+00 2.759837641933024610e+00 2.754718990590241390e+00
2.794533454467168720e+00 2.786601734278703280e+00 2.778462836012228099e+00 2.770181283838306197e+00 2.761822831941906475e+00 2.753453958903175458e+00 2.745141356300242474e+00 2.736951415436514434e+00 2.728949716109628110e+00 2.721200521324163901e+00 2.713766281805459091e+00 2.706707154097630852e+00 2.700080535925996283e+00 2.693940622373007798e+00 2.688337986258785062e+00 2.683319185933437989e+00 2.678926403480054841e+00 2.675197116096025951e+00 2.672163803168170038e+00 2.669853691285620556e+00 2.668288539145941218e+00 2.667484464006479428e+00 2.667451811016886776e+00 2.668195066442518026e+00 2.669712815454424071e+00 2.671997744822567356e+00 2.675036690507106574e+00 2.678810729800915613e+00 2.683295317337397012e+00 2.688460463943716849e+00 2.694270956993420452e+00 2.700686620596414844e+00 2.707662613660974049e+00 2.715149763573975861e+00 2.723094932974315707e+00 2.731441416842336878e+00 2.740129366897104291e+00 2.749096240085235010e+00 2.758277267761348739e+00 2.767605942002321129e+00 2.777014515366811764e+00 2.786434510308777757e+00 2.795797234379802543e+00 2.805034297310580182e+00 2.814078126047105943e+00 2.822862473832234098e+00 2.831322919468064470e+00 2.839397352968804356e+00 2.847026443916855332e+00 2.854154088965859870e+00 2.860727835092655269e+00 2.866699275384029022e+00 2.872024414352571053e+00 2.876664000007274069e+00 2.880583820156823904e+00 2.883754960695204428e+00 2.886154023907869348e+00 2.887763305140343295e+00 2.888570926487414869e+00 2.888570926487414869e+00 2.887763305140343295e+00 2.886154023907869348e+00 2.883754960695204428e+00 2.880583820156823904e+00 2.876664000007274069e+00 2.872024414352571053e+00 2.866699275384029022e+00 2.860727835092655269e+00 2.854154088965859870e+00 2.847026443916855332e+00 2.839397352968804356e+00 2.831322919468064470e+00 2.822862473832234098e+00 2.814078126047105943e+00 2.805034297310580182e+00 2.795797234379802543e+00 2.786434510308777757e+00 2.777014515366811764e+00 2.767605942002321129e+00 2.758277267761348739e+00 2.749096240085235010e+00 2.740129366897104291e+00 2.731441416842336878e+00 2.723094932974315707e+00 2.715149763573975861e+00 2.707662613660974049e+00 2.700686620596414844e+00 2.694270956993420452e+00 2.688460463943716849e+00 2.683295317337397012e+00 2.678810729800915613e+00 2.675036690507106574e+00 2.671997744822567356e+00 2.669712815454424071e+00 2.668195066442518026e+00 2.667451811016886776e+00 2.667484464006479428e+00 2.668288539145941218e+00 2.669853691285620556e+00 2.672163803168170038e+00 2.675197116096025951e+00 2.678926403480054841e+00 2.683319185933437989e+00 2.688337986258785062e+00 2.693940622373007798e+00 2.700080535925996283e+00 2.706707154097630852e+00 2.713766281805459091e+00 2.721200521324163901e+00 2.728949716109628110e+00 2.736951415436514434e+00 2.745141356300242474e+00 2.753453958903175458e+00 2.761822831941906475e+00 2.770181283838306197e+00 2.778462836012228099e+00 2.786601734278703280e+00 2.794533454467168720e+00 2.802195198404811460e+00 2.809526376479921428e+00 2.816469073103844423e+00 2.822968491520830181e+00 2.828973374572816724e+00 2.834436398209785768e+00 2.839314534744328711e+00 2.843569383079973978e+00 2.847167463394761899e+00 2.850080474032739897e+00 2.852285508644294421e+00 2.853765231919425105e+00 2.854508012573851783e+00 2.854508012573851783e+00 2.853765231919425105e+00 2.852285508644294421e+00 2.850080474032739897e+00 2.847167463394761899e+00 2.843569383079973978e+00 2.839314534744328711e+00 2.834436398209785768e+00 2.828973374572816724e+00 2.822968491520830181e+00 2.816469073103844423e+00 2.809526376479921428e+00 2.802195198404811460e+00
2.843776003323446044e+00 2.833506780898560340e+00 2.822904870797339427e+00 2.812050763693594302e+00 2.801026858143815357e+00 2.789916833879868108e+00 2.778805015372287190e+00 2.767775730507054721e+00 2.756912669255866088e+00 2.746298247219940425e+00 2.736012978890272507e+00 2.726134865393264661e+00 2.716738801380392587e+00 2.707896005574836007e+00 2.699673479307919788e+00 2.692133497165180689e+00 2.685333133617484602e+00 2.679323829238694277e+00 2.674150999810129381e+00 2.669853691285620556e+00 2.666464283241937405e+00 2.664008243070331794e+00 2.662503932778772953e+00 2.661962469874047610e+00 2.662387643381274760e+00 2.663775885638814511e+00 2.666116300081978530e+00 2.669390744802941473e+00 2.673573971249672443e+00 2.678633817007120665e+00 2.684531451192294416e+00 2.691221670594436066e+00 2.698653244305322829e+00 2.706769304215701499e+00 2.715507778404793182e+00 2.724801864123400197e+00 2.734580536769826153e+00 2.744769090983901538e+00 2.755289709740040394e+00 2.766062057107124161e+00 2.777003890162969224e+00 2.788031685405365945e+00 2.799061274891396334e+00 2.810008487262694477e+00 2.820789788777222196e+00 2.831322919468064470e+00 2.841527519586923844e+00 2.851325741563922378e+00 2.860642842825631860e+00 2.869407754958956946e+00 2.877553624888574024e+00 2.885018323948635999e+00 2.891744920973905675e+00 2.897682115809288472e+00 2.902784629938079064e+00 2.907013551255615003e+00 2.910336630364064536e+00 2.912728526133072648e+00 2.914170998657186207e+00 2.914653048141321978e+00 2.914170998657186207e+00 2.912728526133072648e+00 2.910336630364064536e+00 2.907013551255615003e+00 2.902784629938079064e+00 2.897682115809288472e+00 2.891744920973905675e+00 2.885018323948635999e+00 2.877553624888574024e+00 2.869407754958956946e+00 2.860642842825631860e+00 2.851325741563922378e+00 2.841527519586923844e+00 2.831322919468064470e+00 2.820789788777222196e+00 2.810008487262694477e+00 2.799061274891396334e+00 2.788031685405365945e+00 2.777003890162969224e+00 2.766062057107124161e+00 2.755289709740040394e+00 2.744769090983901538e+00 2.734580536769826153e+00 2.724801864123400197e+00 2.715507778404793182e+00 2.706769304215701499e+00 2.698653244305322829e+00 2.691221670594436066e+00 2.684531451192294416e+00 2.678633817007120665e+00 2.673573971249672443e+00 2.669390744802941473e+00 2.666116300081978530e+00 2.663775885638814511e+00 2.662387643381274760e+00 2.661962469874047610e+00 2.662503932778772953e+00 2.664008243070331794e+00 2.666464283241937405e+00 2.669853691285620556e+00 2.674150999810129381e+00 2.679323829238694277e+00 2.685333133617484602e+00 2.692133497165180689e+00 2.699673479307919788e+00 2.707896005574836007e+00 2.716738801380392587e+00 2.726134865393264661e+00 2.736012978890272507e+00 2.746298247219940425e+00 2.756912669255866088e+00 2.767775730507054721e+00 2.778805015372287190e+00 2.789916833879868108e+00 2.801026858143815357e+00 2.812050763693594302e+00 2.822904870797339427e+00 2.833506780898560340e+00 2.843776003323446044e+00 2.853634567489879981e+00 2.863007615959650476e+00 2.871823973820972764e+00 2.880016690068650576e+00 2.887523546862214463e+00 2.894287532786782524e+00 2.900257276515363802e+00 2.905387437572585885e+00 2.909639051226289297e+00 2.912979824882487190e+00 2.915384383728249151e+00 2.916834463753234186e+00 2.917319050681049131e+00 2.916834463753234186e+00 2.915384383728249151e+00 2.912979824882487190e+00 2.909639051226289297e+00 2.905387437572585885e+00 2.900257276515363802e+00 2.894287532786782524e+00 2.887523546862214463e+00 2.880016690068650576e+00 2.871823973820972764e+00 2.863007615959650476e+00 2.853634567489879981e+00
2.896763852900656300e+00 2.884315385412006716e+00 2.871394096907911919e+00 2.858095492932761772e+00 2.844517776828183742e+00 2.830761108070433796e+00 2.816926846040370691e+00 2.803116784969861275e+00 2.789432385875066700e+00 2.775974011309376710e+00 2.762840168746821146e+00 2.750126768340518613e+00 2.737926400690905648e+00 2.726327640105675965e+00 2.715414378638956183e+00 2.705265195962592628e+00 2.695952769849310204e+00 2.687543331738121655e+00 2.680096171508910441e+00 2.673663195218345834e+00 2.668288539145941218e+00 2.664008243070331794e+00 2.660849985244831739e+00 2.658832881071664822e+00 2.657967346989325019e+00 2.658255030591133217e+00 2.659688807488946427e+00 2.662252844927998296e+00 2.665922731650834265e+00 2.670665673004171570e+00 2.676440749786053175e+00 2.683199238845687784e+00 2.690884992978546109e+00 2.699434877208181316e+00 2.708779258117361977e+00 2.718842542487552638e+00 2.729543761130871271e+00 2.740797193454964198e+00 2.752513027991621453e+00 2.764598053846591963e+00 2.776956377793174724e+00 2.789490161537393487e+00 2.802100373529517352e+00 2.814687549586494697e+00 2.827152556523294891e+00 2.839397352968804356e+00 2.851325741563922378e+00 2.862844106805668698e+00 2.873862132910965261e+00 2.884293496226447928e+00 2.894056526905042670e+00 2.903074834804583393e+00 2.911277894836759028e+00 2.918601587303942591e+00 2.924988689104793593e+00 2.930389312064113128e+00 2.934761285045626611e+00 2.938070476934953490e+00 2.940291058030790605e+00 2.941405697851862566e+00 2.941405697851862566e+00 2.940291058030790605e+00 2.938070476934953490e+00 2.934761285045626611e+00 2.930389312064113128e+00 2.924988689104793593e+00 2.918601587303942591e+00 2.911277894836759028e+00 2.903074834804583393e+00 2.894056526905042670e+00 2.884293496226447928e+00 2.873862132910965261e+00 2.862844106805668698e+00 2.851325741563922378e+00 2.839397352968804356e+00 2.827152556523294891e+00 2.814687549586494697e+00 2.802100373529517352e+00 2.789490161537393487e+00 2.776956377793174724e+00 2.764598053846591963e+00 2.752513027991621453e+00 2.740797193454964198e+00 2.729543761130871271e+00 2.718842542487552638e+00 2.708779258117361977e+00 2.699434877208181316e+00 2.690884992978546109e+00 2.683199238845687784e+00 2.676440749786053175e+00 2.670665673004171570e+00 2.665922731650834265e+00 2.662252844927998296e+00 2.659688807488946427e+00 2.658255030591133217e+00 2.657967346989325019e+00 2.658832881071664822e+00 2.660849985244831739e+00 2.664008243070331794e+00 2.668288539145941218e+00 2.673663195218345834e+00 2.680096171508910441e+00 2.687543331738121655e+00 2.695952769849310204e+00 2.705265195962592628e+00 2.715414378638956183e+00 2.726327640105675965e+00 2.737926400690905648e+00 2.750126768340518613e+00 2.762840168746821146e+00 2.775974011309376710e+00 2.789432385875066700e+00 2.803116784969861275e+00 2.816926846040370691e+00 2.830761108070433796e+00 2.844517776828183742e+00 2.858095492932761772e+00 2.871394096907911919e+00 2.884315385412006716e+00 2.896763852900656300e+00 2.908647413088291334e+00 2.919878094728229900e+00 2.930372706425534712e+00 2.940053465431993640e+00 2.948848585645957865e+00 2.956692820349597906e+00 2.963527955559838389e+00 2.969303250244422099e+00 2.973975820058149200e+00 2.977510961683484059e+00 2.979882415310960653e+00 2.981072563264862918e+00 2.981072563264862918e+00 2.979882415310960653e+00 2.977510961683484059e+00 2.973975820058149200e+00 2.969303250244422099e+00 2.963527955559838389e+00 2.956692820349597906e+00 2.948848585645957865e+00 2.940053465431993640e+00 2.930372706425534712e+00 2.919878094728229900e+00 2.908647413088291334e+00
2.953093733668580523e+00 2.938639063758097247e+00 2.923558059229151240e+00 2.907960183186471426e+00 2.891958490693451456e+00 2.875668779117926732e+00 2.859208718237406632e+00 2.842696966702490169e+00 2.826252281559876511e+00 2.809992627588067560e+00 2.794034293199235020e+00 2.778491019609722112e+00 2.763473149879685398e+00 2.749086804270276740e+00 2.735433088165559301e+00 2.722607338557755607e+00 2.710698414800131406e+00 2.699788038994251682e+00 2.689950190999939039e+00 2.681250562639981183e+00 2.673746075220615026e+00 2.667484464006479428e+00 2.662503932778772953e+00 2.658832881071664822e+00 2.656489706128595252e+00 2.655482681051274163e+00 2.655809910034145904e+00 2.657459360990372499e+00 2.660408975286408850e+00 2.664626853715430954e+00 2.670071517259813731e+00 2.676692240623845809e+00 2.684429455964322031e+00 2.693215223712715822e+00 2.702973766872435846e+00 2.713622064692017943e+00 2.725070501163763925e+00 2.737223563380630775e+00 2.749980584405395945e+00 2.763236524968018415e+00 2.776882788012398517e+00 2.790808059864528179e+00 2.804899171592300178e+00 2.819041973974467652e+00 2.833122219393687136e+00 2.847026443916855332e+00 2.860642842825631860e+00 2.873862132910965261e+00 2.886578394947383774e+00 2.898689889914798812e+00 2.910099842736635356e+00 2.920717187551609584e+00 2.930457268830494844e+00 2.939242492986652966e+00 2.947002925507213877e+00 2.953676829047816366e+00 2.959211138384551187e+00 2.963561868598736382e+00 2.966694453379766561e+00 2.968584010864562917e+00 2.969215534985190086e+00 2.968584010864562917e+00 2.966694453379766561e+00 2.963561868598736382e+00 2.959211138384551187e+00 2.953676829047816366e+00 2.947002925507213877e+00 2.939242492986652966e+00 2.930457268830494844e+00 2.920717187551609584e+00 2.910099842736635356e+00 2.898689889914798812e+00 2.886578394947383774e+00 2.873862132910965261e+00 2.860642842825631860e+00 2.847026443916855332e+00 2.833122219393687136e+00 2.819041973974467652e+00 2.804899171592300178e+00 2.790808059864528179e+00 2.776882788012398517e+00 2.763236524968018415e+00 2.749980584405395945e+00 2.737223563380630775e+00 2.725070501163763925e+00 2.713622064692017943e+00 2.702973766872435846e+00 2.693215223712715822e+00 2.684429455964322031e+00 2.676692240623845809e+00 2.670071517259813731e+00 2.664626853715430954e+00 2.660408975286408850e+00 2.657459360990372499e+00 2.655809910034145904e+00 2.655482681051274163e+00 2.656489706128595252e+00 2.658832881071664822e+00 2.662503932778772953e+00 2.667484464006479428e+00 2.673746075220615026e+00 2.681250562639981183e+00 2.689950190999939039e+00 2.699788038994251682e+00 2.710698414800131406e+00 2.722607338557755607e+00 2.735433088165559301e+00 2.749086804270276740e+00 2.763473149879685398e+00 2.778491019609722112e+00 2.794034293199235020e+00 2.809992627588067560e+00 2.826252281559876511e+00 2.842696966702490169e+00 2.859208718237406632e+00 2.875668779117926732e+00 2.891958490693451456e+00 2.907960183186471426e+00 2.923558059229151240e+00 2.938639063758097247e+00 2.953093733668580523e+00 2.966817020782320569e+00 2.979709081884781341e+00 2.991676029837332607e+00 3.002630640064465339e+00 3.012493007054661831e+00 3.021191145892445196e+00 3.028661534256185117e+00 3.034849590767839889e+00 3.039710086063825312e+00 3.043207483466729091e+00 3.045316206671911274e+00 3.046020832417033475e+00 3.045316206671911274e+00 3.043207483466729091e+00 3.039710086063825312e+00 3.034849590767839889e+00 3.028661534256185117e+00 3.021191145892445196e+00 3.012493007054661831e+00 3.002630640064465339e+00 2.991676029837332607e+00 2.979709081884781341e+00 2.966817020782320569e+00
3.012336941221662290e+00 2.996062413388139500e+00 2.978995999629013625e+00 2.961259966692983969e+00 2.942981163125773403e+00 2.924290069358442157e+00 2.905319821104598521e+00 2.886205213467762487e+00 2.867081693305193912e+00 2.848084347482199963e+00 2.829346894680586200e+00 2.811000688396298131e+00 2.793173738674703532e+00 2.775989759987937955e+00 2.759567252458407172e+00 2.744018623377633137e+00 2.729449355661637711e+00 2.715957229525908456e+00 2.703631603256850813e+00 2.692552758506058463e+00 2.682791315041805902e+00 2.674407719362851932e+00 2.667451811016886776e+00 2.661962469874047610e+00 2.657967346989325019e+00 2.655482681051274163e+00 2.654513201762728425e+00 2.655052120837539054e+00 2.657081210630481305e+00 2.660570969750561066e+00 2.665480874346122242e+00 2.671759713098387667e+00 2.679346003323315184e+00 2.688168484964835958e+00 2.698146688670245208e+00 2.709191573575339351e+00 2.721206229897111140e+00 2.734086640939338508e+00 2.747722498665222890e+00 2.761998066584453237e+00 2.776793083343147561e+00 2.791983700096439147e+00 2.807443444487670359e+00 2.823044203856949874e+00 2.838657220156906025e+00 2.854154088965859870e+00 2.869407754958956946e+00 2.884293496226447928e+00 2.898689889914798812e+00 2.912479751810270301e+00 2.925551042684674030e+00 2.937797734477863631e+00 2.949120629699112595e+00 2.959428127787489426e+00 2.968636932577079168e+00 2.976672695463122409e+00 2.983470589356632896e+00 2.988975809043896259e+00 2.993143994129517704e+00 2.995941571333032183e+00 2.997346013525094222e+00 2.997346013525094222e+00 2.995941571333032183e+00 2.993143994129517704e+00 2.988975809043896259e+00 2.983470589356632896e+00 2.976672695463122409e+00 2.968636932577079168e+00 2.959428127787489426e+00 2.949120629699112595e+00 2.937797734477863631e+00 2.925551042684674030e+00 2.912479751810270301e+00 2.898689889914798812e+00 2.884293496226447928e+00 2.869407754958956946e+00 2.854154088965859870e+00 2.838657220156906025e+00 2.823044203856949874e+00 2.807443444487670359e+00 2.791983700096439147e+00 2.776793083343147561e+00 2.761998066584453237e+00 2.747722498665222890e+00 2.734086640939338508e+00 2.721206229897111140e+00 2.709191573575339351e+00 2.698146688670245208e+00 2.688168484964835958e+00 2.679346003323315184e+00 2.671759713098387667e+00 2.665480874346122242e+00 2.660570969750561066e+00 2.657081210630481305e+00 2.655052120837539054e+00 2.654513201762728425e+00 2.655482681051274163e+00 2.657967346989325019e+00 2.661962469874047610e+00 2.667451811016886776e+00 2.674407719362851932e+00 2.682791315041805902e+00 2.692552758506058463e+00 2.703631603256850813e+00 2.715957229525908456e+00 2.729449355661637711e+00 2.744018623377633137e+00 2.759567252458407172e+00 2.775989759987937955e+00 2.793173738674703532e+00 2.811000688396298131e+00 2.829346894680586200e+00 2.848084347482199963e+00 2.867081693305193912e+00 2.886205213467762487e+00 2.905319821104598521e+00 2.924290069358442157e+00 2.942981163125773403e+00 2.961259966692983969e+00 2.978995999629013625e+00 2.996062413388139500e+00 3.012336941221662290e+00 3.027702814198558912e+00 3.042049636391240597e+00 3.055274212591394534e+00 3.067281322280269507e+00 3.077984433984664037e+00 3.087306354601678127e+00 3.095179808767980489e+00 3.101547943879751301e+00 3.106364756933038151e+00 3.109595439947172579e+00 3.111216641351286061e+00 3.111216641351286061e+00 3.109595439947172579e+00 3.106364756933038151e+00 3.101547943879751301e+00 3.095179808767980489e+00 3.087306354601678127e+00 3.077984433984664037e+00 3.067281322280269507e+00 3.055274212591394534e+00 3.042049636391240597e+00 3.027702814198558912e+00
3.074042598978394381e+00 3.056146278473368838e+00 3.037281914124828841e+00 3.017583335591291771e+00 2.997190030571738717e+00 2.976246103074830618e+00 2.954899197832441260e+00 2.933299399003184593e+00 2.911598111504869468e+00 2.889946933444748733e+00 2.868496528182040706e+00 2.847395504557834300e+00 2.826789313763375500e+00 2.806819171189172124e+00 2.787621011405441163e+00 2.769324484170550438e+00 2.752051999050303177e+00 2.735917825859415231e+00 2.721027257710380898e+00 2.707475842977155267e+00 2.695348691955457010e+00 2.684719863432036835e+00 2.675651835766142295e+00 2.668195066442518026e+00 2.662387643381274760e+00 2.658255030591133217e+00 2.655809910034145904e+00 2.655052120837539054e+00 2.655968696247267502e+00 2.658533997974058760e+00 2.662709946841582020e+00 2.668446347913772332e+00 2.675681307559635957e+00 2.684341739214713751e+00 2.694343953923967749e+00 2.705594331106388140e+00 2.717990064371996084e+00 2.731419976651686898e+00 2.745765398374061750e+00 2.760901101944734481e+00 2.776696285356548444e+00 2.793015597386668158e+00 2.809720196521602542e+00 2.826668835496265686e+00 2.843718963139989508e+00 2.860727835092655269e+00 2.877553624888574024e+00 2.894056526905042670e+00 2.910099842736635356e+00 2.925551042684674030e+00 2.940282794243071152e+00 2.954173949715367176e+00 2.967110485411296406e+00 2.978986385242309964e+00 2.989704461961280035e+00 2.999177109768836669e+00 3.007326982533925275e+00 3.014087592445010788e+00 3.019403824516832202e+00 3.023232363020791791e+00 3.025542026580360755e+00 3.026314009370832725e+00 3.025542026580360755e+00 3.023232363020791791e+00 3.019403824516832202e+00 3.014087592445010788e+00 3.007326982533925275e+00 2.999177109768836669e+00 2.989704461961280035e+00 2.978986385242309964e+00 2.967110485411296406e+00 2.954173949715367176e+00 2.940282794243071152e+00 2.925551042684674030e+00 2.910099842736635356e+00 2.894056526905042670e+00 2.877553624888574024e+00 2.860727835092655269e+00 2.843718963139989508e+00 2.826668835496265686e+00 2.809720196521602542e+00 2.793015597386668158e+00 2.776696285356548444e+00 2.760901101944734481e+00 2.745765398374061750e+00 2.731419976651686898e+00 2.717990064371996084e+00 2.705594331106388140e+00 2.694343953923967749e+00 2.684341739214713751e+00 2.675681307559635957e+00 2.668446347913772332e+00 2.662709946841582020e+00 2.658533997974058760e+00 2.655968696247267502e+00 2.655052120837539054e+00 2.655809910034145904e+00 2.658255030591133217e+00 2.662387643381274760e+00 2.668195066442518026e+00 2.675651835766142295e+00 2.684719863432036835e+00 2.695348691955457010e+00 2.707475842977155267e+00 2.721027257710380898e+00 2.735917825859415231e+00 2.752051999050303177e+00 2.769324484170550438e+00 2.787621011405441163e+00 2.806819171189172124e+00 2.826789313763375500e+00 2.847395504557834300e+00 2.868496528182040706e+00 2.889946933444748733e+00 2.911598111504869468e+00 2.933299399003184593e+00 2.954899197832441260e+00 2.976246103074830618e+00 2.997190030571738717e+00 3.017583335591291771e+00 3.037281914124828841e+00 3.056146278473368838e+00 3.074042598978394381e+00 3.090843704006596138e+00 3.106430030613335003e+00 3.120690518682463388e+00 3.133523441767605444e+00 3.144837168339138511e+00 3.154550847667938029e+00 3.162595015147795063e+00 3.168912112468661224e+00 3.173456918698053908e+00 3.176196889003119583e+00 3.177112398445803620e+00 3.176196889003119583e+00 3.173456918698053908e+00 3.168912112468661224e+00 3.162595015147795063e+00 3.154550847667938029e+00 3.144837168339138511e+00 3.133523441767605444e+00 3.120690518682463388e+00 3.106430030613335003e+00 3.090843704006596138e+00
3.137741089624356494e+00 3.118431096199527630e+00 3.097967802812156890e+00 3.076495284907487360e+00 3.054164428719882807e+00 3.031131806793966987e+00 3.007558511840246140e+00 2.983608957751771040e+00 2.959449656855374311e+00 2.935247982649039411e+00 2.911170927384576057e+00 2.887383863891415103e+00 2.864049321002465565e+00 2.841325781837035880e+00 2.819366514019561176e+00 2.798318440667638018e+00 2.778321060670563725e+00 2.759505426402492745e+00 2.741993186575476305e+00 2.725895701440251173e+00 2.711313236990539721e+00 2.698334244224033895e+00 2.687034728864721611e+00 2.677477716261703833e+00 2.669712815454424071e+00 2.663775885638814511e+00 2.659688807488946427e+00 2.657459360990372499e+00 2.657081210630481305e+00 2.658533997974058760e+00 2.661783540835056527e+00 2.666782137444556167e+00 2.673468973216228672e+00 2.681770626930329637e+00 2.691601672401332745e+00 2.702865370968529302e+00 2.715454449458697628e+00 2.729251957620661972e+00 2.744132198428061997e+00 2.759961724093555002e+00 2.776600390139237984e+00 2.793902459427939799e+00 2.811717747681804269e+00 2.829892801700799598e+00 2.848272101247172561e+00 2.866699275384029022e+00 2.885018323948635999e+00 2.903074834804583393e+00 2.920717187551609584e+00 2.937797734477863631e+00 2.954173949715367176e+00 2.969709537804426258e+00 2.984275493184751937e+00 2.997751102507650867e+00 3.010024882102058097e+00 3.020995443424027815e+00 3.030572279870712205e+00 3.038676468941822861e+00 3.045241284379270663e+00 3.050212713604360193e+00 3.053549876496235882e+00 3.055225342309741521e+00 3.055225342309741521e+00 3.053549876496235882e+00 3.050212713604360193e+00 3.045241284379270663e+00 3.038676468941822861e+00 3.030572279870712205e+00 3.020995443424027815e+00 3.010024882102058097e+00 2.997751102507650867e+00 2.984275493184751937e+00 2.969709537804426258e+00 2.954173949715367176e+00 2.937797734477863631e+00 2.920717187551609584e+00 2.903074834804583393e+00 2.885018323948635999e+00 2.866699275384029022e+00 2.848272101247172561e+00 2.829892801700799598e+00 2.811717747681804269e+00 2.793902459427939799e+00 2.776600390139237984e+00 2.759961724093555002e+00 2.744132198428061997e+00 2.729251957620661972e+00 2.715454449458697628e+00 2.702865370968529302e+00 2.691601672401332745e+00 2.681770626930329637e+00 2.673468973216228672e+00 2.666782137444556167e+00 2.661783540835056527e+00 2.658533997974058760e+00 2.657081210630481305e+00 2.657459360990372499e+00 2.659688807488946427e+00 2.663775885638814511e+00 2.669712815454424071e+00 2.677477716261703833e+00 2.687034728864721611e+00 2.698334244224033895e+00 2.711313236990539721e+00 2.725895701440251173e+00 2.741993186575476305e+00 2.759505426402492745e+00 2.778321060670563725e+00 2.798318440667638018e+00 2.819366514019561176e+00 2.841325781837035880e+00 2.864049321002465565e+00 2.887383863891415103e+00 2.911170927384576057e+00 2.935247982649039411e+00 2.959449656855374311e+00 2.983608957751771040e+00 3.007558511840246140e+00 3.031131806793966987e+00 3.054164428719882807e+00 3.076495284907487360e+00 3.097967802812156890e+00 3.118431096199527630e+00 3.137741089624356494e+00 3.155761592731272547e+00 3.172365316243643374e+00 3.187434821947254360e+00 3.200863399474609405e+00 3.212555863249308974e+00 3.222429263554205559e+00 3.230413506337065144e+00 3.236451877058572180e+00 3.240501464614085947e+00 3.242533482117614607e+00 3.242533482117614607e+00 3.240501464614085947e+00 3.236451877058572180e+00 3.230413506337065144e+00 3.222429263554205559e+00 3.212555863249308974e+00 3.200863399474609405e+00 3.187434821947254360e+00 3.172365316243643374e+00 3.155761592731272547e+00
3.202947629183530154e+00 3.182440398673323401e+00 3.160587087807156692e+00 3.137540635293112334e+00 3.113462009432893307e+00 3.088519010522508434e+00 3.062885023205573543e+00 3.036737728218589893e+00 3.010257783273011523e+00 2.983627483050282247e+00 2.957029408441666174e+00 2.930645075243244246e+00 2.904653592517550731e+00 2.879230340756735895e+00 2.854545679828633720e+00 2.830763696457776479e+00 2.808041000689973199e+00 2.786525580413924619e+00 2.766355722569302511e+00 2.747659009161143473e+00 2.730551395629268630e+00 2.715136378492939428e+00 2.701504258510057266e+00 2.689731504861943900e+00 2.679880225104736002e+00 2.671997744822567356e+00 2.666116300081978530e+00 2.662252844927998296e+00 2.660408975286408850e+00 2.660570969750561066e+00 2.662709946841582020e+00 2.666782137444556167e+00 2.672729270247087729e+00 2.680479067147226058e+00 2.689945844761529425e+00 2.701031217357556358e+00 2.713624895764270573e+00 2.727605576084725758e+00 2.742841911353488982e+00 2.759193558651616751e+00 2.776512293619638694e+00 2.794643183798066755e+00 2.813425811779431296e+00 2.832695538779133049e+00 2.852284798927276821e+00 2.872024414352571053e+00 2.891744920973905675e+00 2.911277894836759028e+00 2.930457268830494844e+00 2.949120629699112595e+00 2.967110485411296406e+00 2.984275493184751937e+00 3.000471638762804094e+00 3.015563357915981513e+00 3.029424591584801263e+00 3.041939766588902305e+00 3.053004694398153251e+00 3.062527381089007239e+00 3.070428742289465607e+00 3.076643217643265427e+00 3.081119280092908586e+00 3.083819836085920585e+00 3.084722513643165964e+00 3.083819836085920585e+00 3.081119280092908586e+00 3.076643217643265427e+00 3.070428742289465607e+00 3.062527381089007239e+00 3.053004694398153251e+00 3.041939766588902305e+00 3.029424591584801263e+00 3.015563357915981513e+00 3.000471638762804094e+00 2.984275493184751937e+00 2.967110485411296406e+00 2.949120629699112595e+00 2.930457268830494844e+00 2.911277894836759028e+00 2.891744920973905675e+00 2.872024414352571053e+00 2.852284798927276821e+00 2.832695538779133049e+00 2.813425811779431296e+00 2.794643183798066755e+00 2.776512293619638694e+00 2.759193558651616751e+00 2.742841911353488982e+00 2.727605576084725758e+00 2.713624895764270573e+00 2.701031217357556358e+00 2.689945844761529425e+00 2.680479067147226058e+00 2.672729270247087729e+00 2.666782137444556167e+00 2.662709946841582020e+00 2.660570969750561066e+00 2.660408975286408850e+00 2.662252844927998296e+00 2.666116300081978530e+00 2.671997744822567356e+00 2.679880225104736002e+00 2.689731504861943900e+00 2.701504258510057266e+00 2.715136378492939428e+00 2.730551395629268630e+00 2.747659009161143473e+00 2.766355722569302511e+00 2.786525580413924619e+00 2.808041000689973199e+00 2.830763696457776479e+00 2.854545679828633720e+00 2.879230340756735895e+00 2.904653592517550731e+00 2.930645075243244246e+00 2.957029408441666174e+00 2.983627483050282247e+00 3.010257783273011523e+00 3.036737728218589893e+00 3.062885023205573543e+00 3.088519010522508434e+00 3.113462009432893307e+00 3.137540635293112334e+00 3.160587087807156692e+00 3.182440398673323401e+00 3.202947629183530154e+00 3.221965008713112866e+00 3.239359005484943932e+00 3.255007321503305295e+00 3.268799804126066633e+00 3.280639267374073409e+00 3.290442216759471794e+00 3.298139472144808959e+00 3.303676683916523249e+00 3.307014738564090006e+00 3.308130050593453664e+00 3.307014738564090006e+00 3.303676683916523249e+00 3.298139472144808959e+00 3.290442216759471794e+00 3.280639267374073409e+00 3.268799804126066633e+00 3.255007321503305295e+00 3.239359005484943932e+00 3.221965008713112866e+00
3.269165956517084748e+00 3.247684443780846308e+00 3.224658173173916342e+00 3.200247510204411228e+00 3.174622123918400263e+00 3.147959726283909632e+00 3.120444752651252873e+00 3.092266993269398245e+00 3.063620186206456708e+00 3.034700582311879113e+00 3.005705493066858747e+00 2.976831832295777414e+00 2.948274662754590825e+00 2.920225758571415753e+00 2.892872194390582408e+00 2.866394971864965058e+00 2.840967693854204779e+00 2.816755296320470947e+00 2.793912847471720529e+00 2.772584423188102942e+00 2.752902067184406221e+00 2.734984843714451497e+00 2.718937989917209919e+00 2.704852174144463550e+00 2.692802865801791512e+00 2.682849821384787337e+00 2.675036690507106574e+00 2.669390744802941473e+00 2.665922731650834265e+00 2.664626853715430954e+00 2.665480874346122242e+00 2.668446347913772332e+00 2.673468973216228672e+00 2.680479067147226058e+00 2.689392154908788246e+00 2.700109672161281171e+00 2.712519773654535893e+00 2.726498242074526956e+00 2.741909490079026401e+00 2.758607647788254180e+00 2.776437727348254558e+00 2.795236855600404358e+00 2.814835565374586679e+00 2.835059135480012760e+00 2.855728969099949222e+00 2.876664000007274069e+00 2.897682115809288472e+00 2.918601587303942591e+00 2.939242492986652966e+00 2.959428127787489426e+00 2.978986385242309964e+00 2.997751102507650867e+00 3.015563357915981513e+00 3.032272711133466192e+00 3.047738376423452689e+00 3.061830320032560504e+00 3.074430273298261351e+00 3.085432653722884222e+00 3.094745386964208311e+00 3.102290623451671170e+00 3.108005344144106896e+00 3.111841850793547692e+00 3.113768136963621203e+00 3.113768136963621203e+00 3.111841850793547692e+00 3.108005344144106896e+00 3.102290623451671170e+00 3.094745386964208311e+00 3.085432653722884222e+00 3.074430273298261351e+00 3.061830320032560504e+00 3.047738376423452689e+00 3.032272711133466192e+00 3.015563357915981513e+00 2.997751102507650867e+00 2.978986385242309964e+00 2.959428127787489426e+00 2.939242492986652966e+00 2.918601587303942591e+00 2.897682115809288472e+00 2.876664000007274069e+00 2.855728969099949222e+00 2.835059135480012760e+00 2.814835565374586679e+00 2.795236855600404358e+00 2.776437727348254558e+00 2.758607647788254180e+00 2.741909490079026401e+00 2.726498242074526956e+00 2.712519773654535893e+00 2.700109672161281171e+00 2.689392154908788246e+00 2.680479067147226058e+00 2.673468973216228672e+00 2.668446347913772332e+00 2.665480874346122242e+00 2.664626853715430954e+00 2.665922731650834265e+00 2.669390744802941473e+00 2.675036690507106574e+00 2.682849821384787337e+00 2.692802865801791512e+00 2.704852174144463550e+00 2.718937989917209919e+00 2.734984843714451497e+00 2.752902067184406221e+00 2.772584423188102942e+00 2.793912847471720529e+00 2.816755296320470947e+00 2.840967693854204779e+00 2.866394971864965058e+00 2.892872194390582408e+00 2.920225758571415753e+00 2.948274662754590825e+00 2.976831832295777414e+00 3.005705493066858747e+00 3.034700582311879113e+00 3.063620186206456708e+00 3.092266993269398245e+00 3.120444752651252873e+00 3.147959726283909632e+00 3.174622123918400263e+00 3.200247510204411228e+00 3.224658173173916342e+00 3.247684443780846308e+00 3.269165956517084748e+00 3.288952841569103835e+00 3.306906839496107864e+00 3.322902329995665038e+00 3.336827266971994277e+00 3.348584012830368550e+00 3.358090065683299930e+00 3.365278673964228418e+00 3.370099333796388041e+00 3.372518165351888086e+00 3.372518165351888086e+00 3.370099333796388041e+00 3.365278673964228418e+00 3.358090065683299930e+00 3.348584012830368550e+00 3.336827266971994277e+00 3.322902329995665038e+00 3.306906839496107864e+00 3.288952841569103835e+00
3.335892110170293190e+00 3.313663947356070949e+00 3.289688119726370541e+00 3.264130941034347533e+00 3.237169346358667710e+00 3.208989578967132328e+00 3.179785808966776539e+00 3.149758694184685126e+00 3.119113894158540123e+00 3.088060548468057220e+00 3.056809730905301947e+00 3.025572891161268263e+00 2.994560295796926841e+00 2.963979480268259525e+00 2.934033723686777506e+00 2.904920557820314553e+00 2.876830321574718852e+00 2.849944771847679803e+00 2.824435761213742069e+00 2.800463992388099399e+00 2.778177858829714353e+00 2.757712380186323031e+00 2.739188240559868870e+00 2.722710936786395308e+00 2.708370043085427170e+00 2.696238597546737115e+00 2.686372614993852270e+00 2.678810729800915613e+00 2.673573971249672443e+00 2.670665673004171570e+00 2.670071517259813731e+00 2.671759713098387667e+00 2.675681307559635957e+00 2.681770626930329637e+00 2.689945844761529425e+00 2.700109672161281171e+00 2.712150164980609901e+00 2.725941641622559697e+00 2.741345704363871594e+00 2.758212356293041623e+00 2.776381205243036110e+00 2.795682745437291228e+00 2.815939706978843660e+00 2.836968462799015267e+00 2.858580482247841115e+00 2.880583820156823904e+00 2.902784629938079064e+00 2.924988689104793593e+00 2.947002925507213877e+00 2.968636932577079168e+00 2.989704461961280035e+00 3.010024882102058097e+00 3.029424591584801263e+00 3.047738376423452689e+00 3.064810700885116646e+00 3.080496921966240809e+00 3.094664418218913138e+00 3.107193624282940991e+00 3.117978963202306275e+00 3.126929669387954913e+00 3.133970495926653665e+00 3.139042300821381914e+00 3.142102507675824441e+00 3.143125437296693026e+00 3.142102507675824441e+00 3.139042300821381914e+00 3.133970495926653665e+00 3.126929669387954913e+00 3.117978963202306275e+00 3.107193624282940991e+00 3.094664418218913138e+00 3.080496921966240809e+00 3.064810700885116646e+00 3.047738376423452689e+00 3.029424591584801263e+00 3.010024882102058097e+00 2.989704461961280035e+00 2.968636932577079168e+00 2.947002925507213877e+00 2.924988689104793593e+00 2.902784629938079064e+00 2.880583820156823904e+00 2.858580482247841115e+00 2.836968462799015267e+00 2.815939706978843660e+00 2.795682745437291228e+00 2.776381205243036110e+00 2.758212356293041623e+00 2.741345704363871594e+00 2.725941641622559697e+00 2.712150164980609901e+00 2.700109672161281171e+00 2.689945844761529425e+00 2.681770626930329637e+00 2.675681307559635957e+00 2.671759713098387667e+00 2.670071517259813731e+00 2.670665673004171570e+00 2.673573971249672443e+00 2.678810729800915613e+00 2.686372614993852270e+00 2.696238597546737115e+00 2.708370043085427170e+00 2.722710936786395308e+00 2.739188240559868870e+00 2.757712380186323031e+00 2.778177858829714353e+00 2.800463992388099399e+00 2.824435761213742069e+00 2.849944771847679803e+00 2.876830321574718852e+00 2.904920557820314553e+00 2.934033723686777506e+00 2.963979480268259525e+00 2.994560295796926841e+00 3.025572891161268263e+00 3.056809730905301947e+00 3.088060548468057220e+00 3.119113894158540123e+00 3.149758694184685126e+00 3.179785808966776539e+00 3.208989578967132328e+00 3.237169346358667710e+00 3.264130941034347533e+00 3.289688119726370541e+00 3.313663947356070949e+00 3.335892110170293190e+00 3.356218150734140426e+00 3.374500615439606221e+00 3.390612105850168589e+00 3.404440225927951147e+00 3.415888417977024805e+00 3.424876680977867682e+00 3.431342165877470762e+00 3.435239643330413539e+00 3.436541840351237553e+00 3.435239643330413539e+00 3.431342165877470762e+00 3.424876680977867682e+00 3.415888417977024805e+00 3.404440225927951147e+00 3.390612105850168589e+00 3.374500615439606221e+00 3.356218150734140426e+00
3.402618263823501632e+00 3.379873888245989111e+00 3.355176406719206472e+00 3.328696572733739867e+00 3.300617111148365534e+00 3.271131363335506137e+00 3.240441854493591567e+00 3.208758793956209221e+00 3.176298519832317258e+00 3.143281899730076656e+00 3.109932699645987952e+00 3.076475933338182589e+00 3.043136204646478049e+00 3.010136055270790312e+00 2.977694330473539708e+00 2.946024575030975257e+00 2.915333471524181430e+00 2.885819332734410381e+00 2.857670659492097531e+00 2.831064774827407149e+00 2.806166544686372166e+00 2.783127194815018246e+00 2.762083232679386935e+00 2.743155482487626529e+00 2.726448240517513000e+00 2.712048557035332763e+00 2.700025650127097609e+00 2.690430455757896411e+00 2.683295317337397012e+00 2.678633817007120665e+00 2.676440749786053175e+00 2.676692240623845809e+00 2.679346003323315184e+00 2.684341739214713751e+00 2.691601672401332745e+00 2.701031217357556358e+00 2.712519773654535893e+00 2.725941641622559697e+00 2.741157051840708458e+00 2.758013300480062213e+00 2.776345981723515433e+00 2.795980307749001970e+00 2.816732506099382416e+00 2.838411283676383068e+00 2.860819346092272841e+00 2.883754960695204428e+00 2.907013551255615003e+00 2.930389312064113128e+00 2.953676829047816366e+00 2.976672695463122409e+00 2.999177109768836669e+00 3.020995443424027815e+00 3.041939766588902305e+00 3.061830320032560504e+00 3.080496921966240809e+00 3.097780299021440698e+00 3.113533331175220908e+00 3.127622201085699771e+00 3.139927439034158052e+00 3.150344855470610383e+00 3.158786354021279053e+00 3.165180618732276852e+00 3.169473670287212830e+00 3.171629286940007564e+00 3.171629286940007564e+00 3.169473670287212830e+00 3.165180618732276852e+00 3.158786354021279053e+00 3.150344855470610383e+00 3.139927439034158052e+00 3.127622201085699771e+00 3.113533331175220908e+00 3.097780299021440698e+00 3.080496921966240809e+00 3.061830320032560504e+00 3.041939766588902305e+00 3.020995443424027815e+00 2.999177109768836669e+00 2.976672695463122409e+00 2.953676829047816366e+00 2.930389312064113128e+00 2.907013551255615003e+00 2.883754960695204428e+00 2.860819346092272841e+00 2.838411283676383068e+00 2.816732506099382416e+00 2.795980307749001970e+00 2.776345981723515433e+00 2.758013300480062213e+00 2.741157051840708458e+00 2.725941641622559697e+00 2.712519773654535893e+00 2.701031217357556358e+00 2.691601672401332745e+00 2.684341739214713751e+00 2.679346003323315184e+00 2.676692240623845809e+00 2.676440749786053175e+00 2.678633817007120665e+00 2.683295317337397012e+00 2.690430455757896411e+00 2.700025650127097609e+00 2.712048557035332763e+00 2.726448240517513000e+00 2.743155482487626529e+00 2.762083232679386935e+00 2.783127194815018246e+00 2.806166544686372166e+00 2.831064774827407149e+00 2.857670659492097531e+00 2.885819332734410381e+00 2.915333471524181430e+00 2.946024575030975257e+00 2.977694330473539708e+00 3.010136055270790312e+00 3.043136204646478049e+00 3.076475933338182589e+00 3.109932699645987952e+00 3.143281899730076656e+00 3.176298519832317258e+00 3.208758793956209221e+00 3.240441854493591567e+00 3.271131363335506137e+00 3.300617111148365534e+00 3.328696572733739867e+00 3.355176406719206472e+00 3.379873888245989111e+00 3.402618263823501632e+00 3.423252018107736827e+00 3.441632043024835053e+00 3.457630700398627965e+00 3.471136770045334163e+00 3.482056276164246622e+00 3.490313185773223470e+00 3.495849973905453378e+00 3.498628051291584828e+00 3.498628051291584828e+00 3.495849973905453378e+00 3.490313185773223470e+00 3.482056276164246622e+00 3.471136770045334163e+00 3.457630700398627965e+00 3.441632043024835053e+00 3.423252018107736827e+00
3.468836591157056670e+00 3.445807357303609653e+00 3.420618751779709310e+00 3.393444441691500391e+00 3.364471436022719697e+00 3.333898700081310285e+00 3.301935682249737436e+00 3.268800764173285689e+00 3.234719646097174106e+00 3.199923679550910283e+00 3.164648159973221908e+00 3.129130592170167091e+00 3.093608941700356940e+00 3.058319885383113945e+00 3.023497074127041273e+00 2.989369421177959563e+00 2.956159428687129331e+00 2.924081565204749378e+00 2.893340706312079735e+00 2.864130650121216259e+00 2.836632718798210551e+00 2.811014456607266343e+00 2.787428434236197461e+00 2.766011168351707905e+00 2.746882164453719355e+00 2.730143090157422847e+00 2.715877085037278871e+00 2.704148212126359585e+00 2.695001055085058272e+00 2.688460463943716849e+00 2.684531451192294416e+00 2.683199238845687784e+00 2.684429455964322031e+00 2.688168484964835958e+00 2.694343953923967749e+00 2.702865370968529302e+00 2.713624895764270573e+00 2.726498242074526956e+00 2.741345704363871594e+00 2.758013300480062213e+00 2.776334021566571497e+00 2.796129179544590837e+00 2.817209841763869349e+00 2.839378341761541691e+00 2.862429854492491543e+00 2.886154023907869348e+00 2.910336630364064536e+00 2.934761285045626611e+00 2.959211138384551187e+00 2.983470589356632896e+00 3.007326982533925275e+00 3.030572279870712205e+00 3.053004694398153251e+00 3.074430273298261351e+00 3.094664418218913138e+00 3.113533331175220908e+00 3.130875374955035539e+00 3.146542337603310813e+00 3.160400591296510964e+00 3.172332136728496454e+00 3.182235525007364174e+00 3.190026650001599240e+00 3.195639405066809768e+00 3.199026199123220504e+00 3.200158328131669006e+00 3.199026199123220504e+00 3.195639405066809768e+00 3.190026650001599240e+00 3.182235525007364174e+00 3.172332136728496454e+00 3.160400591296510964e+00 3.146542337603310813e+00 3.130875374955035539e+00 3.113533331175220908e+00 3.094664418218913138e+00 3.074430273298261351e+00 3.053004694398153251e+00 3.030572279870712205e+00 3.007326982533925275e+00 2.983470589356632896e+00 2.959211138384551187e+00 2.934761285045626611e+00 2.910336630364064536e+00 2.886154023907869348e+00 2.862429854492491543e+00 2.839378341761541691e+00 2.817209841763869349e+00 2.796129179544590837e+00 2.776334021566571497e+00 2.758013300480062213e+00 2.741345704363871594e+00 2.726498242074526956e+00 2.713624895764270573e+00 2.702865370968529302e+00 2.694343953923967749e+00 2.688168484964835958e+00 2.684429455964322031e+00 2.683199238845687784e+00 2.684531451192294416e+00 2.688460463943716849e+00 2.695001055085058272e+00 2.704148212126359585e+00 2.715877085037278871e+00 2.730143090157422847e+00 2.746882164453719355e+00 2.766011168351707905e+00 2.787428434236197461e+00 2.811014456607266343e+00 2.836632718798210551e+00 2.864130650121216259e+00 2.893340706312079735e+00 2.924081565204749378e+00 2.956159428687129331e+00 2.989369421177959563e+00 3.023497074127041273e+00 3.058319885383113945e+00 3.093608941700356940e+00 3.129130592170167091e+00 3.164648159973221908e+00 3.199923679550910283e+00 3.234719646097174106e+00 3.268800764173285689e+00 3.301935682249737436e+00 3.333898700081310285e+00 3.364471436022719697e+00 3.393444441691500391e+00 3.420618751779709310e+00 3.445807357303609653e+00 3.468836591157056670e+00 3.489547415495467320e+00 3.507796601217898935e+00 3.523457790629532571e+00 3.536422435249168661e+00 3.546600601669863462e+00 3.553921639378190278e+00 3.558334705481275506e+00 3.559809142372787338e+00 3.558334705481275506e+00 3.553921639378190278e+00 3.546600601669863462e+00 3.536422435249168661e+00 3.523457790629532571e+00 3.507796601217898935e+00 3.489547415495467320e+00
3.534043130716229886e+00 3.510959421005239722e+00 3.485510959988233903e+00 3.457872797092438777e+00 3.428234702702603443e+00 3.396799763055120991e+00 3.363782877416456873e+00 3.329409168901793947e+00 3.293912320940336258e+00 3.257532851952980479e+00 3.220516341271967065e+00 3.183111619696918027e+00 3.145568938344849741e+00 3.108138129611162981e+00 3.071066774113060394e+00 3.034598387436023614e+00 2.998970640348190830e+00 2.964413625887905912e+00 2.931148186368487174e+00 2.899384312883949821e+00 2.869319629343633604e+00 2.841137972416710511e+00 2.815008078034173522e+00 2.791082384281852402e+00 2.769495959629430626e+00 2.750365564484035019e+00 2.733788853040186595e+00 2.719843721328284669e+00 2.708587806249678653e+00 2.700058139236072297e+00 2.694270956993420452e+00 2.691221670594436066e+00 2.690884992978546109e+00 2.693215223712715822e+00 2.698146688670245208e+00 2.705594331106388140e+00 2.715454449458697628e+00 2.727605576084725758e+00 2.741909490079026401e+00 2.758212356293041623e+00 2.776345981723515433e+00 2.796129179544590837e+00 2.817369230242606992e+00 2.839863428577043436e+00 2.863400704441514844e+00 2.887763305140343295e+00 2.912728526133072648e+00 2.938070476934953490e+00 2.963561868598736382e+00 2.988975809043896259e+00 3.014087592445010788e+00 3.038676468941822861e+00 3.062527381089007239e+00 3.085432653722884222e+00 3.107193624282940991e+00 3.127622201085699771e+00 3.146542337603310813e+00 3.163791411445272317e+00 3.179221497473863511e+00 3.192700525296592318e+00 3.204113312266120506e+00 3.213362464072886393e+00 3.220369136030674095e+00 3.225073649223171746e+00 3.227435956791584459e+00 3.227435956791584459e+00 3.225073649223171746e+00 3.220369136030674095e+00 3.213362464072886393e+00 3.204113312266120506e+00 3.192700525296592318e+00 3.179221497473863511e+00 3.163791411445272317e+00 3.146542337603310813e+00 3.127622201085699771e+00 3.107193624282940991e+00 3.085432653722884222e+00 3.062527381089007239e+00 3.038676468941822861e+00 3.014087592445010788e+00 2.988975809043896259e+00 2.963561868598736382e+00 2.938070476934953490e+00 2.912728526133072648e+00 2.887763305140343295e+00 2.863400704441514844e+00 2.839863428577043436e+00 2.817369230242606992e+00 2.796129179544590837e+00 2.776345981723515433e+00 2.758212356293041623e+00 2.741909490079026401e+00 2.727605576084725758e+00 2.715454449458697628e+00 2.705594331106388140e+00 2.698146688670245208e+00 2.693215223712715822e+00 2.690884992978546109e+00 2.691221670594436066e+00 2.694270956993420452e+00 2.700058139236072297e+00 2.708587806249678653e+00 2.719843721328284669e+00 2.733788853040186595e+00 2.750365564484035019e+00 2.769495959629430626e+00 2.791082384281852402e+00 2.815008078034173522e+00 2.841137972416710511e+00 2.869319629343633604e+00 2.899384312883949821e+00 2.931148186368487174e+00 2.964413625887905912e+00 2.998970640348190830e+00 3.034598387436023614e+00 3.071066774113060394e+00 3.108138129611162981e+00 3.145568938344849741e+00 3.183111619696918027e+00 3.220516341271967065e+00 3.257532851952980479e+00 3.293912320940336258e+00 3.329409168901793947e+00 3.363782877416456873e+00 3.396799763055120991e+00 3.428234702702603443e+00 3.457872797092438777e+00 3.485510959988233903e+00 3.510959421005239722e+00 3.534043130716229886e+00 3.554603057422485168e+00 3.572497365788219970e+00 3.587602468428642055e+00 3.599813942501443265e+00 3.609047304371613141e+00 3.615238636492033919e+00 3.618345061759574488e+00 3.618345061759574488e+00 3.615238636492033919e+00 3.609047304371613141e+00 3.599813942501443265e+00 3.587602468428642055e+00 3.572497365788219970e+00 3.554603057422485168e+00
3.597741621362191111e+00 3.574830970276694941e+00 3.549352772792237598e+00 3.521481936638707566e+00 3.491409466243348358e+00 3.459341049254801348e+00 3.425495535264174496e+00 3.390103318216993955e+00 3.353404634735481782e+00 3.315647791203478523e+00 3.277087333001389435e+00 3.237982169712138258e+00 3.198593670447516413e+00 3.159183743665447519e+00 3.120012915960575839e+00 3.081338424312548785e+00 3.043412336168347831e+00 3.006479711517845654e+00 2.970776820797166096e+00 2.936529432024738373e+00 2.903951180043620628e+00 2.873242030114637302e+00 2.844586847382961636e+00 2.818154082931544568e+00 2.794094586244294742e+00 2.772540552937050595e+00 2.753604615582399884e+00 2.737379084363240178e+00 2.723935343147911414e+00 2.713323405395385191e+00 2.705571633081580440e+00 2.700686620596414844e+00 2.698653244305322829e+00 2.699434877208181316e+00 2.702973766872435846e+00 2.709191573575339351e+00 2.717990064371996084e+00 2.729251957620661972e+00 2.742841911353488982e+00 2.758607647788254180e+00 2.776381205243036110e+00 2.795980307749001970e+00 2.817209841763869349e+00 2.839863428577043436e+00 2.863725080272966128e+00 2.888570926487414869e+00 2.914170998657186207e+00 2.940291058030790605e+00 2.966694453379766561e+00 2.993143994129517704e+00 3.019403824516832202e+00 3.045241284379270663e+00 3.070428742289465607e+00 3.094745386964208311e+00 3.117978963202306275e+00 3.139927439034158052e+00 3.160400591296510964e+00 3.179221497473863511e+00 3.196227922368709340e+00 3.211273588970710691e+00 3.224229323783915024e+00 3.234984067834309140e+00 3.243445745610197051e+00 3.249541985277106360e+00 3.253220684648878702e+00 3.254450418578699544e+00 3.253220684648878702e+00 3.249541985277106360e+00 3.243445745610197051e+00 3.234984067834309140e+00 3.224229323783915024e+00 3.211273588970710691e+00 3.196227922368709340e+00 3.179221497473863511e+00 3.160400591296510964e+00 3.139927439034158052e+00 3.117978963202306275e+00 3.094745386964208311e+00 3.070428742289465607e+00 3.045241284379270663e+00 3.019403824516832202e+00 2.993143994129517704e+00 2.966694453379766561e+00 2.940291058030790605e+00 2.914170998657186207e+00 2.888570926487414869e+00 2.863725080272966128e+00 2.839863428577043436e+00 2.817209841763869349e+00 2.795980307749001970e+00 2.776381205243036110e+00 2.758607647788254180e+00 2.742841911353488982e+00 2.729251957620661972e+00 2.717990064371996084e+00 2.709191573575339351e+00 2.702973766872435846e+00 2.699434877208181316e+00 2.698653244305322829e+00 2.700686620596414844e+00 2.705571633081580440e+00 2.713323405395385191e+00 2.723935343147911414e+00 2.737379084363240178e+00 2.753604615582399884e+00 2.772540552937050595e+00 2.794094586244294742e+00 2.818154082931544568e+00 2.844586847382961636e+00 2.873242030114637302e+00 2.903951180043620628e+00 2.936529432024738373e+00 2.970776820797166096e+00 3.006479711517845654e+00 3.043412336168347831e+00 3.081338424312548785e+00 3.120012915960575839e+00 3.159183743665447519e+00 3.198593670447516413e+00 3.237982169712138258e+00 3.277087333001389435e+00 3.315647791203478523e+00 3.353404634735481782e+00 3.390103318216993955e+00 3.425495535264174496e+00 3.459341049254801348e+00 3.491409466243348358e+00 3.521481936638707566e+00 3.549352772792237598e+00 3.574830970276694941e+00 3.597741621362191111e+00 3.617927210008262673e+00 3.635248778585211227e+00 3.649586957506317120e+00 3.660842849987938408e+00 3.668938765249096345e+00 3.673818794607486282e+00 3.675449226116386470e+00 3.673818794607486282e+00 3.668938765249096345e+00 3.660842849987938408e+00 3.649586957506317120e+00 3.635248778585211227e+00 3.617927210008262673e+00
3.659447279118924978e+00 3.636932525225112567e+00 3.611651687439012104e+00 3.583778027410170708e+00 3.553502264053569615e+00 3.521031162830992045e+00 3.486586007162754353e+00 3.450400963517576525e+00 3.412721352529628049e+00 3.373801839199176200e+00 3.333904555841563422e+00 3.293297171953665892e+00 3.252250925563916706e+00 3.211038630918089609e+00 3.169932677526623888e+00 3.129203035658505883e+00 3.089115283311625770e+00 3.049928669520199254e+00 3.011894228577768118e+00 2.975252959361573080e+00 2.940234083443723723e+00 2.907053395070342106e+00 2.875911715386498368e+00 2.846993462487396709e+00 2.820465347991264249e+00 2.796475209863232170e+00 2.775150990179735988e+00 2.756599865417380446e+00 2.740907535687318930e+00 2.728137678124796128e+00 2.718331568392841735e+00 2.711507872978672129e+00 2.707662613660974049e+00 2.706769304215701499e+00 2.708779258117361977e+00 2.713622064692017943e+00 2.721206229897111140e+00 2.731419976651686898e+00 2.744132198428061997e+00 2.759193558651616751e+00 2.776437727348254558e+00 2.795682745437291228e+00 2.816732506099382416e+00 2.839378341761541691e+00 2.863400704441514844e+00 2.888570926487414869e+00 2.914653048141321978e+00 2.941405697851862566e+00 2.968584010864562917e+00 2.995941571333032183e+00 3.023232363020791791e+00 3.050212713604360193e+00 3.076643217643265427e+00 3.102290623451671170e+00 3.126929669387954913e+00 3.150344855470610383e+00 3.172332136728496454e+00 3.192700525296592318e+00 3.211273588970710691e+00 3.227890834730576142e+00 3.242408966624191979e+00 3.254703008370918749e+00 3.264667282078539845e+00 3.272216235573278897e+00 3.277285112002305212e+00 3.279830456577536690e+00 3.279830456577536690e+00 3.277285112002305212e+00 3.272216235573278897e+00 3.264667282078539845e+00 3.254703008370918749e+00 3.242408966624191979e+00 3.227890834730576142e+00 3.211273588970710691e+00 3.192700525296592318e+00 3.172332136728496454e+00 3.150344855470610383e+00 3.126929669387954913e+00 3.102290623451671170e+00 3.076643217643265427e+00 3.050212713604360193e+00 3.023232363020791791e+00 2.995941571333032183e+00 2.968584010864562917e+00 2.941405697851862566e+00 2.914653048141321978e+00 2.888570926487414869e+00 2.863400704441514844e+00 2.839378341761541691e+00 2.816732506099382416e+00 2.795682745437291228e+00 2.776437727348254558e+00 2.759193558651616751e+00 2.744132198428061997e+00 2.731419976651686898e+00 2.721206229897111140e+00 2.713622064692017943e+00 2.708779258117361977e+00 2.706769304215701499e+00 2.707662613660974049e+00 2.711507872978672129e+00 2.718331568392841735e+00 2.728137678124796128e+00 2.740907535687318930e+00 2.756599865417380446e+00 2.775150990179735988e+00 2.796475209863232170e+00 2.820465347991264249e+00 2.846993462487396709e+00 2.875911715386498368e+00 2.907053395070342106e+00 2.940234083443723723e+00 2.975252959361573080e+00 3.011894228577768118e+00 3.049928669520199254e+00 3.089115283311625770e+00 3.129203035658505883e+00 3.169932677526623888e+00 3.211038630918089609e+00 3.252250925563916706e+00 3.293297171953665892e+00 3.333904555841563422e+00 3.373801839199176200e+00 3.412721352529628049e+00 3.450400963517576525e+00 3.486586007162754353e+00 3.521031162830992045e+00 3.553502264053569615e+00 3.583778027410170708e+00 3.611651687439012104e+00 3.636932525225112567e+00 3.659447279118924978e+00 3.679041426926531688e+00 3.695580329882496073e+00 3.708950229760029860e+00 3.719059091582375132e+00 3.725837285565710477e+00 3.729238103138832638e+00 3.729238103138832638e+00 3.725837285565710477e+00 3.719059091582375132e+00 3.708950229760029860e+00 3.695580329882496073e+00 3.679041426926531688e+00
3.718690486672006301e+00 3.696787966808312120e+00 3.671926717835805487e+00 3.644276882750748570e+00 3.614027395551046240e+00 3.581384584256994685e+00 3.546570646104232338e+00 3.509822006427027574e+00 3.471387573626750989e+00 3.431526903402855044e+00 3.390508286106233893e+00 3.348606771651885694e+00 3.306102146895449234e+00 3.263276880732436158e+00 3.220414052417497786e+00 3.177795278721843530e+00 3.135698655549127523e+00 3.094396729513759770e+00 3.054154514751549865e+00 3.015227569882597436e+00 2.977860149583230420e+00 2.942283444650853230e+00 2.908713923767496823e+00 2.877351789389435144e+00 2.848379559317787635e+00 2.821960784544879530e+00 2.798238912930809619e+00 2.777336307151980765e+00 2.759353424186845150e+00 2.744368162372650133e+00 2.732435380790073864e+00 2.723586594419856510e+00 2.717829847177004154e+00 2.715149763573975861e+00 2.715507778404793182e+00 2.718842542487552638e+00 2.725070501163763925e+00 2.734086640939338508e+00 2.745765398374061750e+00 2.759961724093555002e+00 2.776512293619638694e+00 2.795236855600404358e+00 2.815939706978843660e+00 2.838411283676383068e+00 2.862429854492491543e+00 2.887763305140343295e+00 2.914170998657186207e+00 2.941405697851862566e+00 2.969215534985190086e+00 2.997346013525094222e+00 3.025542026580360755e+00 3.053549876496235882e+00 3.081119280092908586e+00 3.108005344144106896e+00 3.133970495926653665e+00 3.158786354021279053e+00 3.182235525007364174e+00 3.204113312266120506e+00 3.224229323783915024e+00 3.242408966624191979e+00 3.258494816607721223e+00 3.272347852699088566e+00 3.283848546635965260e+00 3.292897799448262663e+00 3.299417717688601481e+00 3.303352223424599998e+00 3.304667493317860139e+00 3.303352223424599998e+00 3.299417717688601481e+00 3.292897799448262663e+00 3.283848546635965260e+00 3.272347852699088566e+00 3.258494816607721223e+00 3.242408966624191979e+00 3.224229323783915024e+00 3.204113312266120506e+00 3.182235525007364174e+00 3.158786354021279053e+00 3.133970495926653665e+00 3.108005344144106896e+00 3.081119280092908586e+00 3.053549876496235882e+00 3.025542026580360755e+00 2.997346013525094222e+00 2.969215534985190086e+00 2.941405697851862566e+00 2.914170998657186207e+00 2.887763305140343295e+00 2.862429854492491543e+00 2.838411283676383068e+00 2.815939706978843660e+00 2.795236855600404358e+00 2.776512293619638694e+00 2.759961724093555002e+00 2.745765398374061750e+00 2.734086640939338508e+00 2.725070501163763925e+00 2.718842542487552638e+00 2.715507778404793182e+00 2.715149763573975861e+00 2.717829847177004154e+00 2.723586594419856510e+00 2.732435380790073864e+00 2.744368162372650133e+00 2.759353424186845150e+00 2.777336307151980765e+00 2.798238912930809619e+00 2.821960784544879530e+00 2.848379559317787635e+00 2.877351789389435144e+00 2.908713923767496823e+00 2.942283444650853230e+00 2.977860149583230420e+00 3.015227569882597436e+00 3.054154514751549865e+00 3.094396729513759770e+00 3.135698655549127523e+00 3.177795278721843530e+00 3.220414052417497786e+00 3.263276880732436158e+00 3.306102146895449234e+00 3.348606771651885694e+00 3.390508286106233893e+00 3.431526903402855044e+00 3.471387573626750989e+00 3.509822006427027574e+00 3.546570646104232338e+00 3.581384584256994685e+00 3.614027395551046240e+00 3.644276882750748570e+00 3.671926717835805487e+00 3.696787966808312120e+00 3.718690486672006301e+00 3.737484184029758350e+00 3.753040125789712800e+00 3.765251493587060683e+00 3.774034374708827855e+00 3.779328383544171555e+00 3.781097108863269884e+00 3.779328383544171555e+00 3.774034374708827855e+00 3.765251493587060683e+00 3.753040125789712800e+00 3.737484184029758350e+00
3.775020367439929192e+00 3.753938167029156947e+00 3.729712068190889962e+00 3.702507666401066544e+00 3.672510643644253392e+00 3.639925395921484341e+00 3.604973523167247507e+00 3.567892192981656496e+00 3.528932390535160835e+00 3.488357067860596405e+00 3.446439206504404940e+00 3.403459808159848166e+00 3.359705828444900177e+00 3.315468069412272012e+00 3.271039046685359608e+00 3.226710847299609330e+00 3.182772994392443877e+00 3.139510334825848847e+00 3.097200965644776094e+00 3.056114214972718290e+00 3.016508692525677660e+00 2.978630424390452891e+00 2.942711086066721382e+00 2.908966347019800391e+00 2.877594339137953927e+00 2.848774260541134140e+00 2.822665125154356414e+00 2.799404667346408360e+00 2.779108409751639641e+00 2.761868901148362365e+00 2.747755129971190424e+00 2.736812117696490798e+00 2.729060694970089518e+00 2.724497461954949795e+00 2.723094932974315707e+00 2.724801864123400197e+00 2.729543761130871271e+00 2.737223563380630775e+00 2.747722498665222890e+00 2.760901101944734481e+00 2.776600390139237984e+00 2.794643183798066755e+00 2.814835565374586679e+00 2.836968462799015267e+00 2.860819346092272841e+00 2.886154023907869348e+00 2.912728526133072648e+00 2.940291058030790605e+00 2.968584010864562917e+00 2.997346013525094222e+00 3.026314009370832725e+00 3.055225342309741521e+00 3.083819836085920585e+00 3.111841850793547692e+00 3.139042300821381914e+00 3.165180618732276852e+00 3.190026650001599240e+00 3.213362464072886393e+00 3.234984067834309140e+00 3.254703008370918749e+00 3.272347852699088566e+00 3.287765533134894280e+00 3.300822547979963328e+00 3.311406008318792171e+00 3.319424522902224783e+00 3.324808914333596377e+00 3.327512761067627167e+00 3.327512761067627167e+00 3.324808914333596377e+00 3.319424522902224783e+00 3.311406008318792171e+00 3.300822547979963328e+00 3.287765533134894280e+00 3.272347852699088566e+00 3.254703008370918749e+00 3.234984067834309140e+00 3.213362464072886393e+00 3.190026650001599240e+00 3.165180618732276852e+00 3.139042300821381914e+00 3.111841850793547692e+00 3.083819836085920585e+00 3.055225342309741521e+00 3.026314009370832725e+00 2.997346013525094222e+00 2.968584010864562917e+00 2.940291058030790605e+00 2.912728526133072648e+00 2.886154023907869348e+00 2.860819346092272841e+00 2.836968462799015267e+00 2.814835565374586679e+00 2.794643183798066755e+00 2.776600390139237984e+00 2.760901101944734481e+00 2.747722498665222890e+00 2.737223563380630775e+00 2.729543761130871271e+00 2.724801864123400197e+00 2.723094932974315707e+00 2.724497461954949795e+00 2.729060694970089518e+00 2.736812117696490798e+00 2.747755129971190424e+00 2.761868901148362365e+00 2.779108409751639641e+00 2.799404667346408360e+00 2.822665125154356414e+00 2.848774260541134140e+00 2.877594339137953927e+00 2.908966347019800391e+00 2.942711086066721382e+00 2.978630424390452891e+00 3.016508692525677660e+00 3.056114214972718290e+00 3.097200965644776094e+00 3.139510334825848847e+00 3.182772994392443877e+00 3.226710847299609330e+00 3.271039046685359608e+00 3.315468069412272012e+00 3.359705828444900177e+00 3.403459808159848166e+00 3.446439206504404940e+00 3.488357067860596405e+00 3.528932390535160835e+00 3.567892192981656496e+00 3.604973523167247507e+00 3.639925395921484341e+00 3.672510643644253392e+00 3.702507666401066544e+00 3.729712068190889962e+00 3.753938167029156947e+00 3.775020367439929192e+00 3.792814384989110277e+00 3.807198313607314422e+00 3.818073527638016884e+00 3.825365411794782400e+00 3.829023913511521382e+00 3.829023913511521382e+00 3.825365411794782400e+00 3.818073527638016884e+00 3.807198313607314422e+00 3.792814384989110277e+00
3.828008217017140780e+00 3.807944490014306904e+00 3.784560691452115933e+00 3.758016495650223998e+00 3.728492909669244071e+00 3.696190935732019511e+00 3.661330086570777187e+00 3.624146764913434016e+00 3.584892519346746909e+00 3.543832189725490522e+00 3.501241956128307908e+00 3.457407306085968912e+00 3.412620935421094348e+00 3.367180598535169267e+00 3.321386924355179904e+00 3.275541214405739421e+00 3.229943239600865379e+00 3.184889052352085415e+00 3.140668830465989547e+00 3.097564769055741962e+00 3.055849036319384648e+00 3.015781808545769938e+00 2.977609399100413778e+00 2.941562495423185819e+00 2.907854517242926651e+00 2.876680108287169357e+00 2.848213772745241457e+00 2.822608666637794084e+00 2.799995553063797882e+00 2.780481929046136447e+00 2.764151330388745276e+00 2.751062819601652887e+00 2.741250660555700325e+00 2.734724182106662571e+00 2.731467831489894138e+00 2.731441416842336878e+00 2.734580536769826153e+00 2.740797193454964198e+00 2.749980584405395945e+00 2.761998066584453237e+00 2.776696285356548444e+00 2.793902459427939799e+00 2.813425811779431296e+00 2.835059135480012760e+00 2.858580482247841115e+00 2.883754960695204428e+00 2.910336630364064536e+00 2.938070476934953490e+00 2.966694453379766561e+00 2.995941571333032183e+00 3.025542026580360755e+00 3.055225342309741521e+00 3.084722513643165964e+00 3.113768136963621203e+00 3.142102507675824441e+00 3.169473670287212830e+00 3.195639405066809768e+00 3.220369136030674095e+00 3.243445745610197051e+00 3.264667282078539845e+00 3.283848546635965260e+00 3.300822547979963328e+00 3.315441813204195398e+00 3.327579544973377157e+00 3.337130616101022795e+00 3.344012393904446601e+00 3.348165388016929089e+00 3.349553716690820249e+00 3.348165388016929089e+00 3.344012393904446601e+00 3.337130616101022795e+00 3.327579544973377157e+00 3.315441813204195398e+00 3.300822547979963328e+00 3.283848546635965260e+00 3.264667282078539845e+00 3.243445745610197051e+00 3.220369136030674095e+00 3.195639405066809768e+00 3.169473670287212830e+00 3.142102507675824441e+00 3.113768136963621203e+00 3.084722513643165964e+00 3.055225342309741521e+00 3.025542026580360755e+00 2.995941571333032183e+00 2.966694453379766561e+00 2.938070476934953490e+00 2.910336630364064536e+00 2.883754960695204428e+00 2.858580482247841115e+00 2.835059135480012760e+00 2.813425811779431296e+00 2.793902459427939799e+00 2.776696285356548444e+00 2.761998066584453237e+00 2.749980584405395945e+00 2.740797193454964198e+00 2.734580536769826153e+00 2.731441416842336878e+00 2.731467831489894138e+00 2.734724182106662571e+00 2.741250660555700325e+00 2.751062819601652887e+00 2.764151330388745276e+00 2.780481929046136447e+00 2.799995553063797882e+00 2.822608666637794084e+00 2.848213772745241457e+00 2.876680108287169357e+00 2.907854517242926651e+00 2.941562495423185819e+00 2.977609399100413778e+00 3.015781808545769938e+00 3.055849036319384648e+00 3.097564769055741962e+00 3.140668830465989547e+00 3.184889052352085415e+00 3.229943239600865379e+00 3.275541214405739421e+00 3.321386924355179904e+00 3.367180598535169267e+00 3.412620935421094348e+00 3.457407306085968912e+00 3.501241956128307908e+00 3.543832189725490522e+00 3.584892519346746909e+00 3.624146764913434016e+00 3.661330086570777187e+00 3.696190935732019511e+00 3.728492909669244071e+00 3.758016495650223998e+00 3.784560691452115933e+00 3.807944490014306904e+00 3.828008217017140780e+00 3.844614711282896113e+00 3.857650339081688973e+00 3.867025834679157725e+00 3.872676960775029542e+00 3.874564983842277766e+00 3.872676960775029542e+00 3.867025834679157725e+00 3.857650339081688973e+00 3.844614711282896113e+00
3.877250765873416771e+00 3.858392137319034632e+00 3.836047705435479571e+00 3.810369916046834504e+00 3.781533734068595720e+00 3.749735350863070860e+00 3.715190735399256372e+00 3.678134040159455775e+00 3.638815873830271386e+00 3.597501453819690109e+00 3.554468652546855623e+00 3.510005952250198291e+00 3.464410323746603293e+00 3.417985045144128264e+00 3.371037476959125812e+00 3.323876810411988014e+00 3.276811805871816308e+00 3.230148538487471743e+00 3.184188167980357420e+00 3.139224749383335844e+00 3.095543101191754687e+00 3.053416746949331628e+00 3.013105945726721302e+00 2.974855826268544501e+00 2.938894638790449765e+00 2.905432137507670376e+00 2.874658105977252021e+00 2.846741036245306944e+00 2.821826971616697488e+00 2.800038521616211806e+00 2.781474056397311045e+00 2.766207086486680122e+00 2.754285832340708229e+00 2.745732986744222170e+00 2.740545671613482170e+00 2.738695589285657928e+00 2.740129366897104291e+00 2.744769090983901538e+00 2.752513027991621453e+00 2.763236524968018415e+00 2.776793083343147561e+00 2.793015597386668158e+00 2.811717747681804269e+00 2.832695538779133049e+00 2.855728969099949222e+00 2.880583820156823904e+00 2.907013551255615003e+00 2.934761285045626611e+00 2.963561868598736382e+00 2.993143994129517704e+00 3.023232363020791791e+00 3.053549876496235882e+00 3.083819836085920585e+00 3.113768136963621203e+00 3.143125437296693026e+00 3.171629286940007564e+00 3.199026199123220504e+00 3.225073649223171746e+00 3.249541985277106360e+00 3.272216235573278897e+00 3.292897799448262663e+00 3.311406008318792171e+00 3.327579544973377157e+00 3.341277710237735565e+00 3.352381527299810760e+00 3.360794675225980743e+00 3.366444244510486072e+00 3.369281308865085034e+00 3.369281308865085034e+00 3.366444244510486072e+00 3.360794675225980743e+00 3.352381527299810760e+00 3.341277710237735565e+00 3.327579544973377157e+00 3.311406008318792171e+00 3.292897799448262663e+00 3.272216235573278897e+00 3.249541985277106360e+00 3.225073649223171746e+00 3.199026199123220504e+00 3.171629286940007564e+00 3.143125437296693026e+00 3.113768136963621203e+00 3.083819836085920585e+00 3.053549876496235882e+00 3.023232363020791791e+00 2.993143994129517704e+00 2.963561868598736382e+00 2.934761285045626611e+00 2.907013551255615003e+00 2.880583820156823904e+00 2.855728969099949222e+00 2.832695538779133049e+00 2.811717747681804269e+00 2.793015597386668158e+00 2.776793083343147561e+00 2.763236524968018415e+00 2.752513027991621453e+00 2.744769090983901538e+00 2.740129366897104291e+00 2.738695589285657928e+00 2.740545671613482170e+00 2.745732986744222170e+00 2.754285832340708229e+00 2.766207086486680122e+00 2.781474056397311045e+00 2.800038521616211806e+00 2.821826971616697488e+00 2.846741036245306944e+00 2.874658105977252021e+00 2.905432137507670376e+00 2.938894638790449765e+00 2.974855826268544501e+00 3.013105945726721302e+00 3.053416746949331628e+00 3.095543101191754687e+00 3.139224749383335844e+00 3.184188167980357420e+00 3.230148538487471743e+00 3.276811805871816308e+00 3.323876810411988014e+00 3.371037476959125812e+00 3.417985045144128264e+00 3.464410323746603293e+00 3.510005952250198291e+00 3.554468652546855623e+00 3.597501453819690109e+00 3.638815873830271386e+00 3.678134040159455775e+00 3.715190735399256372e+00 3.749735350863070860e+00 3.781533734068595720e+00 3.810369916046834504e+00 3.836047705435479571e+00 3.858392137319034632e+00 3.877250765873416771e+00 3.892494791051398284e+00 3.904020010797888407e+00 3.911747591601546059e+00 3.915624651561091074e+00 3.915624651561091074e+00 3.911747591601546059e+00 3.904020010797888407e+00 3.892494791051398284e+00
3.922373248478499885e+00 3.904893311984961368e+00 3.883773640618575218e+00 3.859158221185854387e+00 3.831214675967162808e+00 3.800133024540356619e+00 3.766124280728169627e+00 3.729418895265444789e+00 3.690265055945867179e+00 3.648926858082301994e+00 3.605682359091728184e+00 3.560821531887734093e+00 3.514644132524076259e+00 3.467457498175965380e+00 3.419574292066799526e+00 3.371310212343043400e+00 3.322981682165727424e+00 3.274903538421869431e+00 3.227386736461632655e+00 3.180736088137679829e+00 3.135248050162450451e+00 3.091208579409434609e+00 3.048891071268613917e+00 3.008554396528162034e+00 2.970441051499100649e+00 2.934775435232594987e+00 2.901762266707625937e+00 2.871585153797257650e+00 2.844405324662770962e+00 2.820360530985409397e+00 2.799564131134842260e+00 2.782104360001559584e+00 2.768043790797911186e+00 2.757418992669995905e+00 2.750240386471454190e+00 2.746492299541543503e+00 2.746133218815375532e+00 2.749096240085235010e+00 2.755289709740040394e+00 2.764598053846591963e+00 2.776882788012398517e+00 2.791983700096439147e+00 2.809720196521602542e+00 2.829892801700799598e+00 2.852284798927276821e+00 2.876664000007274069e+00 2.902784629938079064e+00 2.930389312064113128e+00 2.959211138384551187e+00 2.988975809043896259e+00 3.019403824516832202e+00 3.050212713604360193e+00 3.081119280092908586e+00 3.111841850793547692e+00 3.142102507675824441e+00 3.171629286940007564e+00 3.200158328131669006e+00 3.227435956791584459e+00 3.253220684648878702e+00 3.277285112002305212e+00 3.299417717688601481e+00 3.319424522902224783e+00 3.337130616101022795e+00 3.352381527299810760e+00 3.365044441210617965e+00 3.375009239925415461e+00 3.382189367145201242e+00 3.386522507328334708e+00 3.387971074550547801e+00 3.386522507328334708e+00 3.382189367145201242e+00 3.375009239925415461e+00 3.365044441210617965e+00 3.352381527299810760e+00 3.337130616101022795e+00 3.319424522902224783e+00 3.299417717688601481e+00 3.277285112002305212e+00 3.253220684648878702e+00 3.227435956791584459e+00 3.200158328131669006e+00 3.171629286940007564e+00 3.142102507675824441e+00 3.111841850793547692e+00 3.081119280092908586e+00 3.050212713604360193e+00 3.019403824516832202e+00 2.988975809043896259e+00 2.959211138384551187e+00 2.930389312064113128e+00 2.902784629938079064e+00 2.876664000007274069e+00 2.852284798927276821e+00 2.829892801700799598e+00 2.809720196521602542e+00 2.791983700096439147e+00 2.776882788012398517e+00 2.764598053846591963e+00 2.755289709740040394e+00 2.749096240085235010e+00 2.746133218815375532e+00 2.746492299541543503e+00 2.750240386471454190e+00 2.757418992669995905e+00 2.768043790797911186e+00 2.782104360001559584e+00 2.799564131134842260e+00 2.820360530985409397e+00 2.844405324662770962e+00 2.871585153797257650e+00 2.901762266707625937e+00 2.934775435232594987e+00 2.970441051499100649e+00 3.008554396528162034e+00 3.048891071268613917e+00 3.091208579409434609e+00 3.135248050162450451e+00 3.180736088137679829e+00 3.227386736461632655e+00 3.274903538421869431e+00 3.322981682165727424e+00 3.371310212343043400e+00 3.419574292066799526e+00 3.467457498175965380e+00 3.514644132524076259e+00 3.560821531887734093e+00 3.605682359091728184e+00 3.648926858082301994e+00 3.690265055945867179e+00 3.729418895265444789e+00 3.766124280728169627e+00 3.800133024540356619e+00 3.831214675967162808e+00 3.859158221185854387e+00 3.883773640618575218e+00 3.904893311984961368e+00 3.922373248478499885e+00 3.936094162714895095e+00 3.945962348415765764e+00 3.951910373167374591e+00 3.953897577020894172e+00 3.951910373167374591e+00 3.945962348415765764e+00 3.936094162714895095e+00
3.963032255494061573e+00 3.947090177256600274e+00 3.927367494854271612e+00 3.903998592265789824e+00 3.877142525871873691e+00 3.846981849717660662e+00 3.813721267733841902e+00 3.777586123094844428e+00 3.738820736120933130e+00 3.697686603273106609e+00 3.654460470836335961e+00 3.609432297830045488e+00 3.562903123517786153e+00 3.515182855604221945e+00 3.466587995801685196e+00 3.417439319915909213e+00 3.368059529937758700e+00 3.318770895832168666e+00 3.269892904785656640e+00 3.221739935609040373e+00 3.174618975792979914e+00 3.128827398382187042e+00 3.084650815372066646e+00 3.042361023742829573e+00 3.002214059535088353e+00 2.964448374543232845e+00 2.929283149264517050e+00 2.896916754700276986e+00 2.867525374468590460e+00 2.841261797464021299e+00 2.818254389998825715e+00 2.798606254991371944e+00 2.782394584341715937e+00 2.769670209162254704e+00 2.760457351024349304e+00 2.754753575851183189e+00 2.752529950544641668e+00 2.753731400891270997e+00 2.758277267761348739e+00 2.766062057107124161e+00 2.776956377793174724e+00 2.790808059864528179e+00 2.807443444487670359e+00 2.826668835496265686e+00 2.848272101247172561e+00 2.872024414352571053e+00 2.897682115809288472e+00 2.924988689104793593e+00 2.953676829047816366e+00 2.983470589356632896e+00 3.014087592445010788e+00 3.045241284379270663e+00 3.076643217643265427e+00 3.108005344144106896e+00 3.139042300821381914e+00 3.169473670287212830e+00 3.199026199123220504e+00 3.227435956791584459e+00 3.254450418578699544e+00 3.279830456577536690e+00 3.303352223424599998e+00 3.324808914333596377e+00 3.344012393904446601e+00 3.360794675225980743e+00 3.375009239925415461e+00 3.386532189039151319e+00 3.395263215877924790e+00 3.401126393425302208e+00 3.404070770231243603e+00 3.404070770231243603e+00 3.401126393425302208e+00 3.395263215877924790e+00 3.386532189039151319e+00 3.375009239925415461e+00 3.360794675225980743e+00 3.344012393904446601e+00 3.324808914333596377e+00 3.303352223424599998e+00 3.279830456577536690e+00 3.254450418578699544e+00 3.227435956791584459e+00 3.199026199123220504e+00 3.169473670287212830e+00 3.139042300821381914e+00 3.108005344144106896e+00 3.076643217643265427e+00 3.045241284379270663e+00 3.014087592445010788e+00 2.983470589356632896e+00 2.953676829047816366e+00 2.924988689104793593e+00 2.897682115809288472e+00 2.872024414352571053e+00 2.848272101247172561e+00 2.826668835496265686e+00 2.807443444487670359e+00 2.790808059864528179e+00 2.776956377793174724e+00 2.766062057107124161e+00 2.758277267761348739e+00 2.753731400891270997e+00 2.752529950544641668e+00 2.754753575851183189e+00 2.760457351024349304e+00 2.769670209162254704e+00 2.782394584341715937e+00 2.798606254991371944e+00 2.818254389998825715e+00 2.841261797464021299e+00 2.867525374468590460e+00 2.896916754700276986e+00 2.929283149264517050e+00 2.964448374543232845e+00 3.002214059535088353e+00 3.042361023742829573e+00 3.084650815372066646e+00 3.128827398382187042e+00 3.174618975792979914e+00 3.221739935609040373e+00 3.269892904785656640e+00 3.318770895832168666e+00 3.368059529937758700e+00 3.417439319915909213e+00 3.466587995801685196e+00 3.515182855604221945e+00 3.562903123517786153e+00 3.609432297830045488e+00 3.654460470836335961e+00 3.697686603273106609e+00 3.738820736120933130e+00 3.777586123094844428e+00 3.813721267733841902e+00 3.846981849717660662e+00 3.877142525871873691e+00 3.903998592265789824e+00 3.927367494854271612e+00 3.947090177256600274e+00 3.963032255494061573e+00 3.975085010813944830e+00 3.983166193100853292e+00 3.987220628806662948e+00 3.987220628806662948e+00 3.983166193100853292e+00 3.975085010813944830e+00
3.998918347326139600e+00 3.984657587425138203e+00 3.966489571728760044e+00 3.944538033481510553e+00 3.918952326991410828e+00 3.889906324665819870e+00 3.857597133427092206e+00 3.822243640201396619e+00 3.784084897463588337e+00 3.743378361027287493e+00 3.700397993382898321e+00 3.655432246898875359e+00 3.608781942105466545e+00 3.560758057068380111e+00 3.511679444526594640e+00 3.461870494008613353e+00 3.411658756550885130e+00 3.361372549917698294e+00 3.311338562361539228e+00 3.261879472965778515e+00 3.213311606477258664e+00 3.165942640266385499e+00 3.120069380648418100e+00 3.075975625264989688e+00 3.033930127563619461e+00 2.994184678630032792e+00 2.956972320729565507e+00 2.922505705906556894e+00 2.890975611882133034e+00 2.862549626289646820e+00 2.837371009002327416e+00 2.815557740949241605e+00 2.797201766393878852e+00 2.782368434175195748e+00 2.771096141895257770e+00 2.763396185491981072e+00 2.759252815071908227e+00 2.758623496308164391e+00 2.761439375144779884e+00 2.767605942002321129e+00 2.777003890162969224e+00 2.789490161537393487e+00 2.804899171592300178e+00 2.823044203856949874e+00 2.843718963139989508e+00 2.866699275384029022e+00 2.891744920973905675e+00 2.918601587303942591e+00 2.947002925507213877e+00 2.976672695463122409e+00 3.007326982533925275e+00 3.038676468941822861e+00 3.070428742289465607e+00 3.102290623451671170e+00 3.133970495926653665e+00 3.165180618732276852e+00 3.195639405066809768e+00 3.225073649223171746e+00 3.253220684648878702e+00 3.279830456577536690e+00 3.304667493317860139e+00 3.327512761067627167e+00 3.348165388016929089e+00 3.366444244510486072e+00 3.382189367145201242e+00 3.395263215877924790e+00 3.405551754500496742e+00 3.412965346194886340e+00 3.417439457299979111e+00 3.418935163892883988e+00 3.417439457299979111e+00 3.412965346194886340e+00 3.405551754500496742e+00 3.395263215877924790e+00 3.382189367145201242e+00 3.366444244510486072e+00 3.348165388016929089e+00 3.327512761067627167e+00 3.304667493317860139e+00 3.279830456577536690e+00 3.253220684648878702e+00 3.225073649223171746e+00 3.195639405066809768e+00 3.165180618732276852e+00 3.133970495926653665e+00 3.102290623451671170e+00 3.070428742289465607e+00 3.038676468941822861e+00 3.007326982533925275e+00 2.976672695463122409e+00 2.947002925507213877e+00 2.918601587303942591e+00 2.891744920973905675e+00 2.866699275384029022e+00 2.843718963139989508e+00 2.823044203856949874e+00 2.804899171592300178e+00 2.789490161537393487e+00 2.777003890162969224e+00 2.767605942002321129e+00 2.761439375144779884e+00 2.758623496308164391e+00 2.759252815071908227e+00 2.763396185491981072e+00 2.771096141895257770e+00 2.782368434175195748e+00 2.797201766393878852e+00 2.815557740949241605e+00 2.837371009002327416e+00 2.862549626289646820e+00 2.890975611882133034e+00 2.922505705906556894e+00 2.956972320729565507e+00 2.994184678630032792e+00 3.033930127563619461e+00 3.075975625264989688e+00 3.120069380648418100e+00 3.165942640266385499e+00 3.213311606477258664e+00 3.261879472965778515e+00 3.311338562361539228e+00 3.361372549917698294e+00 3.411658756550885130e+00 3.461870494008613353e+00 3.511679444526594640e+00 3.560758057068380111e+00 3.608781942105466545e+00 3.655432246898875359e+00 3.700397993382898321e+00 3.743378361027287493e+00 3.784084897463588337e+00 3.822243640201396619e+00 3.857597133427092206e+00 3.889906324665819870e+00 3.918952326991410828e+00 3.944538033481510553e+00 3.966489571728760044e+00 3.984657587425138203e+00 3.998918347326139600e+00 4.009174653264762966e+00 4.015356560311757583e+00 4.017421893657598275e+00 4.015356560311757583e+00 4.009174653264762966e+00
4.029758409147270903e+00 4.017305570001796333e+00 4.000834080934190240e+00 3.980456080870867996e+00 3.956310182127048325e+00 3.928560446847421783e+00 3.897395175899421194e+00 3.863025519364955418e+00 3.825683919122648380e+00 3.785622395279133467e+00 3.743110689385128698e+00 3.698434278450982493e+00 3.651892274748837597e+00 3.603795227247273303e+00 3.554462841262636896e+00 3.504221633523656454e+00 3.453402540327811465e+00 3.402338496815507707e+00 3.351362005598881311e+00 3.300802713054418192e+00 3.250985011521848378e+00 3.202225685446750347e+00 3.154831619162294043e+00 3.109097583529327746e+00 3.065304118047165627e+00 3.023715524314624759e+00 2.984577985867581607e+00 2.948117828452245348e+00 2.914539933719651810e+00 2.884026318154935709e+00 2.856734887793491051e+00 2.832798377934953038e+00 2.812323485655102928e+00 2.795390201446158240e+00 2.782051344798583958e+00 2.772332306984142125e+00 2.766231002722155718e+00 2.763718030821015859e+00 2.764737042296763203e+00 2.769205312892336845e+00 2.777014515366811764e+00 2.788031685405365945e+00 2.802100373529517352e+00 2.819041973974467652e+00 2.838657220156906025e+00 2.860727835092655269e+00 2.885018323948635999e+00 2.911277894836759028e+00 2.939242492986652966e+00 2.968636932577079168e+00 2.999177109768836669e+00 3.030572279870712205e+00 3.062527381089007239e+00 3.094745386964208311e+00 3.126929669387954913e+00 3.158786354021279053e+00 3.190026650001599240e+00 3.220369136030674095e+00 3.249541985277106360e+00 3.277285112002305212e+00 3.303352223424599998e+00 3.327512761067627167e+00 3.349553716690820249e+00 3.369281308865085034e+00 3.386522507328334708e+00 3.401126393425302208e+00 3.412965346194886340e+00 3.421936045006809035e+00 3.427960281057217173e+00 3.430985571499347131e+00 3.430985571499347131e+00 3.427960281057217173e+00 3.421936045006809035e+00 3.412965346194886340e+00 3.401126393425302208e+00 3.386522507328334708e+00 3.369281308865085034e+00 3.349553716690820249e+00 3.327512761067627167e+00 3.303352223424599998e+00 3.277285112002305212e+00 3.249541985277106360e+00 3.220369136030674095e+00 3.190026650001599240e+00 3.158786354021279053e+00 3.126929669387954913e+00 3.094745386964208311e+00 3.062527381089007239e+00 3.030572279870712205e+00 2.999177109768836669e+00 2.968636932577079168e+00 2.939242492986652966e+00 2.911277894836759028e+00 2.885018323948635999e+00 2.860727835092655269e+00 2.838657220156906025e+00 2.819041973974467652e+00 2.802100373529517352e+00 2.788031685405365945e+00 2.777014515366811764e+00 2.769205312892336845e+00 2.764737042296763203e+00 2.763718030821015859e+00 2.766231002722155718e+00 2.772332306984142125e+00 2.782051344798583958e+00 2.795390201446158240e+00 2.812323485655102928e+00 2.832798377934953038e+00 2.856734887793491051e+00 2.884026318154935709e+00 2.914539933719651810e+00 2.948117828452245348e+00 2.984577985867581607e+00 3.023715524314624759e+00 3.065304118047165627e+00 3.109097583529327746e+00 3.154831619162294043e+00 3.202225685446750347e+00 3.250985011521848378e+00 3.300802713054418192e+00 3.351362005598881311e+00 3.402338496815507707e+00 3.453402540327811465e+00 3.504221633523656454e+00 3.554462841262636896e+00 3.603795227247273303e+00 3.651892274748837597e+00 3.698434278450982493e+00 3.743110689385128698e+00 3.785622395279133467e+00 3.825683919122648380e+00 3.863025519364955418e+00 3.897395175899421194e+00 3.928560446847421783e+00 3.956310182127048325e+00 3.980456080870867996e+00 4.000834080934190240e+00 4.017305570001796333e+00 4.029758409147270903e+00 4.038107761114727801e+00 4.042296717067101142e+00 4.042296717067101142e+00 4.038107761114727801e+00
4.055317729465262921e+00 4.044781540315462109e+00 4.030131480836768532e+00 4.011467263956639329e+00 3.988915824716583458e+00 3.962630382984350330e+00 3.932789312403083049e+00 3.899594824118719050e+00 3.863271475224720586e+00 3.824064513185569059e+00 3.782238068737222125e+00 3.738073210904618637e+00 3.691865878814599267e+00 3.643924705909382222e+00 3.594568752974060200e+00 3.544125167075193872e+00 3.492926784061476386e+00 3.441309692697153810e+00 3.389610778781614542e+00 3.338165267751778131e+00 3.287304284266803212e+00 3.237352447137170852e+00 3.188625517683266519e+00 3.141428119194552782e+00 3.096051544612251405e+00 3.052771668880450928e+00 3.011846981607853024e+00 2.973516754761049707e+00 2.937999359077421158e+00 2.905490741749167327e+00 2.876163076698457832e+00 2.850163597446466301e+00 2.827613621186243709e+00 2.808607771211549586e+00 2.793213403342026169e+00 2.781470240430989005e+00 2.773390217457361917e+00 2.768957538100115912e+00 2.768128942084056021e+00 2.770834180982211681e+00 2.776976698574708635e+00 2.786434510308777757e+00 2.799061274891396334e+00 2.814687549586494697e+00 2.833122219393687136e+00 2.854154088965859870e+00 2.877553624888574024e+00 2.903074834804583393e+00 2.930457268830494844e+00 2.959428127787489426e+00 2.989704461961280035e+00 3.020995443424027815e+00 3.053004694398153251e+00 3.085432653722884222e+00 3.117978963202306275e+00 3.150344855470610383e+00 3.182235525007364174e+00 3.213362464072886393e+00 3.243445745610197051e+00 3.272216235573278897e+00 3.299417717688601481e+00 3.324808914333596377e+00 3.348165388016929089e+00 3.369281308865085034e+00 3.387971074550547801e+00 3.404070770231243603e+00 3.417439457299979111e+00 3.427960281057217173e+00 3.435541388810392505e+00 3.440116651357723043e+00 3.441646182322912750e+00 3.440116651357723043e+00 3.435541388810392505e+00 3.427960281057217173e+00 3.417439457299979111e+00 3.404070770231243603e+00 3.387971074550547801e+00 3.369281308865085034e+00 3.348165388016929089e+00 3.324808914333596377e+00 3.299417717688601481e+00 3.272216235573278897e+00 3.243445745610197051e+00 3.213362464072886393e+00 3.182235525007364174e+00 3.150344855470610383e+00 3.117978963202306275e+00 3.085432653722884222e+00 3.053004694398153251e+00 3.020995443424027815e+00 2.989704461961280035e+00 2.959428127787489426e+00 2.930457268830494844e+00 2.903074834804583393e+00 2.877553624888574024e+00 2.854154088965859870e+00 2.833122219393687136e+00 2.814687549586494697e+00 2.799061274891396334e+00 2.786434510308777757e+00 2.776976698574708635e+00 2.770834180982211681e+00 2.768128942084056021e+00 2.768957538100115912e+00 2.773390217457361917e+00 2.781470240430989005e+00 2.793213403342026169e+00 2.808607771211549586e+00 2.827613621186243709e+00 2.850163597446466301e+00 2.876163076698457832e+00 2.905490741749167327e+00 2.937999359077421158e+00 2.973516754761049707e+00 3.011846981607853024e+00 3.052771668880450928e+00 3.096051544612251405e+00 3.141428119194552782e+00 3.188625517683266519e+00 3.237352447137170852e+00 3.287304284266803212e+00 3.338165267751778131e+00 3.389610778781614542e+00 3.441309692697153810e+00 3.492926784061476386e+00 3.544125167075193872e+00 3.594568752974060200e+00 3.643924705909382222e+00 3.691865878814599267e+00 3.738073210904618637e+00 3.782238068737222125e+00 3.824064513185569059e+00 3.863271475224720586e+00 3.899594824118719050e+00 3.932789312403083049e+00 3.962630382984350330e+00 3.988915824716583458e+00 4.011467263956639329e+00 4.030131480836768532e+00 4.044781540315462109e+00 4.055317729465262921e+00 4.061668293919001194e+00 4.063789967912296852e+00 4.061668293919001194e+00
4.075401786419354799e+00 4.066872231665413118e+00 4.054150545382814386e+00 4.037323301405961296e+00 4.016504934407286953e+00 3.991836894927352830e+00 3.963486605191865575e+00 3.931646223600961054e+00 3.896531227220123128e+00 3.858378822975272460e+00 3.817446199546539631e+00 3.774008633155998549e+00 3.728357461545256601e+00 3.680797941430835163e+00 3.631647005601141842e+00 3.581230936572098233e+00 3.529882974343127255e+00 3.477940876286800265e+00 3.425744447559996075e+00 3.373633060639481318e+00 3.321943182658649629e+00 3.271005929154103598e+00 3.221144662621743038e+00 3.172672653933055642e+00 3.125890824176702054e+00 3.081085583871449263e+00 3.038526785748990822e+00 2.998465806434940983e+00 2.961133771369774959e+00 2.926739936216357307e+00 2.895470236805237629e+00 2.867486018382230384e+00 2.842922953554758436e+00 2.821890156894300450e+00 2.804469502653281765e+00 2.790715150506970499e+00 2.780653282646424973e+00 2.774282053939199244e+00 2.771571755252701053e+00 2.772465188413013149e+00 2.776878249662205533e+00 2.784700716891630901e+00 2.795797234379802543e+00 2.810008487262694477e+00 2.827152556523294891e+00 2.847026443916855332e+00 2.869407754958956946e+00 2.894056526905042670e+00 2.920717187551609584e+00 2.949120629699112595e+00 2.978986385242309964e+00 3.010024882102058097e+00 3.041939766588902305e+00 3.074430273298261351e+00 3.107193624282940991e+00 3.139927439034158052e+00 3.172332136728496454e+00 3.204113312266120506e+00 3.234984067834309140e+00 3.264667282078539845e+00 3.292897799448262663e+00 3.319424522902224783e+00 3.344012393904446601e+00 3.366444244510486072e+00 3.386522507328334708e+00 3.404070770231243603e+00 3.418935163892883988e+00 3.430985571499347131e+00 3.440116651357723043e+00 3.446248664557014507e+00 3.449328101333021479e+00 3.449328101333021479e+00 3.446248664557014507e+00 3.440116651357723043e+00 3.430985571499347131e+00 3.418935163892883988e+00 3.404070770231243603e+00 3.386522507328334708e+00 3.366444244510486072e+00 3.344012393904446601e+00 3.319424522902224783e+00 3.292897799448262663e+00 3.264667282078539845e+00 3.234984067834309140e+00 3.204113312266120506e+00 3.172332136728496454e+00 3.139927439034158052e+00 3.107193624282940991e+00 3.074430273298261351e+00 3.041939766588902305e+00 3.010024882102058097e+00 2.978986385242309964e+00 2.949120629699112595e+00 2.920717187551609584e+00 2.894056526905042670e+00 2.869407754958956946e+00 2.847026443916855332e+00 2.827152556523294891e+00 2.810008487262694477e+00 2.795797234379802543e+00 2.784700716891630901e+00 2.776878249662205533e+00 2.772465188413013149e+00 2.771571755252701053e+00 2.774282053939199244e+00 2.780653282646424973e+00 2.790715150506970499e+00 2.804469502653281765e+00 2.821890156894300450e+00 2.842922953554758436e+00 2.867486018382230384e+00 2.895470236805237629e+00 2.926739936216357307e+00 2.961133771369774959e+00 2.998465806434940983e+00 3.038526785748990822e+00 3.081085583871449263e+00 3.125890824176702054e+00 3.172672653933055642e+00 3.221144662621743038e+00 3.271005929154103598e+00 3.321943182658649629e+00 3.373633060639481318e+00 3.425744447559996075e+00 3.477940876286800265e+00 3.529882974343127255e+00 3.581230936572098233e+00 3.631647005601141842e+00 3.680797941430835163e+00 3.728357461545256601e+00 3.774008633155998549e+00 3.817446199546539631e+00 3.858378822975272460e+00 3.896531227220123128e+00 3.931646223600961054e+00 3.963486605191865575e+00 3.991836894927352830e+00 4.016504934407286953e+00 4.037323301405961296e+00 4.054150545382814386e+00 4.066872231665413118e+00 4.075401786419354799e+00 4.079681136023819654e+00 4.079681136023819654e+00
4.089857728209037369e+00 4.083405326324637485e+00 4.072700139582789092e+00 4.057815013953076644e+00 4.038851179477194187e+00 4.015937502794105107e+00 3.989229535815332017e+00 3.958908367734463862e+00 3.925179289039611774e+00 3.888270277616044712e+00 3.848430318368452507e+00 3.805927569047417247e+00 3.761047386123623326e+00 3.714090225607100226e+00 3.665369434649425884e+00 3.615208950587148973e+00 3.563940924778595587e+00 3.511903289148310403e+00 3.459437283779431382e+00 3.406884964181242648e+00 3.354586707004508117e+00 3.302878732980184306e+00 3.252090665717565887e+00 3.202543144716959223e+00 3.154545510531692187e+00 3.108393579458100131e+00 3.064367524443886381e+00 3.022729878090716582e+00 2.983723672691896756e+00 2.947570731197693306e+00 2.914470121847508199e+00 2.884596787958178421e+00 2.858100363020856349e+00 2.835104179845412631e+00 2.815704481011718219e+00 2.799969836352971253e+00 2.787940771618938829e+00 2.779629610858669775e+00 2.775020533435184955e+00 2.774069844951140507e+00 2.776706459737061650e+00 2.782832590944639417e+00 2.792324642709311799e+00 2.805034297310580182e+00 2.820789788777222196e+00 2.839397352968804356e+00 2.860642842825631860e+00 2.884293496226447928e+00 2.910099842736635356e+00 2.937797734477863631e+00 2.967110485411296406e+00 2.997751102507650867e+00 3.029424591584801263e+00 3.061830320032560504e+00 3.094664418218913138e+00 3.127622201085699771e+00 3.160400591296510964e+00 3.192700525296592318e+00 3.224229323783915024e+00 3.254703008370918749e+00 3.283848546635965260e+00 3.311406008318792171e+00 3.337130616101022795e+00 3.360794675225980743e+00 3.382189367145201242e+00 3.401126393425302208e+00 3.417439457299979111e+00 3.430985571499347131e+00 3.441646182322912750e+00 3.449328101333021479e+00 3.453964237522047398e+00 3.455514124337389248e+00 3.453964237522047398e+00 3.449328101333021479e+00 3.441646182322912750e+00 3.430985571499347131e+00 3.417439457299979111e+00 3.401126393425302208e+00 3.382189367145201242e+00 3.360794675225980743e+00 3.337130616101022795e+00 3.311406008318792171e+00 3.283848546635965260e+00 3.254703008370918749e+00 3.224229323783915024e+00 3.192700525296592318e+00 3.160400591296510964e+00 3.127622201085699771e+00 3.094664418218913138e+00 3.061830320032560504e+00 3.029424591584801263e+00 2.997751102507650867e+00 2.967110485411296406e+00 2.937797734477863631e+00 2.910099842736635356e+00 2.884293496226447928e+00 2.860642842825631860e+00 2.839397352968804356e+00 2.820789788777222196e+00 2.805034297310580182e+00 2.792324642709311799e+00 2.782832590944639417e+00 2.776706459737061650e+00 2.774069844951140507e+00 2.775020533435184955e+00 2.779629610858669775e+00 2.787940771618938829e+00 2.799969836352971253e+00 2.815704481011718219e+00 2.835104179845412631e+00 2.858100363020856349e+00 2.884596787958178421e+00 2.914470121847508199e+00 2.947570731197693306e+00 2.983723672691896756e+00 3.022729878090716582e+00 3.064367524443886381e+00 3.108393579458100131e+00 3.154545510531692187e+00 3.202543144716959223e+00 3.252090665717565887e+00 3.302878732980184306e+00 3.354586707004508117e+00 3.406884964181242648e+00 3.459437283779431382e+00 3.511903289148310403e+00 3.563940924778595587e+00 3.615208950587148973e+00 3.665369434649425884e+00 3.714090225607100226e+00 3.761047386123623326e+00 3.805927569047417247e+00 3.848430318368452507e+00 3.888270277616044712e+00 3.925179289039611774e+00 3.958908367734463862e+00 3.989229535815332017e+00 4.015937502794105107e+00 4.038851179477194187e+00 4.057815013953076644e+00 4.072700139582789092e+00 4.083405326324637485e+00 4.089857728209037369e+00 4.092013421318411837e+00
4.098575536388559648e+00 4.094250774965728645e+00 4.085630690030894741e+00 4.072773939982466729e+00 4.055767970502047071e+00 4.034728368840689861e+00 4.009798010472391816e+00 3.981146004559164897e+00 3.948966446190798063e+00 3.913476984820821514e+00 3.874917219706883742e+00 3.833546934468444523e+00 3.789644184087366252e+00 3.743503248788443205e+00 3.695432470238737110e+00 3.645751986389151877e+00 3.594791382042344718e+00 3.542887272861902304e+00 3.490380841034171677e+00 3.437615341152219006e+00 3.384933595108551518e+00 3.332675494857799237e+00 3.281175531841938664e+00 3.230760371659409547e+00 3.181746492207269572e+00 3.134437903034996697e+00 3.089123963023503894e+00 3.046077312748052268e+00 3.005551937004889762e+00 2.967781371985266592e+00 2.932977070474498404e+00 2.901326937246562654e+00 2.872994045525361528e+00 2.848115544002212562e+00 2.826801762445918076e+00 2.809135522427871123e+00 2.795171658121688552e+00 2.784936750536731065e+00 2.778429076919639584e+00 2.775618775420216178e+00 2.776448223479938804e+00 2.780832626775691097e+00 2.788660813950183837e+00 2.799796230796296470e+00 2.814078126047105943e+00 2.831322919468064470e+00 2.851325741563922378e+00 2.873862132910965261e+00 2.898689889914798812e+00 2.925551042684674030e+00 2.954173949715367176e+00 2.984275493184751937e+00 3.015563357915981513e+00 3.047738376423452689e+00 3.080496921966240809e+00 3.113533331175220908e+00 3.146542337603310813e+00 3.179221497473863511e+00 3.211273588970710691e+00 3.242408966624191979e+00 3.272347852699088566e+00 3.300822547979963328e+00 3.327579544973377157e+00 3.352381527299810760e+00 3.375009239925415461e+00 3.395263215877924790e+00 3.412965346194886340e+00 3.427960281057217173e+00 3.440116651357723043e+00 3.449328101333021479e+00 3.455514124337389248e+00 3.458620695347645491e+00 3.458620695347645491e+00 3.455514124337389248e+00 3.449328101333021479e+00 3.440116651357723043e+00 3.427960281057217173e+00 3.412965346194886340e+00 3.395263215877924790e+00 3.375009239925415461e+00 3.352381527299810760e+00 3.327579544973377157e+00 3.300822547979963328e+00 3.272347852699088566e+00 3.242408966624191979e+00 3.211273588970710691e+00 3.179221497473863511e+00 3.146542337603310813e+00 3.113533331175220908e+00 3.080496921966240809e+00 3.047738376423452689e+00 3.015563357915981513e+00 2.984275493184751937e+00 2.954173949715367176e+00 2.925551042684674030e+00 2.898689889914798812e+00 2.873862132910965261e+00 2.851325741563922378e+00 2.831322919468064470e+00 2.814078126047105943e+00 2.799796230796296470e+00 2.788660813950183837e+00 2.780832626775691097e+00 2.776448223479938804e+00 2.775618775420216178e+00 2.778429076919639584e+00 2.784936750536731065e+00 2.795171658121688552e+00 2.809135522427871123e+00 2.826801762445918076e+00 2.848115544002212562e+00 2.872994045525361528e+00 2.901326937246562654e+00 2.932977070474498404e+00 2.967781371985266592e+00 3.005551937004889762e+00 3.046077312748052268e+00 3.089123963023503894e+00 3.134437903034996697e+00 3.181746492207269572e+00 3.230760371659409547e+00 3.281175531841938664e+00 3.332675494857799237e+00 3.384933595108551518e+00 3.437615341152219006e+00 3.490380841034171677e+00 3.542887272861902304e+00 3.594791382042344718e+00 3.645751986389151877e+00 3.695432470238737110e+00 3.743503248788443205e+00 3.789644184087366252e+00 3.833546934468444523e+00 3.874917219706883742e+00 3.913476984820821514e+00 3.948966446190798063e+00 3.981146004559164897e+00 4.009798010472391816e+00 4.034728368840689861e+00 4.055767970502047071e+00 4.072773939982466729e+00 4.085630690030894741e+00 4.094250774965728645e+00 4.098575536388559648e+00
4.101488863173718080e+00 4.099321794452547074e+00 4.092835339238491521e+00 4.082073641431827049e+00 4.067109911862158533e+00 4.048045887655895569e+00 4.025011081075664521e+00 3.998161823504495782e+00 3.967680111794179343e+00 3.933772265688983527e+00 3.896667406461642447e+00 3.856615768247069642e+00 3.813886854820756067e+00 3.768767455733309291e+00 3.721559536771648968e+00 3.672578020662503828e+00 3.622148474758370984e+00 3.570604723143272263e+00 3.518286401160540589e+00 3.465536470793135759e+00 3.412698715615103850e+00 3.360115234179112065e+00 3.308123950707885452e+00 3.257056161817160511e+00 3.207234137715454736e+00 3.158968795903682292e+00 3.112557464838553667e+00 3.068281754332360833e+00 3.026405548642992827e+00 2.987173137268543055e+00 2.950807497407449187e+00 2.917508740886062935e+00 2.887452737099494016e+00 2.860789922168246235e+00 2.837644303092642151e+00 2.818112664200281614e+00 2.802263981640010115e+00 2.790139050090841177e+00 2.781750324238135175e+00 2.777081975934229785e+00 2.776090166319271191e+00 2.778703530542548705e+00 2.784823871107705795e+00 2.794327054279124756e+00 2.807064102443524334e+00 2.822862473832234098e+00 2.841527519586923844e+00 2.862844106805668698e+00 2.886578394947383774e+00 2.912479751810270301e+00 2.940282794243071152e+00 2.969709537804426258e+00 3.000471638762804094e+00 3.032272711133466192e+00 3.064810700885116646e+00 3.097780299021440698e+00 3.130875374955035539e+00 3.163791411445272317e+00 3.196227922368709340e+00 3.227890834730576142e+00 3.258494816607721223e+00 3.287765533134894280e+00 3.315441813204195398e+00 3.341277710237735565e+00 3.365044441210617965e+00 3.386532189039151319e+00 3.405551754500496742e+00 3.421936045006809035e+00 3.435541388810392505e+00 3.446248664557014507e+00 3.453964237522047398e+00 3.458620695347645491e+00 3.460177377637577045e+00 3.458620695347645491e+00 3.453964237522047398e+00 3.446248664557014507e+00 3.435541388810392505e+00 3.421936045006809035e+00 3.405551754500496742e+00 3.386532189039151319e+00 3.365044441210617965e+00 3.341277710237735565e+00 3.315441813204195398e+00 3.287765533134894280e+00 3.258494816607721223e+00 3.227890834730576142e+00 3.196227922368709340e+00 3.163791411445272317e+00 3.130875374955035539e+00 3.097780299021440698e+00 3.064810700885116646e+00 3.032272711133466192e+00 3.000471638762804094e+00 2.969709537804426258e+00 2.940282794243071152e+00 2.912479751810270301e+00 2.886578394947383774e+00 2.862844106805668698e+00 2.841527519586923844e+00 2.822862473832234098e+00 2.807064102443524334e+00 2.794327054279124756e+00 2.784823871107705795e+00 2.778703530542548705e+00 2.776090166319271191e+00 2.777081975934229785e+00 2.781750324238135175e+00 2.790139050090841177e+00 2.802263981640010115e+00 2.818112664200281614e+00 2.837644303092642151e+00 2.860789922168246235e+00 2.887452737099494016e+00 2.917508740886062935e+00 2.950807497407449187e+00 2.987173137268543055e+00 3.026405548642992827e+00 3.068281754332360833e+00 3.112557464838553667e+00 3.158968795903682292e+00 3.207234137715454736e+00 3.257056161817160511e+00 3.308123950707885452e+00 3.360115234179112065e+00 3.412698715615103850e+00 3.465536470793135759e+00 3.518286401160540589e+00 3.570604723143272263e+00 3.622148474758370984e+00 3.672578020662503828e+00 3.721559536771648968e+00 3.768767455733309291e+00 3.813886854820756067e+00 3.856615768247069642e+00 3.896667406461642447e+00 3.933772265688983527e+00 3.967680111794179343e+00 3.998161823504495782e+00 4.025011081075664521e+00 4.048045887655895569e+00 4.067109911862158533e+00 4.082073641431827049e+00 4.092835339238491521e+00 4.099321794452547074e+00
4.098575536388559648e+00 4.098575536388559648e+00 4.094250774965728645e+00 4.085630690030894741e+00 4.072773939982466729e+00 4.055767970502047071e+00 4.034728368840689861e+00 4.009798010472391816e+00 3.981146004559164897e+00 3.948966446190798063e+00 3.913476984820821514e+00 3.874917219706883742e+00 3.833546934468444523e+00 3.789644184087366252e+00 3.743503248788443205e+00 3.695432470238737110e+00 3.645751986389151877e+00 3.594791382042344718e+00 3.542887272861902304e+00 3.490380841034171677e+00 3.437615341152219006e+00 3.384933595108551518e+00 3.332675494857799237e+00 3.281175531841938664e+00 3.230760371659409547e+00 3.181746492207269572e+00 3.134437903034996697e+00 3.089123963023503894e+00 3.046077312748052268e+00 3.005551937004889762e+00 2.967781371985266592e+00 2.932977070474498404e+00 2.901326937246562654e+00 2.872994045525361528e+00 2.848115544002212562e+00 2.826801762445918076e+00 2.809135522427871123e+00 2.795171658121688552e+00 2.784936750536731065e+00 2.778429076919639584e+00 2.775618775420216178e+00 2.776448223479938804e+00 2.780832626775691097e+00 2.788660813950183837e+00 2.799796230796296470e+00 2.814078126047105943e+00 2.831322919468064470e+00 2.851325741563922378e+00 2.873862132910965261e+00 2.898689889914798812e+00 2.925551042684674030e+00 2.954173949715367176e+00 2.984275493184751937e+00 3.015563357915981513e+00 3.047738376423452689e+00 3.080496921966240809e+00 3.113533331175220908e+00 3.146542337603310813e+00 3.179221497473863511e+00 3.211273588970710691e+00 3.242408966624191979e+00 3.272347852699088566e+00 3.300822547979963328e+00 3.327579544973377157e+00 3.352381527299810760e+00 3.375009239925415461e+00 3.395263215877924790e+00 3.412965346194886340e+00 3.427960281057217173e+00 3.440116651357723043e+00 3.449328101333021479e+00 3.455514124337389248e+00 3.458620695347645491e+00 3.458620695347645491e+00 3.455514124337389248e+00 3.449328101333021479e+00 3.440116651357723043e+00 3.427960281057217173e+00 3.412965346194886340e+00 3.395263215877924790e+00 3.375009239925415461e+00 3.352381527299810760e+00 3.327579544973377157e+00 3.300822547979963328e+00 3.272347852699088566e+00 3.242408966624191979e+00 3.211273588970710691e+00 3.179221497473863511e+00 3.146542337603310813e+00 3.113533331175220908e+00 3.080496921966240809e+00 3.047738376423452689e+00 3.015563357915981513e+00 2.984275493184751937e+00 2.954173949715367176e+00 2.925551042684674030e+00 2.898689889914798812e+00 2.873862132910965261e+00 2.851325741563922378e+00 2.831322919468064470e+00 2.814078126047105943e+00 2.799796230796296470e+00 2.788660813950183837e+00 2.780832626775691097e+00 2.776448223479938804e+00 2.775618775420216178e+00 2.778429076919639584e+00 2.784936750536731065e+00 2.795171658121688552e+00 2.809135522427871123e+00 2.826801762445918076e+00 2.848115544002212562e+00 2.872994045525361528e+00 2.901326937246562654e+00 2.932977070474498404e+00 2.967781371985266592e+00 3.005551937004889762e+00 3.046077312748052268e+00 3.089123963023503894e+00 3.134437903034996697e+00 3.181746492207269572e+00 3.230760371659409547e+00 3.281175531841938664e+00 3.332675494857799237e+00 3.384933595108551518e+00 3.437615341152219006e+00 3.490380841034171677e+00 3.542887272861902304e+00 3.594791382042344718e+00 3.645751986389151877e+00 3.695432470238737110e+00 3.743503248788443205e+00 3.789644184087366252e+00 3.833546934468444523e+00 3.874917219706883742e+00 3.913476984820821514e+00 3.948966446190798063e+00 3.981146004559164897e+00 4.009798010472391816e+00 4.034728368840689861e+00 4.055767970502047071e+00 4.072773939982466729e+00 4.085630690030894741e+00 4.094250774965728645e+00
4.089857728209037369e+00 4.092013421318411837e+00 4.089857728209037369e+00 4.083405326324637485e+00 4.072700139582789092e+00 4.057815013953076644e+00 4.038851179477194187e+00 4.015937502794105107e+00 3.989229535815332017e+00 3.958908367734463862e+00 3.925179289039611774e+00 3.888270277616044712e+00 3.848430318368452507e+00 3.805927569047417247e+00 3.761047386123623326e+00 3.714090225607100226e+00 3.665369434649425884e+00 3.615208950587148973e+00 3.563940924778595587e+00 3.511903289148310403e+00 3.459437283779431382e+00 3.406884964181242648e+00 3.354586707004508117e+00 3.302878732980184306e+00 3.252090665717565887e+00 3.202543144716959223e+00 3.154545510531692187e+00 3.108393579458100131e+00 3.064367524443886381e+00 3.022729878090716582e+00 2.983723672691896756e+00 2.947570731197693306e+00 2.914470121847508199e+00 2.884596787958178421e+00 2.858100363020856349e+00 2.835104179845412631e+00 2.815704481011718219e+00 2.799969836352971253e+00 2.787940771618938829e+00 2.779629610858669775e+00 2.775020533435184955e+00 2.774069844951140507e+00 2.776706459737061650e+00 2.782832590944639417e+00 2.792324642709311799e+00 2.805034297310580182e+00 2.820789788777222196e+00 2.839397352968804356e+00 2.860642842825631860e+00 2.884293496226447928e+00 2.910099842736635356e+00 2.937797734477863631e+00 2.967110485411296406e+00 2.997751102507650867e+00 3.029424591584801263e+00 3.061830320032560504e+00 3.094664418218913138e+00 3.127622201085699771e+00 3.160400591296510964e+00 3.192700525296592318e+00 3.224229323783915024e+00 3.254703008370918749e+00 3.283848546635965260e+00 3.311406008318792171e+00 3.337130616101022795e+00 3.360794675225980743e+00 3.382189367145201242e+00 3.401126393425302208e+00 3.417439457299979111e+00 3.430985571499347131e+00 3.441646182322912750e+00 3.449328101333021479e+00 3.453964237522047398e+00 3.455514124337389248e+00 3.453964237522047398e+00 3.449328101333021479e+00 3.441646182322912750e+00 3.430985571499347131e+00 3.417439457299979111e+00 3.401126393425302208e+00 3.382189367145201242e+00 3.360794675225980743e+00 3.337130616101022795e+00 3.311406008318792171e+00 3.283848546635965260e+00 3.254703008370918749e+00 3.224229323783915024e+00 3.192700525296592318e+00 3.160400591296510964e+00 3.127622201085699771e+00 3.094664418218913138e+00 3.061830320032560504e+00 3.029424591584801263e+00 2.997751102507650867e+00 2.967110485411296406e+00 2.937797734477863631e+00 2.910099842736635356e+00 2.884293496226447928e+00 2.860642842825631860e+00 2.839397352968804356e+00 2.820789788777222196e+00 2.805034297310580182e+00 2.792324642709311799e+00 2.782832590944639417e+00 2.776706459737061650e+00 2.774069844951140507e+00 2.775020533435184955e+00 2.779629610858669775e+00 2.787940771618938829e+00 2.799969836352971253e+00 2.815704481011718219e+00 2.835104179845412631e+00 2.858100363020856349e+00 2.884596787958178421e+00 2.914470121847508199e+00 2.947570731197693306e+00 2.983723672691896756e+00 3.022729878090716582e+00 3.064367524443886381e+00 3.108393579458100131e+00 3.154545510531692187e+00 3.202543144716959223e+00 3.252090665717565887e+00 3.302878732980184306e+00 3.354586707004508117e+00 3.406884964181242648e+00 3.459437283779431382e+00 3.511903289148310403e+00 3.563940924778595587e+00 3.615208950587148973e+00 3.665369434649425884e+00 3.714090225607100226e+00 3.761047386123623326e+00 3.805927569047417247e+00 3.848430318368452507e+00 3.888270277616044712e+00 3.925179289039611774e+00 3.958908367734463862e+00 3.989229535815332017e+00 4.015937502794105107e+00 4.038851179477194187e+00 4.057815013953076644e+00 4.072700139582789092e+00 4.083405326324637485e+00
4.075401786419354799e+00 4.079681136023819654e+00 4.079681136023819654e+00 4.075401786419354799e+00 4.066872231665413118e+00 4.054150545382814386e+00 4.037323301405961296e+00 4.016504934407286953e+00 3.991836894927352830e+00 3.963486605191865575e+00 3.931646223600961054e+00 3.896531227220123128e+00 3.858378822975272460e+00 3.817446199546539631e+00 3.774008633155998549e+00 3.728357461545256601e+00 3.680797941430835163e+00 3.631647005601141842e+00 3.581230936572098233e+00 3.529882974343127255e+00 3.477940876286800265e+00 3.425744447559996075e+00 3.373633060639481318e+00 3.321943182658649629e+00 3.271005929154103598e+00 3.221144662621743038e+00 3.172672653933055642e+00 3.125890824176702054e+00 3.081085583871449263e+00 3.038526785748990822e+00 2.998465806434940983e+00 2.961133771369774959e+00 2.926739936216357307e+00 2.895470236805237629e+00 2.867486018382230384e+00 2.842922953554758436e+00 2.821890156894300450e+00 2.804469502653281765e+00 2.790715150506970499e+00 2.780653282646424973e+00 2.774282053939199244e+00 2.771571755252701053e+00 2.772465188413013149e+00 2.776878249662205533e+00 2.784700716891630901e+00 2.795797234379802543e+00 2.810008487262694477e+00 2.827152556523294891e+00 2.847026443916855332e+00 2.869407754958956946e+00 2.894056526905042670e+00 2.920717187551609584e+00 2.949120629699112595e+00 2.978986385242309964e+00 3.010024882102058097e+00 3.041939766588902305e+00 3.074430273298261351e+00 3.107193624282940991e+00 3.139927439034158052e+00 3.172332136728496454e+00 3.204113312266120506e+00 3.234984067834309140e+00 3.264667282078539845e+00 3.292897799448262663e+00 3.319424522902224783e+00 3.344012393904446601e+00 3.366444244510486072e+00 3.386522507328334708e+00 3.404070770231243603e+00 3.418935163892883988e+00 3.430985571499347131e+00 3.440116651357723043e+00 3.446248664557014507e+00 3.449328101333021479e+00 3.449328101333021479e+00 3.446248664557014507e+00 3.440116651357723043e+00 3.430985571499347131e+00 3.418935163892883988e+00 3.404070770231243603e+00 3.386522507328334708e+00 3.366444244510486072e+00 3.344012393904446601e+00 3.319424522902224783e+00 3.292897799448262663e+00 3.264667282078539845e+00 3.234984067834309140e+00 3.204113312266120506e+00 3.172332136728496454e+00 3.139927439034158052e+00 3.107193624282940991e+00 3.074430273298261351e+00 3.041939766588902305e+00 3.010024882102058097e+00 2.978986385242309964e+00 2.949120629699112595e+00 2.920717187551609584e+00 2.894056526905042670e+00 2.869407754958956946e+00 2.847026443916855332e+00 2.827152556523294891e+00 2.810008487262694477e+00 2.795797234379802543e+00 2.784700716891630901e+00 2.776878249662205533e+00 2.772465188413013149e+00 2.771571755252701053e+00 2.774282053939199244e+00 2.780653282646424973e+00 2.790715150506970499e+00 2.804469502653281765e+00 2.821890156894300450e+00 2.842922953554758436e+00 2.867486018382230384e+00 2.895470236805237629e+00 2.926739936216357307e+00 2.961133771369774959e+00 2.998465806434940983e+00 3.038526785748990822e+00 3.081085583871449263e+00 3.125890824176702054e+00 3.172672653933055642e+00 3.221144662621743038e+00 3.271005929154103598e+00 3.321943182658649629e+00 3.373633060639481318e+00 3.425744447559996075e+00 3.477940876286800265e+00 3.529882974343127255e+00 3.581230936572098233e+00 3.631647005601141842e+00 3.680797941430835163e+00 3.728357461545256601e+00 3.774008633155998549e+00 3.817446199546539631e+00 3.858378822975272460e+00 3.896531227220123128e+00 3.931646223600961054e+00 3.963486605191865575e+00 3.991836894927352830e+00 4.016504934407286953e+00 4.037323301405961296e+00 4.054150545382814386e+00 4.066872231665413118e+00
4.055317729465262921e+00 4.061668293919001194e+00 4.063789967912296852e+00 4.061668293919001194e+00 4.055317729465262921e+00 4.044781540315462109e+00 4.030131480836768532e+00 4.011467263956639329e+00 3.988915824716583458e+00 3.962630382984350330e+00 3.932789312403083049e+00 3.899594824118719050e+00 3.863271475224720586e+00 3.824064513185569059e+00 3.782238068737222125e+00 3.738073210904618637e+00 3.691865878814599267e+00 3.643924705909382222e+00 3.594568752974060200e+00 3.544125167075193872e+00 3.492926784061476386e+00 3.441309692697153810e+00 3.389610778781614542e+00 3.338165267751778131e+00 3.287304284266803212e+00 3.237352447137170852e+00 3.188625517683266519e+00 3.141428119194552782e+00 3.096051544612251405e+00 3.052771668880450928e+00 3.011846981607853024e+00 2.973516754761049707e+00 2.937999359077421158e+00 2.905490741749167327e+00 2.876163076698457832e+00 2.850163597446466301e+00 2.827613621186243709e+00 2.808607771211549586e+00 2.793213403342026169e+00 2.781470240430989005e+00 2.773390217457361917e+00 2.768957538100115912e+00 2.768128942084056021e+00 2.770834180982211681e+00 2.776976698574708635e+00 2.786434510308777757e+00 2.799061274891396334e+00 2.814687549586494697e+00 2.833122219393687136e+00 2.854154088965859870e+00 2.877553624888574024e+00 2.903074834804583393e+00 2.930457268830494844e+00 2.959428127787489426e+00 2.989704461961280035e+00 3.020995443424027815e+00 3.053004694398153251e+00 3.085432653722884222e+00 3.117978963202306275e+00 3.150344855470610383e+00 3.182235525007364174e+00 3.213362464072886393e+00 3.243445745610197051e+00 3.272216235573278897e+00 3.299417717688601481e+00 3.324808914333596377e+00 3.348165388016929089e+00 3.369281308865085034e+00 3.387971074550547801e+00 3.404070770231243603e+00 3.417439457299979111e+00 3.427960281057217173e+00 3.435541388810392505e+00 3.440116651357723043e+00 3.441646182322912750e+00 3.440116651357723043e+00 3.435541388810392505e+00 3.427960281057217173e+00 3.417439457299979111e+00 3.404070770231243603e+00 3.387971074550547801e+00 3.369281308865085034e+00 3.348165388016929089e+00 3.324808914333596377e+00 3.299417717688601481e+00 3.272216235573278897e+00 3.243445745610197051e+00 3.213362464072886393e+00 3.182235525007364174e+00 3.150344855470610383e+00 3.117978963202306275e+00 3.085432653722884222e+00 3.053004694398153251e+00 3.020995443424027815e+00 2.989704461961280035e+00 2.959428127787489426e+00 2.930457268830494844e+00 2.903074834804583393e+00 2.877553624888574024e+00 2.854154088965859870e+00 2.833122219393687136e+00 2.814687549586494697e+00 2.799061274891396334e+00 2.786434510308777757e+00 2.776976698574708635e+00 2.770834180982211681e+00 2.768128942084056021e+00 2.768957538100115912e+00 2.773390217457361917e+00 2.781470240430989005e+00 2.793213403342026169e+00 2.808607771211549586e+00 2.827613621186243709e+00 2.850163597446466301e+00 2.876163076698457832e+00 2.905490741749167327e+00 2.937999359077421158e+00 2.973516754761049707e+00 3.011846981607853024e+00 3.052771668880450928e+00 3.096051544612251405e+00 3.141428119194552782e+00 3.188625517683266519e+00 3.237352447137170852e+00 3.287304284266803212e+00 3.338165267751778131e+00 3.389610778781614542e+00 3.441309692697153810e+00 3.492926784061476386e+00 3.544125167075193872e+00 3.594568752974060200e+00 3.643924705909382222e+00 3.691865878814599267e+00 3.738073210904618637e+00 3.782238068737222125e+00 3.824064513185569059e+00 3.863271475224720586e+00 3.899594824118719050e+00 3.932789312403083049e+00 3.962630382984350330e+00 3.988915824716583458e+00 4.011467263956639329e+00 4.030131480836768532e+00 4.044781540315462109e+00
4.029758409147270903e+00 4.038107761114727801e+00 4.042296717067101142e+00 4.042296717067101142e+00 4.038107761114727801e+00 4.029758409147270903e+00 4.017305570001796333e+00 4.000834080934190240e+00 3.980456080870867996e+00 3.956310182127048325e+00 3.928560446847421783e+00 3.897395175899421194e+00 3.863025519364955418e+00 3.825683919122648380e+00 3.785622395279133467e+00 3.743110689385128698e+00 3.698434278450982493e+00 3.651892274748837597e+00 3.603795227247273303e+00 3.554462841262636896e+00 3.504221633523656454e+00 3.453402540327811465e+00 3.402338496815507707e+00 3.351362005598881311e+00 3.300802713054418192e+00 3.250985011521848378e+00 3.202225685446750347e+00 3.154831619162294043e+00 3.109097583529327746e+00 3.065304118047165627e+00 3.023715524314624759e+00 2.984577985867581607e+00 2.948117828452245348e+00 2.914539933719651810e+00 2.884026318154935709e+00 2.856734887793491051e+00 2.832798377934953038e+00 2.812323485655102928e+00 2.795390201446158240e+00 2.782051344798583958e+00 2.772332306984142125e+00 2.766231002722155718e+00 2.763718030821015859e+00 2.764737042296763203e+00 2.769205312892336845e+00 2.777014515366811764e+00 2.788031685405365945e+00 2.802100373529517352e+00 2.819041973974467652e+00 2.838657220156906025e+00 2.860727835092655269e+00 2.885018323948635999e+00 2.911277894836759028e+00 2.939242492986652966e+00 2.968636932577079168e+00 2.999177109768836669e+00 3.030572279870712205e+00 3.062527381089007239e+00 3.094745386964208311e+00 3.126929669387954913e+00 3.158786354021279053e+00 3.190026650001599240e+00 3.220369136030674095e+00 3.249541985277106360e+00 3.277285112002305212e+00 3.303352223424599998e+00 3.327512761067627167e+00 3.349553716690820249e+00 3.369281308865085034e+00 3.386522507328334708e+00 3.401126393425302208e+00 3.412965346194886340e+00 3.421936045006809035e+00 3.427960281057217173e+00 3.430985571499347131e+00 3.430985571499347131e+00 3.427960281057217173e+00 3.421936045006809035e+00 3.412965346194886340e+00 3.401126393425302208e+00 3.386522507328334708e+00 3.369281308865085034e+00 3.349553716690820249e+00 3.327512761067627167e+00 3.303352223424599998e+00 3.277285112002305212e+00 3.249541985277106360e+00 3.220369136030674095e+00 3.190026650001599240e+00 3.158786354021279053e+00 3.126929669387954913e+00 3.094745386964208311e+00 3.062527381089007239e+00 3.030572279870712205e+00 2.999177109768836669e+00 2.968636932577079168e+00 2.939242492986652966e+00 2.911277894836759028e+00 2.885018323948635999e+00 2.860727835092655269e+00 2.838657220156906025e+00 2.819041973974467652e+00 2.802100373529517352e+00 2.788031685405365945e+00 2.777014515366811764e+00 2.769205312892336845e+00 2.764737042296763203e+00 2.763718030821015859e+00 2.766231002722155718e+00 2.772332306984142125e+00 2.782051344798583958e+00 2.795390201446158240e+00 2.812323485655102928e+00 2.832798377934953038e+00 2.856734887793491051e+00 2.884026318154935709e+00 2.914539933719651810e+00 2.948117828452245348e+00 2.984577985867581607e+00 3.023715524314624759e+00 3.065304118047165627e+00 3.109097583529327746e+00 3.154831619162294043e+00 3.202225685446750347e+00 3.250985011521848378e+00 3.300802713054418192e+00 3.351362005598881311e+00 3.402338496815507707e+00 3.453402540327811465e+00 3.504221633523656454e+00 3.554462841262636896e+00 3.603795227247273303e+00 3.651892274748837597e+00 3.698434278450982493e+00 3.743110689385128698e+00 3.785622395279133467e+00 3.825683919122648380e+00 3.863025519364955418e+00 3.897395175899421194e+00 3.928560446847421783e+00 3.956310182127048325e+00 3.980456080870867996e+00 4.000834080934190240e+00 4.017305570001796333e+00
3.998918347326139600e+00 4.009174653264762966e+00 4.015356560311757583e+00 4.017421893657598275e+00 4.015356560311757583e+00 4.009174653264762966e+00 3.998918347326139600e+00 3.984657587425138203e+00 3.966489571728760044e+00 3.944538033481510553e+00 3.918952326991410828e+00 3.889906324665819870e+00 3.857597133427092206e+00 3.822243640201396619e+00 3.784084897463588337e+00 3.743378361027287493e+00 3.700397993382898321e+00 3.655432246898875359e+00 3.608781942105466545e+00 3.560758057068380111e+00 3.511679444526594640e+00 3.461870494008613353e+00 3.411658756550885130e+00 3.361372549917698294e+00 3.311338562361539228e+00 3.261879472965778515e+00 3.213311606477258664e+00 3.165942640266385499e+00 3.120069380648418100e+00 3.075975625264989688e+00 3.033930127563619461e+00 2.994184678630032792e+00 2.956972320729565507e+00 2.922505705906556894e+00 2.890975611882133034e+00 2.862549626289646820e+00 2.837371009002327416e+00 2.815557740949241605e+00 2.797201766393878852e+00 2.782368434175195748e+00 2.771096141895257770e+00 2.763396185491981072e+00 2.759252815071908227e+00 2.758623496308164391e+00 2.761439375144779884e+00 2.767605942002321129e+00 2.777003890162969224e+00 2.789490161537393487e+00 2.804899171592300178e+00 2.823044203856949874e+00 2.843718963139989508e+00 2.866699275384029022e+00 2.891744920973905675e+00 2.918601587303942591e+00 2.947002925507213877e+00 2.976672695463122409e+00 3.007326982533925275e+00 3.038676468941822861e+00 3.070428742289465607e+00 3.102290623451671170e+00 3.133970495926653665e+00 3.165180618732276852e+00 3.195639405066809768e+00 3.225073649223171746e+00 3.253220684648878702e+00 3.279830456577536690e+00 3.304667493317860139e+00 3.327512761067627167e+00 3.348165388016929089e+00 3.366444244510486072e+00 3.382189367145201242e+00 3.395263215877924790e+00 3.405551754500496742e+00 3.412965346194886340e+00 3.417439457299979111e+00 3.418935163892883988e+00 3.417439457299979111e+00 3.412965346194886340e+00 3.405551754500496742e+00 3.395263215877924790e+00 3.382189367145201242e+00 3.366444244510486072e+00 3.348165388016929089e+00 3.327512761067627167e+00 3.304667493317860139e+00 3.279830456577536690e+00 3.253220684648878702e+00 3.225073649223171746e+00 3.195639405066809768e+00 3.165180618732276852e+00 3.133970495926653665e+00 3.102290623451671170e+00 3.070428742289465607e+00 3.038676468941822861e+00 3.007326982533925275e+00 2.976672695463122409e+00 2.947002925507213877e+00 2.918601587303942591e+00 2.891744920973905675e+00 2.866699275384029022e+00 2.843718963139989508e+00 2.823044203856949874e+00 2.804899171592300178e+00 2.789490161537393487e+00 2.777003890162969224e+00 2.767605942002321129e+00 2.761439375144779884e+00 2.758623496308164391e+00 2.759252815071908227e+00 2.763396185491981072e+00 2.771096141895257770e+00 2.782368434175195748e+00 2.797201766393878852e+00 2.815557740949241605e+00 2.837371009002327416e+00 2.862549626289646820e+00 2.890975611882133034e+00 2.922505705906556894e+00 2.956972320729565507e+00 2.994184678630032792e+00 3.033930127563619461e+00 3.075975625264989688e+00 3.120069380648418100e+00 3.165942640266385499e+00 3.213311606477258664e+00 3.261879472965778515e+00 3.311338562361539228e+00 3.361372549917698294e+00 3.411658756550885130e+00 3.461870494008613353e+00 3.511679444526594640e+00 3.560758057068380111e+00 3.608781942105466545e+00 3.655432246898875359e+00 3.700397993382898321e+00 3.743378361027287493e+00 3.784084897463588337e+00 3.822243640201396619e+00 3.857597133427092206e+00 3.889906324665819870e+00 3.918952326991410828e+00 3.944538033481510553e+00 3.966489571728760044e+00 3.984657587425138203e+00
3.963032255494061573e+00 3.975085010813944830e+00 3.983166193100853292e+00 3.987220628806662948e+00 3.987220628806662948e+00 3.983166193100853292e+00 3.975085010813944830e+00 3.963032255494061573e+00 3.947090177256600274e+00 3.927367494854271612e+00 3.903998592265789824e+00 3.877142525871873691e+00 3.846981849717660662e+00 3.813721267733841902e+00 3.777586123094844428e+00 3.738820736120933130e+00 3.697686603273106609e+00 3.654460470836335961e+00 3.609432297830045488e+00 3.562903123517786153e+00 3.515182855604221945e+00 3.466587995801685196e+00 3.417439319915909213e+00 3.368059529937758700e+00 3.318770895832168666e+00 3.269892904785656640e+00 3.221739935609040373e+00 3.174618975792979914e+00 3.128827398382187042e+00 3.084650815372066646e+00 3.042361023742829573e+00 3.002214059535088353e+00 2.964448374543232845e+00 2.929283149264517050e+00 2.896916754700276986e+00 2.867525374468590460e+00 2.841261797464021299e+00 2.818254389998825715e+00 2.798606254991371944e+00 2.782394584341715937e+00 2.769670209162254704e+00 2.760457351024349304e+00 2.754753575851183189e+00 2.752529950544641668e+00 2.753731400891270997e+00 2.758277267761348739e+00 2.766062057107124161e+00 2.776956377793174724e+00 2.790808059864528179e+00 2.807443444487670359e+00 2.826668835496265686e+00 2.848272101247172561e+00 2.872024414352571053e+00 2.897682115809288472e+00 2.924988689104793593e+00 2.953676829047816366e+00 2.983470589356632896e+00 3.014087592445010788e+00 3.045241284379270663e+00 3.076643217643265427e+00 3.108005344144106896e+00 3.139042300821381914e+00 3.169473670287212830e+00 3.199026199123220504e+00 3.227435956791584459e+00 3.254450418578699544e+00 3.279830456577536690e+00 3.303352223424599998e+00 3.324808914333596377e+00 3.344012393904446601e+00 3.360794675225980743e+00 3.375009239925415461e+00 3.386532189039151319e+00 3.395263215877924790e+00 3.401126393425302208e+00 3.404070770231243603e+00 3.404070770231243603e+00 3.401126393425302208e+00 3.395263215877924790e+00 3.386532189039151319e+00 3.375009239925415461e+00 3.360794675225980743e+00 3.344012393904446601e+00 3.324808914333596377e+00 3.303352223424599998e+00 3.279830456577536690e+00 3.254450418578699544e+00 3.227435956791584459e+00 3.199026199123220504e+00 3.169473670287212830e+00 3.139042300821381914e+00 3.108005344144106896e+00 3.076643217643265427e+00 3.045241284379270663e+00 3.014087592445010788e+00 2.983470589356632896e+00 2.953676829047816366e+00 2.924988689104793593e+00 2.897682115809288472e+00 2.872024414352571053e+00 2.848272101247172561e+00 2.826668835496265686e+00 2.807443444487670359e+00 2.790808059864528179e+00 2.776956377793174724e+00 2.766062057107124161e+00 2.758277267761348739e+00 2.753731400891270997e+00 2.752529950544641668e+00 2.754753575851183189e+00 2.760457351024349304e+00 2.769670209162254704e+00 2.782394584341715937e+00 2.798606254991371944e+00 2.818254389998825715e+00 2.841261797464021299e+00 2.867525374468590460e+00 2.896916754700276986e+00 2.929283149264517050e+00 2.964448374543232845e+00 3.002214059535088353e+00 3.042361023742829573e+00 3.084650815372066646e+00 3.128827398382187042e+00 3.174618975792979914e+00 3.221739935609040373e+00 3.269892904785656640e+00 3.318770895832168666e+00 3.368059529937758700e+00 3.417439319915909213e+00 3.466587995801685196e+00 3.515182855604221945e+00 3.562903123517786153e+00 3.609432297830045488e+00 3.654460470836335961e+00 3.697686603273106609e+00 3.738820736120933130e+00 3.777586123094844428e+00 3.813721267733841902e+00 3.846981849717660662e+00 3.877142525871873691e+00 3.903998592265789824e+00 3.927367494854271612e+00 3.947090177256600274e+00
3.922373248478499885e+00 3.936094162714895095e+00 3.945962348415765764e+00 3.951910373167374591e+00 3.953897577020894172e+00 3.951910373167374591e+00 3.945962348415765764e+00 3.936094162714895095e+00 3.922373248478499885e+00 3.904893311984961368e+00 3.883773640618575218e+00 3.859158221185854387e+00 3.831214675967162808e+00 3.800133024540356619e+00 3.766124280728169627e+00 3.729418895265444789e+00 3.690265055945867179e+00 3.648926858082301994e+00 3.605682359091728184e+00 3.560821531887734093e+00 3.514644132524076259e+00 3.467457498175965380e+00 3.419574292066799526e+00 3.371310212343043400e+00 3.322981682165727424e+00 3.274903538421869431e+00 3.227386736461632655e+00 3.180736088137679829e+00 3.135248050162450451e+00 3.091208579409434609e+00 3.048891071268613917e+00 3.008554396528162034e+00 2.970441051499100649e+00 2.934775435232594987e+00 2.901762266707625937e+00 2.871585153797257650e+00 2.844405324662770962e+00 2.820360530985409397e+00 2.799564131134842260e+00 2.782104360001559584e+00 2.768043790797911186e+00 2.757418992669995905e+00 2.750240386471454190e+00 2.746492299541543503e+00 2.746133218815375532e+00 2.749096240085235010e+00 2.755289709740040394e+00 2.764598053846591963e+00 2.776882788012398517e+00 2.791983700096439147e+00 2.809720196521602542e+00 2.829892801700799598e+00 2.852284798927276821e+00 2.876664000007274069e+00 2.902784629938079064e+00 2.930389312064113128e+00 2.959211138384551187e+00 2.988975809043896259e+00 3.019403824516832202e+00 3.050212713604360193e+00 3.081119280092908586e+00 3.111841850793547692e+00 3.142102507675824441e+00 3.171629286940007564e+00 3.200158328131669006e+00 3.227435956791584459e+00 3.253220684648878702e+00 3.277285112002305212e+00 3.299417717688601481e+00 3.319424522902224783e+00 3.337130616101022795e+00 3.352381527299810760e+00 3.365044441210617965e+00 3.375009239925415461e+00 3.382189367145201242e+00 3.386522507328334708e+00 3.387971074550547801e+00 3.386522507328334708e+00 3.382189367145201242e+00 3.375009239925415461e+00 3.365044441210617965e+00 3.352381527299810760e+00 3.337130616101022795e+00 3.319424522902224783e+00 3.299417717688601481e+00 3.277285112002305212e+00 3.253220684648878702e+00 3.227435956791584459e+00 3.200158328131669006e+00 3.171629286940007564e+00 3.142102507675824441e+00 3.111841850793547692e+00 3.081119280092908586e+00 3.050212713604360193e+00 3.019403824516832202e+00 2.988975809043896259e+00 2.959211138384551187e+00 2.930389312064113128e+00 2.902784629938079064e+00 2.876664000007274069e+00 2.852284798927276821e+00 2.829892801700799598e+00 2.809720196521602542e+00 2.791983700096439147e+00 2.776882788012398517e+00 2.764598053846591963e+00 2.755289709740040394e+00 2.749096240085235010e+00 2.746133218815375532e+00 2.746492299541543503e+00 2.750240386471454190e+00 2.757418992669995905e+00 2.768043790797911186e+00 2.782104360001559584e+00 2.799564131134842260e+00 2.820360530985409397e+00 2.844405324662770962e+00 2.871585153797257650e+00 2.901762266707625937e+00 2.934775435232594987e+00 2.970441051499100649e+00 3.008554396528162034e+00 3.048891071268613917e+00 3.091208579409434609e+00 3.135248050162450451e+00 3.180736088137679829e+00 3.227386736461632655e+00 3.274903538421869431e+00 3.322981682165727424e+00 3.371310212343043400e+00 3.419574292066799526e+00 3.467457498175965380e+00 3.514644132524076259e+00 3.560821531887734093e+00 3.605682359091728184e+00 3.648926858082301994e+00 3.690265055945867179e+00 3.729418895265444789e+00 3.766124280728169627e+00 3.800133024540356619e+00 3.831214675967162808e+00 3.859158221185854387e+00 3.883773640618575218e+00 3.904893311984961368e+00
3.877250765873416771e+00 3.892494791051398284e+00 3.904020010797888407e+00 3.911747591601546059e+00 3.915624651561091074e+00 3.915624651561091074e+00 3.911747591601546059e+00 3.904020010797888407e+00 3.892494791051398284e+00 3.877250765873416771e+00 3.858392137319034632e+00 3.836047705435479571e+00 3.810369916046834504e+00 3.781533734068595720e+00 3.749735350863070860e+00 3.715190735399256372e+00 3.678134040159455775e+00 3.638815873830271386e+00 3.597501453819690109e+00 3.554468652546855623e+00 3.510005952250198291e+00 3.464410323746603293e+00 3.417985045144128264e+00 3.371037476959125812e+00 3.323876810411988014e+00 3.276811805871816308e+00 3.230148538487471743e+00 3.184188167980357420e+00 3.139224749383335844e+00 3.095543101191754687e+00 3.053416746949331628e+00 3.013105945726721302e+00 2.974855826268544501e+00 2.938894638790449765e+00 2.905432137507670376e+00 2.874658105977252021e+00 2.846741036245306944e+00 2.821826971616697488e+00 2.800038521616211806e+00 2.781474056397311045e+00 2.766207086486680122e+00 2.754285832340708229e+00 2.745732986744222170e+00 2.740545671613482170e+00 2.738695589285657928e+00 2.740129366897104291e+00 2.744769090983901538e+00 2.752513027991621453e+00 2.763236524968018415e+00 2.776793083343147561e+00 2.793015597386668158e+00 2.811717747681804269e+00 2.832695538779133049e+00 2.855728969099949222e+00 2.880583820156823904e+00 2.907013551255615003e+00 2.934761285045626611e+00 2.963561868598736382e+00 2.993143994129517704e+00 3.023232363020791791e+00 3.053549876496235882e+00 3.083819836085920585e+00 3.113768136963621203e+00 3.143125437296693026e+00 3.171629286940007564e+00 3.199026199123220504e+00 3.225073649223171746e+00 3.249541985277106360e+00 3.272216235573278897e+00 3.292897799448262663e+00 3.311406008318792171e+00 3.327579544973377157e+00 3.341277710237735565e+00 3.352381527299810760e+00 3.360794675225980743e+00 3.366444244510486072e+00 3.369281308865085034e+00 3.369281308865085034e+00 3.366444244510486072e+00 3.360794675225980743e+00 3.352381527299810760e+00 3.341277710237735565e+00 3.327579544973377157e+00 3.311406008318792171e+00 3.292897799448262663e+00 3.272216235573278897e+00 3.249541985277106360e+00 3.225073649223171746e+00 3.199026199123220504e+00 3.171629286940007564e+00 3.143125437296693026e+00 3.113768136963621203e+00 3.083819836085920585e+00 3.053549876496235882e+00 3.023232363020791791e+00 2.993143994129517704e+00 2.963561868598736382e+00 2.934761285045626611e+00 2.907013551255615003e+00 2.880583820156823904e+00 2.855728969099949222e+00 2.832695538779133049e+00 2.811717747681804269e+00 2.793015597386668158e+00 2.776793083343147561e+00 2.763236524968018415e+00 2.752513027991621453e+00 2.744769090983901538e+00 2.740129366897104291e+00 2.738695589285657928e+00 2.740545671613482170e+00 2.745732986744222170e+00 2.754285832340708229e+00 2.766207086486680122e+00 2.781474056397311045e+00 2.800038521616211806e+00 2.821826971616697488e+00 2.846741036245306944e+00 2.874658105977252021e+00 2.905432137507670376e+00 2.938894638790449765e+00 2.974855826268544501e+00 3.013105945726721302e+00 3.053416746949331628e+00 3.095543101191754687e+00 3.139224749383335844e+00 3.184188167980357420e+00 3.230148538487471743e+00 3.276811805871816308e+00 3.323876810411988014e+00 3.371037476959125812e+00 3.417985045144128264e+00 3.464410323746603293e+00 3.510005952250198291e+00 3.554468652546855623e+00 3.597501453819690109e+00 3.638815873830271386e+00 3.678134040159455775e+00 3.715190735399256372e+00 3.749735350863070860e+00 3.781533734068595720e+00 3.810369916046834504e+00 3.836047705435479571e+00 3.858392137319034632e+00
3.828008217017140780e+00 3.844614711282896113e+00 3.857650339081688973e+00 3.867025834679157725e+00 3.872676960775029542e+00 3.874564983842277766e+00 3.872676960775029542e+00 3.867025834679157725e+00 3.857650339081688973e+00 3.844614711282896113e+00 3.828008217017140780e+00 3.807944490014306904e+00 3.784560691452115933e+00 3.758016495650223998e+00 3.728492909669244071e+00 3.696190935732019511e+00 3.661330086570777187e+00 3.624146764913434016e+00 3.584892519346746909e+00 3.543832189725490522e+00 3.501241956128307908e+00 3.457407306085968912e+00 3.412620935421094348e+00 3.367180598535169267e+00 3.321386924355179904e+00 3.275541214405739421e+00 3.229943239600865379e+00 3.184889052352085415e+00 3.140668830465989547e+00 3.097564769055741962e+00 3.055849036319384648e+00 3.015781808545769938e+00 2.977609399100413778e+00 2.941562495423185819e+00 2.907854517242926651e+00 2.876680108287169357e+00 2.848213772745241457e+00 2.822608666637794084e+00 2.799995553063797882e+00 2.780481929046136447e+00 2.764151330388745276e+00 2.751062819601652887e+00 2.741250660555700325e+00 2.734724182106662571e+00 2.731467831489894138e+00 2.731441416842336878e+00 2.734580536769826153e+00 2.740797193454964198e+00 2.749980584405395945e+00 2.761998066584453237e+00 2.776696285356548444e+00 2.793902459427939799e+00 2.813425811779431296e+00 2.835059135480012760e+00 2.858580482247841115e+00 2.883754960695204428e+00 2.910336630364064536e+00 2.938070476934953490e+00 2.966694453379766561e+00 2.995941571333032183e+00 3.025542026580360755e+00 3.055225342309741521e+00 3.084722513643165964e+00 3.113768136963621203e+00 3.142102507675824441e+00 3.169473670287212830e+00 3.195639405066809768e+00 3.220369136030674095e+00 3.243445745610197051e+00 3.264667282078539845e+00 3.283848546635965260e+00 3.300822547979963328e+00 3.315441813204195398e+00 3.327579544973377157e+00 3.337130616101022795e+00 3.344012393904446601e+00 3.348165388016929089e+00 3.349553716690820249e+00 3.348165388016929089e+00 3.344012393904446601e+00 3.337130616101022795e+00 3.327579544973377157e+00 3.315441813204195398e+00 3.300822547979963328e+00 3.283848546635965260e+00 3.264667282078539845e+00 3.243445745610197051e+00 3.220369136030674095e+00 3.195639405066809768e+00 3.169473670287212830e+00 3.142102507675824441e+00 3.113768136963621203e+00 3.084722513643165964e+00 3.055225342309741521e+00 3.025542026580360755e+00 2.995941571333032183e+00 2.966694453379766561e+00 2.938070476934953490e+00 2.910336630364064536e+00 2.883754960695204428e+00 2.858580482247841115e+00 2.835059135480012760e+00 2.813425811779431296e+00 2.793902459427939799e+00 2.776696285356548444e+00 2.761998066584453237e+00 2.749980584405395945e+00 2.740797193454964198e+00 2.734580536769826153e+00 2.731441416842336878e+00 2.731467831489894138e+00 2.734724182106662571e+00 2.741250660555700325e+00 2.751062819601652887e+00 2.764151330388745276e+00 2.780481929046136447e+00 2.799995553063797882e+00 2.822608666637794084e+00 2.848213772745241457e+00 2.876680108287169357e+00 2.907854517242926651e+00 2.941562495423185819e+00 2.977609399100413778e+00 3.015781808545769938e+00 3.055849036319384648e+00 3.097564769055741962e+00 3.140668830465989547e+00 3.184889052352085415e+00 3.229943239600865379e+00 3.275541214405739421e+00 3.321386924355179904e+00 3.367180598535169267e+00 3.412620935421094348e+00 3.457407306085968912e+00 3.501241956128307908e+00 3.543832189725490522e+00 3.584892519346746909e+00 3.624146764913434016e+00 3.661330086570777187e+00 3.696190935732019511e+00 3.728492909669244071e+00 3.758016495650223998e+00 3.784560691452115933e+00 3.807944490014306904e+00
3.775020367439929192e+00 3.792814384989110277e+00 3.807198313607314422e+00 3.818073527638016884e+00 3.825365411794782400e+00 3.829023913511521382e+00 3.829023913511521382e+00 3.825365411794782400e+00 3.818073527638016884e+00 3.807198313607314422e+00 3.792814384989110277e+00 3.775020367439929192e+00 3.753938167029156947e+00 3.729712068190889962e+00 3.702507666401066544e+00 3.672510643644253392e+00 3.639925395921484341e+00 3.604973523167247507e+00 3.567892192981656496e+00 3.528932390535160835e+00 3.488357067860596405e+00 3.446439206504404940e+00 3.403459808159848166e+00 3.359705828444900177e+00 3.315468069412272012e+00 3.271039046685359608e+00 3.226710847299609330e+00 3.182772994392443877e+00 3.139510334825848847e+00 3.097200965644776094e+00 3.056114214972718290e+00 3.016508692525677660e+00 2.978630424390452891e+00 2.942711086066721382e+00 2.908966347019800391e+00 2.877594339137953927e+00 2.848774260541134140e+00 2.822665125154356414e+00 2.799404667346408360e+00 2.779108409751639641e+00 2.761868901148362365e+00 2.747755129971190424e+00 2.736812117696490798e+00 2.729060694970089518e+00 2.724497461954949795e+00 2.723094932974315707e+00 2.724801864123400197e+00 2.729543761130871271e+00 2.737223563380630775e+00 2.747722498665222890e+00 2.760901101944734481e+00 2.776600390139237984e+00 2.794643183798066755e+00 2.814835565374586679e+00 2.836968462799015267e+00 2.860819346092272841e+00 2.886154023907869348e+00 2.912728526133072648e+00 2.940291058030790605e+00 2.968584010864562917e+00 2.997346013525094222e+00 3.026314009370832725e+00 3.055225342309741521e+00 3.083819836085920585e+00 3.111841850793547692e+00 3.139042300821381914e+00 3.165180618732276852e+00 3.190026650001599240e+00 3.213362464072886393e+00 3.234984067834309140e+00 3.254703008370918749e+00 3.272347852699088566e+00 3.287765533134894280e+00 3.300822547979963328e+00 3.311406008318792171e+00 3.319424522902224783e+00 3.324808914333596377e+00 3.327512761067627167e+00 3.327512761067627167e+00 3.324808914333596377e+00 3.319424522902224783e+00 3.311406008318792171e+00 3.300822547979963328e+00 3.287765533134894280e+00 3.272347852699088566e+00 3.254703008370918749e+00 3.234984067834309140e+00 3.213362464072886393e+00 3.190026650001599240e+00 3.165180618732276852e+00 3.139042300821381914e+00 3.111841850793547692e+00 3.083819836085920585e+00 3.055225342309741521e+00 3.026314009370832725e+00 2.997346013525094222e+00 2.968584010864562917e+00 2.940291058030790605e+00 2.912728526133072648e+00 2.886154023907869348e+00 2.860819346092272841e+00 2.836968462799015267e+00 2.814835565374586679e+00 2.794643183798066755e+00 2.776600390139237984e+00 2.760901101944734481e+00 2.747722498665222890e+00 2.737223563380630775e+00 2.729543761130871271e+00 2.724801864123400197e+00 2.723094932974315707e+00 2.724497461954949795e+00 2.729060694970089518e+00 2.736812117696490798e+00 2.747755129971190424e+00 2.761868901148362365e+00 2.779108409751639641e+00 2.799404667346408360e+00 2.822665125154356414e+00 2.848774260541134140e+00 2.877594339137953927e+00 2.908966347019800391e+00 2.942711086066721382e+00 2.978630424390452891e+00 3.016508692525677660e+00 3.056114214972718290e+00 3.097200965644776094e+00 3.139510334825848847e+00 3.182772994392443877e+00 3.226710847299609330e+00 3.271039046685359608e+00 3.315468069412272012e+00 3.359705828444900177e+00 3.403459808159848166e+00 3.446439206504404940e+00 3.488357067860596405e+00 3.528932390535160835e+00 3.567892192981656496e+00 3.604973523167247507e+00 3.639925395921484341e+00 3.672510643644253392e+00 3.702507666401066544e+00 3.729712068190889962e+00 3.753938167029156947e+00
3.718690486672006301e+00 3.737484184029758350e+00 3.753040125789712800e+00 3.765251493587060683e+00 3.774034374708827855e+00 3.779328383544171555e+00 3.781097108863269884e+00 3.779328383544171555e+00 3.774034374708827855e+00 3.765251493587060683e+00 3.753040125789712800e+00 3.737484184029758350e+00 3.718690486672006301e+00 3.696787966808312120e+00 3.671926717835805487e+00 3.644276882750748570e+00 3.614027395551046240e+00 3.581384584256994685e+00 3.546570646104232338e+00 3.509822006427027574e+00 3.471387573626750989e+00 3.431526903402855044e+00 3.390508286106233893e+00 3.348606771651885694e+00 3.306102146895449234e+00 3.263276880732436158e+00 3.220414052417497786e+00 3.177795278721843530e+00 3.135698655549127523e+00 3.094396729513759770e+00 3.054154514751549865e+00 3.015227569882597436e+00 2.977860149583230420e+00 2.942283444650853230e+00 2.908713923767496823e+00 2.877351789389435144e+00 2.848379559317787635e+00 2.821960784544879530e+00 2.798238912930809619e+00 2.777336307151980765e+00 2.759353424186845150e+00 2.744368162372650133e+00 2.732435380790073864e+00 2.723586594419856510e+00 2.717829847177004154e+00 2.715149763573975861e+00 2.715507778404793182e+00 2.718842542487552638e+00 2.725070501163763925e+00 2.734086640939338508e+00 2.745765398374061750e+00 2.759961724093555002e+00 2.776512293619638694e+00 2.795236855600404358e+00 2.815939706978843660e+00 2.838411283676383068e+00 2.862429854492491543e+00 2.887763305140343295e+00 2.914170998657186207e+00 2.941405697851862566e+00 2.969215534985190086e+00 2.997346013525094222e+00 3.025542026580360755e+00 3.053549876496235882e+00 3.081119280092908586e+00 3.108005344144106896e+00 3.133970495926653665e+00 3.158786354021279053e+00 3.182235525007364174e+00 3.204113312266120506e+00 3.224229323783915024e+00 3.242408966624191979e+00 3.258494816607721223e+00 3.272347852699088566e+00 3.283848546635965260e+00 3.292897799448262663e+00 3.299417717688601481e+00 3.303352223424599998e+00 3.304667493317860139e+00 3.303352223424599998e+00 3.299417717688601481e+00 3.292897799448262663e+00 3.283848546635965260e+00 3.272347852699088566e+00 3.258494816607721223e+00 3.242408966624191979e+00 3.224229323783915024e+00 3.204113312266120506e+00 3.182235525007364174e+00 3.158786354021279053e+00 3.133970495926653665e+00 3.108005344144106896e+00 3.081119280092908586e+00 3.053549876496235882e+00 3.025542026580360755e+00 2.997346013525094222e+00 2.969215534985190086e+00 2.941405697851862566e+00 2.914170998657186207e+00 2.887763305140343295e+00 2.862429854492491543e+00 2.838411283676383068e+00 2.815939706978843660e+00 2.795236855600404358e+00 2.776512293619638694e+00 2.759961724093555002e+00 2.745765398374061750e+00 2.734086640939338508e+00 2.725070501163763925e+00 2.718842542487552638e+00 2.715507778404793182e+00 2.715149763573975861e+00 2.717829847177004154e+00 2.723586594419856510e+00 2.732435380790073864e+00 2.744368162372650133e+00 2.759353424186845150e+00 2.777336307151980765e+00 2.798238912930809619e+00 2.821960784544879530e+00 2.848379559317787635e+00 2.877351789389435144e+00 2.908713923767496823e+00 2.942283444650853230e+00 2.977860149583230420e+00 3.015227569882597436e+00 3.054154514751549865e+00 3.094396729513759770e+00 3.135698655549127523e+00 3.177795278721843530e+00 3.220414052417497786e+00 3.263276880732436158e+00 3.306102146895449234e+00 3.348606771651885694e+00 3.390508286106233893e+00 3.431526903402855044e+00 3.471387573626750989e+00 3.509822006427027574e+00 3.546570646104232338e+00 3.581384584256994685e+00 3.614027395551046240e+00 3.644276882750748570e+00 3.671926717835805487e+00 3.696787966808312120e+00
3.659447279118924978e+00 3.679041426926531688e+00 3.695580329882496073e+00 3.708950229760029860e+00 3.719059091582375132e+00 3.725837285565710477e+00 3.729238103138832638e+00 3.729238103138832638e+00 3.725837285565710477e+00 3.719059091582375132e+00 3.708950229760029860e+00 3.695580329882496073e+00 3.679041426926531688e+00 3.659447279118924978e+00 3.636932525225112567e+00 3.611651687439012104e+00 3.583778027410170708e+00 3.553502264053569615e+00 3.521031162830992045e+00 3.486586007162754353e+00 3.450400963517576525e+00 3.412721352529628049e+00 3.373801839199176200e+00 3.333904555841563422e+00 3.293297171953665892e+00 3.252250925563916706e+00 3.211038630918089609e+00 3.169932677526623888e+00 3.129203035658505883e+00 3.089115283311625770e+00 3.049928669520199254e+00 3.011894228577768118e+00 2.975252959361573080e+00 2.940234083443723723e+00 2.907053395070342106e+00 2.875911715386498368e+00 2.846993462487396709e+00 2.820465347991264249e+00 2.796475209863232170e+00 2.775150990179735988e+00 2.756599865417380446e+00 2.740907535687318930e+00 2.728137678124796128e+00 2.718331568392841735e+00 2.711507872978672129e+00 2.707662613660974049e+00 2.706769304215701499e+00 2.708779258117361977e+00 2.713622064692017943e+00 2.721206229897111140e+00 2.731419976651686898e+00 2.744132198428061997e+00 2.759193558651616751e+00 2.776437727348254558e+00 2.795682745437291228e+00 2.816732506099382416e+00 2.839378341761541691e+00 2.863400704441514844e+00 2.888570926487414869e+00 2.914653048141321978e+00 2.941405697851862566e+00 2.968584010864562917e+00 2.995941571333032183e+00 3.023232363020791791e+00 3.050212713604360193e+00 3.076643217643265427e+00 3.102290623451671170e+00 3.126929669387954913e+00 3.150344855470610383e+00 3.172332136728496454e+00 3.192700525296592318e+00 3.211273588970710691e+00 3.227890834730576142e+00 3.242408966624191979e+00 3.254703008370918749e+00 3.264667282078539845e+00 3.272216235573278897e+00 3.277285112002305212e+00 3.279830456577536690e+00 3.279830456577536690e+00 3.277285112002305212e+00 3.272216235573278897e+00 3.264667282078539845e+00 3.254703008370918749e+00 3.242408966624191979e+00 3.227890834730576142e+00 3.211273588970710691e+00 3.192700525296592318e+00 3.172332136728496454e+00 3.150344855470610383e+00 3.126929669387954913e+00 3.102290623451671170e+00 3.076643217643265427e+00 3.050212713604360193e+00 3.023232363020791791e+00 2.995941571333032183e+00 2.968584010864562917e+00 2.941405697851862566e+00 2.914653048141321978e+00 2.888570926487414869e+00 2.863400704441514844e+00 2.839378341761541691e+00 2.816732506099382416e+00 2.795682745437291228e+00 2.776437727348254558e+00 2.759193558651616751e+00 2.744132198428061997e+00 2.731419976651686898e+00 2.721206229897111140e+00 2.713622064692017943e+00 2.708779258117361977e+00 2.706769304215701499e+00 2.707662613660974049e+00 2.711507872978672129e+00 2.718331568392841735e+00 2.728137678124796128e+00 2.740907535687318930e+00 2.756599865417380446e+00 2.775150990179735988e+00 2.796475209863232170e+00 2.820465347991264249e+00 2.846993462487396709e+00 2.875911715386498368e+00 2.907053395070342106e+00 2.940234083443723723e+00 2.975252959361573080e+00 3.011894228577768118e+00 3.049928669520199254e+00 3.089115283311625770e+00 3.129203035658505883e+00 3.169932677526623888e+00 3.211038630918089609e+00 3.252250925563916706e+00 3.293297171953665892e+00 3.333904555841563422e+00 3.373801839199176200e+00 3.412721352529628049e+00 3.450400963517576525e+00 3.486586007162754353e+00 3.521031162830992045e+00 3.553502264053569615e+00 3.583778027410170708e+00 3.611651687439012104e+00 3.636932525225112567e+00
3.597741621362191111e+00 3.617927210008262673e+00 3.635248778585211227e+00 3.649586957506317120e+00 3.660842849987938408e+00 3.668938765249096345e+00 3.673818794607486282e+00 3.675449226116386470e+00 3.673818794607486282e+00 3.668938765249096345e+00 3.660842849987938408e+00 3.649586957506317120e+00 3.635248778585211227e+00 3.617927210008262673e+00 3.597741621362191111e+00 3.574830970276694941e+00 3.549352772792237598e+00 3.521481936638707566e+00 3.491409466243348358e+00 3.459341049254801348e+00 3.425495535264174496e+00 3.390103318216993955e+00 3.353404634735481782e+00 3.315647791203478523e+00 3.277087333001389435e+00 3.237982169712138258e+00 3.198593670447516413e+00 3.159183743665447519e+00 3.120012915960575839e+00 3.081338424312548785e+00 3.043412336168347831e+00 3.006479711517845654e+00 2.970776820797166096e+00 2.936529432024738373e+00 2.903951180043620628e+00 2.873242030114637302e+00 2.844586847382961636e+00 2.818154082931544568e+00 2.794094586244294742e+00 2.772540552937050595e+00 2.753604615582399884e+00 2.737379084363240178e+00 2.723935343147911414e+00 2.713323405395385191e+00 2.705571633081580440e+00 2.700686620596414844e+00 2.698653244305322829e+00 2.699434877208181316e+00 2.702973766872435846e+00 2.709191573575339351e+00 2.717990064371996084e+00 2.729251957620661972e+00 2.742841911353488982e+00 2.758607647788254180e+00 2.776381205243036110e+00 2.795980307749001970e+00 2.817209841763869349e+00 2.839863428577043436e+00 2.863725080272966128e+00 2.888570926487414869e+00 2.914170998657186207e+00 2.940291058030790605e+00 2.966694453379766561e+00 2.993143994129517704e+00 3.019403824516832202e+00 3.045241284379270663e+00 3.070428742289465607e+00 3.094745386964208311e+00 3.117978963202306275e+00 3.139927439034158052e+00 3.160400591296510964e+00 3.179221497473863511e+00 3.196227922368709340e+00 3.211273588970710691e+00 3.224229323783915024e+00 3.234984067834309140e+00 3.243445745610197051e+00 3.249541985277106360e+00 3.253220684648878702e+00 3.254450418578699544e+00 3.253220684648878702e+00 3.249541985277106360e+00 3.243445745610197051e+00 3.234984067834309140e+00 3.224229323783915024e+00 3.211273588970710691e+00 3.196227922368709340e+00 3.179221497473863511e+00 3.160400591296510964e+00 3.139927439034158052e+00 3.117978963202306275e+00 3.094745386964208311e+00 3.070428742289465607e+00 3.045241284379270663e+00 3.019403824516832202e+00 2.993143994129517704e+00 2.966694453379766561e+00 2.940291058030790605e+00 2.914170998657186207e+00 2.888570926487414869e+00 2.863725080272966128e+00 2.839863428577043436e+00 2.817209841763869349e+00 2.795980307749001970e+00 2.776381205243036110e+00 2.758607647788254180e+00 2.742841911353488982e+00 2.729251957620661972e+00 2.717990064371996084e+00 2.709191573575339351e+00 2.702973766872435846e+00 2.699434877208181316e+00 2.698653244305322829e+00 2.700686620596414844e+00 2.705571633081580440e+00 2.713323405395385191e+00 2.723935343147911414e+00 2.737379084363240178e+00 2.753604615582399884e+00 2.772540552937050595e+00 2.794094586244294742e+00 2.818154082931544568e+00 2.844586847382961636e+00 2.873242030114637302e+00 2.903951180043620628e+00 2.936529432024738373e+00 2.970776820797166096e+00 3.006479711517845654e+00 3.043412336168347831e+00 3.081338424312548785e+00 3.120012915960575839e+00 3.159183743665447519e+00 3.198593670447516413e+00 3.237982169712138258e+00 3.277087333001389435e+00 3.315647791203478523e+00 3.353404634735481782e+00 3.390103318216993955e+00 3.425495535264174496e+00 3.459341049254801348e+00 3.491409466243348358e+00 3.521481936638707566e+00 3.549352772792237598e+00 3.574830970276694941e+00
3.534043130716229886e+00 3.554603057422485168e+00 3.572497365788219970e+00 3.587602468428642055e+00 3.599813942501443265e+00 3.609047304371613141e+00 3.615238636492033919e+00 3.618345061759574488e+00 3.618345061759574488e+00 3.615238636492033919e+00 3.609047304371613141e+00 3.599813942501443265e+00 3.587602468428642055e+00 3.572497365788219970e+00 3.554603057422485168e+00 3.534043130716229886e+00 3.510959421005239722e+00 3.485510959988233903e+00 3.457872797092438777e+00 3.428234702702603443e+00 3.396799763055120991e+00 3.363782877416456873e+00 3.329409168901793947e+00 3.293912320940336258e+00 3.257532851952980479e+00 3.220516341271967065e+00 3.183111619696918027e+00 3.145568938344849741e+00 3.108138129611162981e+00 3.071066774113060394e+00 3.034598387436023614e+00 2.998970640348190830e+00 2.964413625887905912e+00 2.931148186368487174e+00 2.899384312883949821e+00 2.869319629343633604e+00 2.841137972416710511e+00 2.815008078034173522e+00 2.791082384281852402e+00 2.769495959629430626e+00 2.750365564484035019e+00 2.733788853040186595e+00 2.719843721328284669e+00 2.708587806249678653e+00 2.700058139236072297e+00 2.694270956993420452e+00 2.691221670594436066e+00 2.690884992978546109e+00 2.693215223712715822e+00 2.698146688670245208e+00 2.705594331106388140e+00 2.715454449458697628e+00 2.727605576084725758e+00 2.741909490079026401e+00 2.758212356293041623e+00 2.776345981723515433e+00 2.796129179544590837e+00 2.817369230242606992e+00 2.839863428577043436e+00 2.863400704441514844e+00 2.887763305140343295e+00 2.912728526133072648e+00 2.938070476934953490e+00 2.963561868598736382e+00 2.988975809043896259e+00 3.014087592445010788e+00 3.038676468941822861e+00 3.062527381089007239e+00 3.085432653722884222e+00 3.107193624282940991e+00 3.127622201085699771e+00 3.146542337603310813e+00 3.163791411445272317e+00 3.179221497473863511e+00 3.192700525296592318e+00 3.204113312266120506e+00 3.213362464072886393e+00 3.220369136030674095e+00 3.225073649223171746e+00 3.227435956791584459e+00 3.227435956791584459e+00 3.225073649223171746e+00 3.220369136030674095e+00 3.213362464072886393e+00 3.204113312266120506e+00 3.192700525296592318e+00 3.179221497473863511e+00 3.163791411445272317e+00 3.146542337603310813e+00 3.127622201085699771e+00 3.107193624282940991e+00 3.085432653722884222e+00 3.062527381089007239e+00 3.038676468941822861e+00 3.014087592445010788e+00 2.988975809043896259e+00 2.963561868598736382e+00 2.938070476934953490e+00 2.912728526133072648e+00 2.887763305140343295e+00 2.863400704441514844e+00 2.839863428577043436e+00 2.817369230242606992e+00 2.796129179544590837e+00 2.776345981723515433e+00 2.758212356293041623e+00 2.741909490079026401e+00 2.727605576084725758e+00 2.715454449458697628e+00 2.705594331106388140e+00 2.698146688670245208e+00 2.693215223712715822e+00 2.690884992978546109e+00 2.691221670594436066e+00 2.694270956993420452e+00 2.700058139236072297e+00 2.708587806249678653e+00 2.719843721328284669e+00 2.733788853040186595e+00 2.750365564484035019e+00 2.769495959629430626e+00 2.791082384281852402e+00 2.815008078034173522e+00 2.841137972416710511e+00 2.869319629343633604e+00 2.899384312883949821e+00 2.931148186368487174e+00 2.964413625887905912e+00 2.998970640348190830e+00 3.034598387436023614e+00 3.071066774113060394e+00 3.108138129611162981e+00 3.145568938344849741e+00 3.183111619696918027e+00 3.220516341271967065e+00 3.257532851952980479e+00 3.293912320940336258e+00 3.329409168901793947e+00 3.363782877416456873e+00 3.396799763055120991e+00 3.428234702702603443e+00 3.457872797092438777e+00 3.485510959988233903e+00 3.510959421005239722e+00
3.468836591157056670e+00 3.489547415495467320e+00 3.507796601217898935e+00 3.523457790629532571e+00 3.536422435249168661e+00 3.546600601669863462e+00 3.553921639378190278e+00 3.558334705481275506e+00 3.559809142372787338e+00 3.558334705481275506e+00 3.553921639378190278e+00 3.546600601669863462e+00 3.536422435249168661e+00 3.523457790629532571e+00 3.507796601217898935e+00 3.489547415495467320e+00 3.468836591157056670e+00 3.445807357303609653e+00 3.420618751779709310e+00 3.393444441691500391e+00 3.364471436022719697e+00 3.333898700081310285e+00 3.301935682249737436e+00 3.268800764173285689e+00 3.234719646097174106e+00 3.199923679550910283e+00 3.164648159973221908e+00 3.129130592170167091e+00 3.093608941700356940e+00 3.058319885383113945e+00 3.023497074127041273e+00 2.989369421177959563e+00 2.956159428687129331e+00 2.924081565204749378e+00 2.893340706312079735e+00 2.864130650121216259e+00 2.836632718798210551e+00 2.811014456607266343e+00 2.787428434236197461e+00 2.766011168351707905e+00 2.746882164453719355e+00 2.730143090157422847e+00 2.715877085037278871e+00 2.704148212126359585e+00 2.695001055085058272e+00 2.688460463943716849e+00 2.684531451192294416e+00 2.683199238845687784e+00 2.684429455964322031e+00 2.688168484964835958e+00 2.694343953923967749e+00 2.702865370968529302e+00 2.713624895764270573e+00 2.726498242074526956e+00 2.741345704363871594e+00 2.758013300480062213e+00 2.776334021566571497e+00 2.796129179544590837e+00 2.817209841763869349e+00 2.839378341761541691e+00 2.862429854492491543e+00 2.886154023907869348e+00 2.910336630364064536e+00 2.934761285045626611e+00 2.959211138384551187e+00 2.983470589356632896e+00 3.007326982533925275e+00 3.030572279870712205e+00 3.053004694398153251e+00 3.074430273298261351e+00 3.094664418218913138e+00 3.113533331175220908e+00 3.130875374955035539e+00 3.146542337603310813e+00 3.160400591296510964e+00 3.172332136728496454e+00 3.182235525007364174e+00 3.190026650001599240e+00 3.195639405066809768e+00 3.199026199123220504e+00 3.200158328131669006e+00 3.199026199123220504e+00 3.195639405066809768e+00 3.190026650001599240e+00 3.182235525007364174e+00 3.172332136728496454e+00 3.160400591296510964e+00 3.146542337603310813e+00 3.130875374955035539e+00 3.113533331175220908e+00 3.094664418218913138e+00 3.074430273298261351e+00 3.053004694398153251e+00 3.030572279870712205e+00 3.007326982533925275e+00 2.983470589356632896e+00 2.959211138384551187e+00 2.934761285045626611e+00 2.910336630364064536e+00 2.886154023907869348e+00 2.862429854492491543e+00 2.839378341761541691e+00 2.817209841763869349e+00 2.796129179544590837e+00 2.776334021566571497e+00 2.758013300480062213e+00 2.741345704363871594e+00 2.726498242074526956e+00 2.713624895764270573e+00 2.702865370968529302e+00 2.694343953923967749e+00 2.688168484964835958e+00 2.684429455964322031e+00 2.683199238845687784e+00 2.684531451192294416e+00 2.688460463943716849e+00 2.695001055085058272e+00 2.704148212126359585e+00 2.715877085037278871e+00 2.730143090157422847e+00 2.746882164453719355e+00 2.766011168351707905e+00 2.787428434236197461e+00 2.811014456607266343e+00 2.836632718798210551e+00 2.864130650121216259e+00 2.893340706312079735e+00 2.924081565204749378e+00 2.956159428687129331e+00 2.989369421177959563e+00 3.023497074127041273e+00 3.058319885383113945e+00 3.093608941700356940e+00 3.129130592170167091e+00 3.164648159973221908e+00 3.199923679550910283e+00 3.234719646097174106e+00 3.268800764173285689e+00 3.301935682249737436e+00 3.333898700081310285e+00 3.364471436022719697e+00 3.393444441691500391e+00 3.420618751779709310e+00 3.445807357303609653e+00
3.402618263823501632e+00 3.423252018107736827e+00 3.441632043024835053e+00 3.457630700398627965e+00 3.471136770045334163e+00 3.482056276164246622e+00 3.490313185773223470e+00 3.495849973905453378e+00 3.498628051291584828e+00 3.498628051291584828e+00 3.495849973905453378e+00 3.490313185773223470e+00 3.482056276164246622e+00 3.471136770045334163e+00 3.457630700398627965e+00 3.441632043024835053e+00 3.423252018107736827e+00 3.402618263823501632e+00 3.379873888245989111e+00 3.355176406719206472e+00 3.328696572733739867e+00 3.300617111148365534e+00 3.271131363335506137e+00 3.240441854493591567e+00 3.208758793956209221e+00 3.176298519832317258e+00 3.143281899730076656e+00 3.109932699645987952e+00 3.076475933338182589e+00 3.043136204646478049e+00 3.010136055270790312e+00 2.977694330473539708e+00 2.946024575030975257e+00 2.915333471524181430e+00 2.885819332734410381e+00 2.857670659492097531e+00 2.831064774827407149e+00 2.806166544686372166e+00 2.783127194815018246e+00 2.762083232679386935e+00 2.743155482487626529e+00 2.726448240517513000e+00 2.712048557035332763e+00 2.700025650127097609e+00 2.690430455757896411e+00 2.683295317337397012e+00 2.678633817007120665e+00 2.676440749786053175e+00 2.676692240623845809e+00 2.679346003323315184e+00 2.684341739214713751e+00 2.691601672401332745e+00 2.701031217357556358e+00 2.712519773654535893e+00 2.725941641622559697e+00 2.741157051840708458e+00 2.758013300480062213e+00 2.776345981723515433e+00 2.795980307749001970e+00 2.816732506099382416e+00 2.838411283676383068e+00 2.860819346092272841e+00 2.883754960695204428e+00 2.907013551255615003e+00 2.930389312064113128e+00 2.953676829047816366e+00 2.976672695463122409e+00 2.999177109768836669e+00 3.020995443424027815e+00 3.041939766588902305e+00 3.061830320032560504e+00 3.080496921966240809e+00 3.097780299021440698e+00 3.113533331175220908e+00 3.127622201085699771e+00 3.139927439034158052e+00 3.150344855470610383e+00 3.158786354021279053e+00 3.165180618732276852e+00 3.169473670287212830e+00 3.171629286940007564e+00 3.171629286940007564e+00 3.169473670287212830e+00 3.165180618732276852e+00 3.158786354021279053e+00 3.150344855470610383e+00 3.139927439034158052e+00 3.127622201085699771e+00 3.113533331175220908e+00 3.097780299021440698e+00 3.080496921966240809e+00 3.061830320032560504e+00 3.041939766588902305e+00 3.020995443424027815e+00 2.999177109768836669e+00 2.976672695463122409e+00 2.953676829047816366e+00 2.930389312064113128e+00 2.907013551255615003e+00 2.883754960695204428e+00 2.860819346092272841e+00 2.838411283676383068e+00 2.816732506099382416e+00 2.795980307749001970e+00 2.776345981723515433e+00 2.758013300480062213e+00 2.741157051840708458e+00 2.725941641622559697e+00 2.712519773654535893e+00 2.701031217357556358e+00 2.691601672401332745e+00 2.684341739214713751e+00 2.679346003323315184e+00 2.676692240623845809e+00 2.676440749786053175e+00 2.678633817007120665e+00 2.683295317337397012e+00 2.690430455757896411e+00 2.700025650127097609e+00 2.712048557035332763e+00 2.726448240517513000e+00 2.743155482487626529e+00 2.762083232679386935e+00 2.783127194815018246e+00 2.806166544686372166e+00 2.831064774827407149e+00 2.857670659492097531e+00 2.885819332734410381e+00 2.915333471524181430e+00 2.946024575030975257e+00 2.977694330473539708e+00 3.010136055270790312e+00 3.043136204646478049e+00 3.076475933338182589e+00 3.109932699645987952e+00 3.143281899730076656e+00 3.176298519832317258e+00 3.208758793956209221e+00 3.240441854493591567e+00 3.271131363335506137e+00 3.300617111148365534e+00 3.328696572733739867e+00 3.355176406719206472e+00 3.379873888245989111e+00
3.335892110170293190e+00 3.356218150734140426e+00 3.374500615439606221e+00 3.390612105850168589e+00 3.404440225927951147e+00 3.415888417977024805e+00 3.424876680977867682e+00 3.431342165877470762e+00 3.435239643330413539e+00 3.436541840351237553e+00 3.435239643330413539e+00 3.431342165877470762e+00 3.424876680977867682e+00 3.415888417977024805e+00 3.404440225927951147e+00 3.390612105850168589e+00 3.374500615439606221e+00 3.356218150734140426e+00 3.335892110170293190e+00 3.313663947356070949e+00 3.289688119726370541e+00 3.264130941034347533e+00 3.237169346358667710e+00 3.208989578967132328e+00 3.179785808966776539e+00 3.149758694184685126e+00 3.119113894158540123e+00 3.088060548468057220e+00 3.056809730905301947e+00 3.025572891161268263e+00 2.994560295796926841e+00 2.963979480268259525e+00 2.934033723686777506e+00 2.904920557820314553e+00 2.876830321574718852e+00 2.849944771847679803e+00 2.824435761213742069e+00 2.800463992388099399e+00 2.778177858829714353e+00 2.757712380186323031e+00 2.739188240559868870e+00 2.722710936786395308e+00 2.708370043085427170e+00 2.696238597546737115e+00 2.686372614993852270e+00 2.678810729800915613e+00 2.673573971249672443e+00 2.670665673004171570e+00 2.670071517259813731e+00 2.671759713098387667e+00 2.675681307559635957e+00 2.681770626930329637e+00 2.689945844761529425e+00 2.700109672161281171e+00 2.712150164980609901e+00 2.725941641622559697e+00 2.741345704363871594e+00 2.758212356293041623e+00 2.776381205243036110e+00 2.795682745437291228e+00 2.815939706978843660e+00 2.836968462799015267e+00 2.858580482247841115e+00 2.880583820156823904e+00 2.902784629938079064e+00 2.924988689104793593e+00 2.947002925507213877e+00 2.968636932577079168e+00 2.989704461961280035e+00 3.010024882102058097e+00 3.029424591584801263e+00 3.047738376423452689e+00 3.064810700885116646e+00 3.080496921966240809e+00 3.094664418218913138e+00 3.107193624282940991e+00 3.117978963202306275e+00 3.126929669387954913e+00 3.133970495926653665e+00 3.139042300821381914e+00 3.142102507675824441e+00 3.143125437296693026e+00 3.142102507675824441e+00 3.139042300821381914e+00 3.133970495926653665e+00 3.126929669387954913e+00 3.117978963202306275e+00 3.107193624282940991e+00 3.094664418218913138e+00 3.080496921966240809e+00 3.064810700885116646e+00 3.047738376423452689e+00 3.029424591584801263e+00 3.010024882102058097e+00 2.989704461961280035e+00 2.968636932577079168e+00 2.947002925507213877e+00 2.924988689104793593e+00 2.902784629938079064e+00 2.880583820156823904e+00 2.858580482247841115e+00 2.836968462799015267e+00 2.815939706978843660e+00 2.795682745437291228e+00 2.776381205243036110e+00 2.758212356293041623e+00 2.741345704363871594e+00 2.725941641622559697e+00 2.712150164980609901e+00 2.700109672161281171e+00 2.689945844761529425e+00 2.681770626930329637e+00 2.675681307559635957e+00 2.671759713098387667e+00 2.670071517259813731e+00 2.670665673004171570e+00 2.673573971249672443e+00 2.678810729800915613e+00 2.686372614993852270e+00 2.696238597546737115e+00 2.708370043085427170e+00 2.722710936786395308e+00 2.739188240559868870e+00 2.757712380186323031e+00 2.778177858829714353e+00 2.800463992388099399e+00 2.824435761213742069e+00 2.849944771847679803e+00 2.876830321574718852e+00 2.904920557820314553e+00 2.934033723686777506e+00 2.963979480268259525e+00 2.994560295796926841e+00 3.025572891161268263e+00 3.056809730905301947e+00 3.088060548468057220e+00 3.119113894158540123e+00 3.149758694184685126e+00 3.179785808966776539e+00 3.208989578967132328e+00 3.237169346358667710e+00 3.264130941034347533e+00 3.289688119726370541e+00 3.313663947356070949e+00
3.269165956517084748e+00 3.288952841569103835e+00 3.306906839496107864e+00 3.322902329995665038e+00 3.336827266971994277e+00 3.348584012830368550e+00 3.358090065683299930e+00 3.365278673964228418e+00 3.370099333796388041e+00 3.372518165351888086e+00 3.372518165351888086e+00 3.370099333796388041e+00 3.365278673964228418e+00 3.358090065683299930e+00 3.348584012830368550e+00 3.336827266971994277e+00 3.322902329995665038e+00 3.306906839496107864e+00 3.288952841569103835e+00 3.269165956517084748e+00 3.247684443780846308e+00 3.224658173173916342e+00 3.200247510204411228e+00 3.174622123918400263e+00 3.147959726283909632e+00 3.120444752651252873e+00 3.092266993269398245e+00 3.063620186206456708e+00 3.034700582311879113e+00 3.005705493066858747e+00 2.976831832295777414e+00 2.948274662754590825e+00 2.920225758571415753e+00 2.892872194390582408e+00 2.866394971864965058e+00 2.840967693854204779e+00 2.816755296320470947e+00 2.793912847471720529e+00 2.772584423188102942e+00 2.752902067184406221e+00 2.734984843714451497e+00 2.718937989917209919e+00 2.704852174144463550e+00 2.692802865801791512e+00 2.682849821384787337e+00 2.675036690507106574e+00 2.669390744802941473e+00 2.665922731650834265e+00 2.664626853715430954e+00 2.665480874346122242e+00 2.668446347913772332e+00 2.673468973216228672e+00 2.680479067147226058e+00 2.689392154908788246e+00 2.700109672161281171e+00 2.712519773654535893e+00 2.726498242074526956e+00 2.741909490079026401e+00 2.758607647788254180e+00 2.776437727348254558e+00 2.795236855600404358e+00 2.814835565374586679e+00 2.835059135480012760e+00 2.855728969099949222e+00 2.876664000007274069e+00 2.897682115809288472e+00 2.918601587303942591e+00 2.939242492986652966e+00 2.959428127787489426e+00 2.978986385242309964e+00 2.997751102507650867e+00 3.015563357915981513e+00 3.032272711133466192e+00 3.047738376423452689e+00 3.061830320032560504e+00 3.074430273298261351e+00 3.085432653722884222e+00 3.094745386964208311e+00 3.102290623451671170e+00 3.108005344144106896e+00 3.111841850793547692e+00 3.113768136963621203e+00 3.113768136963621203e+00 3.111841850793547692e+00 3.108005344144106896e+00 3.102290623451671170e+00 3.094745386964208311e+00 3.085432653722884222e+00 3.074430273298261351e+00 3.061830320032560504e+00 3.047738376423452689e+00 3.032272711133466192e+00 3.015563357915981513e+00 2.997751102507650867e+00 2.978986385242309964e+00 2.959428127787489426e+00 2.939242492986652966e+00 2.918601587303942591e+00 2.897682115809288472e+00 2.876664000007274069e+00 2.855728969099949222e+00 2.835059135480012760e+00 2.814835565374586679e+00 2.795236855600404358e+00 2.776437727348254558e+00 2.758607647788254180e+00 2.741909490079026401e+00 2.726498242074526956e+00 2.712519773654535893e+00 2.700109672161281171e+00 2.689392154908788246e+00 2.680479067147226058e+00 2.673468973216228672e+00 2.668446347913772332e+00 2.665480874346122242e+00 2.664626853715430954e+00 2.665922731650834265e+00 2.669390744802941473e+00 2.675036690507106574e+00 2.682849821384787337e+00 2.692802865801791512e+00 2.704852174144463550e+00 2.718937989917209919e+00 2.734984843714451497e+00 2.752902067184406221e+00 2.772584423188102942e+00 2.793912847471720529e+00 2.816755296320470947e+00 2.840967693854204779e+00 2.866394971864965058e+00 2.892872194390582408e+00 2.920225758571415753e+00 2.948274662754590825e+00 2.976831832295777414e+00 3.005705493066858747e+00 3.034700582311879113e+00 3.063620186206456708e+00 3.092266993269398245e+00 3.120444752651252873e+00 3.147959726283909632e+00 3.174622123918400263e+00 3.200247510204411228e+00 3.224658173173916342e+00 3.247684443780846308e+00
3.202947629183530154e+00 3.221965008713112866e+00 3.239359005484943932e+00 3.255007321503305295e+00 3.268799804126066633e+00 3.280639267374073409e+00 3.290442216759471794e+00 3.298139472144808959e+00 3.303676683916523249e+00 3.307014738564090006e+00 3.308130050593453664e+00 3.307014738564090006e+00 3.303676683916523249e+00 3.298139472144808959e+00 3.290442216759471794e+00 3.280639267374073409e+00 3.268799804126066633e+00 3.255007321503305295e+00 3.239359005484943932e+00 3.221965008713112866e+00 3.202947629183530154e+00 3.182440398673323401e+00 3.160587087807156692e+00 3.137540635293112334e+00 3.113462009432893307e+00 3.088519010522508434e+00 3.062885023205573543e+00 3.036737728218589893e+00 3.010257783273011523e+00 2.983627483050282247e+00 2.957029408441666174e+00 2.930645075243244246e+00 2.904653592517550731e+00 2.879230340756735895e+00 2.854545679828633720e+00 2.830763696457776479e+00 2.808041000689973199e+00 2.786525580413924619e+00 2.766355722569302511e+00 2.747659009161143473e+00 2.730551395629268630e+00 2.715136378492939428e+00 2.701504258510057266e+00 2.689731504861943900e+00 2.679880225104736002e+00 2.671997744822567356e+00 2.666116300081978530e+00 2.662252844927998296e+00 2.660408975286408850e+00 2.660570969750561066e+00 2.662709946841582020e+00 2.666782137444556167e+00 2.672729270247087729e+00 2.680479067147226058e+00 2.689945844761529425e+00 2.701031217357556358e+00 2.713624895764270573e+00 2.727605576084725758e+00 2.742841911353488982e+00 2.759193558651616751e+00 2.776512293619638694e+00 2.794643183798066755e+00 2.813425811779431296e+00 2.832695538779133049e+00 2.852284798927276821e+00 2.872024414352571053e+00 2.891744920973905675e+00 2.911277894836759028e+00 2.930457268830494844e+00 2.949120629699112595e+00 2.967110485411296406e+00 2.984275493184751937e+00 3.000471638762804094e+00 3.015563357915981513e+00 3.029424591584801263e+00 3.041939766588902305e+00 3.053004694398153251e+00 3.062527381089007239e+00 3.070428742289465607e+00 3.076643217643265427e+00 3.081119280092908586e+00 3.083819836085920585e+00 3.084722513643165964e+00 3.083819836085920585e+00 3.081119280092908586e+00 3.076643217643265427e+00 3.070428742289465607e+00 3.062527381089007239e+00 3.053004694398153251e+00 3.041939766588902305e+00 3.029424591584801263e+00 3.015563357915981513e+00 3.000471638762804094e+00 2.984275493184751937e+00 2.967110485411296406e+00 2.949120629699112595e+00 2.930457268830494844e+00 2.911277894836759028e+00 2.891744920973905675e+00 2.872024414352571053e+00 2.852284798927276821e+00 2.832695538779133049e+00 2.813425811779431296e+00 2.794643183798066755e+00 2.776512293619638694e+00 2.759193558651616751e+00 2.742841911353488982e+00 2.727605576084725758e+00 2.713624895764270573e+00 2.701031217357556358e+00 2.689945844761529425e+00 2.680479067147226058e+00 2.672729270247087729e+00 2.666782137444556167e+00 2.662709946841582020e+00 2.660570969750561066e+00 2.660408975286408850e+00 2.662252844927998296e+00 2.666116300081978530e+00 2.671997744822567356e+00 2.679880225104736002e+00 2.689731504861943900e+00 2.701504258510057266e+00 2.715136378492939428e+00 2.730551395629268630e+00 2.747659009161143473e+00 2.766355722569302511e+00 2.786525580413924619e+00 2.808041000689973199e+00 2.830763696457776479e+00 2.854545679828633720e+00 2.879230340756735895e+00 2.904653592517550731e+00 2.930645075243244246e+00 2.957029408441666174e+00 2.983627483050282247e+00 3.010257783273011523e+00 3.036737728218589893e+00 3.062885023205573543e+00 3.088519010522508434e+00 3.113462009432893307e+00 3.137540635293112334e+00 3.160587087807156692e+00 3.182440398673323401e+00
3.137741089624356494e+00 3.155761592731272547e+00 3.172365316243643374e+00 3.187434821947254360e+00 3.200863399474609405e+00 3.212555863249308974e+00 3.222429263554205559e+00 3.230413506337065144e+00 3.236451877058572180e+00 3.240501464614085947e+00 3.242533482117614607e+00 3.242533482117614607e+00 3.240501464614085947e+00 3.236451877058572180e+00 3.230413506337065144e+00 3.222429263554205559e+00 3.212555863249308974e+00 3.200863399474609405e+00 3.187434821947254360e+00 3.172365316243643374e+00 3.155761592731272547e+00 3.137741089624356494e+00 3.118431096199527630e+00 3.097967802812156890e+00 3.076495284907487360e+00 3.054164428719882807e+00 3.031131806793966987e+00 3.007558511840246140e+00 2.983608957751771040e+00 2.959449656855374311e+00 2.935247982649039411e+00 2.911170927384576057e+00 2.887383863891415103e+00 2.864049321002465565e+00 2.841325781837035880e+00 2.819366514019561176e+00 2.798318440667638018e+00 2.778321060670563725e+00 2.759505426402492745e+00 2.741993186575476305e+00 2.725895701440251173e+00 2.711313236990539721e+00 2.698334244224033895e+00 2.687034728864721611e+00 2.677477716261703833e+00 2.669712815454424071e+00 2.663775885638814511e+00 2.659688807488946427e+00 2.657459360990372499e+00 2.657081210630481305e+00 2.658533997974058760e+00 2.661783540835056527e+00 2.666782137444556167e+00 2.673468973216228672e+00 2.681770626930329637e+00 2.691601672401332745e+00 2.702865370968529302e+00 2.715454449458697628e+00 2.729251957620661972e+00 2.744132198428061997e+00 2.759961724093555002e+00 2.776600390139237984e+00 2.793902459427939799e+00 2.811717747681804269e+00 2.829892801700799598e+00 2.848272101247172561e+00 2.866699275384029022e+00 2.885018323948635999e+00 2.903074834804583393e+00 2.920717187551609584e+00 2.937797734477863631e+00 2.954173949715367176e+00 2.969709537804426258e+00 2.984275493184751937e+00 2.997751102507650867e+00 3.010024882102058097e+00 3.020995443424027815e+00 3.030572279870712205e+00 3.038676468941822861e+00 3.045241284379270663e+00 3.050212713604360193e+00 3.053549876496235882e+00 3.055225342309741521e+00 3.055225342309741521e+00 3.053549876496235882e+00 3.050212713604360193e+00 3.045241284379270663e+00 3.038676468941822861e+00 3.030572279870712205e+00 3.020995443424027815e+00 3.010024882102058097e+00 2.997751102507650867e+00 2.984275493184751937e+00 2.969709537804426258e+00 2.954173949715367176e+00 2.937797734477863631e+00 2.920717187551609584e+00 2.903074834804583393e+00 2.885018323948635999e+00 2.866699275384029022e+00 2.848272101247172561e+00 2.829892801700799598e+00 2.811717747681804269e+00 2.793902459427939799e+00 2.776600390139237984e+00 2.759961724093555002e+00 2.744132198428061997e+00 2.729251957620661972e+00 2.715454449458697628e+00 2.702865370968529302e+00 2.691601672401332745e+00 2.681770626930329637e+00 2.673468973216228672e+00 2.666782137444556167e+00 2.661783540835056527e+00 2.658533997974058760e+00 2.657081210630481305e+00 2.657459360990372499e+00 2.659688807488946427e+00 2.663775885638814511e+00 2.669712815454424071e+00 2.677477716261703833e+00 2.687034728864721611e+00 2.698334244224033895e+00 2.711313236990539721e+00 2.725895701440251173e+00 2.741993186575476305e+00 2.759505426402492745e+00 2.778321060670563725e+00 2.798318440667638018e+00 2.819366514019561176e+00 2.841325781837035880e+00 2.864049321002465565e+00 2.887383863891415103e+00 2.911170927384576057e+00 2.935247982649039411e+00 2.959449656855374311e+00 2.983608957751771040e+00 3.007558511840246140e+00 3.031131806793966987e+00 3.054164428719882807e+00 3.076495284907487360e+00 3.097967802812156890e+00 3.118431096199527630e+00
3.074042598978394381e+00 3.090843704006596138e+00 3.106430030613335003e+00 3.120690518682463388e+00 3.133523441767605444e+00 3.144837168339138511e+00 3.154550847667938029e+00 3.162595015147795063e+00 3.168912112468661224e+00 3.173456918698053908e+00 3.176196889003119583e+00 3.177112398445803620e+00 3.176196889003119583e+00 3.173456918698053908e+00 3.168912112468661224e+00 3.162595015147795063e+00 3.154550847667938029e+00 3.144837168339138511e+00 3.133523441767605444e+00 3.120690518682463388e+00 3.106430030613335003e+00 3.090843704006596138e+00 3.074042598978394381e+00 3.056146278473368838e+00 3.037281914124828841e+00 3.017583335591291771e+00 2.997190030571738717e+00 2.976246103074830618e+00 2.954899197832441260e+00 2.933299399003184593e+00 2.911598111504869468e+00 2.889946933444748733e+00 2.868496528182040706e+00 2.847395504557834300e+00 2.826789313763375500e+00 2.806819171189172124e+00 2.787621011405441163e+00 2.769324484170550438e+00 2.752051999050303177e+00 2.735917825859415231e+00 2.721027257710380898e+00 2.707475842977155267e+00 2.695348691955457010e+00 2.684719863432036835e+00 2.675651835766142295e+00 2.668195066442518026e+00 2.662387643381274760e+00 2.658255030591133217e+00 2.655809910034145904e+00 2.655052120837539054e+00 2.655968696247267502e+00 2.658533997974058760e+00 2.662709946841582020e+00 2.668446347913772332e+00 2.675681307559635957e+00 2.684341739214713751e+00 2.694343953923967749e+00 2.705594331106388140e+00 2.717990064371996084e+00 2.731419976651686898e+00 2.745765398374061750e+00 2.760901101944734481e+00 2.776696285356548444e+00 2.793015597386668158e+00 2.809720196521602542e+00 2.826668835496265686e+00 2.843718963139989508e+00 2.860727835092655269e+00 2.877553624888574024e+00 2.894056526905042670e+00 2.910099842736635356e+00 2.925551042684674030e+00 2.940282794243071152e+00 2.954173949715367176e+00 2.967110485411296406e+00 2.978986385242309964e+00 2.989704461961280035e+00 2.999177109768836669e+00 3.007326982533925275e+00 3.014087592445010788e+00 3.019403824516832202e+00 3.023232363020791791e+00 3.025542026580360755e+00 3.026314009370832725e+00 3.025542026580360755e+00 3.023232363020791791e+00 3.019403824516832202e+00 3.014087592445010788e+00 3.007326982533925275e+00 2.999177109768836669e+00 2.989704461961280035e+00 2.978986385242309964e+00 2.967110485411296406e+00 2.954173949715367176e+00 2.940282794243071152e+00 2.925551042684674030e+00 2.910099842736635356e+00 2.894056526905042670e+00 2.877553624888574024e+00 2.860727835092655269e+00 2.843718963139989508e+00 2.826668835496265686e+00 2.809720196521602542e+00 2.793015597386668158e+00 2.776696285356548444e+00 2.760901101944734481e+00 2.745765398374061750e+00 2.731419976651686898e+00 2.717990064371996084e+00 2.705594331106388140e+00 2.694343953923967749e+00 2.684341739214713751e+00 2.675681307559635957e+00 2.668446347913772332e+00 2.662709946841582020e+00 2.658533997974058760e+00 2.655968696247267502e+00 2.655052120837539054e+00 2.655809910034145904e+00 2.658255030591133217e+00 2.662387643381274760e+00 2.668195066442518026e+00 2.675651835766142295e+00 2.684719863432036835e+00 2.695348691955457010e+00 2.707475842977155267e+00 2.721027257710380898e+00 2.735917825859415231e+00 2.752051999050303177e+00 2.769324484170550438e+00 2.787621011405441163e+00 2.806819171189172124e+00 2.826789313763375500e+00 2.847395504557834300e+00 2.868496528182040706e+00 2.889946933444748733e+00 2.911598111504869468e+00 2.933299399003184593e+00 2.954899197832441260e+00 2.976246103074830618e+00 2.997190030571738717e+00 3.017583335591291771e+00 3.037281914124828841e+00 3.056146278473368838e+00
3.012336941221662290e+00 3.027702814198558912e+00 3.042049636391240597e+00 3.055274212591394534e+00 3.067281322280269507e+00 3.077984433984664037e+00 3.087306354601678127e+00 3.095179808767980489e+00 3.101547943879751301e+00 3.106364756933038151e+00 3.109595439947172579e+00 3.111216641351286061e+00 3.111216641351286061e+00 3.109595439947172579e+00 3.106364756933038151e+00 3.101547943879751301e+00 3.095179808767980489e+00 3.087306354601678127e+00 3.077984433984664037e+00 3.067281322280269507e+00 3.055274212591394534e+00 3.042049636391240597e+00 3.027702814198558912e+00 3.012336941221662290e+00 2.996062413388139500e+00 2.978995999629013625e+00 2.961259966692983969e+00 2.942981163125773403e+00 2.924290069358442157e+00 2.905319821104598521e+00 2.886205213467762487e+00 2.867081693305193912e+00 2.848084347482199963e+00 2.829346894680586200e+00 2.811000688396298131e+00 2.793173738674703532e+00 2.775989759987937955e+00 2.759567252458407172e+00 2.744018623377633137e+00 2.729449355661637711e+00 2.715957229525908456e+00 2.703631603256850813e+00 2.692552758506058463e+00 2.682791315041805902e+00 2.674407719362851932e+00 2.667451811016886776e+00 2.661962469874047610e+00 2.657967346989325019e+00 2.655482681051274163e+00 2.654513201762728425e+00 2.655052120837539054e+00 2.657081210630481305e+00 2.660570969750561066e+00 2.665480874346122242e+00 2.671759713098387667e+00 2.679346003323315184e+00 2.688168484964835958e+00 2.698146688670245208e+00 2.709191573575339351e+00 2.721206229897111140e+00 2.734086640939338508e+00 2.747722498665222890e+00 2.761998066584453237e+00 2.776793083343147561e+00 2.791983700096439147e+00 2.807443444487670359e+00 2.823044203856949874e+00 2.838657220156906025e+00 2.854154088965859870e+00 2.869407754958956946e+00 2.884293496226447928e+00 2.898689889914798812e+00 2.912479751810270301e+00 2.925551042684674030e+00 2.937797734477863631e+00 2.949120629699112595e+00 2.959428127787489426e+00 2.968636932577079168e+00 2.976672695463122409e+00 2.983470589356632896e+00 2.988975809043896259e+00 2.993143994129517704e+00 2.995941571333032183e+00 2.997346013525094222e+00 2.997346013525094222e+00 2.995941571333032183e+00 2.993143994129517704e+00 2.988975809043896259e+00 2.983470589356632896e+00 2.976672695463122409e+00 2.968636932577079168e+00 2.959428127787489426e+00 2.949120629699112595e+00 2.937797734477863631e+00 2.925551042684674030e+00 2.912479751810270301e+00 2.898689889914798812e+00 2.884293496226447928e+00 2.869407754958956946e+00 2.854154088965859870e+00 2.838657220156906025e+00 2.823044203856949874e+00 2.807443444487670359e+00 2.791983700096439147e+00 2.776793083343147561e+00 2.761998066584453237e+00 2.747722498665222890e+00 2.734086640939338508e+00 2.721206229897111140e+00 2.709191573575339351e+00 2.698146688670245208e+00 2.688168484964835958e+00 2.679346003323315184e+00 2.671759713098387667e+00 2.665480874346122242e+00 2.660570969750561066e+00 2.657081210630481305e+00 2.655052120837539054e+00 2.654513201762728425e+00 2.655482681051274163e+00 2.657967346989325019e+00 2.661962469874047610e+00 2.667451811016886776e+00 2.674407719362851932e+00 2.682791315041805902e+00 2.692552758506058463e+00 2.703631603256850813e+00 2.715957229525908456e+00 2.729449355661637711e+00 2.744018623377633137e+00 2.759567252458407172e+00 2.775989759987937955e+00 2.793173738674703532e+00 2.811000688396298131e+00 2.829346894680586200e+00 2.848084347482199963e+00 2.867081693305193912e+00 2.886205213467762487e+00 2.905319821104598521e+00 2.924290069358442157e+00 2.942981163125773403e+00 2.961259966692983969e+00 2.978995999629013625e+00 2.996062413388139500e+00
2.953093733668580523e+00 2.966817020782320569e+00 2.979709081884781341e+00 2.991676029837332607e+00 3.002630640064465339e+00 3.012493007054661831e+00 3.021191145892445196e+00 3.028661534256185117e+00 3.034849590767839889e+00 3.039710086063825312e+00 3.043207483466729091e+00 3.045316206671911274e+00 3.046020832417033475e+00 3.045316206671911274e+00 3.043207483466729091e+00 3.039710086063825312e+00 3.034849590767839889e+00 3.028661534256185117e+00 3.021191145892445196e+00 3.012493007054661831e+00 3.002630640064465339e+00 2.991676029837332607e+00 2.979709081884781341e+00 2.966817020782320569e+00 2.953093733668580523e+00 2.938639063758097247e+00 2.923558059229151240e+00 2.907960183186471426e+00 2.891958490693451456e+00 2.875668779117926732e+00 2.859208718237406632e+00 2.842696966702490169e+00 2.826252281559876511e+00 2.809992627588067560e+00 2.794034293199235020e+00 2.778491019609722112e+00 2.763473149879685398e+00 2.749086804270276740e+00 2.735433088165559301e+00 2.722607338557755607e+00 2.710698414800131406e+00 2.699788038994251682e+00 2.689950190999939039e+00 2.681250562639981183e+00 2.673746075220615026e+00 2.667484464006479428e+00 2.662503932778772953e+00 2.658832881071664822e+00 2.656489706128595252e+00 2.655482681051274163e+00 2.655809910034145904e+00 2.657459360990372499e+00 2.660408975286408850e+00 2.664626853715430954e+00 2.670071517259813731e+00 2.676692240623845809e+00 2.684429455964322031e+00 2.693215223712715822e+00 2.702973766872435846e+00 2.713622064692017943e+00 2.725070501163763925e+00 2.737223563380630775e+00 2.749980584405395945e+00 2.763236524968018415e+00 2.776882788012398517e+00 2.790808059864528179e+00 2.804899171592300178e+00 2.819041973974467652e+00 2.833122219393687136e+00 2.847026443916855332e+00 2.860642842825631860e+00 2.873862132910965261e+00 2.886578394947383774e+00 2.898689889914798812e+00 2.910099842736635356e+00 2.920717187551609584e+00 2.930457268830494844e+00 2.939242492986652966e+00 2.947002925507213877e+00 2.953676829047816366e+00 2.959211138384551187e+00 2.963561868598736382e+00 2.966694453379766561e+00 2.968584010864562917e+00 2.969215534985190086e+00 2.968584010864562917e+00 2.966694453379766561e+00 2.963561868598736382e+00 2.959211138384551187e+00 2.953676829047816366e+00 2.947002925507213877e+00 2.939242492986652966e+00 2.930457268830494844e+00 2.920717187551609584e+00 2.910099842736635356e+00 2.898689889914798812e+00 2.886578394947383774e+00 2.873862132910965261e+00 2.860642842825631860e+00 2.847026443916855332e+00 2.833122219393687136e+00 2.819041973974467652e+00 2.804899171592300178e+00 2.790808059864528179e+00 2.776882788012398517e+00 2.763236524968018415e+00 2.749980584405395945e+00 2.737223563380630775e+00 2.725070501163763925e+00 2.713622064692017943e+00 2.702973766872435846e+00 2.693215223712715822e+00 2.684429455964322031e+00 2.676692240623845809e+00 2.670071517259813731e+00 2.664626853715430954e+00 2.660408975286408850e+00 2.657459360990372499e+00 2.655809910034145904e+00 2.655482681051274163e+00 2.656489706128595252e+00 2.658832881071664822e+00 2.662503932778772953e+00 2.667484464006479428e+00 2.673746075220615026e+00 2.681250562639981183e+00 2.689950190999939039e+00 2.699788038994251682e+00 2.710698414800131406e+00 2.722607338557755607e+00 2.735433088165559301e+00 2.749086804270276740e+00 2.763473149879685398e+00 2.778491019609722112e+00 2.794034293199235020e+00 2.809992627588067560e+00 2.826252281559876511e+00 2.842696966702490169e+00 2.859208718237406632e+00 2.875668779117926732e+00 2.891958490693451456e+00 2.907960183186471426e+00 2.923558059229151240e+00 2.938639063758097247e+00
2.896763852900656300e+00 2.908647413088291334e+00 2.919878094728229900e+00 2.930372706425534712e+00 2.940053465431993640e+00 2.948848585645957865e+00 2.956692820349597906e+00 2.963527955559838389e+00 2.969303250244422099e+00 2.973975820058149200e+00 2.977510961683484059e+00 2.979882415310960653e+00 2.981072563264862918e+00 2.981072563264862918e+00 2.979882415310960653e+00 2.977510961683484059e+00 2.973975820058149200e+00 2.969303250244422099e+00 2.963527955559838389e+00 2.956692820349597906e+00 2.948848585645957865e+00 2.940053465431993640e+00 2.930372706425534712e+00 2.919878094728229900e+00 2.908647413088291334e+00 2.896763852900656300e+00 2.884315385412006716e+00 2.871394096907911919e+00 2.858095492932761772e+00 2.844517776828183742e+00 2.830761108070433796e+00 2.816926846040370691e+00 2.803116784969861275e+00 2.789432385875066700e+00 2.775974011309376710e+00 2.762840168746821146e+00 2.750126768340518613e+00 2.737926400690905648e+00 2.726327640105675965e+00 2.715414378638956183e+00 2.705265195962592628e+00 2.695952769849310204e+00 2.687543331738121655e+00 2.680096171508910441e+00 2.673663195218345834e+00 2.668288539145941218e+00 2.664008243070331794e+00 2.660849985244831739e+00 2.658832881071664822e+00 2.657967346989325019e+00 2.658255030591133217e+00 2.659688807488946427e+00 2.662252844927998296e+00 2.665922731650834265e+00 2.670665673004171570e+00 2.676440749786053175e+00 2.683199238845687784e+00 2.690884992978546109e+00 2.699434877208181316e+00 2.708779258117361977e+00 2.718842542487552638e+00 2.729543761130871271e+00 2.740797193454964198e+00 2.752513027991621453e+00 2.764598053846591963e+00 2.776956377793174724e+00 2.789490161537393487e+00 2.802100373529517352e+00 2.814687549586494697e+00 2.827152556523294891e+00 2.839397352968804356e+00 2.851325741563922378e+00 2.862844106805668698e+00 2.873862132910965261e+00 2.884293496226447928e+00 2.894056526905042670e+00 2.903074834804583393e+00 2.911277894836759028e+00 2.918601587303942591e+00 2.924988689104793593e+00 2.930389312064113128e+00 2.934761285045626611e+00 2.938070476934953490e+00 2.940291058030790605e+00 2.941405697851862566e+00 2.941405697851862566e+00 2.940291058030790605e+00 2.938070476934953490e+00 2.934761285045626611e+00 2.930389312064113128e+00 2.924988689104793593e+00 2.918601587303942591e+00 2.911277894836759028e+00 2.903074834804583393e+00 2.894056526905042670e+00 2.884293496226447928e+00 2.873862132910965261e+00 2.862844106805668698e+00 2.851325741563922378e+00 2.839397352968804356e+00 2.827152556523294891e+00 2.814687549586494697e+00 2.802100373529517352e+00 2.789490161537393487e+00 2.776956377793174724e+00 2.764598053846591963e+00 2.752513027991621453e+00 2.740797193454964198e+00 2.729543761130871271e+00 2.718842542487552638e+00 2.708779258117361977e+00 2.699434877208181316e+00 2.690884992978546109e+00 2.683199238845687784e+00 2.676440749786053175e+00 2.670665673004171570e+00 2.665922731650834265e+00 2.662252844927998296e+00 2.659688807488946427e+00 2.658255030591133217e+00 2.657967346989325019e+00 2.658832881071664822e+00 2.660849985244831739e+00 2.664008243070331794e+00 2.668288539145941218e+00 2.673663195218345834e+00 2.680096171508910441e+00 2.687543331738121655e+00 2.695952769849310204e+00 2.705265195962592628e+00 2.715414378638956183e+00 2.726327640105675965e+00 2.737926400690905648e+00 2.750126768340518613e+00 2.762840168746821146e+00 2.775974011309376710e+00 2.789432385875066700e+00 2.803116784969861275e+00 2.816926846040370691e+00 2.830761108070433796e+00 2.844517776828183742e+00 2.858095492932761772e+00 2.871394096907911919e+00 2.884315385412006716e+00
2.843776003323446044e+00 2.853634567489879981e+00 2.863007615959650476e+00 2.871823973820972764e+00 2.880016690068650576e+00 2.887523546862214463e+00 2.894287532786782524e+00 2.900257276515363802e+00 2.905387437572585885e+00 2.909639051226289297e+00 2.912979824882487190e+00 2.915384383728249151e+00 2.916834463753234186e+00 2.917319050681049131e+00 2.916834463753234186e+00 2.915384383728249151e+00 2.912979824882487190e+00 2.909639051226289297e+00 2.905387437572585885e+00 2.900257276515363802e+00 2.894287532786782524e+00 2.887523546862214463e+00 2.880016690068650576e+00 2.871823973820972764e+00 2.863007615959650476e+00 2.853634567489879981e+00 2.843776003323446044e+00 2.833506780898560340e+00 2.822904870797339427e+00 2.812050763693594302e+00 2.801026858143815357e+00 2.789916833879868108e+00 2.778805015372287190e+00 2.767775730507054721e+00 2.756912669255866088e+00 2.746298247219940425e+00 2.736012978890272507e+00 2.726134865393264661e+00 2.716738801380392587e+00 2.707896005574836007e+00 2.699673479307919788e+00 2.692133497165180689e+00 2.685333133617484602e+00 2.679323829238694277e+00 2.674150999810129381e+00 2.669853691285620556e+00 2.666464283241937405e+00 2.664008243070331794e+00 2.662503932778772953e+00 2.661962469874047610e+00 2.662387643381274760e+00 2.663775885638814511e+00 2.666116300081978530e+00 2.669390744802941473e+00 2.673573971249672443e+00 2.678633817007120665e+00 2.684531451192294416e+00 2.691221670594436066e+00 2.698653244305322829e+00 2.706769304215701499e+00 2.715507778404793182e+00 2.724801864123400197e+00 2.734580536769826153e+00 2.744769090983901538e+00 2.755289709740040394e+00 2.766062057107124161e+00 2.777003890162969224e+00 2.788031685405365945e+00 2.799061274891396334e+00 2.810008487262694477e+00 2.820789788777222196e+00 2.831322919468064470e+00 2.841527519586923844e+00 2.851325741563922378e+00 2.860642842825631860e+00 2.869407754958956946e+00 2.877553624888574024e+00 2.885018323948635999e+00 2.891744920973905675e+00 2.897682115809288472e+00 2.902784629938079064e+00 2.907013551255615003e+00 2.910336630364064536e+00 2.912728526133072648e+00 2.914170998657186207e+00 2.914653048141321978e+00 2.914170998657186207e+00 2.912728526133072648e+00 2.910336630364064536e+00 2.907013551255615003e+00 2.902784629938079064e+00 2.897682115809288472e+00 2.891744920973905675e+00 2.885018323948635999e+00 2.877553624888574024e+00 2.869407754958956946e+00 2.860642842825631860e+00 2.851325741563922378e+00 2.841527519586923844e+00 2.831322919468064470e+00 2.820789788777222196e+00 2.810008487262694477e+00 2.799061274891396334e+00 2.788031685405365945e+00 2.777003890162969224e+00 2.766062057107124161e+00 2.755289709740040394e+00 2.744769090983901538e+00 2.734580536769826153e+00 2.724801864123400197e+00 2.715507778404793182e+00 2.706769304215701499e+00 2.698653244305322829e+00 2.691221670594436066e+00 2.684531451192294416e+00 2.678633817007120665e+00 2.673573971249672443e+00 2.669390744802941473e+00 2.666116300081978530e+00 2.663775885638814511e+00 2.662387643381274760e+00 2.661962469874047610e+00 2.662503932778772953e+00 2.664008243070331794e+00 2.666464283241937405e+00 2.669853691285620556e+00 2.674150999810129381e+00 2.679323829238694277e+00 2.685333133617484602e+00 2.692133497165180689e+00 2.699673479307919788e+00 2.707896005574836007e+00 2.716738801380392587e+00 2.726134865393264661e+00 2.736012978890272507e+00 2.746298247219940425e+00 2.756912669255866088e+00 2.767775730507054721e+00 2.778805015372287190e+00 2.789916833879868108e+00 2.801026858143815357e+00 2.812050763693594302e+00 2.822904870797339427e+00 2.833506780898560340e+00
2.794533454467168720e+00 2.802195198404811460e+00 2.809526376479921428e+00 2.816469073103844423e+00 2.822968491520830181e+00 2.828973374572816724e+00 2.834436398209785768e+00 2.839314534744328711e+00 2.843569383079973978e+00 2.847167463394761899e+00 2.850080474032739897e+00 2.852285508644294421e+00 2.853765231919425105e+00 2.854508012573851783e+00 2.854508012573851783e+00 2.853765231919425105e+00 2.852285508644294421e+00 2.850080474032739897e+00 2.847167463394761899e+00 2.843569383079973978e+00 2.839314534744328711e+00 2.834436398209785768e+00 2.828973374572816724e+00 2.822968491520830181e+00 2.816469073103844423e+00 2.809526376479921428e+00 2.802195198404811460e+00 2.794533454467168720e+00 2.786601734278703280e+00 2.778462836012228099e+00 2.770181283838306197e+00 2.761822831941906475e+00 2.753453958903175458e+00 2.745141356300242474e+00 2.736951415436514434e+00 2.728949716109628110e+00 2.721200521324163901e+00 2.713766281805459091e+00 2.706707154097630852e+00 2.700080535925996283e+00 2.693940622373007798e+00 2.688337986258785062e+00 2.683319185933437989e+00 2.678926403480054841e+00 2.675197116096025951e+00 2.672163803168170038e+00 2.669853691285620556e+00 2.668288539145941218e+00 2.667484464006479428e+00 2.667451811016886776e+00 2.668195066442518026e+00 2.669712815454424071e+00 2.671997744822567356e+00 2.675036690507106574e+00 2.678810729800915613e+00 2.683295317337397012e+00 2.688460463943716849e+00 2.694270956993420452e+00 2.700686620596414844e+00 2.707662613660974049e+00 2.715149763573975861e+00 2.723094932974315707e+00 2.731441416842336878e+00 2.740129366897104291e+00 2.749096240085235010e+00 2.758277267761348739e+00 2.767605942002321129e+00 2.777014515366811764e+00 2.786434510308777757e+00 2.795797234379802543e+00 2.805034297310580182e+00 2.814078126047105943e+00 2.822862473832234098e+00 2.831322919468064470e+00 2.839397352968804356e+00 2.847026443916855332e+00 2.854154088965859870e+00 2.860727835092655269e+00 2.866699275384029022e+00 2.872024414352571053e+00 2.876664000007274069e+00 2.880583820156823904e+00 2.883754960695204428e+00 2.886154023907869348e+00 2.887763305140343295e+00 2.888570926487414869e+00 2.888570926487414869e+00 2.887763305140343295e+00 2.886154023907869348e+00 2.883754960695204428e+00 2.880583820156823904e+00 2.876664000007274069e+00 2.872024414352571053e+00 2.866699275384029022e+00 2.860727835092655269e+00 2.854154088965859870e+00 2.847026443916855332e+00 2.839397352968804356e+00 2.831322919468064470e+00 2.822862473832234098e+00 2.814078126047105943e+00 2.805034297310580182e+00 2.795797234379802543e+00 2.786434510308777757e+00 2.777014515366811764e+00 2.767605942002321129e+00 2.758277267761348739e+00 2.749096240085235010e+00 2.740129366897104291e+00 2.731441416842336878e+00 2.723094932974315707e+00 2.715149763573975861e+00 2.707662613660974049e+00 2.700686620596414844e+00 2.694270956993420452e+00 2.688460463943716849e+00 2.683295317337397012e+00 2.678810729800915613e+00 2.675036690507106574e+00 2.671997744822567356e+00 2.669712815454424071e+00 2.668195066442518026e+00 2.667451811016886776e+00 2.667484464006479428e+00 2.668288539145941218e+00 2.669853691285620556e+00 2.672163803168170038e+00 2.675197116096025951e+00 2.678926403480054841e+00 2.683319185933437989e+00 2.688337986258785062e+00 2.693940622373007798e+00 2.700080535925996283e+00 2.706707154097630852e+00 2.713766281805459091e+00 2.721200521324163901e+00 2.728949716109628110e+00 2.736951415436514434e+00 2.745141356300242474e+00 2.753453958903175458e+00 2.761822831941906475e+00 2.770181283838306197e+00 2.778462836012228099e+00 2.786601734278703280e+00
2.749410971862086939e+00 2.754718990590241390e+00 2.759837641933024610e+00 2.764723424167577548e+00 2.769334938928128320e+00 2.773633214295304850e+00 2.777582008773224143e+00 2.781148093826861345e+00 2.784301512816621749e+00 2.787015814347979514e+00 2.789268258250028776e+00 2.791039992606445086e+00 2.792316200484008970e+00 2.793086215235780490e+00 2.793343603496601713e+00 2.793086215235780490e+00 2.792316200484008970e+00 2.791039992606445086e+00 2.789268258250028776e+00 2.787015814347979514e+00 2.784301512816621749e+00 2.781148093826861345e+00 2.777582008773224143e+00 2.773633214295304850e+00 2.769334938928128320e+00 2.764723424167577548e+00 2.759837641933024610e+00 2.754718990590241390e+00 2.749410971862086939e+00 2.743958851101137242e+00 2.738409303526269323e+00 2.732810049133188812e+00 2.727209479076216692e+00 2.721656276384695872e+00 2.716199033921490980e+00 2.710885872513147277e+00 2.705764062180864737e+00 2.700879649378845837e+00 2.696277093101711930e+00 2.691998912656030196e+00 2.688085349803031932e+00 2.684574047870968982e+00 2.681499750307056562e+00 2.678894020991744451e+00 2.676784988472894256e+00 2.675197116096025951e+00 2.674150999810129381e+00 2.673663195218345834e+00 2.673746075220615026e+00 2.674407719362851932e+00 2.675651835766142295e+00 2.677477716261703833e+00 2.679880225104736002e+00 2.682849821384787337e+00 2.686372614993852270e+00 2.690430455757896411e+00 2.695001055085058272e+00 2.700058139236072297e+00 2.705571633081580440e+00 2.711507872978672129e+00 2.717829847177004154e+00 2.724497461954949795e+00 2.731467831489894138e+00 2.738695589285657928e+00 2.746133218815375532e+00 2.753731400891270997e+00 2.761439375144779884e+00 2.769205312892336845e+00 2.776976698574708635e+00 2.784700716891630901e+00 2.792324642709311799e+00 2.799796230796296470e+00 2.807064102443524334e+00 2.814078126047105943e+00 2.820789788777222196e+00 2.827152556523294891e+00 2.833122219393687136e+00 2.838657220156906025e+00 2.843718963139989508e+00 2.848272101247172561e+00 2.852284798927276821e+00 2.855728969099949222e+00 2.858580482247841115e+00 2.860819346092272841e+00 2.862429854492491543e+00 2.863400704441514844e+00 2.863725080272966128e+00 2.863400704441514844e+00 2.862429854492491543e+00 2.860819346092272841e+00 2.858580482247841115e+00 2.855728969099949222e+00 2.852284798927276821e+00 2.848272101247172561e+00 2.843718963139989508e+00 2.838657220156906025e+00 2.833122219393687136e+00 2.827152556523294891e+00 2.820789788777222196e+00 2.814078126047105943e+00 2.807064102443524334e+00 2.799796230796296470e+00 2.792324642709311799e+00 2.784700716891630901e+00 2.776976698574708635e+00 2.769205312892336845e+00 2.761439375144779884e+00 2.753731400891270997e+00 2.746133218815375532e+00 2.738695589285657928e+00 2.731467831489894138e+00 2.724497461954949795e+00 2.717829847177004154e+00 2.711507872978672129e+00 2.705571633081580440e+00 2.700058139236072297e+00 2.695001055085058272e+00 2.690430455757896411e+00 2.686372614993852270e+00 2.682849821384787337e+00 2.679880225104736002e+00 2.677477716261703833e+00 2.675651835766142295e+00 2.674407719362851932e+00 2.673746075220615026e+00 2.673663195218345834e+00 2.674150999810129381e+00 2.675197116096025951e+00 2.676784988472894256e+00 2.678894020991744451e+00 2.681499750307056562e+00 2.684574047870968982e+00 2.688085349803031932e+00 2.691998912656030196e+00 2.696277093101711930e+00 2.700879649378845837e+00 2.705764062180864737e+00 2.710885872513147277e+00 2.716199033921490980e+00 2.721656276384695872e+00 2.727209479076216692e+00 2.732810049133188812e+00 2.738409303526269323e+00 2.743958851101137242e+00
2.708751964846523475e+00 2.711565636832671711e+00 2.714316150766240554e+00 2.716975475285669628e+00 2.719516765802732383e+00 2.721914581380054710e+00 2.724145089964050470e+00 2.726186260389233951e+00 2.728018039672406303e+00 2.729622514229082864e+00 2.730984053768823916e+00 2.732089436759965739e+00 2.732927956496474575e+00 2.733491506949337957e+00 2.733774647740827124e+00 2.733774647740827124e+00 2.733491506949337957e+00 2.732927956496474575e+00 2.732089436759965739e+00 2.730984053768823916e+00 2.729622514229082864e+00 2.728018039672406303e+00 2.726186260389233951e+00 2.724145089964050470e+00 2.721914581380054710e+00 2.719516765802732383e+00 2.716975475285669628e+00 2.714316150766240554e+00 2.711565636832671711e+00 2.708751964846523475e+00 2.705904126095111994e+00 2.703051836726011459e+00 2.700225296280117870e+00 2.697454941690095254e+00 2.694771198647215371e+00 2.692204232261170560e+00 2.689783698944340440e+00 2.687538501444118655e+00 2.685496548924326987e+00 2.683684523959602330e+00 2.682127658255313296e+00 2.680849518840249690e+00 2.679871806400786483e+00 2.679214167333743735e+00 2.678894020991744451e+00 2.678926403480054841e+00 2.679323829238694277e+00 2.680096171508910441e+00 2.681250562639981183e+00 2.682791315041805902e+00 2.684719863432036835e+00 2.687034728864721611e+00 2.689731504861943900e+00 2.692802865801791512e+00 2.696238597546737115e+00 2.700025650127097609e+00 2.704148212126359585e+00 2.708587806249678653e+00 2.713323405395385191e+00 2.718331568392841735e+00 2.723586594419856510e+00 2.729060694970089518e+00 2.734724182106662571e+00 2.740545671613482170e+00 2.746492299541543503e+00 2.752529950544641668e+00 2.758623496308164391e+00 2.764737042296763203e+00 2.770834180982211681e+00 2.776878249662205533e+00 2.782832590944639417e+00 2.788660813950183837e+00 2.794327054279124756e+00 2.799796230796296470e+00 2.805034297310580182e+00 2.810008487262694477e+00 2.814687549586494697e+00 2.819041973974467652e+00 2.823044203856949874e+00 2.826668835496265686e+00 2.829892801700799598e+00 2.832695538779133049e+00 2.835059135480012760e+00 2.836968462799015267e+00 2.838411283676383068e+00 2.839378341761541691e+00 2.839863428577043436e+00 2.839863428577043436e+00 2.839378341761541691e+00 2.838411283676383068e+00 2.836968462799015267e+00 2.835059135480012760e+00 2.832695538779133049e+00 2.829892801700799598e+00 2.826668835496265686e+00 2.823044203856949874e+00 2.819041973974467652e+00 2.814687549586494697e+00 2.810008487262694477e+00 2.805034297310580182e+00 2.799796230796296470e+00 2.794327054279124756e+00 2.788660813950183837e+00 2.782832590944639417e+00 2.776878249662205533e+00 2.770834180982211681e+00 2.764737042296763203e+00 2.758623496308164391e+00 2.752529950544641668e+00 2.746492299541543503e+00 2.740545671613482170e+00 2.734724182106662571e+00 2.729060694970089518e+00 2.723586594419856510e+00 2.718331568392841735e+00 2.713323405395385191e+00 2.708587806249678653e+00 2.704148212126359585e+00 2.700025650127097609e+00 2.696238597546737115e+00 2.692802865801791512e+00 2.689731504861943900e+00 2.687034728864721611e+00 2.684719863432036835e+00 2.682791315041805902e+00 2.681250562639981183e+00 2.680096171508910441e+00 2.679323829238694277e+00 2.678926403480054841e+00 2.678894020991744451e+00 2.679214167333743735e+00 2.679871806400786483e+00 2.680849518840249690e+00 2.682127658255313296e+00 2.683684523959602330e+00 2.685496548924326987e+00 2.687538501444118655e+00 2.689783698944340440e+00 2.692204232261170560e+00 2.694771198647215371e+00 2.697454941690095254e+00 2.700225296280117870e+00 2.703051836726011459e+00 2.705904126095111994e+00
2.672865873014446336e+00 2.673062103571111070e+00 2.673305268759833098e+00 2.673583757002850003e+00 2.673886334387316932e+00 2.674202247512038610e+00 2.674521321413552588e+00 2.674834051795661249e+00 2.675131690832343256e+00 2.675406325865387291e+00 2.675650950374719006e+00 2.675859526660874010e+00 2.676027039744703462e+00 2.676149542059010233e+00 2.676224188579531926e+00 2.676249262118239880e+00 2.676224188579531926e+00 2.676149542059010233e+00 2.676027039744703462e+00 2.675859526660874010e+00 2.675650950374719006e+00 2.675406325865387291e+00 2.675131690832343256e+00 2.674834051795661249e+00 2.674521321413552588e+00 2.674202247512038610e+00 2.673886334387316932e+00 2.673583757002850003e+00 2.673305268759833098e+00 2.673062103571111070e+00 2.672865873014446336e+00 2.672728459380893540e+00 2.672661905467597965e+00 2.672678301991444183e+00 2.672789673520198139e+00 2.673007863831313724e+00 2.673344421614853417e+00 2.673810487436437011e+00 2.674416682868315576e+00 2.675173002682039058e+00 2.676088710974500628e+00 2.677172242070867458e+00 2.678431107012988033e+00 2.679871806400786483e+00 2.681499750307056562e+00 2.683319185933437989e+00 2.685333133617484602e+00 2.687543331738121655e+00 2.689950190999939039e+00 2.692552758506058463e+00 2.695348691955457010e+00 2.698334244224033895e+00 2.701504258510057266e+00 2.704852174144463550e+00 2.708370043085427170e+00 2.712048557035332763e+00 2.715877085037278871e+00 2.719843721328284669e+00 2.723935343147911414e+00 2.728137678124796128e+00 2.732435380790073864e+00 2.736812117696490798e+00 2.741250660555700325e+00 2.745732986744222170e+00 2.750240386471454190e+00 2.754753575851183189e+00 2.759252815071908227e+00 2.763718030821015859e+00 2.768128942084056021e+00 2.772465188413013149e+00 2.776706459737061650e+00 2.780832626775691097e+00 2.784823871107705795e+00 2.788660813950183837e+00 2.792324642709311799e+00 2.795797234379802543e+00 2.799061274891396334e+00 2.802100373529517352e+00 2.804899171592300178e+00 2.807443444487670359e+00 2.809720196521602542e+00 2.811717747681804269e+00 2.813425811779431296e+00 2.814835565374586679e+00 2.815939706978843660e+00 2.816732506099382416e+00 2.817209841763869349e+00 2.817369230242606992e+00 2.817209841763869349e+00 2.816732506099382416e+00 2.815939706978843660e+00 2.814835565374586679e+00 2.813425811779431296e+00 2.811717747681804269e+00 2.809720196521602542e+00 2.807443444487670359e+00 2.804899171592300178e+00 2.802100373529517352e+00 2.799061274891396334e+00 2.795797234379802543e+00 2.792324642709311799e+00 2.788660813950183837e+00 2.784823871107705795e+00 2.780832626775691097e+00 2.776706459737061650e+00 2.772465188413013149e+00 2.768128942084056021e+00 2.763718030821015859e+00 2.759252815071908227e+00 2.754753575851183189e+00 2.750240386471454190e+00 2.745732986744222170e+00 2.741250660555700325e+00 2.736812117696490798e+00 2.732435380790073864e+00 2.728137678124796128e+00 2.723935343147911414e+00 2.719843721328284669e+00 2.715877085037278871e+00 2.712048557035332763e+00 2.708370043085427170e+00 2.704852174144463550e+00 2.701504258510057266e+00 2.698334244224033895e+00 2.695348691955457010e+00 2.692552758506058463e+00 2.689950190999939039e+00 2.687543331738121655e+00 2.685333133617484602e+00 2.683319185933437989e+00 2.681499750307056562e+00 2.679871806400786483e+00 2.678431107012988033e+00 2.677172242070867458e+00 2.676088710974500628e+00 2.675173002682039058e+00 2.674416682868315576e+00 2.673810487436437011e+00 2.673344421614853417e+00 2.673007863831313724e+00 2.672789673520198139e+00 2.672678301991444183e+00 2.672661905467597965e+00 2.672728459380893540e+00
2.642025811193314144e+00 2.639500145257850594e+00 2.637114381669574570e+00 2.634874162752779192e+00 2.632784814667525897e+00 2.630851329190246890e+00 2.629078346490008489e+00 2.627470138992031856e+00 2.626030596414734575e+00 2.624763212060767348e+00 2.623671070436154551e+00 2.622756836264661384e+00 2.622022744957289930e+00 2.621470594588924286e+00 2.621101739426092703e+00 2.620917085041389871e+00 2.620917085041389871e+00 2.621101739426092703e+00 2.621470594588924286e+00 2.622022744957289930e+00 2.622756836264661384e+00 2.623671070436154551e+00 2.624763212060767348e+00 2.626030596414734575e+00 2.627470138992031856e+00 2.629078346490008489e+00 2.630851329190246890e+00 2.632784814667525897e+00 2.634874162752779192e+00 2.637114381669574570e+00 2.639500145257850594e+00 2.642025811193314144e+00 2.644685440106345542e+00 2.647472815500246934e+00 2.650381464365371809e+00 2.653404678383060489e+00 2.656535535611442622e+00 2.659766922543937095e+00 2.663091556430897899e+00 2.666502007755056081e+00 2.669990722752447976e+00 2.673550045872195469e+00 2.677172242070867458e+00 2.680849518840249690e+00 2.684574047870968982e+00 2.688337986258785062e+00 2.692133497165180689e+00 2.695952769849310204e+00 2.699788038994251682e+00 2.703631603256850813e+00 2.707475842977155267e+00 2.711313236990539721e+00 2.715136378492939428e+00 2.718937989917209919e+00 2.722710936786395308e+00 2.726448240517513000e+00 2.730143090157422847e+00 2.733788853040186595e+00 2.737379084363240178e+00 2.740907535687318930e+00 2.744368162372650133e+00 2.747755129971190424e+00 2.751062819601652887e+00 2.754285832340708229e+00 2.757418992669995905e+00 2.760457351024349304e+00 2.763396185491981072e+00 2.766231002722155718e+00 2.768957538100115912e+00 2.771571755252701053e+00 2.774069844951140507e+00 2.776448223479938804e+00 2.778703530542548705e+00 2.780832626775691097e+00 2.782832590944639417e+00 2.784700716891630901e+00 2.786434510308777757e+00 2.788031685405365945e+00 2.789490161537393487e+00 2.790808059864528179e+00 2.791983700096439147e+00 2.793015597386668158e+00 2.793902459427939799e+00 2.794643183798066755e+00 2.795236855600404358e+00 2.795682745437291228e+00 2.795980307749001970e+00 2.796129179544590837e+00 2.796129179544590837e+00 2.795980307749001970e+00 2.795682745437291228e+00 2.795236855600404358e+00 2.794643183798066755e+00 2.793902459427939799e+00 2.793015597386668158e+00 2.791983700096439147e+00 2.790808059864528179e+00 2.789490161537393487e+00 2.788031685405365945e+00 2.786434510308777757e+00 2.784700716891630901e+00 2.782832590944639417e+00 2.780832626775691097e+00 2.778703530542548705e+00 2.776448223479938804e+00 2.774069844951140507e+00 2.771571755252701053e+00 2.768957538100115912e+00 2.766231002722155718e+00 2.763396185491981072e+00 2.760457351024349304e+00 2.757418992669995905e+00 2.754285832340708229e+00 2.751062819601652887e+00 2.747755129971190424e+00 2.744368162372650133e+00 2.740907535687318930e+00 2.737379084363240178e+00 2.733788853040186595e+00 2.730143090157422847e+00 2.726448240517513000e+00 2.722710936786395308e+00 2.718937989917209919e+00 2.715136378492939428e+00 2.711313236990539721e+00 2.707475842977155267e+00 2.703631603256850813e+00 2.699788038994251682e+00 2.695952769849310204e+00 2.692133497165180689e+00 2.688337986258785062e+00 2.684574047870968982e+00 2.680849518840249690e+00 2.677172242070867458e+00 2.673550045872195469e+00 2.669990722752447976e+00 2.666502007755056081e+00 2.663091556430897899e+00 2.659766922543937095e+00 2.656535535611442622e+00 2.653404678383060489e+00 2.650381464365371809e+00 2.647472815500246934e+00 2.644685440106345542e+00
2.616466490875322570e+00 2.611134086368768426e+00 2.606016545814503260e+00 2.601137476880790000e+00 2.596519599483877450e+00 2.592184600311197240e+00 2.588152993390922418e+00 2.584443987720288494e+00 2.581075362914861948e+00 2.578063353783602185e+00 2.575422544670269875e+00 2.573165774331273248e+00 2.571304052043647648e+00 2.569846485555348448e+00 2.568800221403850781e+00 2.568170398038918112e+00 2.567960112092030567e+00 2.568170398038918112e+00 2.568800221403850781e+00 2.569846485555348448e+00 2.571304052043647648e+00 2.573165774331273248e+00 2.575422544670269875e+00 2.578063353783602185e+00 2.581075362914861948e+00 2.584443987720288494e+00 2.588152993390922418e+00 2.592184600311197240e+00 2.596519599483877450e+00 2.601137476880790000e+00 2.606016545814503260e+00 2.611134086368768426e+00 2.616466490875322570e+00 2.621989414382112749e+00 2.627677929023384706e+00 2.633506681175609376e+00 2.639450050265182313e+00 2.645482308084288192e+00 2.651577777470314867e+00 2.657710989211887753e+00 2.663856836060641609e+00 2.669990722752447976e+00 2.676088710974500628e+00 2.682127658255313296e+00 2.688085349803031932e+00 2.693940622373007798e+00 2.699673479307919788e+00 2.705265195962592628e+00 2.710698414800131406e+00 2.715957229525908456e+00 2.721027257710380898e+00 2.725895701440251173e+00 2.730551395629268630e+00 2.734984843714451497e+00 2.739188240559868870e+00 2.743155482487626529e+00 2.746882164453719355e+00 2.750365564484035019e+00 2.753604615582399884e+00 2.756599865417380446e+00 2.759353424186845150e+00 2.761868901148362365e+00 2.764151330388745276e+00 2.766207086486680122e+00 2.768043790797911186e+00 2.769670209162254704e+00 2.771096141895257770e+00 2.772332306984142125e+00 2.773390217457361917e+00 2.774282053939199244e+00 2.775020533435184955e+00 2.775618775420216178e+00 2.776090166319271191e+00 2.776448223479938804e+00 2.776706459737061650e+00 2.776878249662205533e+00 2.776976698574708635e+00 2.777014515366811764e+00 2.777003890162969224e+00 2.776956377793174724e+00 2.776882788012398517e+00 2.776793083343147561e+00 2.776696285356548444e+00 2.776600390139237984e+00 2.776512293619638694e+00 2.776437727348254558e+00 2.776381205243036110e+00 2.776345981723515433e+00 2.776334021566571497e+00 2.776345981723515433e+00 2.776381205243036110e+00 2.776437727348254558e+00 2.776512293619638694e+00 2.776600390139237984e+00 2.776696285356548444e+00 2.776793083343147561e+00 2.776882788012398517e+00 2.776956377793174724e+00 2.777003890162969224e+00 2.777014515366811764e+00 2.776976698574708635e+00 2.776878249662205533e+00 2.776706459737061650e+00 2.776448223479938804e+00 2.776090166319271191e+00 2.775618775420216178e+00 2.775020533435184955e+00 2.774282053939199244e+00 2.773390217457361917e+00 2.772332306984142125e+00 2.771096141895257770e+00 2.769670209162254704e+00 2.768043790797911186e+00 2.766207086486680122e+00 2.764151330388745276e+00 2.761868901148362365e+00 2.759353424186845150e+00 2.756599865417380446e+00 2.753604615582399884e+00 2.750365564484035019e+00 2.746882164453719355e+00 2.743155482487626529e+00 2.739188240559868870e+00 2.734984843714451497e+00 2.730551395629268630e+00 2.725895701440251173e+00 2.721027257710380898e+00 2.715957229525908456e+00 2.710698414800131406e+00 2.705265195962592628e+00 2.699673479307919788e+00 2.693940622373007798e+00 2.688085349803031932e+00 2.682127658255313296e+00 2.676088710974500628e+00 2.669990722752447976e+00 2.663856836060641609e+00 2.657710989211887753e+00 2.651577777470314867e+00 2.645482308084288192e+00 2.639450050265182313e+00 2.633506681175609376e+00 2.627677929023384706e+00 2.621989414382112749e+00
2.596382433921232025e+00 2.588178887938775929e+00 2.580246414480465322e+00 2.572627168869208614e+00 2.565361975393527061e+00 2.558490049280389922e+00 2.552048728847669867e+00 2.546073219816478161e+00 2.540596353675081520e+00 2.535648361883346524e+00 2.531256667590316312e+00 2.527445696408599840e+00 2.524236707648600753e+00 2.521647647264378289e+00 2.519693023602286086e+00 2.518383806874500142e+00 2.517727353103730081e+00 2.517727353103730081e+00 2.518383806874500142e+00 2.519693023602286086e+00 2.521647647264378289e+00 2.524236707648600753e+00 2.527445696408599840e+00 2.531256667590316312e+00 2.535648361883346524e+00 2.540596353675081520e+00 2.546073219816478161e+00 2.552048728847669867e+00 2.558490049280389922e+00 2.565361975393527061e+00 2.572627168869208614e+00 2.580246414480465322e+00 2.588178887938775929e+00 2.596382433921232025e+00 2.604813852223597515e+00 2.613429189927435559e+00 2.622184037427455205e+00 2.631033826139361320e+00 2.639934125699151313e+00 2.648840938471925366e+00 2.657710989211887753e+00 2.666502007755056081e+00 2.675173002682039058e+00 2.683684523959602330e+00 2.691998912656030196e+00 2.700080535925996283e+00 2.707896005574836007e+00 2.715414378638956183e+00 2.722607338557755607e+00 2.729449355661637711e+00 2.735917825859415231e+00 2.741993186575476305e+00 2.747659009161143473e+00 2.752902067184406221e+00 2.757712380186323031e+00 2.762083232679386935e+00 2.766011168351707905e+00 2.769495959629430626e+00 2.772540552937050595e+00 2.775150990179735988e+00 2.777336307151980765e+00 2.779108409751639641e+00 2.780481929046136447e+00 2.781474056397311045e+00 2.782104360001559584e+00 2.782394584341715937e+00 2.782368434175195748e+00 2.782051344798583958e+00 2.781470240430989005e+00 2.780653282646424973e+00 2.779629610858669775e+00 2.778429076919639584e+00 2.777081975934229785e+00 2.775618775420216178e+00 2.774069844951140507e+00 2.772465188413013149e+00 2.770834180982211681e+00 2.769205312892336845e+00 2.767605942002321129e+00 2.766062057107124161e+00 2.764598053846591963e+00 2.763236524968018415e+00 2.761998066584453237e+00 2.760901101944734481e+00 2.759961724093555002e+00 2.759193558651616751e+00 2.758607647788254180e+00 2.758212356293041623e+00 2.758013300480062213e+00 2.758013300480062213e+00 2.758212356293041623e+00 2.758607647788254180e+00 2.759193558651616751e+00 2.759961724093555002e+00 2.760901101944734481e+00 2.761998066584453237e+00 2.763236524968018415e+00 2.764598053846591963e+00 2.766062057107124161e+00 2.767605942002321129e+00 2.769205312892336845e+00 2.770834180982211681e+00 2.772465188413013149e+00 2.774069844951140507e+00 2.775618775420216178e+00 2.777081975934229785e+00 2.778429076919639584e+00 2.779629610858669775e+00 2.780653282646424973e+00 2.781470240430989005e+00 2.782051344798583958e+00 2.782368434175195748e+00 2.782394584341715937e+00 2.782104360001559584e+00 2.781474056397311045e+00 2.780481929046136447e+00 2.779108409751639641e+00 2.777336307151980765e+00 2.775150990179735988e+00 2.772540552937050595e+00 2.769495959629430626e+00 2.766011168351707905e+00 2.762083232679386935e+00 2.757712380186323031e+00 2.752902067184406221e+00 2.747659009161143473e+00 2.741993186575476305e+00 2.735917825859415231e+00 2.729449355661637711e+00 2.722607338557755607e+00 2.715414378638956183e+00 2.707896005574836007e+00 2.700080535925996283e+00 2.691998912656030196e+00 2.683684523959602330e+00 2.675173002682039058e+00 2.666502007755056081e+00 2.657710989211887753e+00 2.648840938471925366e+00 2.639934125699151313e+00 2.631033826139361320e+00 2.622184037427455205e+00 2.613429189927435559e+00 2.604813852223597515e+00
2.581926492131547679e+00 2.570808513333249667e+00 2.559998455912158022e+00 2.549557470538661441e+00 2.539545066988422306e+00 2.530018699217638556e+00 2.521033363788733439e+00 2.512641214634783182e+00 2.504891197031121397e+00 2.497828703501010494e+00 2.491495254220071676e+00 2.485928204302540578e+00 2.481160480152754921e+00 2.477220346849124510e+00 2.474131208296680651e+00 2.471911441640132434e+00 2.470574267173782257e+00 2.470127654719756816e+00 2.470574267173782257e+00 2.471911441640132434e+00 2.474131208296680651e+00 2.477220346849124510e+00 2.481160480152754921e+00 2.485928204302540578e+00 2.491495254220071676e+00 2.497828703501010494e+00 2.504891197031121397e+00 2.512641214634783182e+00 2.521033363788733439e+00 2.530018699217638556e+00 2.539545066988422306e+00 2.549557470538661441e+00 2.559998455912158022e+00 2.570808513333249667e+00 2.581926492131547679e+00 2.593290025931604958e+00 2.604835964948048144e+00 2.616500812176810964e+00 2.628221160247303345e+00 2.639934125699151313e+00 2.651577777470314867e+00 2.663091556430897899e+00 2.674416682868315576e+00 2.685496548924326987e+00 2.696277093101711930e+00 2.706707154097630852e+00 2.716738801380392587e+00 2.726327640105675965e+00 2.735433088165559301e+00 2.744018623377633137e+00 2.752051999050303177e+00 2.759505426402492745e+00 2.766355722569302511e+00 2.772584423188102942e+00 2.778177858829714353e+00 2.783127194815018246e+00 2.787428434236197461e+00 2.791082384281852402e+00 2.794094586244294742e+00 2.796475209863232170e+00 2.798238912930809619e+00 2.799404667346408360e+00 2.799995553063797882e+00 2.800038521616211806e+00 2.799564131134842260e+00 2.798606254991371944e+00 2.797201766393878852e+00 2.795390201446158240e+00 2.793213403342026169e+00 2.790715150506970499e+00 2.787940771618938829e+00 2.784936750536731065e+00 2.781750324238135175e+00 2.778429076919639584e+00 2.775020533435184955e+00 2.771571755252701053e+00 2.768128942084056021e+00 2.764737042296763203e+00 2.761439375144779884e+00 2.758277267761348739e+00 2.755289709740040394e+00 2.752513027991621453e+00 2.749980584405395945e+00 2.747722498665222890e+00 2.745765398374061750e+00 2.744132198428061997e+00 2.742841911353488982e+00 2.741909490079026401e+00 2.741345704363871594e+00 2.741157051840708458e+00 2.741345704363871594e+00 2.741909490079026401e+00 2.742841911353488982e+00 2.744132198428061997e+00 2.745765398374061750e+00 2.747722498665222890e+00 2.749980584405395945e+00 2.752513027991621453e+00 2.755289709740040394e+00 2.758277267761348739e+00 2.761439375144779884e+00 2.764737042296763203e+00 2.768128942084056021e+00 2.771571755252701053e+00 2.775020533435184955e+00 2.778429076919639584e+00 2.781750324238135175e+00 2.784936750536731065e+00 2.787940771618938829e+00 2.790715150506970499e+00 2.793213403342026169e+00 2.795390201446158240e+00 2.797201766393878852e+00 2.798606254991371944e+00 2.799564131134842260e+00 2.800038521616211806e+00 2.799995553063797882e+00 2.799404667346408360e+00 2.798238912930809619e+00 2.796475209863232170e+00 2.794094586244294742e+00 2.791082384281852402e+00 2.787428434236197461e+00 2.783127194815018246e+00 2.778177858829714353e+00 2.772584423188102942e+00 2.766355722569302511e+00 2.759505426402492745e+00 2.752051999050303177e+00 2.744018623377633137e+00 2.735433088165559301e+00 2.726327640105675965e+00 2.716738801380392587e+00 2.706707154097630852e+00 2.696277093101711930e+00 2.685496548924326987e+00 2.674416682868315576e+00 2.663091556430897899e+00 2.651577777470314867e+00 2.639934125699151313e+00 2.628221160247303345e+00 2.616500812176810964e+00 2.604835964948048144e+00 2.593290025931604958e+00
2.573208683952025400e+00 2.559154605689560658e+00 2.545425476448480051e+00 2.532101750847133736e+00 2.519262070297736855e+00 2.506982707823048884e+00 2.495337028393816770e+00 2.484394968816444838e+00 2.474222541056465108e+00 2.464881362710088730e+00 2.456428218134657726e+00 2.448914653520826601e+00 2.442386608936364834e+00 2.436884090095604360e+00 2.432440882311857955e+00 2.429084308774687173e+00 2.426835034962419257e+00 2.425706920654864263e+00 2.425706920654864263e+00 2.426835034962419257e+00 2.429084308774687173e+00 2.432440882311857955e+00 2.436884090095604360e+00 2.442386608936364834e+00 2.448914653520826601e+00 2.456428218134657726e+00 2.464881362710088730e+00 2.474222541056465108e+00 2.484394968816444838e+00 2.495337028393816770e+00 2.506982707823048884e+00 2.519262070297736855e+00 2.532101750847133736e+00 2.545425476448480051e+00 2.559154605689560658e+00 2.573208683952025400e+00 2.587506009972687870e+00 2.601964209557980912e+00 2.616500812176810964e+00 2.631033826139361320e+00 2.645482308084288192e+00 2.659766922543937095e+00 2.673810487436437011e+00 2.687538501444118655e+00 2.700879649378845837e+00 2.713766281805459091e+00 2.726134865393264661e+00 2.737926400690905648e+00 2.749086804270276740e+00 2.759567252458407172e+00 2.769324484170550438e+00 2.778321060670563725e+00 2.786525580413924619e+00 2.793912847471720529e+00 2.800463992388099399e+00 2.806166544686372166e+00 2.811014456607266343e+00 2.815008078034173522e+00 2.818154082931544568e+00 2.820465347991264249e+00 2.821960784544879530e+00 2.822665125154356414e+00 2.822608666637794084e+00 2.821826971616697488e+00 2.820360530985409397e+00 2.818254389998825715e+00 2.815557740949241605e+00 2.812323485655102928e+00 2.808607771211549586e+00 2.804469502653281765e+00 2.799969836352971253e+00 2.795171658121688552e+00 2.790139050090841177e+00 2.784936750536731065e+00 2.779629610858669775e+00 2.774282053939199244e+00 2.768957538100115912e+00 2.763718030821015859e+00 2.758623496308164391e+00 2.753731400891270997e+00 2.749096240085235010e+00 2.744769090983901538e+00 2.740797193454964198e+00 2.737223563380630775e+00 2.734086640939338508e+00 2.731419976651686898e+00 2.729251957620661972e+00 2.727605576084725758e+00 2.726498242074526956e+00 2.725941641622559697e+00 2.725941641622559697e+00 2.726498242074526956e+00 2.727605576084725758e+00 2.729251957620661972e+00 2.731419976651686898e+00 2.734086640939338508e+00 2.737223563380630775e+00 2.740797193454964198e+00 2.744769090983901538e+00 2.749096240085235010e+00 2.753731400891270997e+00 2.758623496308164391e+00 2.763718030821015859e+00 2.768957538100115912e+00 2.774282053939199244e+00 2.779629610858669775e+00 2.784936750536731065e+00 2.790139050090841177e+00 2.795171658121688552e+00 2.799969836352971253e+00 2.804469502653281765e+00 2.808607771211549586e+00 2.812323485655102928e+00 2.815557740949241605e+00 2.818254389998825715e+00 2.820360530985409397e+00 2.821826971616697488e+00 2.822608666637794084e+00 2.822665125154356414e+00 2.821960784544879530e+00 2.820465347991264249e+00 2.818154082931544568e+00 2.815008078034173522e+00 2.811014456607266343e+00 2.806166544686372166e+00 2.800463992388099399e+00 2.793912847471720529e+00 2.786525580413924619e+00 2.778321060670563725e+00 2.769324484170550438e+00 2.759567252458407172e+00 2.749086804270276740e+00 2.737926400690905648e+00 2.726134865393264661e+00 2.713766281805459091e+00 2.700879649378845837e+00 2.687538501444118655e+00 2.673810487436437011e+00 2.659766922543937095e+00 2.645482308084288192e+00 2.631033826139361320e+00 2.616500812176810964e+00 2.601964209557980912e+00 2.587506009972687870e+00
2.570295357166868744e+00 2.553305487091508841e+00 2.536637460035050307e+00 2.520391200645575314e+00 2.504664788704967560e+00 2.489553761345205007e+00 2.475150431924667327e+00 2.461543230660753423e+00 2.448816071954745155e+00 2.437047753147181695e+00 2.426311389208416269e+00 2.416673887601232362e+00 2.408195467252519428e+00 2.400929225241311027e+00 2.394920754453357503e+00 2.390207815070709785e+00 2.386820062361302064e+00 2.384778832811341509e+00 2.384096990205661903e+00 2.384778832811341509e+00 2.386820062361302064e+00 2.390207815070709785e+00 2.394920754453357503e+00 2.400929225241311027e+00 2.408195467252519428e+00 2.416673887601232362e+00 2.426311389208416269e+00 2.437047753147181695e+00 2.448816071954745155e+00 2.461543230660753423e+00 2.475150431924667327e+00 2.489553761345205007e+00 2.504664788704967560e+00 2.520391200645575314e+00 2.536637460035050307e+00 2.553305487091508841e+00 2.570295357166868744e+00 2.587506009972687870e+00 2.604835964948048144e+00 2.622184037427455205e+00 2.639450050265182313e+00 2.656535535611442622e+00 2.673344421614853417e+00 2.689783698944340440e+00 2.705764062180864737e+00 2.721200521324163901e+00 2.736012978890272507e+00 2.750126768340518613e+00 2.763473149879685398e+00 2.775989759987937955e+00 2.787621011405441163e+00 2.798318440667638018e+00 2.808041000689973199e+00 2.816755296320470947e+00 2.824435761213742069e+00 2.831064774827407149e+00 2.836632718798210551e+00 2.841137972416710511e+00 2.844586847382961636e+00 2.846993462487396709e+00 2.848379559317787635e+00 2.848774260541134140e+00 2.848213772745241457e+00 2.846741036245306944e+00 2.844405324662770962e+00 2.841261797464021299e+00 2.837371009002327416e+00 2.832798377934953038e+00 2.827613621186243709e+00 2.821890156894300450e+00 2.815704481011718219e+00 2.809135522427871123e+00 2.802263981640010115e+00 2.795171658121688552e+00 2.787940771618938829e+00 2.780653282646424973e+00 2.773390217457361917e+00 2.766231002722155718e+00 2.759252815071908227e+00 2.752529950544641668e+00 2.746133218815375532e+00 2.740129366897104291e+00 2.734580536769826153e+00 2.729543761130871271e+00 2.725070501163763925e+00 2.721206229897111140e+00 2.717990064371996084e+00 2.715454449458697628e+00 2.713624895764270573e+00 2.712519773654535893e+00 2.712150164980609901e+00 2.712519773654535893e+00 2.713624895764270573e+00 2.715454449458697628e+00 2.717990064371996084e+00 2.721206229897111140e+00 2.725070501163763925e+00 2.729543761130871271e+00 2.734580536769826153e+00 2.740129366897104291e+00 2.746133218815375532e+00 2.752529950544641668e+00 2.759252815071908227e+00 2.766231002722155718e+00 2.773390217457361917e+00 2.780653282646424973e+00 2.787940771618938829e+00 2.795171658121688552e+00 2.802263981640010115e+00 2.809135522427871123e+00 2.815704481011718219e+00 2.821890156894300450e+00 2.827613621186243709e+00 2.832798377934953038e+00 2.837371009002327416e+00 2.841261797464021299e+00 2.844405324662770962e+00 2.846741036245306944e+00 2.848213772745241457e+00 2.848774260541134140e+00 2.848379559317787635e+00 2.846993462487396709e+00 2.844586847382961636e+00 2.841137972416710511e+00 2.836632718798210551e+00 2.831064774827407149e+00 2.824435761213742069e+00 2.816755296320470947e+00 2.808041000689973199e+00 2.798318440667638018e+00 2.787621011405441163e+00 2.775989759987937955e+00 2.763473149879685398e+00 2.750126768340518613e+00 2.736012978890272507e+00 2.721200521324163901e+00 2.705764062180864737e+00 2.689783698944340440e+00 2.673344421614853417e+00 2.656535535611442622e+00 2.639450050265182313e+00 2.622184037427455205e+00 2.604835964948048144e+00 2.587506009972687870e+00
2.573208683952025400e+00 2.553305487091508841e+00 2.533700732941192246e+00 2.514513837391868289e+00 2.495862482510331493e+00 2.477861774858017174e+00 2.460623420554901131e+00 2.444254923269685964e+00 2.428858811148406183e+00 2.414531898479143734e+00 2.401364587632157210e+00 2.389440216514296278e+00 2.378834456436458300e+00 2.369614764915529026e+00 2.361839897520676690e+00 2.355559482431100360e+00 2.350813660901748481e+00 2.347632796338708694e+00 2.346037254170627584e+00 2.346037254170627584e+00 2.347632796338708694e+00 2.350813660901748481e+00 2.355559482431100360e+00 2.361839897520676690e+00 2.369614764915529026e+00 2.378834456436458300e+00 2.389440216514296278e+00 2.401364587632157210e+00 2.414531898479143734e+00 2.428858811148406183e+00 2.444254923269685964e+00 2.460623420554901131e+00 2.477861774858017174e+00 2.495862482510331493e+00 2.514513837391868289e+00 2.533700732941192246e+00 2.553305487091508841e+00 2.573208683952025400e+00 2.593290025931604958e+00 2.613429189927435559e+00 2.633506681175609376e+00 2.653404678383060489e+00 2.673007863831313724e+00 2.692204232261170560e+00 2.710885872513147277e+00 2.728949716109628110e+00 2.746298247219940425e+00 2.762840168746821146e+00 2.778491019609722112e+00 2.793173738674703532e+00 2.806819171189172124e+00 2.819366514019561176e+00 2.830763696457776479e+00 2.840967693854204779e+00 2.849944771847679803e+00 2.857670659492097531e+00 2.864130650121216259e+00 2.869319629343633604e+00 2.873242030114637302e+00 2.875911715386498368e+00 2.877351789389435144e+00 2.877594339137953927e+00 2.876680108287169357e+00 2.874658105977252021e+00 2.871585153797257650e+00 2.867525374468590460e+00 2.862549626289646820e+00 2.856734887793491051e+00 2.850163597446466301e+00 2.842922953554758436e+00 2.835104179845412631e+00 2.826801762445918076e+00 2.818112664200281614e+00 2.809135522427871123e+00 2.799969836352971253e+00 2.790715150506970499e+00 2.781470240430989005e+00 2.772332306984142125e+00 2.763396185491981072e+00 2.754753575851183189e+00 2.746492299541543503e+00 2.738695589285657928e+00 2.731441416842336878e+00 2.724801864123400197e+00 2.718842542487552638e+00 2.713622064692017943e+00 2.709191573575339351e+00 2.705594331106388140e+00 2.702865370968529302e+00 2.701031217357556358e+00 2.700109672161281171e+00 2.700109672161281171e+00 2.701031217357556358e+00 2.702865370968529302e+00 2.705594331106388140e+00 2.709191573575339351e+00 2.713622064692017943e+00 2.718842542487552638e+00 2.724801864123400197e+00 2.731441416842336878e+00 2.738695589285657928e+00 2.746492299541543503e+00 2.754753575851183189e+00 2.763396185491981072e+00 2.772332306984142125e+00 2.781470240430989005e+00 2.790715150506970499e+00 2.799969836352971253e+00 2.809135522427871123e+00 2.818112664200281614e+00 2.826801762445918076e+00 2.835104179845412631e+00 2.842922953554758436e+00 2.850163597446466301e+00 2.856734887793491051e+00 2.862549626289646820e+00 2.867525374468590460e+00 2.871585153797257650e+00 2.874658105977252021e+00 2.876680108287169357e+00 2.877594339137953927e+00 2.877351789389435144e+00 2.875911715386498368e+00 2.873242030114637302e+00 2.869319629343633604e+00 2.864130650121216259e+00 2.857670659492097531e+00 2.849944771847679803e+00 2.840967693854204779e+00 2.830763696457776479e+00 2.819366514019561176e+00 2.806819171189172124e+00 2.793173738674703532e+00 2.778491019609722112e+00 2.762840168746821146e+00 2.746298247219940425e+00 2.728949716109628110e+00 2.710885872513147277e+00 2.692204232261170560e+00 2.673007863831313724e+00 2.653404678383060489e+00 2.633506681175609376e+00 2.613429189927435559e+00 2.593290025931604958e+00
2.581926492131547679e+00 2.559154605689560658e+00 2.536637460035050307e+00 2.514513837391868289e+00 2.492921040884692019e+00 2.471993908724772204e+00 2.451863844157044614e+00 2.432657868444458416e+00 2.414497703995881484e+00 2.397498894520685209e+00 2.381769968817573524e+00 2.367411654479596006e+00 2.354516147424003503e+00 2.343166442737499633e+00 2.333435731867649743e+00 2.325386870693336050e+00 2.319071922474736258e+00 2.314531779120711175e+00 2.311795863622629899e+00 2.310881915893348459e+00 2.311795863622629899e+00 2.314531779120711175e+00 2.319071922474736258e+00 2.325386870693336050e+00 2.333435731867649743e+00 2.343166442737499633e+00 2.354516147424003503e+00 2.367411654479596006e+00 2.381769968817573524e+00 2.397498894520685209e+00 2.414497703995881484e+00 2.432657868444458416e+00 2.451863844157044614e+00 2.471993908724772204e+00 2.492921040884692019e+00 2.514513837391868289e+00 2.536637460035050307e+00 2.559154605689560658e+00 2.581926492131547679e+00 2.604813852223597515e+00 2.627677929023384706e+00 2.650381464365371809e+00 2.672789673520198139e+00 2.694771198647215371e+00 2.716199033921490980e+00 2.736951415436514434e+00 2.756912669255866088e+00 2.775974011309376710e+00 2.794034293199235020e+00 2.811000688396298131e+00 2.826789313763375500e+00 2.841325781837035880e+00 2.854545679828633720e+00 2.866394971864965058e+00 2.876830321574718852e+00 2.885819332734410381e+00 2.893340706312079735e+00 2.899384312883949821e+00 2.903951180043620628e+00 2.907053395070342106e+00 2.908713923767496823e+00 2.908966347019800391e+00 2.907854517242926651e+00 2.905432137507670376e+00 2.901762266707625937e+00 2.896916754700276986e+00 2.890975611882133034e+00 2.884026318154935709e+00 2.876163076698457832e+00 2.867486018382230384e+00 2.858100363020856349e+00 2.848115544002212562e+00 2.837644303092642151e+00 2.826801762445918076e+00 2.815704481011718219e+00 2.804469502653281765e+00 2.793213403342026169e+00 2.782051344798583958e+00 2.771096141895257770e+00 2.760457351024349304e+00 2.750240386471454190e+00 2.740545671613482170e+00 2.731467831489894138e+00 2.723094932974315707e+00 2.715507778404793182e+00 2.708779258117361977e+00 2.702973766872435846e+00 2.698146688670245208e+00 2.694343953923967749e+00 2.691601672401332745e+00 2.689945844761529425e+00 2.689392154908788246e+00 2.689945844761529425e+00 2.691601672401332745e+00 2.694343953923967749e+00 2.698146688670245208e+00 2.702973766872435846e+00 2.708779258117361977e+00 2.715507778404793182e+00 2.723094932974315707e+00 2.731467831489894138e+00 2.740545671613482170e+00 2.750240386471454190e+00 2.760457351024349304e+00 2.771096141895257770e+00 2.782051344798583958e+00 2.793213403342026169e+00 2.804469502653281765e+00 2.815704481011718219e+00 2.826801762445918076e+00 2.837644303092642151e+00 2.848115544002212562e+00 2.858100363020856349e+00 2.867486018382230384e+00 2.876163076698457832e+00 2.884026318154935709e+00 2.890975611882133034e+00 2.896916754700276986e+00 2.901762266707625937e+00 2.905432137507670376e+00 2.907854517242926651e+00 2.908966347019800391e+00 2.908713923767496823e+00 2.907053395070342106e+00 2.903951180043620628e+00 2.899384312883949821e+00 2.893340706312079735e+00 2.885819332734410381e+00 2.876830321574718852e+00 2.866394971864965058e+00 2.854545679828633720e+00 2.841325781837035880e+00 2.826789313763375500e+00 2.811000688396298131e+00 2.794034293199235020e+00 2.775974011309376710e+00 2.756912669255866088e+00 2.736951415436514434e+00 2.716199033921490980e+00 2.694771198647215371e+00 2.672789673520198139e+00 2.650381464365371809e+00 2.627677929023384706e+00 2.604813852223597515e+00
2.596382433921232025e+00 2.570808513333249667e+00 2.545425476448480051e+00 2.520391200645575314e+00 2.495862482510331493e+00 2.471993908724772204e+00 2.448936740657479127e+00 2.426837821027837627e+00 2.405838510855011325e+00 2.386073664678332928e+00 2.367670651751119681e+00 2.350748430566744762e+00 2.335416683676862615e+00 2.321775019309881838e+00 2.309912245796617025e+00 2.299905724263320295e+00 2.291820804464059780e+00 2.285710347999319492e+00 2.281614342510223548e+00 2.279559609753198046e+00 2.279559609753198046e+00 2.281614342510223548e+00 2.285710347999319492e+00 2.291820804464059780e+00 2.299905724263320295e+00 2.309912245796617025e+00 2.321775019309881838e+00 2.335416683676862615e+00 2.350748430566744762e+00 2.367670651751119681e+00 2.386073664678332928e+00 2.405838510855011325e+00 2.426837821027837627e+00 2.448936740657479127e+00 2.471993908724772204e+00 2.495862482510331493e+00 2.520391200645575314e+00 2.545425476448480051e+00 2.570808513333249667e+00 2.596382433921232025e+00 2.621989414382112749e+00 2.647472815500246934e+00 2.672678301991444183e+00 2.697454941690095254e+00 2.721656276384695872e+00 2.745141356300242474e+00 2.767775730507054721e+00 2.789432385875066700e+00 2.809992627588067560e+00 2.829346894680586200e+00 2.847395504557834300e+00 2.864049321002465565e+00 2.879230340756735895e+00 2.892872194390582408e+00 2.904920557820314553e+00 2.915333471524181430e+00 2.924081565204749378e+00 2.931148186368487174e+00 2.936529432024738373e+00 2.940234083443723723e+00 2.942283444650853230e+00 2.942711086066721382e+00 2.941562495423185819e+00 2.938894638790449765e+00 2.934775435232594987e+00 2.929283149264517050e+00 2.922505705906556894e+00 2.914539933719651810e+00 2.905490741749167327e+00 2.895470236805237629e+00 2.884596787958178421e+00 2.872994045525361528e+00 2.860789922168246235e+00 2.848115544002212562e+00 2.835104179845412631e+00 2.821890156894300450e+00 2.808607771211549586e+00 2.795390201446158240e+00 2.782368434175195748e+00 2.769670209162254704e+00 2.757418992669995905e+00 2.745732986744222170e+00 2.734724182106662571e+00 2.724497461954949795e+00 2.715149763573975861e+00 2.706769304215701499e+00 2.699434877208181316e+00 2.693215223712715822e+00 2.688168484964835958e+00 2.684341739214713751e+00 2.681770626930329637e+00 2.680479067147226058e+00 2.680479067147226058e+00 2.681770626930329637e+00 2.684341739214713751e+00 2.688168484964835958e+00 2.693215223712715822e+00 2.699434877208181316e+00 2.706769304215701499e+00 2.715149763573975861e+00 2.724497461954949795e+00 2.734724182106662571e+00 2.745732986744222170e+00 2.757418992669995905e+00 2.769670209162254704e+00 2.782368434175195748e+00 2.795390201446158240e+00 2.808607771211549586e+00 2.821890156894300450e+00 2.835104179845412631e+00 2.848115544002212562e+00 2.860789922168246235e+00 2.872994045525361528e+00 2.884596787958178421e+00 2.895470236805237629e+00 2.905490741749167327e+00 2.914539933719651810e+00 2.922505705906556894e+00 2.929283149264517050e+00 2.934775435232594987e+00 2.938894638790449765e+00 2.941562495423185819e+00 2.942711086066721382e+00 2.942283444650853230e+00 2.940234083443723723e+00 2.936529432024738373e+00 2.931148186368487174e+00 2.924081565204749378e+00 2.915333471524181430e+00 2.904920557820314553e+00 2.892872194390582408e+00 2.879230340756735895e+00 2.864049321002465565e+00 2.847395504557834300e+00 2.829346894680586200e+00 2.809992627588067560e+00 2.789432385875066700e+00 2.767775730507054721e+00 2.745141356300242474e+00 2.721656276384695872e+00 2.697454941690095254e+00 2.672678301991444183e+00 2.647472815500246934e+00 2.621989414382112749e+00
2.616466490875322570e+00 2.588178887938775929e+00 2.559998455912158022e+00 2.532101750847133736e+00 2.504664788704967560e+00 2.477861774858017174e+00 2.451863844157044614e+00 2.426837821027837627e+00 2.402945008914481040e+00 2.380340018169899263e+00 2.359169641208477497e+00 2.339571783382845993e+00 2.321674457630048316e+00 2.305594850454310674e+00 2.291438466278251429e+00 2.279298356605616860e+00 2.269254439800926892e+00 2.261372916609725614e+00 2.255705785822448739e+00 2.252290463730919345e+00 2.251149510244682794e+00 2.252290463730919345e+00 2.255705785822448739e+00 2.261372916609725614e+00 2.269254439800926892e+00 2.279298356605616860e+00 2.291438466278251429e+00 2.305594850454310674e+00 2.321674457630048316e+00 2.339571783382845993e+00 2.359169641208477497e+00 2.380340018169899263e+00 2.402945008914481040e+00 2.426837821027837627e+00 2.451863844157044614e+00 2.477861774858017174e+00 2.504664788704967560e+00 2.532101750847133736e+00 2.559998455912158022e+00 2.588178887938775929e+00 2.616466490875322570e+00 2.644685440106345542e+00 2.672661905467597965e+00 2.700225296280117870e+00 2.727209479076216692e+00 2.753453958903175458e+00 2.778805015372287190e+00 2.803116784969861275e+00 2.826252281559876511e+00 2.848084347482199963e+00 2.868496528182040706e+00 2.887383863891415103e+00 2.904653592517550731e+00 2.920225758571415753e+00 2.934033723686777506e+00 2.946024575030975257e+00 2.956159428687129331e+00 2.964413625887905912e+00 2.970776820797166096e+00 2.975252959361573080e+00 2.977860149583230420e+00 2.978630424390452891e+00 2.977609399100413778e+00 2.974855826268544501e+00 2.970441051499100649e+00 2.964448374543232845e+00 2.956972320729565507e+00 2.948117828452245348e+00 2.937999359077421158e+00 2.926739936216357307e+00 2.914470121847508199e+00 2.901326937246562654e+00 2.887452737099494016e+00 2.872994045525361528e+00 2.858100363020856349e+00 2.842922953554758436e+00 2.827613621186243709e+00 2.812323485655102928e+00 2.797201766393878852e+00 2.782394584341715937e+00 2.768043790797911186e+00 2.754285832340708229e+00 2.741250660555700325e+00 2.729060694970089518e+00 2.717829847177004154e+00 2.707662613660974049e+00 2.698653244305322829e+00 2.690884992978546109e+00 2.684429455964322031e+00 2.679346003323315184e+00 2.675681307559635957e+00 2.673468973216228672e+00 2.672729270247087729e+00 2.673468973216228672e+00 2.675681307559635957e+00 2.679346003323315184e+00 2.684429455964322031e+00 2.690884992978546109e+00 2.698653244305322829e+00 2.707662613660974049e+00 2.717829847177004154e+00 2.729060694970089518e+00 2.741250660555700325e+00 2.754285832340708229e+00 2.768043790797911186e+00 2.782394584341715937e+00 2.797201766393878852e+00 2.812323485655102928e+00 2.827613621186243709e+00 2.842922953554758436e+00 2.858100363020856349e+00 2.872994045525361528e+00 2.887452737099494016e+00 2.901326937246562654e+00 2.914470121847508199e+00 2.926739936216357307e+00 2.937999359077421158e+00 2.948117828452245348e+00 2.956972320729565507e+00 2.964448374543232845e+00 2.970441051499100649e+00 2.974855826268544501e+00 2.977609399100413778e+00 2.978630424390452891e+00 2.977860149583230420e+00 2.975252959361573080e+00 2.970776820797166096e+00 2.964413625887905912e+00 2.956159428687129331e+00 2.946024575030975257e+00 2.934033723686777506e+00 2.920225758571415753e+00 2.904653592517550731e+00 2.887383863891415103e+00 2.868496528182040706e+00 2.848084347482199963e+00 2.826252281559876511e+00 2.803116784969861275e+00 2.778805015372287190e+00 2.753453958903175458e+00 2.727209479076216692e+00 2.700225296280117870e+00 2.672661905467597965e+00 2.644685440106345542e+00
2.642025811193314144e+00 2.611134086368768426e+00 2.580246414480465322e+00 2.549557470538661441e+00 2.519262070297736855e+00 2.489553761345205007e+00 2.460623420554901131e+00 2.432657868444458416e+00 2.405838510855011325e+00 2.380340018169899263e+00 2.356329052010432523e+00 2.333963048992641287e+00 2.313389070702099648e+00 2.294742728547507049e+00 2.278147191591651133e+00 2.263712284834752619e+00 2.251533684744925434e+00 2.241692218098500167e+00 2.234253269415120702e+00 2.229266301454376542e+00 2.226764492388828121e+00 2.226764492388828121e+00 2.229266301454376542e+00 2.234253269415120702e+00 2.241692218098500167e+00 2.251533684744925434e+00 2.263712284834752619e+00 2.278147191591651133e+00 2.294742728547507049e+00 2.313389070702099648e+00 2.333963048992641287e+00 2.356329052010432523e+00 2.380340018169899263e+00 2.405838510855011325e+00 2.432657868444458416e+00 2.460623420554901131e+00 2.489553761345205007e+00 2.519262070297736855e+00 2.549557470538661441e+00 2.580246414480465322e+00 2.611134086368768426e+00 2.642025811193314144e+00 2.672728459380893540e+00 2.703051836726011459e+00 2.732810049133188812e+00 2.761822831941906475e+00 2.789916833879868108e+00 2.816926846040370691e+00 2.842696966702490169e+00 2.867081693305193912e+00 2.889946933444748733e+00 2.911170927384576057e+00 2.930645075243244246e+00 2.948274662754590825e+00 2.963979480268259525e+00 2.977694330473539708e+00 2.989369421177959563e+00 2.998970640348190830e+00 3.006479711517845654e+00 3.011894228577768118e+00 3.015227569882597436e+00 3.016508692525677660e+00 3.015781808545769938e+00 3.013105945726721302e+00 3.008554396528162034e+00 3.002214059535088353e+00 2.994184678630032792e+00 2.984577985867581607e+00 2.973516754761049707e+00 2.961133771369774959e+00 2.947570731197693306e+00 2.932977070474498404e+00 2.917508740886062935e+00 2.901326937246562654e+00 2.884596787958178421e+00 2.867486018382230384e+00 2.850163597446466301e+00 2.832798377934953038e+00 2.815557740949241605e+00 2.798606254991371944e+00 2.782104360001559584e+00 2.766207086486680122e+00 2.751062819601652887e+00 2.736812117696490798e+00 2.723586594419856510e+00 2.711507872978672129e+00 2.700686620596414844e+00 2.691221670594436066e+00 2.683199238845687784e+00 2.676692240623845809e+00 2.671759713098387667e+00 2.668446347913772332e+00 2.666782137444556167e+00 2.666782137444556167e+00 2.668446347913772332e+00 2.671759713098387667e+00 2.676692240623845809e+00 2.683199238845687784e+00 2.691221670594436066e+00 2.700686620596414844e+00 2.711507872978672129e+00 2.723586594419856510e+00 2.736812117696490798e+00 2.751062819601652887e+00 2.766207086486680122e+00 2.782104360001559584e+00 2.798606254991371944e+00 2.815557740949241605e+00 2.832798377934953038e+00 2.850163597446466301e+00 2.867486018382230384e+00 2.884596787958178421e+00 2.901326937246562654e+00 2.917508740886062935e+00 2.932977070474498404e+00 2.947570731197693306e+00 2.961133771369774959e+00 2.973516754761049707e+00 2.984577985867581607e+00 2.994184678630032792e+00 3.002214059535088353e+00 3.008554396528162034e+00 3.013105945726721302e+00 3.015781808545769938e+00 3.016508692525677660e+00 3.015227569882597436e+00 3.011894228577768118e+00 3.006479711517845654e+00 2.998970640348190830e+00 2.989369421177959563e+00 2.977694330473539708e+00 2.963979480268259525e+00 2.948274662754590825e+00 2.930645075243244246e+00 2.911170927384576057e+00 2.889946933444748733e+00 2.867081693305193912e+00 2.842696966702490169e+00 2.816926846040370691e+00 2.789916833879868108e+00 2.761822831941906475e+00 2.732810049133188812e+00 2.703051836726011459e+00 2.672728459380893540e+00
2.672865873014446336e+00 2.639500145257850594e+00 2.606016545814503260e+00 2.572627168869208614e+00 2.539545066988422306e+00 2.506982707823048884e+00 2.475150431924667327e+00 2.444254923269685964e+00 2.414497703995881484e+00 2.386073664678332928e+00 2.359169641208477497e+00 2.333963048992641287e+00 2.310620584757790752e+00 2.289297005745457358e+00 2.270133995493825108e+00 2.253259124757099663e+00 2.238784915395544584e+00 2.226808014294340055e+00 2.217408483540598940e+00 2.210649212211775794e+00 2.206575454211919141e+00 2.205214495641786510e+00 2.206575454211919141e+00 2.210649212211775794e+00 2.217408483540598940e+00 2.226808014294340055e+00 2.238784915395544584e+00 2.253259124757099663e+00 2.270133995493825108e+00 2.289297005745457358e+00 2.310620584757790752e+00 2.333963048992641287e+00 2.359169641208477497e+00 2.386073664678332928e+00 2.414497703995881484e+00 2.444254923269685964e+00 2.475150431924667327e+00 2.506982707823048884e+00 2.539545066988422306e+00 2.572627168869208614e+00 2.606016545814503260e+00 2.639500145257850594e+00 2.672865873014446336e+00 2.705904126095111994e+00 2.738409303526269323e+00 2.770181283838306197e+00 2.801026858143815357e+00 2.830761108070433796e+00 2.859208718237406632e+00 2.886205213467762487e+00 2.911598111504869468e+00 2.935247982649039411e+00 2.957029408441666174e+00 2.976831832295777414e+00 2.994560295796926841e+00 3.010136055270790312e+00 3.023497074127041273e+00 3.034598387436023614e+00 3.043412336168347831e+00 3.049928669520199254e+00 3.054154514751549865e+00 3.056114214972718290e+00 3.055849036319384648e+00 3.053416746949331628e+00 3.048891071268613917e+00 3.042361023742829573e+00 3.033930127563619461e+00 3.023715524314624759e+00 3.011846981607853024e+00 2.998465806434940983e+00 2.983723672691896756e+00 2.967781371985266592e+00 2.950807497407449187e+00 2.932977070474498404e+00 2.914470121847508199e+00 2.895470236805237629e+00 2.876163076698457832e+00 2.856734887793491051e+00 2.837371009002327416e+00 2.818254389998825715e+00 2.799564131134842260e+00 2.781474056397311045e+00 2.764151330388745276e+00 2.747755129971190424e+00 2.732435380790073864e+00 2.718331568392841735e+00 2.705571633081580440e+00 2.694270956993420452e+00 2.684531451192294416e+00 2.676440749786053175e+00 2.670071517259813731e+00 2.665480874346122242e+00 2.662709946841582020e+00 2.661783540835056527e+00 2.662709946841582020e+00 2.665480874346122242e+00 2.670071517259813731e+00 2.676440749786053175e+00 2.684531451192294416e+00 2.694270956993420452e+00 2.705571633081580440e+00 2.718331568392841735e+00 2.732435380790073864e+00 2.747755129971190424e+00 2.764151330388745276e+00 2.781474056397311045e+00 2.799564131134842260e+00 2.818254389998825715e+00 2.837371009002327416e+00 2.856734887793491051e+00 2.876163076698457832e+00 2.895470236805237629e+00 2.914470121847508199e+00 2.932977070474498404e+00 2.950807497407449187e+00 2.967781371985266592e+00 2.983723672691896756e+00 2.998465806434940983e+00 3.011846981607853024e+00 3.023715524314624759e+00 3.033930127563619461e+00 3.042361023742829573e+00 3.048891071268613917e+00 3.053416746949331628e+00 3.055849036319384648e+00 3.056114214972718290e+00 3.054154514751549865e+00 3.049928669520199254e+00 3.043412336168347831e+00 3.034598387436023614e+00 3.023497074127041273e+00 3.010136055270790312e+00 2.994560295796926841e+00 2.976831832295777414e+00 2.957029408441666174e+00 2.935247982649039411e+00 2.911598111504869468e+00 2.886205213467762487e+00 2.859208718237406632e+00 2.830761108070433796e+00 2.801026858143815357e+00 2.770181283838306197e+00 2.738409303526269323e+00 2.705904126095111994e+00
2.708751964846523475e+00 2.673062103571111070e+00 2.637114381669574570e+00 2.601137476880790000e+00 2.565361975393527061e+00 2.530018699217638556e+00 2.495337028393816770e+00 2.461543230660753423e+00 2.428858811148406183e+00 2.397498894520685209e+00 2.367670651751119681e+00 2.339571783382845993e+00 2.313389070702099648e+00 2.289297005745457358e+00 2.267456510469204378e+00 2.248013754738959591e+00 2.231099082054087024e+00 2.216826051110121210e+00 2.205290600429625325e+00 2.196570342364172923e+00 2.190723991794541803e+00 2.187790933840174201e+00 2.187790933840174201e+00 2.190723991794541803e+00 2.196570342364172923e+00 2.205290600429625325e+00 2.216826051110121210e+00 2.231099082054087024e+00 2.248013754738959591e+00 2.267456510469204378e+00 2.289297005745457358e+00 2.313389070702099648e+00 2.339571783382845993e+00 2.367670651751119681e+00 2.397498894520685209e+00 2.428858811148406183e+00 2.461543230660753423e+00 2.495337028393816770e+00 2.530018699217638556e+00 2.565361975393527061e+00 2.601137476880790000e+00 2.637114381669574570e+00 2.673062103571111070e+00 2.708751964846523475e+00 2.743958851101137242e+00 2.778462836012228099e+00 2.812050763693594302e+00 2.844517776828183742e+00 2.875668779117926732e+00 2.905319821104598521e+00 2.933299399003184593e+00 2.959449656855374311e+00 2.983627483050282247e+00 3.005705493066858747e+00 3.025572891161268263e+00 3.043136204646478049e+00 3.058319885383113945e+00 3.071066774113060394e+00 3.081338424312548785e+00 3.089115283311625770e+00 3.094396729513759770e+00 3.097200965644776094e+00 3.097564769055741962e+00 3.095543101191754687e+00 3.091208579409434609e+00 3.084650815372066646e+00 3.075975625264989688e+00 3.065304118047165627e+00 3.052771668880450928e+00 3.038526785748990822e+00 3.022729878090716582e+00 3.005551937004889762e+00 2.987173137268543055e+00 2.967781371985266592e+00 2.947570731197693306e+00 2.926739936216357307e+00 2.905490741749167327e+00 2.884026318154935709e+00 2.862549626289646820e+00 2.841261797464021299e+00 2.820360530985409397e+00 2.800038521616211806e+00 2.780481929046136447e+00 2.761868901148362365e+00 2.744368162372650133e+00 2.728137678124796128e+00 2.713323405395385191e+00 2.700058139236072297e+00 2.688460463943716849e+00 2.678633817007120665e+00 2.670665673004171570e+00 2.664626853715430954e+00 2.660570969750561066e+00 2.658533997974058760e+00 2.658533997974058760e+00 2.660570969750561066e+00 2.664626853715430954e+00 2.670665673004171570e+00 2.678633817007120665e+00 2.688460463943716849e+00 2.700058139236072297e+00 2.713323405395385191e+00 2.728137678124796128e+00 2.744368162372650133e+00 2.761868901148362365e+00 2.780481929046136447e+00 2.800038521616211806e+00 2.820360530985409397e+00 2.841261797464021299e+00 2.862549626289646820e+00 2.884026318154935709e+00 2.905490741749167327e+00 2.926739936216357307e+00 2.947570731197693306e+00 2.967781371985266592e+00 2.987173137268543055e+00 3.005551937004889762e+00 3.022729878090716582e+00 3.038526785748990822e+00 3.052771668880450928e+00 3.065304118047165627e+00 3.075975625264989688e+00 3.084650815372066646e+00 3.091208579409434609e+00 3.095543101191754687e+00 3.097564769055741962e+00 3.097200965644776094e+00 3.094396729513759770e+00 3.089115283311625770e+00 3.081338424312548785e+00 3.071066774113060394e+00 3.058319885383113945e+00 3.043136204646478049e+00 3.025572891161268263e+00 3.005705493066858747e+00 2.983627483050282247e+00 2.959449656855374311e+00 2.933299399003184593e+00 2.905319821104598521e+00 2.875668779117926732e+00 2.844517776828183742e+00 2.812050763693594302e+00 2.778462836012228099e+00 2.743958851101137242e+00
2.749410971862086939e+00 2.711565636832671711e+00 2.673305268759833098e+00 2.634874162752779192e+00 2.596519599483877450e+00 2.558490049280389922e+00 2.521033363788733439e+00 2.484394968816444838e+00 2.448816071954745155e+00 2.414531898479143734e+00 2.381769968817573524e+00 2.350748430566744762e+00 2.321674457630048316e+00 2.294742728547507049e+00 2.270133995493825108e+00 2.248013754738959591e+00 2.228531028602075192e+00 2.211817268089984800e+00 2.197985384501631945e+00 2.187128917307729292e+00 2.179321344586702569e+00 2.174615541222445270e+00 2.173043388954175370e+00 2.174615541222445270e+00 2.179321344586702569e+00 2.187128917307729292e+00 2.197985384501631945e+00 2.211817268089984800e+00 2.228531028602075192e+00 2.248013754738959591e+00 2.270133995493825108e+00 2.294742728547507049e+00 2.321674457630048316e+00 2.350748430566744762e+00 2.381769968817573524e+00 2.414531898479143734e+00 2.448816071954745155e+00 2.484394968816444838e+00 2.521033363788733439e+00 2.558490049280389922e+00 2.596519599483877450e+00 2.634874162752779192e+00 2.673305268759833098e+00 2.711565636832671711e+00 2.749410971862086939e+00 2.786601734278703280e+00 2.822904870797339427e+00 2.858095492932761772e+00 2.891958490693451456e+00 2.924290069358442157e+00 2.954899197832441260e+00 2.983608957751771040e+00 3.010257783273011523e+00 3.034700582311879113e+00 3.056809730905301947e+00 3.076475933338182589e+00 3.093608941700356940e+00 3.108138129611162981e+00 3.120012915960575839e+00 3.129203035658505883e+00 3.135698655549127523e+00 3.139510334825848847e+00 3.140668830465989547e+00 3.139224749383335844e+00 3.135248050162450451e+00 3.128827398382187042e+00 3.120069380648418100e+00 3.109097583529327746e+00 3.096051544612251405e+00 3.081085583871449263e+00 3.064367524443886381e+00 3.046077312748052268e+00 3.026405548642992827e+00 3.005551937004889762e+00 2.983723672691896756e+00 2.961133771369774959e+00 2.937999359077421158e+00 2.914539933719651810e+00 2.890975611882133034e+00 2.867525374468590460e+00 2.844405324662770962e+00 2.821826971616697488e+00 2.799995553063797882e+00 2.779108409751639641e+00 2.759353424186845150e+00 2.740907535687318930e+00 2.723935343147911414e+00 2.708587806249678653e+00 2.695001055085058272e+00 2.683295317337397012e+00 2.673573971249672443e+00 2.665922731650834265e+00 2.660408975286408850e+00 2.657081210630481305e+00 2.655968696247267502e+00 2.657081210630481305e+00 2.660408975286408850e+00 2.665922731650834265e+00 2.673573971249672443e+00 2.683295317337397012e+00 2.695001055085058272e+00 2.708587806249678653e+00 2.723935343147911414e+00 2.740907535687318930e+00 2.759353424186845150e+00 2.779108409751639641e+00 2.799995553063797882e+00 2.821826971616697488e+00 2.844405324662770962e+00 2.867525374468590460e+00 2.890975611882133034e+00 2.914539933719651810e+00 2.937999359077421158e+00 2.961133771369774959e+00 2.983723672691896756e+00 3.005551937004889762e+00 3.026405548642992827e+00 3.046077312748052268e+00 3.064367524443886381e+00 3.081085583871449263e+00 3.096051544612251405e+00 3.109097583529327746e+00 3.120069380648418100e+00 3.128827398382187042e+00 3.135248050162450451e+00 3.139224749383335844e+00 3.140668830465989547e+00 3.139510334825848847e+00 3.135698655549127523e+00 3.129203035658505883e+00 3.120012915960575839e+00 3.108138129611162981e+00 3.093608941700356940e+00 3.076475933338182589e+00 3.056809730905301947e+00 3.034700582311879113e+00 3.010257783273011523e+00 2.983608957751771040e+00 2.954899197832441260e+00 2.924290069358442157e+00 2.891958490693451456e+00 2.858095492932761772e+00 2.822904870797339427e+00 2.786601734278703280e+00
2.794533454467168720e+00 2.754718990590241390e+00 2.714316150766240554e+00 2.673583757002850003e+00 2.632784814667525897e+00 2.592184600311197240e+00 2.552048728847669867e+00 2.512641214634783182e+00 2.474222541056465108e+00 2.437047753147181695e+00 2.401364587632157210e+00 2.367411654479596006e+00 2.335416683676862615e+00 2.305594850454310674e+00 2.278147191591651133e+00 2.253259124757099663e+00 2.231099082054087024e+00 2.211817268089984800e+00 2.195544551942687495e+00 2.182391501391001132e+00 2.172447566701408928e+00 2.165780420134951090e+00 2.162435456162407288e+00 2.162435456162407288e+00 2.165780420134951090e+00 2.172447566701408928e+00 2.182391501391001132e+00 2.195544551942687495e+00 2.211817268089984800e+00 2.231099082054087024e+00 2.253259124757099663e+00 2.278147191591651133e+00 2.305594850454310674e+00 2.335416683676862615e+00 2.367411654479596006e+00 2.401364587632157210e+00 2.437047753147181695e+00 2.474222541056465108e+00 2.512641214634783182e+00 2.552048728847669867e+00 2.592184600311197240e+00 2.632784814667525897e+00 2.673583757002850003e+00 2.714316150766240554e+00 2.754718990590241390e+00 2.794533454467168720e+00 2.833506780898560340e+00 2.871394096907911919e+00 2.907960183186471426e+00 2.942981163125773403e+00 2.976246103074830618e+00 3.007558511840246140e+00 3.036737728218589893e+00 3.063620186206456708e+00 3.088060548468057220e+00 3.109932699645987952e+00 3.129130592170167091e+00 3.145568938344849741e+00 3.159183743665447519e+00 3.169932677526623888e+00 3.177795278721843530e+00 3.182772994392443877e+00 3.184889052352085415e+00 3.184188167980357420e+00 3.180736088137679829e+00 3.174618975792979914e+00 3.165942640266385499e+00 3.154831619162294043e+00 3.141428119194552782e+00 3.125890824176702054e+00 3.108393579458100131e+00 3.089123963023503894e+00 3.068281754332360833e+00 3.046077312748052268e+00 3.022729878090716582e+00 2.998465806434940983e+00 2.973516754761049707e+00 2.948117828452245348e+00 2.922505705906556894e+00 2.896916754700276986e+00 2.871585153797257650e+00 2.846741036245306944e+00 2.822608666637794084e+00 2.799404667346408360e+00 2.777336307151980765e+00 2.756599865417380446e+00 2.737379084363240178e+00 2.719843721328284669e+00 2.704148212126359585e+00 2.690430455757896411e+00 2.678810729800915613e+00 2.669390744802941473e+00 2.662252844927998296e+00 2.657459360990372499e+00 2.655052120837539054e+00 2.655052120837539054e+00 2.657459360990372499e+00 2.662252844927998296e+00 2.669390744802941473e+00 2.678810729800915613e+00 2.690430455757896411e+00 2.704148212126359585e+00 2.719843721328284669e+00 2.737379084363240178e+00 2.756599865417380446e+00 2.777336307151980765e+00 2.799404667346408360e+00 2.822608666637794084e+00 2.846741036245306944e+00 2.871585153797257650e+00 2.896916754700276986e+00 2.922505705906556894e+00 2.948117828452245348e+00 2.973516754761049707e+00 2.998465806434940983e+00 3.022729878090716582e+00 3.046077312748052268e+00 3.068281754332360833e+00 3.089123963023503894e+00 3.108393579458100131e+00 3.125890824176702054e+00 3.141428119194552782e+00 3.154831619162294043e+00 3.165942640266385499e+00 3.174618975792979914e+00 3.180736088137679829e+00 3.184188167980357420e+00 3.184889052352085415e+00 3.182772994392443877e+00 3.177795278721843530e+00 3.169932677526623888e+00 3.159183743665447519e+00 3.145568938344849741e+00 3.129130592170167091e+00 3.109932699645987952e+00 3.088060548468057220e+00 3.063620186206456708e+00 3.036737728218589893e+00 3.007558511840246140e+00 2.976246103074830618e+00 2.942981163125773403e+00 2.907960183186471426e+00 2.871394096907911919e+00 2.833506780898560340e+00
2.843776003323446044e+00 2.802195198404811460e+00 2.759837641933024610e+00 2.716975475285669628e+00 2.673886334387316932e+00 2.630851329190246890e+00 2.588152993390922418e+00 2.546073219816478161e+00 2.504891197031121397e+00 2.464881362710088730e+00 2.426311389208416269e+00 2.389440216514296278e+00 2.354516147424003503e+00 2.321775019309881838e+00 2.291438466278251429e+00 2.263712284834752619e+00 2.238784915395544584e+00 2.216826051110121210e+00 2.197985384501631945e+00 2.182391501391001132e+00 2.170150930459590732e+00 2.161347355630182765e+00 2.156040997216496446e+00 2.154268166516750238e+00 2.156040997216496446e+00 2.161347355630182765e+00 2.170150930459590732e+00 2.182391501391001132e+00 2.197985384501631945e+00 2.216826051110121210e+00 2.238784915395544584e+00 2.263712284834752619e+00 2.291438466278251429e+00 2.321775019309881838e+00 2.354516147424003503e+00 2.389440216514296278e+00 2.426311389208416269e+00 2.464881362710088730e+00 2.504891197031121397e+00 2.546073219816478161e+00 2.588152993390922418e+00 2.630851329190246890e+00 2.673886334387316932e+00 2.716975475285669628e+00 2.759837641933024610e+00 2.802195198404811460e+00 2.843776003323446044e+00 2.884315385412006716e+00 2.923558059229151240e+00 2.961259966692983969e+00 2.997190030571738717e+00 3.031131806793966987e+00 3.062885023205573543e+00 3.092266993269398245e+00 3.119113894158540123e+00 3.143281899730076656e+00 3.164648159973221908e+00 3.183111619696918027e+00 3.198593670447516413e+00 3.211038630918089609e+00 3.220414052417497786e+00 3.226710847299609330e+00 3.229943239600865379e+00 3.230148538487471743e+00 3.227386736461632655e+00 3.221739935609040373e+00 3.213311606477258664e+00 3.202225685446750347e+00 3.188625517683266519e+00 3.172672653933055642e+00 3.154545510531692187e+00 3.134437903034996697e+00 3.112557464838553667e+00 3.089123963023503894e+00 3.064367524443886381e+00 3.038526785748990822e+00 3.011846981607853024e+00 2.984577985867581607e+00 2.956972320729565507e+00 2.929283149264517050e+00 2.901762266707625937e+00 2.874658105977252021e+00 2.848213772745241457e+00 2.822665125154356414e+00 2.798238912930809619e+00 2.775150990179735988e+00 2.753604615582399884e+00 2.733788853040186595e+00 2.715877085037278871e+00 2.700025650127097609e+00 2.686372614993852270e+00 2.675036690507106574e+00 2.666116300081978530e+00 2.659688807488946427e+00 2.655809910034145904e+00 2.654513201762728425e+00 2.655809910034145904e+00 2.659688807488946427e+00 2.666116300081978530e+00 2.675036690507106574e+00 2.686372614993852270e+00 2.700025650127097609e+00 2.715877085037278871e+00 2.733788853040186595e+00 2.753604615582399884e+00 2.775150990179735988e+00 2.798238912930809619e+00 2.822665125154356414e+00 2.848213772745241457e+00 2.874658105977252021e+00 2.901762266707625937e+00 2.929283149264517050e+00 2.956972320729565507e+00 2.984577985867581607e+00 3.011846981607853024e+00 3.038526785748990822e+00 3.064367524443886381e+00 3.089123963023503894e+00 3.112557464838553667e+00 3.134437903034996697e+00 3.154545510531692187e+00 3.172672653933055642e+00 3.188625517683266519e+00 3.202225685446750347e+00 3.213311606477258664e+00 3.221739935609040373e+00 3.227386736461632655e+00 3.230148538487471743e+00 3.229943239600865379e+00 3.226710847299609330e+00 3.220414052417497786e+00 3.211038630918089609e+00 3.198593670447516413e+00 3.183111619696918027e+00 3.164648159973221908e+00 3.143281899730076656e+00 3.119113894158540123e+00 3.092266993269398245e+00 3.062885023205573543e+00 3.031131806793966987e+00 2.997190030571738717e+00 2.961259966692983969e+00 2.923558059229151240e+00 2.884315385412006716e+00
2.896763852900656300e+00 2.853634567489879981e+00 2.809526376479921428e+00 2.764723424167577548e+00 2.719516765802732383e+00 2.674202247512038610e+00 2.629078346490008489e+00 2.584443987720288494e+00 2.540596353675081520e+00 2.497828703501010494e+00 2.456428218134657726e+00 2.416673887601232362e+00 2.378834456436458300e+00 2.343166442737499633e+00 2.309912245796617025e+00 2.279298356605616860e+00 2.251533684744925434e+00 2.226808014294340055e+00 2.205290600429625325e+00 2.187128917307729292e+00 2.172447566701408928e+00 2.161347355630182765e+00 2.153904549958073122e+00 2.150170309599078067e+00 2.150170309599078067e+00 2.153904549958073122e+00 2.161347355630182765e+00 2.172447566701408928e+00 2.187128917307729292e+00 2.205290600429625325e+00 2.226808014294340055e+00 2.251533684744925434e+00 2.279298356605616860e+00 2.309912245796617025e+00 2.343166442737499633e+00 2.378834456436458300e+00 2.416673887601232362e+00 2.456428218134657726e+00 2.497828703501010494e+00 2.540596353675081520e+00 2.584443987720288494e+00 2.629078346490008489e+00 2.674202247512038610e+00 2.719516765802732383e+00 2.764723424167577548e+00 2.809526376479921428e+00 2.853634567489879981e+00 2.896763852900656300e+00 2.938639063758097247e+00 2.978995999629013625e+00 3.017583335591291771e+00 3.054164428719882807e+00 3.088519010522508434e+00 3.120444752651252873e+00 3.149758694184685126e+00 3.176298519832317258e+00 3.199923679550910283e+00 3.220516341271967065e+00 3.237982169712138258e+00 3.252250925563916706e+00 3.263276880732436158e+00 3.271039046685359608e+00 3.275541214405739421e+00 3.276811805871816308e+00 3.274903538421869431e+00 3.269892904785656640e+00 3.261879472965778515e+00 3.250985011521848378e+00 3.237352447137170852e+00 3.221144662621743038e+00 3.202543144716959223e+00 3.181746492207269572e+00 3.158968795903682292e+00 3.134437903034996697e+00 3.108393579458100131e+00 3.081085583871449263e+00 3.052771668880450928e+00 3.023715524314624759e+00 2.994184678630032792e+00 2.964448374543232845e+00 2.934775435232594987e+00 2.905432137507670376e+00 2.876680108287169357e+00 2.848774260541134140e+00 2.821960784544879530e+00 2.796475209863232170e+00 2.772540552937050595e+00 2.750365564484035019e+00 2.730143090157422847e+00 2.712048557035332763e+00 2.696238597546737115e+00 2.682849821384787337e+00 2.671997744822567356e+00 2.663775885638814511e+00 2.658255030591133217e+00 2.655482681051274163e+00 2.655482681051274163e+00 2.658255030591133217e+00 2.663775885638814511e+00 2.671997744822567356e+00 2.682849821384787337e+00 2.696238597546737115e+00 2.712048557035332763e+00 2.730143090157422847e+00 2.750365564484035019e+00 2.772540552937050595e+00 2.796475209863232170e+00 2.821960784544879530e+00 2.848774260541134140e+00 2.876680108287169357e+00 2.905432137507670376e+00 2.934775435232594987e+00 2.964448374543232845e+00 2.994184678630032792e+00 3.023715524314624759e+00 3.052771668880450928e+00 3.081085583871449263e+00 3.108393579458100131e+00 3.134437903034996697e+00 3.158968795903682292e+00 3.181746492207269572e+00 3.202543144716959223e+00 3.221144662621743038e+00 3.237352447137170852e+00 3.250985011521848378e+00 3.261879472965778515e+00 3.269892904785656640e+00 3.274903538421869431e+00 3.276811805871816308e+00 3.275541214405739421e+00 3.271039046685359608e+00 3.263276880732436158e+00 3.252250925563916706e+00 3.237982169712138258e+00 3.220516341271967065e+00 3.199923679550910283e+00 3.176298519832317258e+00 3.149758694184685126e+00 3.120444752651252873e+00 3.088519010522508434e+00 3.054164428719882807e+00 3.017583335591291771e+00 2.978995999629013625e+00 2.938639063758097247e+00
2.953093733668580523e+00 2.908647413088291334e+00 2.863007615959650476e+00 2.816469073103844423e+00 2.769334938928128320e+00 2.721914581380054710e+00 2.674521321413552588e+00 2.627470138992031856e+00 2.581075362914861948e+00 2.535648361883346524e+00 2.491495254220071676e+00 2.448914653520826601e+00 2.408195467252519428e+00 2.369614764915529026e+00 2.333435731867649743e+00 2.299905724263320295e+00 2.269254439800926892e+00 2.241692218098500167e+00 2.217408483540598940e+00 2.196570342364172923e+00 2.179321344586702569e+00 2.165780420134951090e+00 2.156040997216496446e+00 2.150170309599078067e+00 2.148208898034847714e+00 2.150170309599078067e+00 2.156040997216496446e+00 2.165780420134951090e+00 2.179321344586702569e+00 2.196570342364172923e+00 2.217408483540598940e+00 2.241692218098500167e+00 2.269254439800926892e+00 2.299905724263320295e+00 2.333435731867649743e+00 2.369614764915529026e+00 2.408195467252519428e+00 2.448914653520826601e+00 2.491495254220071676e+00 2.535648361883346524e+00 2.581075362914861948e+00 2.627470138992031856e+00 2.674521321413552588e+00 2.721914581380054710e+00 2.769334938928128320e+00 2.816469073103844423e+00 2.863007615959650476e+00 2.908647413088291334e+00 2.953093733668580523e+00 2.996062413388139500e+00 3.037281914124828841e+00 3.076495284907487360e+00 3.113462009432893307e+00 3.147959726283909632e+00 3.179785808966776539e+00 3.208758793956209221e+00 3.234719646097174106e+00 3.257532851952980479e+00 3.277087333001389435e+00 3.293297171953665892e+00 3.306102146895449234e+00 3.315468069412272012e+00 3.321386924355179904e+00 3.323876810411988014e+00 3.322981682165727424e+00 3.318770895832168666e+00 3.311338562361539228e+00 3.300802713054418192e+00 3.287304284266803212e+00 3.271005929154103598e+00 3.252090665717565887e+00 3.230760371659409547e+00 3.207234137715454736e+00 3.181746492207269572e+00 3.154545510531692187e+00 3.125890824176702054e+00 3.096051544612251405e+00 3.065304118047165627e+00 3.033930127563619461e+00 3.002214059535088353e+00 2.970441051499100649e+00 2.938894638790449765e+00 2.907854517242926651e+00 2.877594339137953927e+00 2.848379559317787635e+00 2.820465347991264249e+00 2.794094586244294742e+00 2.769495959629430626e+00 2.746882164453719355e+00 2.726448240517513000e+00 2.708370043085427170e+00 2.692802865801791512e+00 2.679880225104736002e+00 2.669712815454424071e+00 2.662387643381274760e+00 2.657967346989325019e+00 2.656489706128595252e+00 2.657967346989325019e+00 2.662387643381274760e+00 2.669712815454424071e+00 2.679880225104736002e+00 2.692802865801791512e+00 2.708370043085427170e+00 2.726448240517513000e+00 2.746882164453719355e+00 2.769495959629430626e+00 2.794094586244294742e+00 2.820465347991264249e+00 2.848379559317787635e+00 2.877594339137953927e+00 2.907854517242926651e+00 2.938894638790449765e+00 2.970441051499100649e+00 3.002214059535088353e+00 3.033930127563619461e+00 3.065304118047165627e+00 3.096051544612251405e+00 3.125890824176702054e+00 3.154545510531692187e+00 3.181746492207269572e+00 3.207234137715454736e+00 3.230760371659409547e+00 3.252090665717565887e+00 3.271005929154103598e+00 3.287304284266803212e+00 3.300802713054418192e+00 3.311338562361539228e+00 3.318770895832168666e+00 3.322981682165727424e+00 3.323876810411988014e+00 3.321386924355179904e+00 3.315468069412272012e+00 3.306102146895449234e+00 3.293297171953665892e+00 3.277087333001389435e+00 3.257532851952980479e+00 3.234719646097174106e+00 3.208758793956209221e+00 3.179785808966776539e+00 3.147959726283909632e+00 3.113462009432893307e+00 3.076495284907487360e+00 3.037281914124828841e+00 2.996062413388139500e+00
3.012336941221662290e+00 2.966817020782320569e+00 2.919878094728229900e+00 2.871823973820972764e+00 2.822968491520830181e+00 2.773633214295304850e+00 2.724145089964050470e+00 2.674834051795661249e+00 2.626030596414734575e+00 2.578063353783602185e+00 2.531256667590316312e+00 2.485928204302540578e+00 2.442386608936364834e+00 2.400929225241311027e+00 2.361839897520676690e+00 2.325386870693336050e+00 2.291820804464059780e+00 2.261372916609725614e+00 2.234253269415120702e+00 2.210649212211775794e+00 2.190723991794541803e+00 2.174615541222445270e+00 2.162435456162407288e+00 2.154268166516750238e+00 2.150170309599078067e+00 2.150170309599078067e+00 2.154268166516750238e+00 2.162435456162407288e+00 2.174615541222445270e+00 2.190723991794541803e+00 2.210649212211775794e+00 2.234253269415120702e+00 2.261372916609725614e+00 2.291820804464059780e+00 2.325386870693336050e+00 2.361839897520676690e+00 2.400929225241311027e+00 2.442386608936364834e+00 2.485928204302540578e+00 2.531256667590316312e+00 2.578063353783602185e+00 2.626030596414734575e+00 2.674834051795661249e+00 2.724145089964050470e+00 2.773633214295304850e+00 2.822968491520830181e+00 2.871823973820972764e+00 2.919878094728229900e+00 2.966817020782320569e+00 3.012336941221662290e+00 3.056146278473368838e+00 3.097967802812156890e+00 3.137540635293112334e+00 3.174622123918400263e+00 3.208989578967132328e+00 3.240441854493591567e+00 3.268800764173285689e+00 3.293912320940336258e+00 3.315647791203478523e+00 3.333904555841563422e+00 3.348606771651885694e+00 3.359705828444900177e+00 3.367180598535169267e+00 3.371037476959125812e+00 3.371310212343043400e+00 3.368059529937758700e+00 3.361372549917698294e+00 3.351362005598881311e+00 3.338165267751778131e+00 3.321943182658649629e+00 3.302878732980184306e+00 3.281175531841938664e+00 3.257056161817160511e+00 3.230760371659409547e+00 3.202543144716959223e+00 3.172672653933055642e+00 3.141428119194552782e+00 3.109097583529327746e+00 3.075975625264989688e+00 3.042361023742829573e+00 3.008554396528162034e+00 2.974855826268544501e+00 2.941562495423185819e+00 2.908966347019800391e+00 2.877351789389435144e+00 2.846993462487396709e+00 2.818154082931544568e+00 2.791082384281852402e+00 2.766011168351707905e+00 2.743155482487626529e+00 2.722710936786395308e+00 2.704852174144463550e+00 2.689731504861943900e+00 2.677477716261703833e+00 2.668195066442518026e+00 2.661962469874047610e+00 2.658832881071664822e+00 2.658832881071664822e+00 2.661962469874047610e+00 2.668195066442518026e+00 2.677477716261703833e+00 2.689731504861943900e+00 2.704852174144463550e+00 2.722710936786395308e+00 2.743155482487626529e+00 2.766011168351707905e+00 2.791082384281852402e+00 2.818154082931544568e+00 2.846993462487396709e+00 2.877351789389435144e+00 2.908966347019800391e+00 2.941562495423185819e+00 2.974855826268544501e+00 3.008554396528162034e+00 3.042361023742829573e+00 3.075975625264989688e+00 3.109097583529327746e+00 3.141428119194552782e+00 3.172672653933055642e+00 3.202543144716959223e+00 3.230760371659409547e+00 3.257056161817160511e+00 3.281175531841938664e+00 3.302878732980184306e+00 3.321943182658649629e+00 3.338165267751778131e+00 3.351362005598881311e+00 3.361372549917698294e+00 3.368059529937758700e+00 3.371310212343043400e+00 3.371037476959125812e+00 3.367180598535169267e+00 3.359705828444900177e+00 3.348606771651885694e+00 3.333904555841563422e+00 3.315647791203478523e+00 3.293912320940336258e+00 3.268800764173285689e+00 3.240441854493591567e+00 3.208989578967132328e+00 3.174622123918400263e+00 3.137540635293112334e+00 3.097967802812156890e+00 3.056146278473368838e+00
3.074042598978394381e+00 3.027702814198558912e+00 2.979709081884781341e+00 2.930372706425534712e+00 2.880016690068650576e+00 2.828973374572816724e+00 2.777582008773224143e+00 2.726186260389233951e+00 2.675131690832343256e+00 2.624763212060767348e+00 2.575422544670269875e+00 2.527445696408599840e+00 2.481160480152754921e+00 2.436884090095604360e+00 2.394920754453357503e+00 2.355559482431100360e+00 2.319071922474736258e+00 2.285710347999319492e+00 2.255705785822448739e+00 2.229266301454376542e+00 2.206575454211919141e+00 2.187790933840174201e+00 2.173043388954175370e+00 2.162435456162407288e+00 2.156040997216496446e+00 2.153904549958073122e+00 2.156040997216496446e+00 2.162435456162407288e+00 2.173043388954175370e+00 2.187790933840174201e+00 2.206575454211919141e+00 2.229266301454376542e+00 2.255705785822448739e+00 2.285710347999319492e+00 2.319071922474736258e+00 2.355559482431100360e+00 2.394920754453357503e+00 2.436884090095604360e+00 2.481160480152754921e+00 2.527445696408599840e+00 2.575422544670269875e+00 2.624763212060767348e+00 2.675131690832343256e+00 2.726186260389233951e+00 2.777582008773224143e+00 2.828973374572816724e+00 2.880016690068650576e+00 2.930372706425534712e+00 2.979709081884781341e+00 3.027702814198558912e+00 3.074042598978394381e+00 3.118431096199527630e+00 3.160587087807156692e+00 3.200247510204411228e+00 3.237169346358667710e+00 3.271131363335506137e+00 3.301935682249737436e+00 3.329409168901793947e+00 3.353404634735481782e+00 3.373801839199176200e+00 3.390508286106233893e+00 3.403459808159848166e+00 3.412620935421094348e+00 3.417985045144128264e+00 3.419574292066799526e+00 3.417439319915909213e+00 3.411658756550885130e+00 3.402338496815507707e+00 3.389610778781614542e+00 3.373633060639481318e+00 3.354586707004508117e+00 3.332675494857799237e+00 3.308123950707885452e+00 3.281175531841938664e+00 3.252090665717565887e+00 3.221144662621743038e+00 3.188625517683266519e+00 3.154831619162294043e+00 3.120069380648418100e+00 3.084650815372066646e+00 3.048891071268613917e+00 3.013105945726721302e+00 2.977609399100413778e+00 2.942711086066721382e+00 2.908713923767496823e+00 2.875911715386498368e+00 2.844586847382961636e+00 2.815008078034173522e+00 2.787428434236197461e+00 2.762083232679386935e+00 2.739188240559868870e+00 2.718937989917209919e+00 2.701504258510057266e+00 2.687034728864721611e+00 2.675651835766142295e+00 2.667451811016886776e+00 2.662503932778772953e+00 2.660849985244831739e+00 2.662503932778772953e+00 2.667451811016886776e+00 2.675651835766142295e+00 2.687034728864721611e+00 2.701504258510057266e+00 2.718937989917209919e+00 2.739188240559868870e+00 2.762083232679386935e+00 2.787428434236197461e+00 2.815008078034173522e+00 2.844586847382961636e+00 2.875911715386498368e+00 2.908713923767496823e+00 2.942711086066721382e+00 2.977609399100413778e+00 3.013105945726721302e+00 3.048891071268613917e+00 3.084650815372066646e+00 3.120069380648418100e+00 3.154831619162294043e+00 3.188625517683266519e+00 3.221144662621743038e+00 3.252090665717565887e+00 3.281175531841938664e+00 3.308123950707885452e+00 3.332675494857799237e+00 3.354586707004508117e+00 3.373633060639481318e+00 3.389610778781614542e+00 3.402338496815507707e+00 3.411658756550885130e+00 3.417439319915909213e+00 3.419574292066799526e+00 3.417985045144128264e+00 3.412620935421094348e+00 3.403459808159848166e+00 3.390508286106233893e+00 3.373801839199176200e+00 3.353404634735481782e+00 3.329409168901793947e+00 3.301935682249737436e+00 3.271131363335506137e+00 3.237169346358667710e+00 3.200247510204411228e+00 3.160587087807156692e+00 3.118431096199527630e+00
3.137741089624356494e+00 3.090843704006596138e+00 3.042049636391240597e+00 2.991676029837332607e+00 2.940053465431993640e+00 2.887523546862214463e+00 2.834436398209785768e+00 2.781148093826861345e+00 2.728018039672406303e+00 2.675406325865387291e+00 2.623671070436154551e+00 2.573165774331273248e+00 2.524236707648600753e+00 2.477220346849124510e+00 2.432440882311857955e+00 2.390207815070709785e+00 2.350813660901748481e+00 2.314531779120711175e+00 2.281614342510223548e+00 2.252290463730919345e+00 2.226764492388828121e+00 2.205214495641786510e+00 2.187790933840174201e+00 2.174615541222445270e+00 2.165780420134951090e+00 2.161347355630182765e+00 2.161347355630182765e+00 2.165780420134951090e+00 2.174615541222445270e+00 2.187790933840174201e+00 2.205214495641786510e+00 2.226764492388828121e+00 2.252290463730919345e+00 2.281614342510223548e+00 2.314531779120711175e+00 2.350813660901748481e+00 2.390207815070709785e+00 2.432440882311857955e+00 2.477220346849124510e+00 2.524236707648600753e+00 2.573165774331273248e+00 2.623671070436154551e+00 2.675406325865387291e+00 2.728018039672406303e+00 2.781148093826861345e+00 2.834436398209785768e+00 2.887523546862214463e+00 2.940053465431993640e+00 2.991676029837332607e+00 3.042049636391240597e+00 3.090843704006596138e+00 3.137741089624356494e+00 3.182440398673323401e+00 3.224658173173916342e+00 3.264130941034347533e+00 3.300617111148365534e+00 3.333898700081310285e+00 3.363782877416456873e+00 3.390103318216993955e+00 3.412721352529628049e+00 3.431526903402855044e+00 3.446439206504404940e+00 3.457407306085968912e+00 3.464410323746603293e+00 3.467457498175965380e+00 3.466587995801685196e+00 3.461870494008613353e+00 3.453402540327811465e+00 3.441309692697153810e+00 3.425744447559996075e+00 3.406884964181242648e+00 3.384933595108551518e+00 3.360115234179112065e+00 3.332675494857799237e+00 3.302878732980184306e+00 3.271005929154103598e+00 3.237352447137170852e+00 3.202225685446750347e+00 3.165942640266385499e+00 3.128827398382187042e+00 3.091208579409434609e+00 3.053416746949331628e+00 3.015781808545769938e+00 2.978630424390452891e+00 2.942283444650853230e+00 2.907053395070342106e+00 2.873242030114637302e+00 2.841137972416710511e+00 2.811014456607266343e+00 2.783127194815018246e+00 2.757712380186323031e+00 2.734984843714451497e+00 2.715136378492939428e+00 2.698334244224033895e+00 2.684719863432036835e+00 2.674407719362851932e+00 2.667484464006479428e+00 2.664008243070331794e+00 2.664008243070331794e+00 2.667484464006479428e+00 2.674407719362851932e+00 2.684719863432036835e+00 2.698334244224033895e+00 2.715136378492939428e+00 2.734984843714451497e+00 2.757712380186323031e+00 2.783127194815018246e+00 2.811014456607266343e+00 2.841137972416710511e+00 2.873242030114637302e+00 2.907053395070342106e+00 2.942283444650853230e+00 2.978630424390452891e+00 3.015781808545769938e+00 3.053416746949331628e+00 3.091208579409434609e+00 3.128827398382187042e+00 3.165942640266385499e+00 3.202225685446750347e+00 3.237352447137170852e+00 3.271005929154103598e+00 3.302878732980184306e+00 3.332675494857799237e+00 3.360115234179112065e+00 3.384933595108551518e+00 3.406884964181242648e+00 3.425744447559996075e+00 3.441309692697153810e+00 3.453402540327811465e+00 3.461870494008613353e+00 3.466587995801685196e+00 3.467457498175965380e+00 3.464410323746603293e+00 3.457407306085968912e+00 3.446439206504404940e+00 3.431526903402855044e+00 3.412721352529628049e+00 3.390103318216993955e+00 3.363782877416456873e+00 3.333898700081310285e+00 3.300617111148365534e+00 3.264130941034347533e+00 3.224658173173916342e+00 3.182440398673323401e+00
3.202947629183530154e+00 3.155761592731272547e+00 3.106430030613335003e+00 3.055274212591394534e+00 3.002630640064465339e+00 2.948848585645957865e+00 2.894287532786782524e+00 2.839314534744328711e+00 2.784301512816621749e+00 2.729622514229082864e+00 2.675650950374719006e+00 2.622756836264661384e+00 2.571304052043647648e+00 2.521647647264378289e+00 2.474131208296680651e+00 2.429084308774687173e+00 2.386820062361302064e+00 2.347632796338708694e+00 2.311795863622629899e+00 2.279559609753198046e+00 2.251149510244682794e+00 2.226764492388828121e+00 2.206575454211919141e+00 2.190723991794541803e+00 2.179321344586702569e+00 2.172447566701408928e+00 2.170150930459590732e+00 2.172447566701408928e+00 2.179321344586702569e+00 2.190723991794541803e+00 2.206575454211919141e+00 2.226764492388828121e+00 2.251149510244682794e+00 2.279559609753198046e+00 2.311795863622629899e+00 2.347632796338708694e+00 2.386820062361302064e+00 2.429084308774687173e+00 2.474131208296680651e+00 2.521647647264378289e+00 2.571304052043647648e+00 2.622756836264661384e+00 2.675650950374719006e+00 2.729622514229082864e+00 2.784301512816621749e+00 2.839314534744328711e+00 2.894287532786782524e+00 2.948848585645957865e+00 3.002630640064465339e+00 3.055274212591394534e+00 3.106430030613335003e+00 3.155761592731272547e+00 3.202947629183530154e+00 3.247684443780846308e+00 3.289688119726370541e+00 3.328696572733739867e+00 3.364471436022719697e+00 3.396799763055120991e+00 3.425495535264174496e+00 3.450400963517576525e+00 3.471387573626750989e+00 3.488357067860596405e+00 3.501241956128307908e+00 3.510005952250198291e+00 3.514644132524076259e+00 3.515182855604221945e+00 3.511679444526594640e+00 3.504221633523656454e+00 3.492926784061476386e+00 3.477940876286800265e+00 3.459437283779431382e+00 3.437615341152219006e+00 3.412698715615103850e+00 3.384933595108551518e+00 3.354586707004508117e+00 3.321943182658649629e+00 3.287304284266803212e+00 3.250985011521848378e+00 3.213311606477258664e+00 3.174618975792979914e+00 3.135248050162450451e+00 3.095543101191754687e+00 3.055849036319384648e+00 3.016508692525677660e+00 2.977860149583230420e+00 2.940234083443723723e+00 2.903951180043620628e+00 2.869319629343633604e+00 2.836632718798210551e+00 2.806166544686372166e+00 2.778177858829714353e+00 2.752902067184406221e+00 2.730551395629268630e+00 2.711313236990539721e+00 2.695348691955457010e+00 2.682791315041805902e+00 2.673746075220615026e+00 2.668288539145941218e+00 2.666464283241937405e+00 2.668288539145941218e+00 2.673746075220615026e+00 2.682791315041805902e+00 2.695348691955457010e+00 2.711313236990539721e+00 2.730551395629268630e+00 2.752902067184406221e+00 2.778177858829714353e+00 2.806166544686372166e+00 2.836632718798210551e+00 2.869319629343633604e+00 2.903951180043620628e+00 2.940234083443723723e+00 2.977860149583230420e+00 3.016508692525677660e+00 3.055849036319384648e+00 3.095543101191754687e+00 3.135248050162450451e+00 3.174618975792979914e+00 3.213311606477258664e+00 3.250985011521848378e+00 3.287304284266803212e+00 3.321943182658649629e+00 3.354586707004508117e+00 3.384933595108551518e+00 3.412698715615103850e+00 3.437615341152219006e+00 3.459437283779431382e+00 3.477940876286800265e+00 3.492926784061476386e+00 3.504221633523656454e+00 3.511679444526594640e+00 3.515182855604221945e+00 3.514644132524076259e+00 3.510005952250198291e+00 3.501241956128307908e+00 3.488357067860596405e+00 3.471387573626750989e+00 3.450400963517576525e+00 3.425495535264174496e+00 3.396799763055120991e+00 3.364471436022719697e+00 3.328696572733739867e+00 3.289688119726370541e+00 3.247684443780846308e+00
3.269165956517084748e+00 3.221965008713112866e+00 3.172365316243643374e+00 3.120690518682463388e+00 3.067281322280269507e+00 3.012493007054661831e+00 2.956692820349597906e+00 2.900257276515363802e+00 2.843569383079973978e+00 2.787015814347979514e+00 2.730984053768823916e+00 2.675859526660874010e+00 2.622022744957289930e+00 2.569846485555348448e+00 2.519693023602286086e+00 2.471911441640132434e+00 2.426835034962419257e+00 2.384778832811341509e+00 2.346037254170627584e+00 2.310881915893348459e+00 2.279559609753198046e+00 2.252290463730919345e+00 2.229266301454376542e+00 2.210649212211775794e+00 2.196570342364172923e+00 2.187128917307729292e+00 2.182391501391001132e+00 2.182391501391001132e+00 2.187128917307729292e+00 2.196570342364172923e+00 2.210649212211775794e+00 2.229266301454376542e+00 2.252290463730919345e+00 2.279559609753198046e+00 2.310881915893348459e+00 2.346037254170627584e+00 2.384778832811341509e+00 2.426835034962419257e+00 2.471911441640132434e+00 2.519693023602286086e+00 2.569846485555348448e+00 2.622022744957289930e+00 2.675859526660874010e+00 2.730984053768823916e+00 2.787015814347979514e+00 2.843569383079973978e+00 2.900257276515363802e+00 2.956692820349597906e+00 3.012493007054661831e+00 3.067281322280269507e+00 3.120690518682463388e+00 3.172365316243643374e+00 3.221965008713112866e+00 3.269165956517084748e+00 3.313663947356070949e+00 3.355176406719206472e+00 3.393444441691500391e+00 3.428234702702603443e+00 3.459341049254801348e+00 3.486586007162754353e+00 3.509822006427027574e+00 3.528932390535160835e+00 3.543832189725490522e+00 3.554468652546855623e+00 3.560821531887734093e+00 3.562903123517786153e+00 3.560758057068380111e+00 3.554462841262636896e+00 3.544125167075193872e+00 3.529882974343127255e+00 3.511903289148310403e+00 3.490380841034171677e+00 3.465536470793135759e+00 3.437615341152219006e+00 3.406884964181242648e+00 3.373633060639481318e+00 3.338165267751778131e+00 3.300802713054418192e+00 3.261879472965778515e+00 3.221739935609040373e+00 3.180736088137679829e+00 3.139224749383335844e+00 3.097564769055741962e+00 3.056114214972718290e+00 3.015227569882597436e+00 2.975252959361573080e+00 2.936529432024738373e+00 2.899384312883949821e+00 2.864130650121216259e+00 2.831064774827407149e+00 2.800463992388099399e+00 2.772584423188102942e+00 2.747659009161143473e+00 2.725895701440251173e+00 2.707475842977155267e+00 2.692552758506058463e+00 2.681250562639981183e+00 2.673663195218345834e+00 2.669853691285620556e+00 2.669853691285620556e+00 2.673663195218345834e+00 2.681250562639981183e+00 2.692552758506058463e+00 2.707475842977155267e+00 2.725895701440251173e+00 2.747659009161143473e+00 2.772584423188102942e+00 2.800463992388099399e+00 2.831064774827407149e+00 2.864130650121216259e+00 2.899384312883949821e+00 2.936529432024738373e+00 2.975252959361573080e+00 3.015227569882597436e+00 3.056114214972718290e+00 3.097564769055741962e+00 3.139224749383335844e+00 3.180736088137679829e+00 3.221739935609040373e+00 3.261879472965778515e+00 3.300802713054418192e+00 3.338165267751778131e+00 3.373633060639481318e+00 3.406884964181242648e+00 3.437615341152219006e+00 3.465536470793135759e+00 3.490380841034171677e+00 3.511903289148310403e+00 3.529882974343127255e+00 3.544125167075193872e+00 3.554462841262636896e+00 3.560758057068380111e+00 3.562903123517786153e+00 3.560821531887734093e+00 3.554468652546855623e+00 3.543832189725490522e+00 3.528932390535160835e+00 3.509822006427027574e+00 3.486586007162754353e+00 3.459341049254801348e+00 3.428234702702603443e+00 3.393444441691500391e+00 3.355176406719206472e+00 3.313663947356070949e+00
3.335892110170293190e+00 3.288952841569103835e+00 3.239359005484943932e+00 3.187434821947254360e+00 3.133523441767605444e+00 3.077984433984664037e+00 3.021191145892445196e+00 2.963527955559838389e+00 2.905387437572585885e+00 2.847167463394761899e+00 2.789268258250028776e+00 2.732089436759965739e+00 2.676027039744703462e+00 2.621470594588924286e+00 2.568800221403850781e+00 2.518383806874500142e+00 2.470574267173782257e+00 2.425706920654864263e+00 2.384096990205661903e+00 2.346037254170627584e+00 2.311795863622629899e+00 2.281614342510223548e+00 2.255705785822448739e+00 2.234253269415120702e+00 2.217408483540598940e+00 2.205290600429625325e+00 2.197985384501631945e+00 2.195544551942687495e+00 2.197985384501631945e+00 2.205290600429625325e+00 2.217408483540598940e+00 2.234253269415120702e+00 2.255705785822448739e+00 2.281614342510223548e+00 2.311795863622629899e+00 2.346037254170627584e+00 2.384096990205661903e+00 2.425706920654864263e+00 2.470574267173782257e+00 2.518383806874500142e+00 2.568800221403850781e+00 2.621470594588924286e+00 2.676027039744703462e+00 2.732089436759965739e+00 2.789268258250028776e+00 2.847167463394761899e+00 2.905387437572585885e+00 2.963527955559838389e+00 3.021191145892445196e+00 3.077984433984664037e+00 3.133523441767605444e+00 3.187434821947254360e+00 3.239359005484943932e+00 3.288952841569103835e+00 3.335892110170293190e+00 3.379873888245989111e+00 3.420618751779709310e+00 3.457872797092438777e+00 3.491409466243348358e+00 3.521031162830992045e+00 3.546570646104232338e+00 3.567892192981656496e+00 3.584892519346746909e+00 3.597501453819690109e+00 3.605682359091728184e+00 3.609432297830045488e+00 3.608781942105466545e+00 3.603795227247273303e+00 3.594568752974060200e+00 3.581230936572098233e+00 3.563940924778595587e+00 3.542887272861902304e+00 3.518286401160540589e+00 3.490380841034171677e+00 3.459437283779431382e+00 3.425744447559996075e+00 3.389610778781614542e+00 3.351362005598881311e+00 3.311338562361539228e+00 3.269892904785656640e+00 3.227386736461632655e+00 3.184188167980357420e+00 3.140668830465989547e+00 3.097200965644776094e+00 3.054154514751549865e+00 3.011894228577768118e+00 2.970776820797166096e+00 2.931148186368487174e+00 2.893340706312079735e+00 2.857670659492097531e+00 2.824435761213742069e+00 2.793912847471720529e+00 2.766355722569302511e+00 2.741993186575476305e+00 2.721027257710380898e+00 2.703631603256850813e+00 2.689950190999939039e+00 2.680096171508910441e+00 2.674150999810129381e+00 2.672163803168170038e+00 2.674150999810129381e+00 2.680096171508910441e+00 2.689950190999939039e+00 2.703631603256850813e+00 2.721027257710380898e+00 2.741993186575476305e+00 2.766355722569302511e+00 2.793912847471720529e+00 2.824435761213742069e+00 2.857670659492097531e+00 2.893340706312079735e+00 2.931148186368487174e+00 2.970776820797166096e+00 3.011894228577768118e+00 3.054154514751549865e+00 3.097200965644776094e+00 3.140668830465989547e+00 3.184188167980357420e+00 3.227386736461632655e+00 3.269892904785656640e+00 3.311338562361539228e+00 3.351362005598881311e+00 3.389610778781614542e+00 3.425744447559996075e+00 3.459437283779431382e+00 3.490380841034171677e+00 3.518286401160540589e+00 3.542887272861902304e+00 3.563940924778595587e+00 3.581230936572098233e+00 3.594568752974060200e+00 3.603795227247273303e+00 3.608781942105466545e+00 3.609432297830045488e+00 3.605682359091728184e+00 3.597501453819690109e+00 3.584892519346746909e+00 3.567892192981656496e+00 3.546570646104232338e+00 3.521031162830992045e+00 3.491409466243348358e+00 3.457872797092438777e+00 3.420618751779709310e+00 3.379873888245989111e+00
3.402618263823501632e+00 3.356218150734140426e+00 3.306906839496107864e+00 3.255007321503305295e+00 3.200863399474609405e+00 3.144837168339138511e+00 3.087306354601678127e+00 3.028661534256185117e+00 2.969303250244422099e+00 2.909639051226289297e+00 2.850080474032739897e+00 2.791039992606445086e+00 2.732927956496474575e+00 2.676149542059010233e+00 2.621101739426092703e+00 2.568170398038918112e+00 2.517727353103730081e+00 2.470127654719756816e+00 2.425706920654864263e+00 2.384778832811341509e+00 2.347632796338708694e+00 2.314531779120711175e+00 2.285710347999319492e+00 2.261372916609725614e+00 2.241692218098500167e+00 2.226808014294340055e+00 2.216826051110121210e+00 2.211817268089984800e+00 2.211817268089984800e+00 2.216826051110121210e+00 2.226808014294340055e+00 2.241692218098500167e+00 2.261372916609725614e+00 2.285710347999319492e+00 2.314531779120711175e+00 2.347632796338708694e+00 2.384778832811341509e+00 2.425706920654864263e+00 2.470127654719756816e+00 2.517727353103730081e+00 2.568170398038918112e+00 2.621101739426092703e+00 2.676149542059010233e+00 2.732927956496474575e+00 2.791039992606445086e+00 2.850080474032739897e+00 2.909639051226289297e+00 2.969303250244422099e+00 3.028661534256185117e+00 3.087306354601678127e+00 3.144837168339138511e+00 3.200863399474609405e+00 3.255007321503305295e+00 3.306906839496107864e+00 3.356218150734140426e+00 3.402618263823501632e+00 3.445807357303609653e+00 3.485510959988233903e+00 3.521481936638707566e+00 3.553502264053569615e+00 3.581384584256994685e+00 3.604973523167247507e+00 3.624146764913434016e+00 3.638815873830271386e+00 3.648926858082301994e+00 3.654460470836335961e+00 3.655432246898875359e+00 3.651892274748837597e+00 3.643924705909382222e+00 3.631647005601141842e+00 3.615208950587148973e+00 3.594791382042344718e+00 3.570604723143272263e+00 3.542887272861902304e+00 3.511903289148310403e+00 3.477940876286800265e+00 3.441309692697153810e+00 3.402338496815507707e+00 3.361372549917698294e+00 3.318770895832168666e+00 3.274903538421869431e+00 3.230148538487471743e+00 3.184889052352085415e+00 3.139510334825848847e+00 3.094396729513759770e+00 3.049928669520199254e+00 3.006479711517845654e+00 2.964413625887905912e+00 2.924081565204749378e+00 2.885819332734410381e+00 2.849944771847679803e+00 2.816755296320470947e+00 2.786525580413924619e+00 2.759505426402492745e+00 2.735917825859415231e+00 2.715957229525908456e+00 2.699788038994251682e+00 2.687543331738121655e+00 2.679323829238694277e+00 2.675197116096025951e+00 2.675197116096025951e+00 2.679323829238694277e+00 2.687543331738121655e+00 2.699788038994251682e+00 2.715957229525908456e+00 2.735917825859415231e+00 2.759505426402492745e+00 2.786525580413924619e+00 2.816755296320470947e+00 2.849944771847679803e+00 2.885819332734410381e+00 2.924081565204749378e+00 2.964413625887905912e+00 3.006479711517845654e+00 3.049928669520199254e+00 3.094396729513759770e+00 3.139510334825848847e+00 3.184889052352085415e+00 3.230148538487471743e+00 3.274903538421869431e+00 3.318770895832168666e+00 3.361372549917698294e+00 3.402338496815507707e+00 3.441309692697153810e+00 3.477940876286800265e+00 3.511903289148310403e+00 3.542887272861902304e+00 3.570604723143272263e+00 3.594791382042344718e+00 3.615208950587148973e+00 3.631647005601141842e+00 3.643924705909382222e+00 3.651892274748837597e+00 3.655432246898875359e+00 3.654460470836335961e+00 3.648926858082301994e+00 3.638815873830271386e+00 3.624146764913434016e+00 3.604973523167247507e+00 3.581384584256994685e+00 3.553502264053569615e+00 3.521481936638707566e+00 3.485510959988233903e+00 3.445807357303609653e+00
3.468836591157056670e+00 3.423252018107736827e+00 3.374500615439606221e+00 3.322902329995665038e+00 3.268799804126066633e+00 3.212555863249308974e+00 3.154550847667938029e+00 3.095179808767980489e+00 3.034849590767839889e+00 2.973975820058149200e+00 2.912979824882487190e+00 2.852285508644294421e+00 2.792316200484008970e+00 2.733491506949337957e+00 2.676224188579531926e+00 2.620917085041389871e+00 2.567960112092030567e+00 2.517727353103730081e+00 2.470574267173782257e+00 2.426835034962419257e+00 2.386820062361302064e+00 2.350813660901748481e+00 2.319071922474736258e+00 2.291820804464059780e+00 2.269254439800926892e+00 2.251533684744925434e+00 2.238784915395544584e+00 2.231099082054087024e+00 2.228531028602075192e+00 2.231099082054087024e+00 2.238784915395544584e+00 2.251533684744925434e+00 2.269254439800926892e+00 2.291820804464059780e+00 2.319071922474736258e+00 2.350813660901748481e+00 2.386820062361302064e+00 2.426835034962419257e+00 2.470574267173782257e+00 2.517727353103730081e+00 2.567960112092030567e+00 2.620917085041389871e+00 2.676224188579531926e+00 2.733491506949337957e+00 2.792316200484008970e+00 2.852285508644294421e+00 2.912979824882487190e+00 2.973975820058149200e+00 3.034849590767839889e+00 3.095179808767980489e+00 3.154550847667938029e+00 3.212555863249308974e+00 3.268799804126066633e+00 3.322902329995665038e+00 3.374500615439606221e+00 3.423252018107736827e+00 3.468836591157056670e+00 3.510959421005239722e+00 3.549352772792237598e+00 3.583778027410170708e+00 3.614027395551046240e+00 3.639925395921484341e+00 3.661330086570777187e+00 3.678134040159455775e+00 3.690265055945867179e+00 3.697686603273106609e+00 3.700397993382898321e+00 3.698434278450982493e+00 3.691865878814599267e+00 3.680797941430835163e+00 3.665369434649425884e+00 3.645751986389151877e+00 3.622148474758370984e+00 3.594791382042344718e+00 3.563940924778595587e+00 3.529882974343127255e+00 3.492926784061476386e+00 3.453402540327811465e+00 3.411658756550885130e+00 3.368059529937758700e+00 3.322981682165727424e+00 3.276811805871816308e+00 3.229943239600865379e+00 3.182772994392443877e+00 3.135698655549127523e+00 3.089115283311625770e+00 3.043412336168347831e+00 2.998970640348190830e+00 2.956159428687129331e+00 2.915333471524181430e+00 2.876830321574718852e+00 2.840967693854204779e+00 2.808041000689973199e+00 2.778321060670563725e+00 2.752051999050303177e+00 2.729449355661637711e+00 2.710698414800131406e+00 2.695952769849310204e+00 2.685333133617484602e+00 2.678926403480054841e+00 2.676784988472894256e+00 2.678926403480054841e+00 2.685333133617484602e+00 2.695952769849310204e+00 2.710698414800131406e+00 2.729449355661637711e+00 2.752051999050303177e+00 2.778321060670563725e+00 2.808041000689973199e+00 2.840967693854204779e+00 2.876830321574718852e+00 2.915333471524181430e+00 2.956159428687129331e+00 2.998970640348190830e+00 3.043412336168347831e+00 3.089115283311625770e+00 3.135698655549127523e+00 3.182772994392443877e+00 3.229943239600865379e+00 3.276811805871816308e+00 3.322981682165727424e+00 3.368059529937758700e+00 3.411658756550885130e+00 3.453402540327811465e+00 3.492926784061476386e+00 3.529882974343127255e+00 3.563940924778595587e+00 3.594791382042344718e+00 3.622148474758370984e+00 3.645751986389151877e+00 3.665369434649425884e+00 3.680797941430835163e+00 3.691865878814599267e+00 3.698434278450982493e+00 3.700397993382898321e+00 3.697686603273106609e+00 3.690265055945867179e+00 3.678134040159455775e+00 3.661330086570777187e+00 3.639925395921484341e+00 3.614027395551046240e+00 3.583778027410170708e+00 3.549352772792237598e+00 3.510959421005239722e+00
3.534043130716229886e+00 3.489547415495467320e+00 3.441632043024835053e+00 3.390612105850168589e+00 3.336827266971994277e+00 3.280639267374073409e+00 3.222429263554205559e+00 3.162595015147795063e+00 3.101547943879751301e+00 3.039710086063825312e+00 2.977510961683484059e+00 2.915384383728249151e+00 2.853765231919425105e+00 2.793086215235780490e+00 2.733774647740827124e+00 2.676249262118239880e+00 2.620917085041389871e+00 2.568170398038918112e+00 2.518383806874500142e+00 2.471911441640132434e+00 2.429084308774687173e+00 2.390207815070709785e+00 2.355559482431100360e+00 2.325386870693336050e+00 2.299905724263320295e+00 2.279298356605616860e+00 2.263712284834752619e+00 2.253259124757099663e+00 2.248013754738959591e+00 2.248013754738959591e+00 2.253259124757099663e+00 2.263712284834752619e+00 2.279298356605616860e+00 2.299905724263320295e+00 2.325386870693336050e+00 2.355559482431100360e+00 2.390207815070709785e+00 2.429084308774687173e+00 2.471911441640132434e+00 2.518383806874500142e+00 2.568170398038918112e+00 2.620917085041389871e+00 2.676249262118239880e+00 2.733774647740827124e+00 2.793086215235780490e+00 2.853765231919425105e+00 2.915384383728249151e+00 2.977510961683484059e+00 3.039710086063825312e+00 3.101547943879751301e+00 3.162595015147795063e+00 3.222429263554205559e+00 3.280639267374073409e+00 3.336827266971994277e+00 3.390612105850168589e+00 3.441632043024835053e+00 3.489547415495467320e+00 3.534043130716229886e+00 3.574830970276694941e+00 3.611651687439012104e+00 3.644276882750748570e+00 3.672510643644253392e+00 3.696190935732019511e+00 3.715190735399256372e+00 3.729418895265444789e+00 3.738820736120933130e+00 3.743378361027287493e+00 3.743110689385128698e+00 3.738073210904618637e+00 3.728357461545256601e+00 3.714090225607100226e+00 3.695432470238737110e+00 3.672578020662503828e+00 3.645751986389151877e+00 3.615208950587148973e+00 3.581230936572098233e+00 3.544125167075193872e+00 3.504221633523656454e+00 3.461870494008613353e+00 3.417439319915909213e+00 3.371310212343043400e+00 3.323876810411988014e+00 3.275541214405739421e+00 3.226710847299609330e+00 3.177795278721843530e+00 3.129203035658505883e+00 3.081338424312548785e+00 3.034598387436023614e+00 2.989369421177959563e+00 2.946024575030975257e+00 2.904920557820314553e+00 2.866394971864965058e+00 2.830763696457776479e+00 2.798318440667638018e+00 2.769324484170550438e+00 2.744018623377633137e+00 2.722607338557755607e+00 2.705265195962592628e+00 2.692133497165180689e+00 2.683319185933437989e+00 2.678894020991744451e+00 2.678894020991744451e+00 2.683319185933437989e+00 2.692133497165180689e+00 2.705265195962592628e+00 2.722607338557755607e+00 2.744018623377633137e+00 2.769324484170550438e+00 2.798318440667638018e+00 2.830763696457776479e+00 2.866394971864965058e+00 2.904920557820314553e+00 2.946024575030975257e+00 2.989369421177959563e+00 3.034598387436023614e+00 3.081338424312548785e+00 3.129203035658505883e+00 3.177795278721843530e+00 3.226710847299609330e+00 3.275541214405739421e+00 3.323876810411988014e+00 3.371310212343043400e+00 3.417439319915909213e+00 3.461870494008613353e+00 3.504221633523656454e+00 3.544125167075193872e+00 3.581230936572098233e+00 3.615208950587148973e+00 3.645751986389151877e+00 3.672578020662503828e+00 3.695432470238737110e+00 3.714090225607100226e+00 3.728357461545256601e+00 3.738073210904618637e+00 3.743110689385128698e+00 3.743378361027287493e+00 3.738820736120933130e+00 3.729418895265444789e+00 3.715190735399256372e+00 3.696190935732019511e+00 3.672510643644253392e+00 3.644276882750748570e+00 3.611651687439012104e+00 3.574830970276694941e+00
3.597741621362191111e+00 3.554603057422485168e+00 3.507796601217898935e+00 3.457630700398627965e+00 3.404440225927951147e+00 3.348584012830368550e+00 3.290442216759471794e+00 3.230413506337065144e+00 3.168912112468661224e+00 3.106364756933038151e+00 3.043207483466729091e+00 2.979882415310960653e+00 2.916834463753234186e+00 2.854508012573851783e+00 2.793343603496601713e+00 2.733774647740827124e+00 2.676224188579531926e+00 2.621101739426092703e+00 2.568800221403850781e+00 2.519693023602286086e+00 2.474131208296680651e+00 2.432440882311857955e+00 2.394920754453357503e+00 2.361839897520676690e+00 2.333435731867649743e+00 2.309912245796617025e+00 2.291438466278251429e+00 2.278147191591651133e+00 2.270133995493825108e+00 2.267456510469204378e+00 2.270133995493825108e+00 2.278147191591651133e+00 2.291438466278251429e+00 2.309912245796617025e+00 2.333435731867649743e+00 2.361839897520676690e+00 2.394920754453357503e+00 2.432440882311857955e+00 2.474131208296680651e+00 2.519693023602286086e+00 2.568800221403850781e+00 2.621101739426092703e+00 2.676224188579531926e+00 2.733774647740827124e+00 2.793343603496601713e+00 2.854508012573851783e+00 2.916834463753234186e+00 2.979882415310960653e+00 3.043207483466729091e+00 3.106364756933038151e+00 3.168912112468661224e+00 3.230413506337065144e+00 3.290442216759471794e+00 3.348584012830368550e+00 3.404440225927951147e+00 3.457630700398627965e+00 3.507796601217898935e+00 3.554603057422485168e+00 3.597741621362191111e+00 3.636932525225112567e+00 3.671926717835805487e+00 3.702507666401066544e+00 3.728492909669244071e+00 3.749735350863070860e+00 3.766124280728169627e+00 3.777586123094844428e+00 3.784084897463588337e+00 3.785622395279133467e+00 3.782238068737222125e+00 3.774008633155998549e+00 3.761047386123623326e+00 3.743503248788443205e+00 3.721559536771648968e+00 3.695432470238737110e+00 3.665369434649425884e+00 3.631647005601141842e+00 3.594568752974060200e+00 3.554462841262636896e+00 3.511679444526594640e+00 3.466587995801685196e+00 3.419574292066799526e+00 3.371037476959125812e+00 3.321386924355179904e+00 3.271039046685359608e+00 3.220414052417497786e+00 3.169932677526623888e+00 3.120012915960575839e+00 3.071066774113060394e+00 3.023497074127041273e+00 2.977694330473539708e+00 2.934033723686777506e+00 2.892872194390582408e+00 2.854545679828633720e+00 2.819366514019561176e+00 2.787621011405441163e+00 2.759567252458407172e+00 2.735433088165559301e+00 2.715414378638956183e+00 2.699673479307919788e+00 2.688337986258785062e+00 2.681499750307056562e+00 2.679214167333743735e+00 2.681499750307056562e+00 2.688337986258785062e+00 2.699673479307919788e+00 2.715414378638956183e+00 2.735433088165559301e+00 2.759567252458407172e+00 2.787621011405441163e+00 2.819366514019561176e+00 2.854545679828633720e+00 2.892872194390582408e+00 2.934033723686777506e+00 2.977694330473539708e+00 3.023497074127041273e+00 3.071066774113060394e+00 3.120012915960575839e+00 3.169932677526623888e+00 3.220414052417497786e+00 3.271039046685359608e+00 3.321386924355179904e+00 3.371037476959125812e+00 3.419574292066799526e+00 3.466587995801685196e+00 3.511679444526594640e+00 3.554462841262636896e+00 3.594568752974060200e+00 3.631647005601141842e+00 3.665369434649425884e+00 3.695432470238737110e+00 3.721559536771648968e+00 3.743503248788443205e+00 3.761047386123623326e+00 3.774008633155998549e+00 3.782238068737222125e+00 3.785622395279133467e+00 3.784084897463588337e+00 3.777586123094844428e+00 3.766124280728169627e+00 3.749735350863070860e+00 3.728492909669244071e+00 3.702507666401066544e+00 3.671926717835805487e+00 3.636932525225112567e+00
3.659447279118924978e+00 3.617927210008262673e+00 3.572497365788219970e+00 3.523457790629532571e+00 3.471136770045334163e+00 3.415888417977024805e+00 3.358090065683299930e+00 3.298139472144808959e+00 3.236451877058572180e+00 3.173456918698053908e+00 3.109595439947172579e+00 3.045316206671911274e+00 2.981072563264862918e+00 2.917319050681049131e+00 2.854508012573851783e+00 2.793086215235780490e+00 2.733491506949337957e+00 2.676149542059010233e+00 2.621470594588924286e+00 2.569846485555348448e+00 2.521647647264378289e+00 2.477220346849124510e+00 2.436884090095604360e+00 2.400929225241311027e+00 2.369614764915529026e+00 2.343166442737499633e+00 2.321775019309881838e+00 2.305594850454310674e+00 2.294742728547507049e+00 2.289297005745457358e+00 2.289297005745457358e+00 2.294742728547507049e+00 2.305594850454310674e+00 2.321775019309881838e+00 2.343166442737499633e+00 2.369614764915529026e+00 2.400929225241311027e+00 2.436884090095604360e+00 2.477220346849124510e+00 2.521647647264378289e+00 2.569846485555348448e+00 2.621470594588924286e+00 2.676149542059010233e+00 2.733491506949337957e+00 2.793086215235780490e+00 2.854508012573851783e+00 2.917319050681049131e+00 2.981072563264862918e+00 3.045316206671911274e+00 3.109595439947172579e+00 3.173456918698053908e+00 3.236451877058572180e+00 3.298139472144808959e+00 3.358090065683299930e+00 3.415888417977024805e+00 3.471136770045334163e+00 3.523457790629532571e+00 3.572497365788219970e+00 3.617927210008262673e+00 3.659447279118924978e+00 3.696787966808312120e+00 3.729712068190889962e+00 3.758016495650223998e+00 3.781533734068595720e+00 3.800133024540356619e+00 3.813721267733841902e+00 3.822243640201396619e+00 3.825683919122648380e+00 3.824064513185569059e+00 3.817446199546539631e+00 3.805927569047417247e+00 3.789644184087366252e+00 3.768767455733309291e+00 3.743503248788443205e+00 3.714090225607100226e+00 3.680797941430835163e+00 3.643924705909382222e+00 3.603795227247273303e+00 3.560758057068380111e+00 3.515182855604221945e+00 3.467457498175965380e+00 3.417985045144128264e+00 3.367180598535169267e+00 3.315468069412272012e+00 3.263276880732436158e+00 3.211038630918089609e+00 3.159183743665447519e+00 3.108138129611162981e+00 3.058319885383113945e+00 3.010136055270790312e+00 2.963979480268259525e+00 2.920225758571415753e+00 2.879230340756735895e+00 2.841325781837035880e+00 2.806819171189172124e+00 2.775989759987937955e+00 2.749086804270276740e+00 2.726327640105675965e+00 2.707896005574836007e+00 2.693940622373007798e+00 2.684574047870968982e+00 2.679871806400786483e+00 2.679871806400786483e+00 2.684574047870968982e+00 2.693940622373007798e+00 2.707896005574836007e+00 2.726327640105675965e+00 2.749086804270276740e+00 2.775989759987937955e+00 2.806819171189172124e+00 2.841325781837035880e+00 2.879230340756735895e+00 2.920225758571415753e+00 2.963979480268259525e+00 3.010136055270790312e+00 3.058319885383113945e+00 3.108138129611162981e+00 3.159183743665447519e+00 3.211038630918089609e+00 3.263276880732436158e+00 3.315468069412272012e+00 3.367180598535169267e+00 3.417985045144128264e+00 3.467457498175965380e+00 3.515182855604221945e+00 3.560758057068380111e+00 3.603795227247273303e+00 3.643924705909382222e+00 3.680797941430835163e+00 3.714090225607100226e+00 3.743503248788443205e+00 3.768767455733309291e+00 3.789644184087366252e+00 3.805927569047417247e+00 3.817446199546539631e+00 3.824064513185569059e+00 3.825683919122648380e+00 3.822243640201396619e+00 3.813721267733841902e+00 3.800133024540356619e+00 3.781533734068595720e+00 3.758016495650223998e+00 3.729712068190889962e+00 3.696787966808312120e+00
3.718690486672006301e+00 3.679041426926531688e+00 3.635248778585211227e+00 3.587602468428642055e+00 3.536422435249168661e+00 3.482056276164246622e+00 3.424876680977867682e+00 3.365278673964228418e+00 3.303676683916523249e+00 3.240501464614085947e+00 3.176196889003119583e+00 3.111216641351286061e+00 3.046020832417033475e+00 2.981072563264862918e+00 2.916834463753234186e+00 2.853765231919425105e+00 2.792316200484008970e+00 2.732927956496474575e+00 2.676027039744703462e+00 2.622022744957289930e+00 2.571304052043647648e+00 2.524236707648600753e+00 2.481160480152754921e+00 2.442386608936364834e+00 2.408195467252519428e+00 2.378834456436458300e+00 2.354516147424003503e+00 2.335416683676862615e+00 2.321674457630048316e+00 2.313389070702099648e+00 2.310620584757790752e+00 2.313389070702099648e+00 2.321674457630048316e+00 2.335416683676862615e+00 2.354516147424003503e+00 2.378834456436458300e+00 2.408195467252519428e+00 2.442386608936364834e+00 2.481160480152754921e+00 2.524236707648600753e+00 2.571304052043647648e+00 2.622022744957289930e+00 2.676027039744703462e+00 2.732927956496474575e+00 2.792316200484008970e+00 2.853765231919425105e+00 2.916834463753234186e+00 2.981072563264862918e+00 3.046020832417033475e+00 3.111216641351286061e+00 3.176196889003119583e+00 3.240501464614085947e+00 3.303676683916523249e+00 3.365278673964228418e+00 3.424876680977867682e+00 3.482056276164246622e+00 3.536422435249168661e+00 3.587602468428642055e+00 3.635248778585211227e+00 3.679041426926531688e+00 3.718690486672006301e+00 3.753938167029156947e+00 3.784560691452115933e+00 3.810369916046834504e+00 3.831214675967162808e+00 3.846981849717660662e+00 3.857597133427092206e+00 3.863025519364955418e+00 3.863271475224720586e+00 3.858378822975272460e+00 3.848430318368452507e+00 3.833546934468444523e+00 3.813886854820756067e+00 3.789644184087366252e+00 3.761047386123623326e+00 3.728357461545256601e+00 3.691865878814599267e+00 3.651892274748837597e+00 3.608781942105466545e+00 3.562903123517786153e+00 3.514644132524076259e+00 3.464410323746603293e+00 3.412620935421094348e+00 3.359705828444900177e+00 3.306102146895449234e+00 3.252250925563916706e+00 3.198593670447516413e+00 3.145568938344849741e+00 3.093608941700356940e+00 3.043136204646478049e+00 2.994560295796926841e+00 2.948274662754590825e+00 2.904653592517550731e+00 2.864049321002465565e+00 2.826789313763375500e+00 2.793173738674703532e+00 2.763473149879685398e+00 2.737926400690905648e+00 2.716738801380392587e+00 2.700080535925996283e+00 2.688085349803031932e+00 2.680849518840249690e+00 2.678431107012988033e+00 2.680849518840249690e+00 2.688085349803031932e+00 2.700080535925996283e+00 2.716738801380392587e+00 2.737926400690905648e+00 2.763473149879685398e+00 2.793173738674703532e+00 2.826789313763375500e+00 2.864049321002465565e+00 2.904653592517550731e+00 2.948274662754590825e+00 2.994560295796926841e+00 3.043136204646478049e+00 3.093608941700356940e+00 3.145568938344849741e+00 3.198593670447516413e+00 3.252250925563916706e+00 3.306102146895449234e+00 3.359705828444900177e+00 3.412620935421094348e+00 3.464410323746603293e+00 3.514644132524076259e+00 3.562903123517786153e+00 3.608781942105466545e+00 3.651892274748837597e+00 3.691865878814599267e+00 3.728357461545256601e+00 3.761047386123623326e+00 3.789644184087366252e+00 3.813886854820756067e+00 3.833546934468444523e+00 3.848430318368452507e+00 3.858378822975272460e+00 3.863271475224720586e+00 3.863025519364955418e+00 3.857597133427092206e+00 3.846981849717660662e+00 3.831214675967162808e+00 3.810369916046834504e+00 3.784560691452115933e+00 3.753938167029156947e+00
3.775020367439929192e+00 3.737484184029758350e+00 3.695580329882496073e+00 3.649586957506317120e+00 3.599813942501443265e+00 3.546600601669863462e+00 3.490313185773223470e+00 3.431342165877470762e+00 3.370099333796388041e+00 3.307014738564090006e+00 3.242533482117614607e+00 3.177112398445803620e+00 3.111216641351286061e+00 3.045316206671911274e+00 2.979882415310960653e+00 2.915384383728249151e+00 2.852285508644294421e+00 2.791039992606445086e+00 2.732089436759965739e+00 2.675859526660874010e+00 2.622756836264661384e+00 2.573165774331273248e+00 2.527445696408599840e+00 2.485928204302540578e+00 2.448914653520826601e+00 2.416673887601232362e+00 2.389440216514296278e+00 2.367411654479596006e+00 2.350748430566744762e+00 2.339571783382845993e+00 2.333963048992641287e+00 2.333963048992641287e+00 2.339571783382845993e+00 2.350748430566744762e+00 2.367411654479596006e+00 2.389440216514296278e+00 2.416673887601232362e+00 2.448914653520826601e+00 2.485928204302540578e+00 2.527445696408599840e+00 2.573165774331273248e+00 2.622756836264661384e+00 2.675859526660874010e+00 2.732089436759965739e+00 2.791039992606445086e+00 2.852285508644294421e+00 2.915384383728249151e+00 2.979882415310960653e+00 3.045316206671911274e+00 3.111216641351286061e+00 3.177112398445803620e+00 3.242533482117614607e+00 3.307014738564090006e+00 3.370099333796388041e+00 3.431342165877470762e+00 3.490313185773223470e+00 3.546600601669863462e+00 3.599813942501443265e+00 3.649586957506317120e+00 3.695580329882496073e+00 3.737484184029758350e+00 3.775020367439929192e+00 3.807944490014306904e+00 3.836047705435479571e+00 3.859158221185854387e+00 3.877142525871873691e+00 3.889906324665819870e+00 3.897395175899421194e+00 3.899594824118719050e+00 3.896531227220123128e+00 3.888270277616044712e+00 3.874917219706883742e+00 3.856615768247069642e+00 3.833546934468444523e+00 3.805927569047417247e+00 3.774008633155998549e+00 3.738073210904618637e+00 3.698434278450982493e+00 3.655432246898875359e+00 3.609432297830045488e+00 3.560821531887734093e+00 3.510005952250198291e+00 3.457407306085968912e+00 3.403459808159848166e+00 3.348606771651885694e+00 3.293297171953665892e+00 3.237982169712138258e+00 3.183111619696918027e+00 3.129130592170167091e+00 3.076475933338182589e+00 3.025572891161268263e+00 2.976831832295777414e+00 2.930645075243244246e+00 2.887383863891415103e+00 2.847395504557834300e+00 2.811000688396298131e+00 2.778491019609722112e+00 2.750126768340518613e+00 2.726134865393264661e+00 2.706707154097630852e+00 2.691998912656030196e+00 2.682127658255313296e+00 2.677172242070867458e+00 2.677172242070867458e+00 2.682127658255313296e+00 2.691998912656030196e+00 2.706707154097630852e+00 2.726134865393264661e+00 2.750126768340518613e+00 2.778491019609722112e+00 2.811000688396298131e+00 2.847395504557834300e+00 2.887383863891415103e+00 2.930645075243244246e+00 2.976831832295777414e+00 3.025572891161268263e+00 3.076475933338182589e+00 3.129130592170167091e+00 3.183111619696918027e+00 3.237982169712138258e+00 3.293297171953665892e+00 3.348606771651885694e+00 3.403459808159848166e+00 3.457407306085968912e+00 3.510005952250198291e+00 3.560821531887734093e+00 3.609432297830045488e+00 3.655432246898875359e+00 3.698434278450982493e+00 3.738073210904618637e+00 3.774008633155998549e+00 3.805927569047417247e+00 3.833546934468444523e+00 3.856615768247069642e+00 3.874917219706883742e+00 3.888270277616044712e+00 3.896531227220123128e+00 3.899594824118719050e+00 3.897395175899421194e+00 3.889906324665819870e+00 3.877142525871873691e+00 3.859158221185854387e+00 3.836047705435479571e+00 3.807944490014306904e+00
3.828008217017140780e+00 3.792814384989110277e+00 3.753040125789712800e+00 3.708950229760029860e+00 3.660842849987938408e+00 3.609047304371613141e+00 3.553921639378190278e+00 3.495849973905453378e+00 3.435239643330413539e+00 3.372518165351888086e+00 3.308130050593453664e+00 3.242533482117614607e+00 3.176196889003119583e+00 3.109595439947172579e+00 3.043207483466729091e+00 2.977510961683484059e+00 2.912979824882487190e+00 2.850080474032739897e+00 2.789268258250028776e+00 2.730984053768823916e+00 2.675650950374719006e+00 2.623671070436154551e+00 2.575422544670269875e+00 2.531256667590316312e+00 2.491495254220071676e+00 2.456428218134657726e+00 2.426311389208416269e+00 2.401364587632157210e+00 2.381769968817573524e+00 2.367670651751119681e+00 2.359169641208477497e+00 2.356329052010432523e+00 2.359169641208477497e+00 2.367670651751119681e+00 2.381769968817573524e+00 2.401364587632157210e+00 2.426311389208416269e+00 2.456428218134657726e+00 2.491495254220071676e+00 2.531256667590316312e+00 2.575422544670269875e+00 2.623671070436154551e+00 2.675650950374719006e+00 2.730984053768823916e+00 2.789268258250028776e+00 2.850080474032739897e+00 2.912979824882487190e+00 2.977510961683484059e+00 3.043207483466729091e+00 3.109595439947172579e+00 3.176196889003119583e+00 3.242533482117614607e+00 3.308130050593453664e+00 3.372518165351888086e+00 3.435239643330413539e+00 3.495849973905453378e+00 3.553921639378190278e+00 3.609047304371613141e+00 3.660842849987938408e+00 3.708950229760029860e+00 3.753040125789712800e+00 3.792814384989110277e+00 3.828008217017140780e+00 3.858392137319034632e+00 3.883773640618575218e+00 3.903998592265789824e+00 3.918952326991410828e+00 3.928560446847421783e+00 3.932789312403083049e+00 3.931646223600961054e+00 3.925179289039611774e+00 3.913476984820821514e+00 3.896667406461642447e+00 3.874917219706883742e+00 3.848430318368452507e+00 3.817446199546539631e+00 3.782238068737222125e+00 3.743110689385128698e+00 3.700397993382898321e+00 3.654460470836335961e+00 3.605682359091728184e+00 3.554468652546855623e+00 3.501241956128307908e+00 3.446439206504404940e+00 3.390508286106233893e+00 3.333904555841563422e+00 3.277087333001389435e+00 3.220516341271967065e+00 3.164648159973221908e+00 3.109932699645987952e+00 3.056809730905301947e+00 3.005705493066858747e+00 2.957029408441666174e+00 2.911170927384576057e+00 2.868496528182040706e+00 2.829346894680586200e+00 2.794034293199235020e+00 2.762840168746821146e+00 2.736012978890272507e+00 2.713766281805459091e+00 2.696277093101711930e+00 2.683684523959602330e+00 2.676088710974500628e+00 2.673550045872195469e+00 2.676088710974500628e+00 2.683684523959602330e+00 2.696277093101711930e+00 2.713766281805459091e+00 2.736012978890272507e+00 2.762840168746821146e+00 2.794034293199235020e+00 2.829346894680586200e+00 2.868496528182040706e+00 2.911170927384576057e+00 2.957029408441666174e+00 3.005705493066858747e+00 3.056809730905301947e+00 3.109932699645987952e+00 3.164648159973221908e+00 3.220516341271967065e+00 3.277087333001389435e+00 3.333904555841563422e+00 3.390508286106233893e+00 3.446439206504404940e+00 3.501241956128307908e+00 3.554468652546855623e+00 3.605682359091728184e+00 3.654460470836335961e+00 3.700397993382898321e+00 3.743110689385128698e+00 3.782238068737222125e+00 3.817446199546539631e+00 3.848430318368452507e+00 3.874917219706883742e+00 3.896667406461642447e+00 3.913476984820821514e+00 3.925179289039611774e+00 3.931646223600961054e+00 3.932789312403083049e+00 3.928560446847421783e+00 3.918952326991410828e+00 3.903998592265789824e+00 3.883773640618575218e+00 3.858392137319034632e+00
3.877250765873416771e+00 3.844614711282896113e+00 3.807198313607314422e+00 3.765251493587060683e+00 3.719059091582375132e+00 3.668938765249096345e+00 3.615238636492033919e+00 3.558334705481275506e+00 3.498628051291584828e+00 3.436541840351237553e+00 3.372518165351888086e+00 3.307014738564090006e+00 3.240501464614085947e+00 3.173456918698053908e+00 3.106364756933038151e+00 3.039710086063825312e+00 2.973975820058149200e+00 2.909639051226289297e+00 2.847167463394761899e+00 2.787015814347979514e+00 2.729622514229082864e+00 2.675406325865387291e+00 2.624763212060767348e+00 2.578063353783602185e+00 2.535648361883346524e+00 2.497828703501010494e+00 2.464881362710088730e+00 2.437047753147181695e+00 2.414531898479143734e+00 2.397498894520685209e+00 2.386073664678332928e+00 2.380340018169899263e+00 2.380340018169899263e+00 2.386073664678332928e+00 2.397498894520685209e+00 2.414531898479143734e+00 2.437047753147181695e+00 2.464881362710088730e+00 2.497828703501010494e+00 2.535648361883346524e+00 2.578063353783602185e+00 2.624763212060767348e+00 2.675406325865387291e+00 2.729622514229082864e+00 2.787015814347979514e+00 2.847167463394761899e+00 2.909639051226289297e+00 2.973975820058149200e+00 3.039710086063825312e+00 3.106364756933038151e+00 3.173456918698053908e+00 3.240501464614085947e+00 3.307014738564090006e+00 3.372518165351888086e+00 3.436541840351237553e+00 3.498628051291584828e+00 3.558334705481275506e+00 3.615238636492033919e+00 3.668938765249096345e+00 3.719059091582375132e+00 3.765251493587060683e+00 3.807198313607314422e+00 3.844614711282896113e+00 3.877250765873416771e+00 3.904893311984961368e+00 3.927367494854271612e+00 3.944538033481510553e+00 3.956310182127048325e+00 3.962630382984350330e+00 3.963486605191865575e+00 3.958908367734463862e+00 3.948966446190798063e+00 3.933772265688983527e+00 3.913476984820821514e+00 3.888270277616044712e+00 3.858378822975272460e+00 3.824064513185569059e+00 3.785622395279133467e+00 3.743378361027287493e+00 3.697686603273106609e+00 3.648926858082301994e+00 3.597501453819690109e+00 3.543832189725490522e+00 3.488357067860596405e+00 3.431526903402855044e+00 3.373801839199176200e+00 3.315647791203478523e+00 3.257532851952980479e+00 3.199923679550910283e+00 3.143281899730076656e+00 3.088060548468057220e+00 3.034700582311879113e+00 2.983627483050282247e+00 2.935247982649039411e+00 2.889946933444748733e+00 2.848084347482199963e+00 2.809992627588067560e+00 2.775974011309376710e+00 2.746298247219940425e+00 2.721200521324163901e+00 2.700879649378845837e+00 2.685496548924326987e+00 2.675173002682039058e+00 2.669990722752447976e+00 2.669990722752447976e+00 2.675173002682039058e+00 2.685496548924326987e+00 2.700879649378845837e+00 2.721200521324163901e+00 2.746298247219940425e+00 2.775974011309376710e+00 2.809992627588067560e+00 2.848084347482199963e+00 2.889946933444748733e+00 2.935247982649039411e+00 2.983627483050282247e+00 3.034700582311879113e+00 3.088060548468057220e+00 3.143281899730076656e+00 3.199923679550910283e+00 3.257532851952980479e+00 3.315647791203478523e+00 3.373801839199176200e+00 3.431526903402855044e+00 3.488357067860596405e+00 3.543832189725490522e+00 3.597501453819690109e+00 3.648926858082301994e+00 3.697686603273106609e+00 3.743378361027287493e+00 3.785622395279133467e+00 3.824064513185569059e+00 3.858378822975272460e+00 3.888270277616044712e+00 3.913476984820821514e+00 3.933772265688983527e+00 3.948966446190798063e+00 3.958908367734463862e+00 3.963486605191865575e+00 3.962630382984350330e+00 3.956310182127048325e+00 3.944538033481510553e+00 3.927367494854271612e+00 3.904893311984961368e+00
3.922373248478499885e+00 3.892494791051398284e+00 3.857650339081688973e+00 3.818073527638016884e+00 3.774034374708827855e+00 3.725837285565710477e+00 3.673818794607486282e+00 3.618345061759574488e+00 3.559809142372787338e+00 3.498628051291584828e+00 3.435239643330413539e+00 3.370099333796388041e+00 3.303676683916523249e+00 3.236451877058572180e+00 3.168912112468661224e+00 3.101547943879751301e+00 3.034849590767839889e+00 2.969303250244422099e+00 2.905387437572585885e+00 2.843569383079973978e+00 2.784301512816621749e+00 2.728018039672406303e+00 2.675131690832343256e+00 2.626030596414734575e+00 2.581075362914861948e+00 2.540596353675081520e+00 2.504891197031121397e+00 2.474222541056465108e+00 2.448816071954745155e+00 2.428858811148406183e+00 2.414497703995881484e+00 2.405838510855011325e+00 2.402945008914481040e+00 2.405838510855011325e+00 2.414497703995881484e+00 2.428858811148406183e+00 2.448816071954745155e+00 2.474222541056465108e+00 2.504891197031121397e+00 2.540596353675081520e+00 2.581075362914861948e+00 2.626030596414734575e+00 2.675131690832343256e+00 2.728018039672406303e+00 2.784301512816621749e+00 2.843569383079973978e+00 2.905387437572585885e+00 2.969303250244422099e+00 3.034849590767839889e+00 3.101547943879751301e+00 3.168912112468661224e+00 3.236451877058572180e+00 3.303676683916523249e+00 3.370099333796388041e+00 3.435239643330413539e+00 3.498628051291584828e+00 3.559809142372787338e+00 3.618345061759574488e+00 3.673818794607486282e+00 3.725837285565710477e+00 3.774034374708827855e+00 3.818073527638016884e+00 3.857650339081688973e+00 3.892494791051398284e+00 3.922373248478499885e+00 3.947090177256600274e+00 3.966489571728760044e+00 3.980456080870867996e+00 3.988915824716583458e+00 3.991836894927352830e+00 3.989229535815332017e+00 3.981146004559164897e+00 3.967680111794179343e+00 3.948966446190798063e+00 3.925179289039611774e+00 3.896531227220123128e+00 3.863271475224720586e+00 3.825683919122648380e+00 3.784084897463588337e+00 3.738820736120933130e+00 3.690265055945867179e+00 3.638815873830271386e+00 3.584892519346746909e+00 3.528932390535160835e+00 3.471387573626750989e+00 3.412721352529628049e+00 3.353404634735481782e+00 3.293912320940336258e+00 3.234719646097174106e+00 3.176298519832317258e+00 3.119113894158540123e+00 3.063620186206456708e+00 3.010257783273011523e+00 2.959449656855374311e+00 2.911598111504869468e+00 2.867081693305193912e+00 2.826252281559876511e+00 2.789432385875066700e+00 2.756912669255866088e+00 2.728949716109628110e+00 2.705764062180864737e+00 2.687538501444118655e+00 2.674416682868315576e+00 2.666502007755056081e+00 2.663856836060641609e+00 2.666502007755056081e+00 2.674416682868315576e+00 2.687538501444118655e+00 2.705764062180864737e+00 2.728949716109628110e+00 2.756912669255866088e+00 2.789432385875066700e+00 2.826252281559876511e+00 2.867081693305193912e+00 2.911598111504869468e+00 2.959449656855374311e+00 3.010257783273011523e+00 3.063620186206456708e+00 3.119113894158540123e+00 3.176298519832317258e+00 3.234719646097174106e+00 3.293912320940336258e+00 3.353404634735481782e+00 3.412721352529628049e+00 3.471387573626750989e+00 3.528932390535160835e+00 3.584892519346746909e+00 3.638815873830271386e+00 3.690265055945867179e+00 3.738820736120933130e+00 3.784084897463588337e+00 3.825683919122648380e+00 3.863271475224720586e+00 3.896531227220123128e+00 3.925179289039611774e+00 3.948966446190798063e+00 3.967680111794179343e+00 3.981146004559164897e+00 3.989229535815332017e+00 3.991836894927352830e+00 3.988915824716583458e+00 3.980456080870867996e+00 3.966489571728760044e+00 3.947090177256600274e+00
3.963032255494061573e+00 3.936094162714895095e+00 3.904020010797888407e+00 3.867025834679157725e+00 3.825365411794782400e+00 3.779328383544171555e+00 3.729238103138832638e+00 3.675449226116386470e+00 3.618345061759574488e+00 3.558334705481275506e+00 3.495849973905453378e+00 3.431342165877470762e+00 3.365278673964228418e+00 3.298139472144808959e+00 3.230413506337065144e+00 3.162595015147795063e+00 3.095179808767980489e+00 3.028661534256185117e+00 2.963527955559838389e+00 2.900257276515363802e+00 2.839314534744328711e+00 2.781148093826861345e+00 2.726186260389233951e+00 2.674834051795661249e+00 2.627470138992031856e+00 2.584443987720288494e+00 2.546073219816478161e+00 2.512641214634783182e+00 2.484394968816444838e+00 2.461543230660753423e+00 2.444254923269685964e+00 2.432657868444458416e+00 2.426837821027837627e+00 2.426837821027837627e+00 2.432657868444458416e+00 2.444254923269685964e+00 2.461543230660753423e+00 2.484394968816444838e+00 2.512641214634783182e+00 2.546073219816478161e+00 2.584443987720288494e+00 2.627470138992031856e+00 2.674834051795661249e+00 2.726186260389233951e+00 2.781148093826861345e+00 2.839314534744328711e+00 2.900257276515363802e+00 2.963527955559838389e+00 3.028661534256185117e+00 3.095179808767980489e+00 3.162595015147795063e+00 3.230413506337065144e+00 3.298139472144808959e+00 3.365278673964228418e+00 3.431342165877470762e+00 3.495849973905453378e+00 3.558334705481275506e+00 3.618345061759574488e+00 3.675449226116386470e+00 3.729238103138832638e+00 3.779328383544171555e+00 3.825365411794782400e+00 3.867025834679157725e+00 3.904020010797888407e+00 3.936094162714895095e+00 3.963032255494061573e+00 3.984657587425138203e+00 4.000834080934190240e+00 4.011467263956639329e+00 4.016504934407286953e+00 4.015937502794105107e+00 4.009798010472391816e+00 3.998161823504495782e+00 3.981146004559164897e+00 3.958908367734463862e+00 3.931646223600961054e+00 3.899594824118719050e+00 3.863025519364955418e+00 3.822243640201396619e+00 3.777586123094844428e+00 3.729418895265444789e+00 3.678134040159455775e+00 3.624146764913434016e+00 3.567892192981656496e+00 3.509822006427027574e+00 3.450400963517576525e+00 3.390103318216993955e+00 3.329409168901793947e+00 3.268800764173285689e+00 3.208758793956209221e+00 3.149758694184685126e+00 3.092266993269398245e+00 3.036737728218589893e+00 2.983608957751771040e+00 2.933299399003184593e+00 2.886205213467762487e+00 2.842696966702490169e+00 2.803116784969861275e+00 2.767775730507054721e+00 2.736951415436514434e+00 2.710885872513147277e+00 2.689783698944340440e+00 2.673810487436437011e+00 2.663091556430897899e+00 2.657710989211887753e+00 2.657710989211887753e+00 2.663091556430897899e+00 2.673810487436437011e+00 2.689783698944340440e+00 2.710885872513147277e+00 2.736951415436514434e+00 2.767775730507054721e+00 2.803116784969861275e+00 2.842696966702490169e+00 2.886205213467762487e+00 2.933299399003184593e+00 2.983608957751771040e+00 3.036737728218589893e+00 3.092266993269398245e+00 3.149758694184685126e+00 3.208758793956209221e+00 3.268800764173285689e+00 3.329409168901793947e+00 3.390103318216993955e+00 3.450400963517576525e+00 3.509822006427027574e+00 3.567892192981656496e+00 3.624146764913434016e+00 3.678134040159455775e+00 3.729418895265444789e+00 3.777586123094844428e+00 3.822243640201396619e+00 3.863025519364955418e+00 3.899594824118719050e+00 3.931646223600961054e+00 3.958908367734463862e+00 3.981146004559164897e+00 3.998161823504495782e+00 4.009798010472391816e+00 4.015937502794105107e+00 4.016504934407286953e+00 4.011467263956639329e+00 4.000834080934190240e+00 3.984657587425138203e+00
3.998918347326139600e+00 3.975085010813944830e+00 3.945962348415765764e+00 3.911747591601546059e+00 3.872676960775029542e+00 3.829023913511521382e+00 3.781097108863269884e+00 3.729238103138832638e+00 3.673818794607486282e+00 3.615238636492033919e+00 3.553921639378190278e+00 3.490313185773223470e+00 3.424876680977867682e+00 3.358090065683299930e+00 3.290442216759471794e+00 3.222429263554205559e+00 3.154550847667938029e+00 3.087306354601678127e+00 3.021191145892445196e+00 2.956692820349597906e+00 2.894287532786782524e+00 2.834436398209785768e+00 2.777582008773224143e+00 2.724145089964050470e+00 2.674521321413552588e+00 2.629078346490008489e+00 2.588152993390922418e+00 2.552048728847669867e+00 2.521033363788733439e+00 2.495337028393816770e+00 2.475150431924667327e+00 2.460623420554901131e+00 2.451863844157044614e+00 2.448936740657479127e+00 2.451863844157044614e+00 2.460623420554901131e+00 2.475150431924667327e+00 2.495337028393816770e+00 2.521033363788733439e+00 2.552048728847669867e+00 2.588152993390922418e+00 2.629078346490008489e+00 2.674521321413552588e+00 2.724145089964050470e+00 2.777582008773224143e+00 2.834436398209785768e+00 2.894287532786782524e+00 2.956692820349597906e+00 3.021191145892445196e+00 3.087306354601678127e+00 3.154550847667938029e+00 3.222429263554205559e+00 3.290442216759471794e+00 3.358090065683299930e+00 3.424876680977867682e+00 3.490313185773223470e+00 3.553921639378190278e+00 3.615238636492033919e+00 3.673818794607486282e+00 3.729238103138832638e+00 3.781097108863269884e+00 3.829023913511521382e+00 3.872676960775029542e+00 3.911747591601546059e+00 3.945962348415765764e+00 3.975085010813944830e+00 3.998918347326139600e+00 4.017305570001796333e+00 4.030131480836768532e+00 4.037323301405961296e+00 4.038851179477194187e+00 4.034728368840689861e+00 4.025011081075664521e+00 4.009798010472391816e+00 3.989229535815332017e+00 3.963486605191865575e+00 3.932789312403083049e+00 3.897395175899421194e+00 3.857597133427092206e+00 3.813721267733841902e+00 3.766124280728169627e+00 3.715190735399256372e+00 3.661330086570777187e+00 3.604973523167247507e+00 3.546570646104232338e+00 3.486586007162754353e+00 3.425495535264174496e+00 3.363782877416456873e+00 3.301935682249737436e+00 3.240441854493591567e+00 3.179785808966776539e+00 3.120444752651252873e+00 3.062885023205573543e+00 3.007558511840246140e+00 2.954899197832441260e+00 2.905319821104598521e+00 2.859208718237406632e+00 2.816926846040370691e+00 2.778805015372287190e+00 2.745141356300242474e+00 2.716199033921490980e+00 2.692204232261170560e+00 2.673344421614853417e+00 2.659766922543937095e+00 2.651577777470314867e+00 2.648840938471925366e+00 2.651577777470314867e+00 2.659766922543937095e+00 2.673344421614853417e+00 2.692204232261170560e+00 2.716199033921490980e+00 2.745141356300242474e+00 2.778805015372287190e+00 2.816926846040370691e+00 2.859208718237406632e+00 2.905319821104598521e+00 2.954899197832441260e+00 3.007558511840246140e+00 3.062885023205573543e+00 3.120444752651252873e+00 3.179785808966776539e+00 3.240441854493591567e+00 3.301935682249737436e+00 3.363782877416456873e+00 3.425495535264174496e+00 3.486586007162754353e+00 3.546570646104232338e+00 3.604973523167247507e+00 3.661330086570777187e+00 3.715190735399256372e+00 3.766124280728169627e+00 3.813721267733841902e+00 3.857597133427092206e+00 3.897395175899421194e+00 3.932789312403083049e+00 3.963486605191865575e+00 3.989229535815332017e+00 4.009798010472391816e+00 4.025011081075664521e+00 4.034728368840689861e+00 4.038851179477194187e+00 4.037323301405961296e+00 4.030131480836768532e+00 4.017305570001796333e+00
4.029758409147270903e+00 4.009174653264762966e+00 3.983166193100853292e+00 3.951910373167374591e+00 3.915624651561091074e+00 3.874564983842277766e+00 3.829023913511521382e+00 3.779328383544171555e+00 3.725837285565710477e+00 3.668938765249096345e+00 3.609047304371613141e+00 3.546600601669863462e+00 3.482056276164246622e+00 3.415888417977024805e+00 3.348584012830368550e+00 3.280639267374073409e+00 3.212555863249308974e+00 3.144837168339138511e+00 3.077984433984664037e+00 3.012493007054661831e+00 2.948848585645957865e+00 2.887523546862214463e+00 2.828973374572816724e+00 2.773633214295304850e+00 2.721914581380054710e+00 2.674202247512038610e+00 2.630851329190246890e+00 2.592184600311197240e+00 2.558490049280389922e+00 2.530018699217638556e+00 2.506982707823048884e+00 2.489553761345205007e+00 2.477861774858017174e+00 2.471993908724772204e+00 2.471993908724772204e+00 2.477861774858017174e+00 2.489553761345205007e+00 2.506982707823048884e+00 2.530018699217638556e+00 2.558490049280389922e+00 2.592184600311197240e+00 2.630851329190246890e+00 2.674202247512038610e+00 2.721914581380054710e+00 2.773633214295304850e+00 2.828973374572816724e+00 2.887523546862214463e+00 2.948848585645957865e+00 3.012493007054661831e+00 3.077984433984664037e+00 3.144837168339138511e+00 3.212555863249308974e+00 3.280639267374073409e+00 3.348584012830368550e+00 3.415888417977024805e+00 3.482056276164246622e+00 3.546600601669863462e+00 3.609047304371613141e+00 3.668938765249096345e+00 3.725837285565710477e+00 3.779328383544171555e+00 3.829023913511521382e+00 3.874564983842277766e+00 3.915624651561091074e+00 3.951910373167374591e+00 3.983166193100853292e+00 4.009174653264762966e+00 4.029758409147270903e+00 4.044781540315462109e+00 4.054150545382814386e+00 4.057815013953076644e+00 4.055767970502047071e+00 4.048045887655895569e+00 4.034728368840689861e+00 4.015937502794105107e+00 3.991836894927352830e+00 3.962630382984350330e+00 3.928560446847421783e+00 3.889906324665819870e+00 3.846981849717660662e+00 3.800133024540356619e+00 3.749735350863070860e+00 3.696190935732019511e+00 3.639925395921484341e+00 3.581384584256994685e+00 3.521031162830992045e+00 3.459341049254801348e+00 3.396799763055120991e+00 3.333898700081310285e+00 3.271131363335506137e+00 3.208989578967132328e+00 3.147959726283909632e+00 3.088519010522508434e+00 3.031131806793966987e+00 2.976246103074830618e+00 2.924290069358442157e+00 2.875668779117926732e+00 2.830761108070433796e+00 2.789916833879868108e+00 2.753453958903175458e+00 2.721656276384695872e+00 2.694771198647215371e+00 2.673007863831313724e+00 2.656535535611442622e+00 2.645482308084288192e+00 2.639934125699151313e+00 2.639934125699151313e+00 2.645482308084288192e+00 2.656535535611442622e+00 2.673007863831313724e+00 2.694771198647215371e+00 2.721656276384695872e+00 2.753453958903175458e+00 2.789916833879868108e+00 2.830761108070433796e+00 2.875668779117926732e+00 2.924290069358442157e+00 2.976246103074830618e+00 3.031131806793966987e+00 3.088519010522508434e+00 3.147959726283909632e+00 3.208989578967132328e+00 3.271131363335506137e+00 3.333898700081310285e+00 3.396799763055120991e+00 3.459341049254801348e+00 3.521031162830992045e+00 3.581384584256994685e+00 3.639925395921484341e+00 3.696190935732019511e+00 3.749735350863070860e+00 3.800133024540356619e+00 3.846981849717660662e+00 3.889906324665819870e+00 3.928560446847421783e+00 3.962630382984350330e+00 3.991836894927352830e+00 4.015937502794105107e+00 4.034728368840689861e+00 4.048045887655895569e+00 4.055767970502047071e+00 4.057815013953076644e+00 4.054150545382814386e+00 4.044781540315462109e+00
4.055317729465262921e+00 4.038107761114727801e+00 4.015356560311757583e+00 3.987220628806662948e+00 3.953897577020894172e+00 3.915624651561091074e+00 3.872676960775029542e+00 3.825365411794782400e+00 3.774034374708827855e+00 3.719059091582375132e+00 3.660842849987938408e+00 3.599813942501443265e+00 3.536422435249168661e+00 3.471136770045334163e+00 3.404440225927951147e+00 3.336827266971994277e+00 3.268799804126066633e+00 3.200863399474609405e+00 3.133523441767605444e+00 3.067281322280269507e+00 3.002630640064465339e+00 2.940053465431993640e+00 2.880016690068650576e+00 2.822968491520830181e+00 2.769334938928128320e+00 2.719516765802732383e+00 2.673886334387316932e+00 2.632784814667525897e+00 2.596519599483877450e+00 2.565361975393527061e+00 2.539545066988422306e+00 2.519262070297736855e+00 2.504664788704967560e+00 2.495862482510331493e+00 2.492921040884692019e+00 2.495862482510331493e+00 2.504664788704967560e+00 2.519262070297736855e+00 2.539545066988422306e+00 2.565361975393527061e+00 2.596519599483877450e+00 2.632784814667525897e+00 2.673886334387316932e+00 2.719516765802732383e+00 2.769334938928128320e+00 2.822968491520830181e+00 2.880016690068650576e+00 2.940053465431993640e+00 3.002630640064465339e+00 3.067281322280269507e+00 3.133523441767605444e+00 3.200863399474609405e+00 3.268799804126066633e+00 3.336827266971994277e+00 3.404440225927951147e+00 3.471136770045334163e+00 3.536422435249168661e+00 3.599813942501443265e+00 3.660842849987938408e+00 3.719059091582375132e+00 3.774034374708827855e+00 3.825365411794782400e+00 3.872676960775029542e+00 3.915624651561091074e+00 3.953897577020894172e+00 3.987220628806662948e+00 4.015356560311757583e+00 4.038107761114727801e+00 4.055317729465262921e+00 4.066872231665413118e+00 4.072700139582789092e+00 4.072773939982466729e+00 4.067109911862158533e+00 4.055767970502047071e+00 4.038851179477194187e+00 4.016504934407286953e+00 3.988915824716583458e+00 3.956310182127048325e+00 3.918952326991410828e+00 3.877142525871873691e+00 3.831214675967162808e+00 3.781533734068595720e+00 3.728492909669244071e+00 3.672510643644253392e+00 3.614027395551046240e+00 3.553502264053569615e+00 3.491409466243348358e+00 3.428234702702603443e+00 3.364471436022719697e+00 3.300617111148365534e+00 3.237169346358667710e+00 3.174622123918400263e+00 3.113462009432893307e+00 3.054164428719882807e+00 2.997190030571738717e+00 2.942981163125773403e+00 2.891958490693451456e+00 2.844517776828183742e+00 2.801026858143815357e+00 2.761822831941906475e+00 2.727209479076216692e+00 2.697454941690095254e+00 2.672789673520198139e+00 2.653404678383060489e+00 2.639450050265182313e+00 2.631033826139361320e+00 2.628221160247303345e+00 2.631033826139361320e+00 2.639450050265182313e+00 2.653404678383060489e+00 2.672789673520198139e+00 2.697454941690095254e+00 2.727209479076216692e+00 2.761822831941906475e+00 2.801026858143815357e+00 2.844517776828183742e+00 2.891958490693451456e+00 2.942981163125773403e+00 2.997190030571738717e+00 3.054164428719882807e+00 3.113462009432893307e+00 3.174622123918400263e+00 3.237169346358667710e+00 3.300617111148365534e+00 3.364471436022719697e+00 3.428234702702603443e+00 3.491409466243348358e+00 3.553502264053569615e+00 3.614027395551046240e+00 3.672510643644253392e+00 3.728492909669244071e+00 3.781533734068595720e+00 3.831214675967162808e+00 3.877142525871873691e+00 3.918952326991410828e+00 3.956310182127048325e+00 3.988915824716583458e+00 4.016504934407286953e+00 4.038851179477194187e+00 4.055767970502047071e+00 4.067109911862158533e+00 4.072773939982466729e+00 4.072700139582789092e+00 4.066872231665413118e+00
4.075401786419354799e+00 4.061668293919001194e+00 4.042296717067101142e+00 4.017421893657598275e+00 3.987220628806662948e+00 3.951910373167374591e+00 3.911747591601546059e+00 3.867025834679157725e+00 3.818073527638016884e+00 3.765251493587060683e+00 3.708950229760029860e+00 3.649586957506317120e+00 3.587602468428642055e+00 3.523457790629532571e+00 3.457630700398627965e+00 3.390612105850168589e+00 3.322902329995665038e+00 3.255007321503305295e+00 3.187434821947254360e+00 3.120690518682463388e+00 3.055274212591394534e+00 2.991676029837332607e+00 2.930372706425534712e+00 2.871823973820972764e+00 2.816469073103844423e+00 2.764723424167577548e+00 2.716975475285669628e+00 2.673583757002850003e+00 2.634874162752779192e+00 2.601137476880790000e+00 2.572627168869208614e+00 2.549557470538661441e+00 2.532101750847133736e+00 2.520391200645575314e+00 2.514513837391868289e+00 2.514513837391868289e+00 2.520391200645575314e+00 2.532101750847133736e+00 2.549557470538661441e+00 2.572627168869208614e+00 2.601137476880790000e+00 2.634874162752779192e+00 2.673583757002850003e+00 2.716975475285669628e+00 2.764723424167577548e+00 2.816469073103844423e+00 2.871823973820972764e+00 2.930372706425534712e+00 2.991676029837332607e+00 3.055274212591394534e+00 3.120690518682463388e+00 3.187434821947254360e+00 3.255007321503305295e+00 3.322902329995665038e+00 3.390612105850168589e+00 3.457630700398627965e+00 3.523457790629532571e+00 3.587602468428642055e+00 3.649586957506317120e+00 3.708950229760029860e+00 3.765251493587060683e+00 3.818073527638016884e+00 3.867025834679157725e+00 3.911747591601546059e+00 3.951910373167374591e+00 3.987220628806662948e+00 4.017421893657598275e+00 4.042296717067101142e+00 4.061668293919001194e+00 4.075401786419354799e+00 4.083405326324637485e+00 4.085630690030894741e+00 4.082073641431827049e+00 4.072773939982466729e+00 4.057815013953076644e+00 4.037323301405961296e+00 4.011467263956639329e+00 3.980456080870867996e+00 3.944538033481510553e+00 3.903998592265789824e+00 3.859158221185854387e+00 3.810369916046834504e+00 3.758016495650223998e+00 3.702507666401066544e+00 3.644276882750748570e+00 3.583778027410170708e+00 3.521481936638707566e+00 3.457872797092438777e+00 3.393444441691500391e+00 3.328696572733739867e+00 3.264130941034347533e+00 3.200247510204411228e+00 3.137540635293112334e+00 3.076495284907487360e+00 3.017583335591291771e+00 2.961259966692983969e+00 2.907960183186471426e+00 2.858095492932761772e+00 2.812050763693594302e+00 2.770181283838306197e+00 2.732810049133188812e+00 2.700225296280117870e+00 2.672678301991444183e+00 2.650381464365371809e+00 2.633506681175609376e+00 2.622184037427455205e+00 2.616500812176810964e+00 2.616500812176810964e+00 2.622184037427455205e+00 2.633506681175609376e+00 2.650381464365371809e+00 2.672678301991444183e+00 2.700225296280117870e+00 2.732810049133188812e+00 2.770181283838306197e+00 2.812050763693594302e+00 2.858095492932761772e+00 2.907960183186471426e+00 2.961259966692983969e+00 3.017583335591291771e+00 3.076495284907487360e+00 3.137540635293112334e+00 3.200247510204411228e+00 3.264130941034347533e+00 3.328696572733739867e+00 3.393444441691500391e+00 3.457872797092438777e+00 3.521481936638707566e+00 3.583778027410170708e+00 3.644276882750748570e+00 3.702507666401066544e+00 3.758016495650223998e+00 3.810369916046834504e+00 3.859158221185854387e+00 3.903998592265789824e+00 3.944538033481510553e+00 3.980456080870867996e+00 4.011467263956639329e+00 4.037323301405961296e+00 4.057815013953076644e+00 4.072773939982466729e+00 4.082073641431827049e+00 4.085630690030894741e+00 4.083405326324637485e+00
4.089857728209037369e+00 4.079681136023819654e+00 4.063789967912296852e+00 4.042296717067101142e+00 4.015356560311757583e+00 3.983166193100853292e+00 3.945962348415765764e+00 3.904020010797888407e+00 3.857650339081688973e+00 3.807198313607314422e+00 3.753040125789712800e+00 3.695580329882496073e+00 3.635248778585211227e+00 3.572497365788219970e+00 3.507796601217898935e+00 3.441632043024835053e+00 3.374500615439606221e+00 3.306906839496107864e+00 3.239359005484943932e+00 3.172365316243643374e+00 3.106430030613335003e+00 3.042049636391240597e+00 2.979709081884781341e+00 2.919878094728229900e+00 2.863007615959650476e+00 2.809526376479921428e+00 2.759837641933024610e+00 2.714316150766240554e+00 2.673305268759833098e+00 2.637114381669574570e+00 2.606016545814503260e+00 2.580246414480465322e+00 2.559998455912158022e+00 2.545425476448480051e+00 2.536637460035050307e+00 2.533700732941192246e+00 2.536637460035050307e+00 2.545425476448480051e+00 2.559998455912158022e+00 2.580246414480465322e+00 2.606016545814503260e+00 2.637114381669574570e+00 2.673305268759833098e+00 2.714316150766240554e+00 2.759837641933024610e+00 2.809526376479921428e+00 2.863007615959650476e+00 2.919878094728229900e+00 2.979709081884781341e+00 3.042049636391240597e+00 3.106430030613335003e+00 3.172365316243643374e+00 3.239359005484943932e+00 3.306906839496107864e+00 3.374500615439606221e+00 3.441632043024835053e+00 3.507796601217898935e+00 3.572497365788219970e+00 3.635248778585211227e+00 3.695580329882496073e+00 3.753040125789712800e+00 3.807198313607314422e+00 3.857650339081688973e+00 3.904020010797888407e+00 3.945962348415765764e+00 3.983166193100853292e+00 4.015356560311757583e+00 4.042296717067101142e+00 4.063789967912296852e+00 4.079681136023819654e+00 4.089857728209037369e+00 4.094250774965728645e+00 4.092835339238491521e+00 4.085630690030894741e+00 4.072700139582789092e+00 4.054150545382814386e+00 4.030131480836768532e+00 4.000834080934190240e+00 3.966489571728760044e+00 3.927367494854271612e+00 3.883773640618575218e+00 3.836047705435479571e+00 3.784560691452115933e+00 3.729712068190889962e+00 3.671926717835805487e+00 3.611651687439012104e+00 3.549352772792237598e+00 3.485510959988233903e+00 3.420618751779709310e+00 3.355176406719206472e+00 3.289688119726370541e+00 3.224658173173916342e+00 3.160587087807156692e+00 3.097967802812156890e+00 3.037281914124828841e+00 2.978995999629013625e+00 2.923558059229151240e+00 2.871394096907911919e+00 2.822904870797339427e+00 2.778462836012228099e+00 2.738409303526269323e+00 2.703051836726011459e+00 2.672661905467597965e+00 2.647472815500246934e+00 2.627677929023384706e+00 2.613429189927435559e+00 2.604835964948048144e+00 2.601964209557980912e+00 2.604835964948048144e+00 2.613429189927435559e+00 2.627677929023384706e+00 2.647472815500246934e+00 2.672661905467597965e+00 2.703051836726011459e+00 2.738409303526269323e+00 2.778462836012228099e+00 2.822904870797339427e+00 2.871394096907911919e+00 2.923558059229151240e+00 2.978995999629013625e+00 3.037281914124828841e+00 3.097967802812156890e+00 3.160587087807156692e+00 3.224658173173916342e+00 3.289688119726370541e+00 3.355176406719206472e+00 3.420618751779709310e+00 3.485510959988233903e+00 3.549352772792237598e+00 3.611651687439012104e+00 3.671926717835805487e+00 3.729712068190889962e+00 3.784560691452115933e+00 3.836047705435479571e+00 3.883773640618575218e+00 3.927367494854271612e+00 3.966489571728760044e+00 4.000834080934190240e+00 4.030131480836768532e+00 4.054150545382814386e+00 4.072700139582789092e+00 4.085630690030894741e+00 4.092835339238491521e+00 4.094250774965728645e+00
4.098575536388559648e+00 4.092013421318411837e+00 4.079681136023819654e+00 4.061668293919001194e+00 4.038107761114727801e+00 4.009174653264762966e+00 3.975085010813944830e+00 3.936094162714895095e+00 3.892494791051398284e+00 3.844614711282896113e+00 3.792814384989110277e+00 3.737484184029758350e+00 3.679041426926531688e+00 3.617927210008262673e+00 3.554603057422485168e+00 3.489547415495467320e+00 3.423252018107736827e+00 3.356218150734140426e+00 3.288952841569103835e+00 3.221965008713112866e+00 3.155761592731272547e+00 3.090843704006596138e+00 3.027702814198558912e+00 2.966817020782320569e+00 2.908647413088291334e+00 2.853634567489879981e+00 2.802195198404811460e+00 2.754718990590241390e+00 2.711565636832671711e+00 2.673062103571111070e+00 2.639500145257850594e+00 2.611134086368768426e+00 2.588178887938775929e+00 2.570808513333249667e+00 2.559154605689560658e+00 2.553305487091508841e+00 2.553305487091508841e+00 2.559154605689560658e+00 2.570808513333249667e+00 2.588178887938775929e+00 2.611134086368768426e+00 2.639500145257850594e+00 2.673062103571111070e+00 2.711565636832671711e+00 2.754718990590241390e+00 2.802195198404811460e+00 2.853634567489879981e+00 2.908647413088291334e+00 2.966817020782320569e+00 3.027702814198558912e+00 3.090843704006596138e+00 3.155761592731272547e+00 3.221965008713112866e+00 3.288952841569103835e+00 3.356218150734140426e+00 3.423252018107736827e+00 3.489547415495467320e+00 3.554603057422485168e+00 3.617927210008262673e+00 3.679041426926531688e+00 3.737484184029758350e+00 3.792814384989110277e+00 3.844614711282896113e+00 3.892494791051398284e+00 3.936094162714895095e+00 3.975085010813944830e+00 4.009174653264762966e+00 4.038107761114727801e+00 4.061668293919001194e+00 4.079681136023819654e+00 4.092013421318411837e+00 4.098575536388559648e+00 4.099321794452547074e+00 4.094250774965728645e+00 4.083405326324637485e+00 4.066872231665413118e+00 4.044781540315462109e+00 4.017305570001796333e+00 3.984657587425138203e+00 3.947090177256600274e+00 3.904893311984961368e+00 3.858392137319034632e+00 3.807944490014306904e+00 3.753938167029156947e+00 3.696787966808312120e+00 3.636932525225112567e+00 3.574830970276694941e+00 3.510959421005239722e+00 3.445807357303609653e+00 3.379873888245989111e+00 3.313663947356070949e+00 3.247684443780846308e+00 3.182440398673323401e+00 3.118431096199527630e+00 3.056146278473368838e+00 2.996062413388139500e+00 2.938639063758097247e+00 2.884315385412006716e+00 2.833506780898560340e+00 2.786601734278703280e+00 2.743958851101137242e+00 2.705904126095111994e+00 2.672728459380893540e+00 2.644685440106345542e+00 2.621989414382112749e+00 2.604813852223597515e+00 2.593290025931604958e+00 2.587506009972687870e+00 2.587506009972687870e+00 2.593290025931604958e+00 2.604813852223597515e+00 2.621989414382112749e+00 2.644685440106345542e+00 2.672728459380893540e+00 2.705904126095111994e+00 2.743958851101137242e+00 2.786601734278703280e+00 2.833506780898560340e+00 2.884315385412006716e+00 2.938639063758097247e+00 2.996062413388139500e+00 3.056146278473368838e+00 3.118431096199527630e+00 3.182440398673323401e+00 3.247684443780846308e+00 3.313663947356070949e+00 3.379873888245989111e+00 3.445807357303609653e+00 3.510959421005239722e+00 3.574830970276694941e+00 3.636932525225112567e+00 3.696787966808312120e+00 3.753938167029156947e+00 3.807944490014306904e+00 3.858392137319034632e+00 3.904893311984961368e+00 3.947090177256600274e+00 3.984657587425138203e+00 4.017305570001796333e+00 4.044781540315462109e+00 4.066872231665413118e+00 4.083405326324637485e+00 4.094250774965728645e+00 4.099321794452547074e+00
