4.203262023449944706e+00 4.200077484313143650e+00 4.190548103168445060e+00 4.174746404360360152e+00 4.152792648358146543e+00 4.124853916501018070e+00 4.091142839408274945e+00 4.051915978731901014e+00 4.007471874567468895e+00 3.958148773383751262e+00 3.904322053762860012e+00 3.846401369542572724e+00 3.784827532103270276e+00 3.720069155527167215e+00 3.652619090162182669e+00 3.582990671733206955e+00 3.511713814547274382e+00 3.439330978525713789e+00 3.366393040756598509e+00 3.293455102987481897e+00 3.221072266965919528e+00 3.149795409779987398e+00 3.080166991351012573e+00 3.012716925986028471e+00 2.947958549409924967e+00 2.886384711970622075e+00 2.828464027750335674e+00 2.774637308129443980e+00 2.725314206945727236e+00 2.680870102781293340e+00 2.641643242104918965e+00 2.607932165012177173e+00 2.579993433155050031e+00 2.558039677152834646e+00 2.542237978344749738e+00 2.532708597200052481e+00 2.529524058063250092e+00 2.532708597200052481e+00 2.542237978344749738e+00 2.558039677152834646e+00 2.579993433155050031e+00 2.607932165012177173e+00 2.641643242104918965e+00 2.680870102781293340e+00 2.725314206945727236e+00 2.774637308129443980e+00 2.828464027750335674e+00 2.886384711970622075e+00 2.947958549409924967e+00 3.012716925986028471e+00 3.080166991351012573e+00 3.149795409779987398e+00 3.221072266965919528e+00 3.293455102987481897e+00 3.366393040756598509e+00 3.439330978525713789e+00 3.511713814547274382e+00 3.582990671733206955e+00 3.652619090162182669e+00 3.720069155527167215e+00 3.784827532103270276e+00 3.846401369542572724e+00 3.904322053762860012e+00 3.958148773383751262e+00 4.007471874567468895e+00 4.051915978731901014e+00 4.091142839408274945e+00 4.124853916501018070e+00 4.152792648358146543e+00 4.174746404360360152e+00 4.190548103168445060e+00 4.200077484313143650e+00 4.203262023449944706e+00 4.200077484313143650e+00 4.190548103168445060e+00 4.174746404360360152e+00 4.152792648358146543e+00 4.124853916501018070e+00 4.091142839408274945e+00 4.051915978731901014e+00 4.007471874567468895e+00 3.958148773383751262e+00 3.904322053762860012e+00 3.846401369542572724e+00 3.784827532103270276e+00 3.720069155527167215e+00 3.652619090162182669e+00 3.582990671733206955e+00 3.511713814547274382e+00 3.439330978525713789e+00 3.366393040756598509e+00 3.293455102987481897e+00 3.221072266965919528e+00 3.149795409779987398e+00 3.080166991351012573e+00 3.012716925986028471e+00 2.947958549409924967e+00 2.886384711970622075e+00 2.828464027750335674e+00 2.774637308129443980e+00 2.725314206945727236e+00 2.680870102781293340e+00 2.641643242104918965e+00 2.607932165012177173e+00 2.579993433155050031e+00 2.558039677152834646e+00 2.542237978344749738e+00 2.532708597200052481e+00 2.529524058063250092e+00 2.532708597200052481e+00 2.542237978344749738e+00 2.558039677152834646e+00 2.579993433155050031e+00 2.607932165012177173e+00 2.641643242104918965e+00 2.680870102781293340e+00 2.725314206945727236e+00 2.774637308129443980e+00 2.828464027750335674e+00 2.886384711970622075e+00 2.947958549409924967e+00 3.012716925986028471e+00 3.080166991351012573e+00 3.149795409779987398e+00 3.221072266965919528e+00 3.293455102987481897e+00 3.366393040756598509e+00 3.439330978525713789e+00 3.511713814547274382e+00 3.582990671733206955e+00 3.652619090162182669e+00 3.720069155527167215e+00 3.784827532103270276e+00 3.846401369542572724e+00 3.904322053762860012e+00 3.958148773383751262e+00 4.007471874567468895e+00 4.051915978731901014e+00 4.091142839408274945e+00 4.124853916501018070e+00 4.152792648358146543e+00 4.174746404360360152e+00 4.190548103168445060e+00 4.200077484313143650e+00
4.200077484313143650e+00 4.200912813052528172e+00 4.195389266132726114e+00 4.183553643803988642e+00 4.165500771418280124e+00 4.141372768710862573e+00 4.111357959186186406e+00 4.075689427925428099e+00 4.034643238808632404e+00 3.988536324736356775e+00 3.937724066924189970e+00 3.882597581709633427e+00 3.823580735536638908e+00 3.761126910851514182e+00 3.695715547539339951e+00 3.627848486237989167e+00 3.558046141374287430e+00 3.486843533062386147e+00 3.414786208078158580e+00 3.342426080967154434e+00 3.270317226951059197e+00 3.199011658663866609e+00 3.129055118871612251e+00 3.060982921207260343e+00 2.995315870586360063e+00 2.932556294362108407e+00 2.873184214435021033e+00 2.817653689459045818e+00 2.766389354990783200e+00 2.719783187921346101e+00 2.678191519822777256e+00 2.641932321945880346e+00 2.611282782538175251e+00 2.586477194925243861e+00 2.567705172432917404e+00 2.555110203739562547e+00 2.548788559656103292e+00 2.548788559656103292e+00 2.555110203739562547e+00 2.567705172432917404e+00 2.586477194925243861e+00 2.611282782538175251e+00 2.641932321945880346e+00 2.678191519822777256e+00 2.719783187921346101e+00 2.766389354990783200e+00 2.817653689459045818e+00 2.873184214435021033e+00 2.932556294362108407e+00 2.995315870586360063e+00 3.060982921207260343e+00 3.129055118871612251e+00 3.199011658663866609e+00 3.270317226951059197e+00 3.342426080967154434e+00 3.414786208078158580e+00 3.486843533062386147e+00 3.558046141374287430e+00 3.627848486237989167e+00 3.695715547539339951e+00 3.761126910851514182e+00 3.823580735536638908e+00 3.882597581709633427e+00 3.937724066924189970e+00 3.988536324736356775e+00 4.034643238808632404e+00 4.075689427925428099e+00 4.111357959186186406e+00 4.141372768710862573e+00 4.165500771418280124e+00 4.183553643803988642e+00 4.195389266132726114e+00 4.200912813052528172e+00 4.200077484313143650e+00 4.192884870010304077e+00 4.179384947558889785e+00 4.159675710400740023e+00 4.133902431255602750e+00 4.102256565505139285e+00 4.064974303038755288e+00 4.022334779565563068e+00 3.974657960988627892e+00 3.922302216925987128e+00 3.865661601828953575e+00 3.805162864373759835e+00 3.741262207870998058e+00 3.674441826332345062e+00 3.605206242541955763e+00 3.534078475986989432e+00 3.461596069797124642e+00 3.388307006916225550e+00 3.314765546572944199e+00 3.241528012723913665e+00 3.169148566509336629e+00 3.098174994882924693e+00 3.029144547455536074e+00 2.962579853225610904e+00 2.898984948261974282e+00 2.838841444560875615e+00 2.782604869225258515e+00 2.730701201818714896e+00 2.683523636238940302e+00 2.641429591747521233e+00 2.604737995897274949e+00 2.573726860029842634e+00 2.548631165790217423e+00 2.529641078738683380e+00 2.516900502651889138e+00 2.510505985512708538e+00 2.510505985512708538e+00 2.516900502651889138e+00 2.529641078738683380e+00 2.548631165790217423e+00 2.573726860029842634e+00 2.604737995897274949e+00 2.641429591747521233e+00 2.683523636238940302e+00 2.730701201818714896e+00 2.782604869225258515e+00 2.838841444560875615e+00 2.898984948261974282e+00 2.962579853225610904e+00 3.029144547455536074e+00 3.098174994882924693e+00 3.169148566509336629e+00 3.241528012723913665e+00 3.314765546572944199e+00 3.388307006916225550e+00 3.461596069797124642e+00 3.534078475986989432e+00 3.605206242541955763e+00 3.674441826332345062e+00 3.741262207870998058e+00 3.805162864373759835e+00 3.865661601828953575e+00 3.922302216925987128e+00 3.974657960988627892e+00 4.022334779565563068e+00 4.064974303038755288e+00 4.102256565505139285e+00 4.133902431255602750e+00 4.159675710400740023e+00 4.179384947558889785e+00 4.192884870010304077e+00
4.190548103168445060e+00 4.195389266132726114e+00 4.193881103071917416e+00 4.186044602811082704e+00 4.171948898538197170e+00 4.151710723588966978e+00 4.125493505034650177e+00 4.093506102005471270e+00 4.056001198385836837e+00 4.013273362147711687e+00 3.965656786125288047e+00 3.913522727458095929e+00 3.857276665222607814e+00 3.797355197916578717e+00 3.734222704439702500e+00 3.668367794013446925e+00 3.600299572088560662e+00 3.530543750688389437e+00 3.459638632819335147e+00 3.388131001537281861e+00 3.316571944983582210e+00 3.245512649190521959e+00 3.175500190700425662e+00 3.107073361042978821e+00 3.040758554871731079e+00 2.977065753075118337e+00 2.916484631453343468e+00 2.859480824595581172e+00 2.806492373409542385e+00 2.757926383356419375e+00 2.714155918839311621e+00 2.675517157394597945e+00 2.642306825357058297e+00 2.614779934525974792e+00 2.593147837067186767e+00 2.577576613462673638e+00 2.568185805783052889e+00 2.565047505928813365e+00 2.568185805783052889e+00 2.577576613462673638e+00 2.593147837067186767e+00 2.614779934525974792e+00 2.642306825357058297e+00 2.675517157394597945e+00 2.714155918839311621e+00 2.757926383356419375e+00 2.806492373409542385e+00 2.859480824595581172e+00 2.916484631453343468e+00 2.977065753075118337e+00 3.040758554871731079e+00 3.107073361042978821e+00 3.175500190700425662e+00 3.245512649190521959e+00 3.316571944983582210e+00 3.388131001537281861e+00 3.459638632819335147e+00 3.530543750688389437e+00 3.600299572088560662e+00 3.668367794013446925e+00 3.734222704439702500e+00 3.797355197916578717e+00 3.857276665222607814e+00 3.913522727458095929e+00 3.965656786125288047e+00 4.013273362147711687e+00 4.056001198385836837e+00 4.093506102005471270e+00 4.125493505034650177e+00 4.151710723588966978e+00 4.171948898538197170e+00 4.186044602811082704e+00 4.193881103071917416e+00 4.195389266132726114e+00 4.190548103168445060e+00 4.179384947558889785e+00 4.161975264969568933e+00 4.138442097082264404e+00 4.108955143174567226e+00 4.073729486503787633e+00 4.033023975154189422e+00 3.987139269636462924e+00 3.936415572064895230e+00 3.881230054161488141e+00 3.821994003628800041e+00 3.759149710577249781e+00 3.693167117671459110e+00 3.624540259459151148e+00 3.553783517951230042e+00 3.481427722920875656e+00 3.408016126572065208e+00 3.334100283184927349e+00 3.260235865069434524e+00 3.186978446644629148e+00 3.114879288704202054e+00 3.044481154928840194e+00 2.976314192461524399e+00 2.910891907875469808e+00 2.848707269139665765e+00 2.790228963229251846e+00 2.735897837844690983e+00 2.686123554303823990e+00 2.641281477065080541e+00 2.601709823540560240e+00 2.567707095878140944e+00 2.539529814247210915e+00 2.517390568869465106e+00 2.501456405611770073e+00 2.491847557421001280e+00 2.488636531250152828e+00 2.491847557421001280e+00 2.501456405611770073e+00 2.517390568869465106e+00 2.539529814247210915e+00 2.567707095878140944e+00 2.601709823540560240e+00 2.641281477065080541e+00 2.686123554303823990e+00 2.735897837844690983e+00 2.790228963229251846e+00 2.848707269139665765e+00 2.910891907875469808e+00 2.976314192461524399e+00 3.044481154928840194e+00 3.114879288704202054e+00 3.186978446644629148e+00 3.260235865069434524e+00 3.334100283184927349e+00 3.408016126572065208e+00 3.481427722920875656e+00 3.553783517951230042e+00 3.624540259459151148e+00 3.693167117671459110e+00 3.759149710577249781e+00 3.821994003628800041e+00 3.881230054161488141e+00 3.936415572064895230e+00 3.987139269636462924e+00 4.033023975154189422e+00 4.073729486503787633e+00 4.108955143174567226e+00 4.138442097082264404e+00 4.161975264969568933e+00 4.179384947558889785e+00
4.174746404360360152e+00 4.183553643803988642e+00 4.186044602811082704e+00 4.182214539699593558e+00 4.172106806052032546e+00 4.155812489748504035e+00 4.133469694774914771e+00 4.105262463338754664e+00 4.071419348546881700e+00 4.032211648558835293e+00 3.987951315705105859e+00 3.938988556532992291e+00 3.885709141094304542e+00 3.828531442001215535e+00 3.767903225832483383e+00 3.704298221355994958e+00 3.638212490731298931e+00 3.570160631354009961e+00 3.500671837291847055e+00 3.430285850329285235e+00 3.359548831476756092e+00 3.289009184404105834e+00 3.219213362622517227e+00 3.150701692361185025e+00 3.084004242963972686e+00 3.019636776267951017e+00 2.958096805822835407e+00 2.899859795972605792e+00 2.845375529754244237e+00 2.795064673281868917e+00 2.749315562787117528e+00 2.708481238790148904e+00 2.672876749992703083e+00 2.642776747429847806e+00 2.618413387205863696e+00 2.599974557789034524e+00 2.587602445367860771e+00 2.581392448196142997e+00 2.581392448196142997e+00 2.587602445367860771e+00 2.599974557789034524e+00 2.618413387205863696e+00 2.642776747429847806e+00 2.672876749992703083e+00 2.708481238790148904e+00 2.749315562787117528e+00 2.795064673281868917e+00 2.845375529754244237e+00 2.899859795972605792e+00 2.958096805822835407e+00 3.019636776267951017e+00 3.084004242963972686e+00 3.150701692361185025e+00 3.219213362622517227e+00 3.289009184404105834e+00 3.359548831476756092e+00 3.430285850329285235e+00 3.500671837291847055e+00 3.570160631354009961e+00 3.638212490731298931e+00 3.704298221355994958e+00 3.767903225832483383e+00 3.828531442001215535e+00 3.885709141094304542e+00 3.938988556532992291e+00 3.987951315705105859e+00 4.032211648558835293e+00 4.071419348546881700e+00 4.105262463338754664e+00 4.133469694774914771e+00 4.155812489748504035e+00 4.172106806052032546e+00 4.182214539699593558e+00 4.186044602811082704e+00 4.183553643803988642e+00 4.174746404360360152e+00 4.159675710400740023e+00 4.138442097082264404e+00 4.111193070623435197e+00 4.078122012522224615e+00 4.039466734455996466e+00 3.995507694810584542e+00 3.946565890361563245e+00 3.893000439103494248e+00 3.835205872574171337e+00 3.773609158232496430e+00 3.708666474503905963e+00 3.640859762990513726e+00 3.570693084040017506e+00 3.498688803365119782e+00 3.425383638692114818e+00 3.351324596483847618e+00 3.277064829620173203e+00 3.203159447521993997e+00 3.130161310568413402e+00 3.058616840777561574e+00 2.989061880599579890e+00 2.922017631305720453e+00 2.857986701853512557e+00 2.797449298268981810e+00 2.740859582519330928e+00 2.688642228561524572e+00 2.641189201753525673e+00 2.598856786117036410e+00 2.561962882056380231e+00 2.530784595081863486e+00 2.505556133873429570e+00 2.486467033668256388e+00 2.473660718482248111e+00 2.467233413098846917e+00 2.467233413098846917e+00 2.473660718482248111e+00 2.486467033668256388e+00 2.505556133873429570e+00 2.530784595081863486e+00 2.561962882056380231e+00 2.598856786117036410e+00 2.641189201753525673e+00 2.688642228561524572e+00 2.740859582519330928e+00 2.797449298268981810e+00 2.857986701853512557e+00 2.922017631305720453e+00 2.989061880599579890e+00 3.058616840777561574e+00 3.130161310568413402e+00 3.203159447521993997e+00 3.277064829620173203e+00 3.351324596483847618e+00 3.425383638692114818e+00 3.498688803365119782e+00 3.570693084040017506e+00 3.640859762990513726e+00 3.708666474503905963e+00 3.773609158232496430e+00 3.835205872574171337e+00 3.893000439103494248e+00 3.946565890361563245e+00 3.995507694810584542e+00 4.039466734455996466e+00 4.078122012522224615e+00 4.111193070623435197e+00 4.138442097082264404e+00 4.159675710400740023e+00
4.152792648358146543e+00 4.165500771418280124e+00 4.171948898538197170e+00 4.172106806052032546e+00 4.165992142663259123e+00 4.153670259244459650e+00 4.135253675663060235e+00 4.110901188759050306e+00 4.080816628331373153e+00 4.045247270668224537e+00 4.004481921762283569e+00 3.958848684865103440e+00 3.908712429436503211e+00 3.854471980816530419e+00 3.796557052071896976e+00 3.735424941429982937e+00 3.671557020496161172e+00 3.605455040041164239e+00 3.537637281532072020e+00 3.468634583752896017e+00 3.398986274809680186e+00 3.329236040533320562e+00 3.259927760775370942e+00 3.191601345334549311e+00 3.124788601252242781e+00 3.060009162974488106e+00 2.997766516397095682e+00 2.938544147093708148e+00 2.882801842079119492e+00 2.830972173289049376e+00 2.783457189572121848e+00 2.740625342400186071e+00 2.702808668721691898e+00 2.670300252423081222e+00 2.643351983739968158e+00 2.622172633689443977e+00 2.606926258194496526e+00 2.597730944059440716e+00 2.594657906350640530e+00 2.597730944059440716e+00 2.606926258194496526e+00 2.622172633689443977e+00 2.643351983739968158e+00 2.670300252423081222e+00 2.702808668721691898e+00 2.740625342400186071e+00 2.783457189572121848e+00 2.830972173289049376e+00 2.882801842079119492e+00 2.938544147093708148e+00 2.997766516397095682e+00 3.060009162974488106e+00 3.124788601252242781e+00 3.191601345334549311e+00 3.259927760775370942e+00 3.329236040533320562e+00 3.398986274809680186e+00 3.468634583752896017e+00 3.537637281532072020e+00 3.605455040041164239e+00 3.671557020496161172e+00 3.735424941429982937e+00 3.796557052071896976e+00 3.854471980816530419e+00 3.908712429436503211e+00 3.958848684865103440e+00 4.004481921762283569e+00 4.045247270668224537e+00 4.080816628331373153e+00 4.110901188759050306e+00 4.135253675663060235e+00 4.153670259244459650e+00 4.165992142663259123e+00 4.172106806052032546e+00 4.171948898538197170e+00 4.165500771418280124e+00 4.152792648358146543e+00 4.133902431255602750e+00 4.108955143174567226e+00 4.078122012522224615e+00 4.041619205371226542e+00 3.999706215507198070e+00 3.952683924387262682e+00 3.900892345708094400e+00 3.844708071683116568e+00 3.784541440399519008e+00 3.720833445749536228e+00 3.654052413390755039e+00 3.584690467972100336e+00 3.513259818452176386e+00 3.440288889722483479e+00 3.366318329919434138e+00 3.291896923756795434e+00 3.217577442927302300e+00 3.143912465103025244e+00 3.071450193305063081e+00 3.000730307412448727e+00 2.932279879337725603e+00 2.866609382914421911e+00 2.804208828823194111e+00 2.745544053934212858e+00 2.691053193270706245e+00 2.641143361411282697e+00 2.596187568557343894e+00 2.556521894708662757e+00 2.522442943428596429e+00 2.494205594555357841e+00 2.472021072943447528e+00 2.456055347917051268e+00 2.446427875603201851e+00 2.443210693705918146e+00 2.446427875603201851e+00 2.456055347917051268e+00 2.472021072943447528e+00 2.494205594555357841e+00 2.522442943428596429e+00 2.556521894708662757e+00 2.596187568557343894e+00 2.641143361411282697e+00 2.691053193270706245e+00 2.745544053934212858e+00 2.804208828823194111e+00 2.866609382914421911e+00 2.932279879337725603e+00 3.000730307412448727e+00 3.071450193305063081e+00 3.143912465103025244e+00 3.217577442927302300e+00 3.291896923756795434e+00 3.366318329919434138e+00 3.440288889722483479e+00 3.513259818452176386e+00 3.584690467972100336e+00 3.654052413390755039e+00 3.720833445749536228e+00 3.784541440399519008e+00 3.844708071683116568e+00 3.900892345708094400e+00 3.952683924387262682e+00 3.999706215507198070e+00 4.041619205371226542e+00 4.078122012522224615e+00 4.108955143174567226e+00 4.133902431255602750e+00
4.124853916501018070e+00 4.141372768710862573e+00 4.151710723588966978e+00 4.155812489748504035e+00 4.153670259244459650e+00 4.145323722436500269e+00 4.130859721403481011e+00 4.110411544632039949e+00 4.084157868431638860e+00 4.052321353216631117e+00 4.015166905422009158e+00 3.972999618363516561e+00 3.926162407795389608e+00 3.875033360241399105e+00 3.820022814359763430e+00 3.761570197632828627e+00 3.700140642533124247e+00 3.636221407994019827e+00 3.570318133493262991e+00 3.502950954329554722e+00 3.434650507726801916e+00 3.365953860229246697e+00 3.297400387447484871e+00 3.229527637575472454e+00 3.162867210219692637e+00 3.097940681962340737e+00 3.035255609722005588e+00 2.975301642380298262e+00 2.918546770315970207e+00 2.865433741435398307e+00 2.816376671018018030e+00 2.771757871216994129e+00 2.731924924380398689e+00 2.697188022499142690e+00 2.667817593059079062e+00 2.644042229391501575e+00 2.626046941295234749e+00 2.613971739262546112e+00 2.607910563098465140e+00 2.607910563098465140e+00 2.613971739262546112e+00 2.626046941295234749e+00 2.644042229391501575e+00 2.667817593059079062e+00 2.697188022499142690e+00 2.731924924380398689e+00 2.771757871216994129e+00 2.816376671018018030e+00 2.865433741435398307e+00 2.918546770315970207e+00 2.975301642380298262e+00 3.035255609722005588e+00 3.097940681962340737e+00 3.162867210219692637e+00 3.229527637575472454e+00 3.297400387447484871e+00 3.365953860229246697e+00 3.434650507726801916e+00 3.502950954329554722e+00 3.570318133493262991e+00 3.636221407994019827e+00 3.700140642533124247e+00 3.761570197632828627e+00 3.820022814359763430e+00 3.875033360241399105e+00 3.926162407795389608e+00 3.972999618363516561e+00 4.015166905422009158e+00 4.052321353216631117e+00 4.084157868431638860e+00 4.110411544632039949e+00 4.130859721403481011e+00 4.145323722436500269e+00 4.153670259244459650e+00 4.155812489748504035e+00 4.151710723588966978e+00 4.141372768710862573e+00 4.124853916501018070e+00 4.102256565505139285e+00 4.073729486503787633e+00 4.039466734455996466e+00 3.999706215507198070e+00 3.954727919883863851e+00 3.904851834040759417e+00 3.850435547868746866e+00 3.791871575092774282e+00 3.729584407173792027e+00 3.664027323057772900e+00 3.595678978974710116e+00 3.525039804166047119e+00 3.452628229897765078e+00 3.378976780387084933e+00 3.304628055323688418e+00 3.230130634493634023e+00 3.156034935609247416e+00 3.082889056806871864e+00 3.011234635393613246e+00 2.941602754303197287e+00 2.874509927360762607e+00 2.810454193859518668e+00 2.749911352123229680e+00 2.693331360673837604e+00 2.641134934351075714e+00 2.593710361250505692e+00 2.551410564669144954e+00 2.514550432386597922e+00 2.483404433578466186e+00 2.458204541473249183e+00 2.439138477540619743e+00 2.426348290555507159e+00 2.419929281337435345e+00 2.419929281337435345e+00 2.426348290555507159e+00 2.439138477540619743e+00 2.458204541473249183e+00 2.483404433578466186e+00 2.514550432386597922e+00 2.551410564669144954e+00 2.593710361250505692e+00 2.641134934351075714e+00 2.693331360673837604e+00 2.749911352123229680e+00 2.810454193859518668e+00 2.874509927360762607e+00 2.941602754303197287e+00 3.011234635393613246e+00 3.082889056806871864e+00 3.156034935609247416e+00 3.230130634493634023e+00 3.304628055323688418e+00 3.378976780387084933e+00 3.452628229897765078e+00 3.525039804166047119e+00 3.595678978974710116e+00 3.664027323057772900e+00 3.729584407173792027e+00 3.791871575092774282e+00 3.850435547868746866e+00 3.904851834040759417e+00 3.954727919883863851e+00 3.999706215507198070e+00 4.039466734455996466e+00 4.073729486503787633e+00 4.102256565505139285e+00
4.091142839408274945e+00 4.111357959186186406e+00 4.125493505034650177e+00 4.133469694774914771e+00 4.135253675663060235e+00 4.130859721403481011e+00 4.120349070501669431e+00 4.103829407287386211e+00 4.081453989658740511e+00 4.053420430285863851e+00 4.019969140649750194e+00 3.981381449857056776e+00 3.937977412645883302e+00 3.890113323361807485e+00 3.838178954919968078e+00 3.782594543860351877e+00 3.723807544534315728e+00 3.662289177215420022e+00 3.598530796494056272e+00 3.533040107680866182e+00 3.466337260098339978e+00 3.398950847074428960e+00 3.331413843159308996e+00 3.264259509561478811e+00 3.198017299038176109e+00 3.133208791476182142e+00 3.070343691162266797e+00 3.009915916269618297e+00 2.952399810381345358e+00 2.898246504939699264e+00 2.847880460357368637e+00 2.801696212163595323e+00 2.760055346993585790e+00 2.723283731476394909e+00 2.691669015147709842e+00 2.665458426424331950e+00 2.644856878442544357e+00 2.630025399200111913e+00 2.621079897969124772e+00 2.618090277383422926e+00 2.621079897969124772e+00 2.630025399200111913e+00 2.644856878442544357e+00 2.665458426424331950e+00 2.691669015147709842e+00 2.723283731476394909e+00 2.760055346993585790e+00 2.801696212163595323e+00 2.847880460357368637e+00 2.898246504939699264e+00 2.952399810381345358e+00 3.009915916269618297e+00 3.070343691162266797e+00 3.133208791476182142e+00 3.198017299038176109e+00 3.264259509561478811e+00 3.331413843159308996e+00 3.398950847074428960e+00 3.466337260098339978e+00 3.533040107680866182e+00 3.598530796494056272e+00 3.662289177215420022e+00 3.723807544534315728e+00 3.782594543860351877e+00 3.838178954919968078e+00 3.890113323361807485e+00 3.937977412645883302e+00 3.981381449857056776e+00 4.019969140649750194e+00 4.053420430285863851e+00 4.081453989658740511e+00 4.103829407287386211e+00 4.120349070501669431e+00 4.130859721403481011e+00 4.135253675663060235e+00 4.133469694774914771e+00 4.125493505034650177e+00 4.111357959186186406e+00 4.091142839408274945e+00 4.064974303038755288e+00 4.033023975154189422e+00 3.995507694810584542e+00 3.952683924387262682e+00 3.904851834040759417e+00 3.852349075749140539e+00 3.795549263790702899e+00 3.734859180736561424e+00 3.670715730127113385e+00 3.603582658931962612e+00 3.533947074646833553e+00 3.462315783445963024e+00 3.389211477172556553e+00 3.315168798102675396e+00 3.240730311350669357e+00 3.166442415489873152e+00 3.092851222435298197e+00 3.020498437872003894e+00 2.949917273511761806e+00 2.881628422221652830e+00 2.816136126593114852e+00 2.753924370812323108e+00 2.695453224757986543e+00 2.641155368097805933e+00 2.591432820788785119e+00 2.546653904819600189e+00 2.507150460277356885e+00 2.473215336889559968e+00 2.445100180099727627e+00 2.423013528497710123e+00 2.407119237060419525e+00 2.397535238183364115e+00 2.394332649916945499e+00 2.397535238183364115e+00 2.407119237060419525e+00 2.423013528497710123e+00 2.445100180099727627e+00 2.473215336889559968e+00 2.507150460277356885e+00 2.546653904819600189e+00 2.591432820788785119e+00 2.641155368097805933e+00 2.695453224757986543e+00 2.753924370812323108e+00 2.816136126593114852e+00 2.881628422221652830e+00 2.949917273511761806e+00 3.020498437872003894e+00 3.092851222435298197e+00 3.166442415489873152e+00 3.240730311350669357e+00 3.315168798102675396e+00 3.389211477172556553e+00 3.462315783445963024e+00 3.533947074646833553e+00 3.603582658931962612e+00 3.670715730127113385e+00 3.734859180736561424e+00 3.795549263790702899e+00 3.852349075749140539e+00 3.904851834040759417e+00 3.952683924387262682e+00 3.995507694810584542e+00 4.033023975154189422e+00 4.064974303038755288e+00
4.051915978731901014e+00 4.075689427925428099e+00 4.093506102005471270e+00 4.105262463338754664e+00 4.110901188759050306e+00 4.110411544632039949e+00 4.103829407287386211e+00 4.091236928779161452e+00 4.072761850634853076e+00 4.048576470931913640e+00 4.018896272678648351e+00 3.983978224053082773e+00 3.944118763549916640e+00 3.899651485482398261e+00 3.850944543565096634e+00 3.798397792447403276e+00 3.742439689060216068e+00 3.683523977464021826e+00 3.622126182532215299e+00 3.558739939255735951e+00 3.493873185703645579e+00 3.428044248708989272e+00 3.361777852162765257e+00 3.295601078384616134e+00 3.230039313392626621e+00 3.165612207013616786e+00 3.102829678658725054e+00 3.042187999237667029e+00 2.984165979101683686e+00 2.929221291094107560e+00 2.877786956754986747e+00 2.830268022480208590e+00 2.787038450985376503e+00 2.748438251781555319e+00 2.714770872546348190e+00 2.686300871283402003e+00 2.663251887021676811e+00 2.645804924528886826e+00 2.634096966118693928e+00 2.628219921136901949e+00 2.628219921136901949e+00 2.634096966118693928e+00 2.645804924528886826e+00 2.663251887021676811e+00 2.686300871283402003e+00 2.714770872546348190e+00 2.748438251781555319e+00 2.787038450985376503e+00 2.830268022480208590e+00 2.877786956754986747e+00 2.929221291094107560e+00 2.984165979101683686e+00 3.042187999237667029e+00 3.102829678658725054e+00 3.165612207013616786e+00 3.230039313392626621e+00 3.295601078384616134e+00 3.361777852162765257e+00 3.428044248708989272e+00 3.493873185703645579e+00 3.558739939255735951e+00 3.622126182532215299e+00 3.683523977464021826e+00 3.742439689060216068e+00 3.798397792447403276e+00 3.850944543565096634e+00 3.899651485482398261e+00 3.944118763549916640e+00 3.983978224053082773e+00 4.018896272678648351e+00 4.048576470931913640e+00 4.072761850634853076e+00 4.091236928779161452e+00 4.103829407287386211e+00 4.110411544632039949e+00 4.110901188759050306e+00 4.105262463338754664e+00 4.093506102005471270e+00 4.075689427925428099e+00 4.051915978731901014e+00 4.022334779565563068e+00 3.987139269636462924e+00 3.946565890361563245e+00 3.900892345708094400e+00 3.850435547868746866e+00 3.795549263790702899e+00 3.736621480358647940e+00 3.674071508174714840e+00 3.608346845869642383e+00 3.539919828703917748e+00 3.469284086861669891e+00 3.396950840290836382e+00 3.323445058189764101e+00 3.249301512273348180e+00 3.175060753763240928e+00 3.101265044630321821e+00 3.028454273969149124e+00 2.957161890500845214e+00 2.887910882081682118e+00 2.821209832740822154e+00 2.757549087184543168e+00 2.697397051890496389e+00 2.641196660880258396e+00 2.589362033009474207e+00 2.542275346161793959e+00 2.500283952086581607e+00 2.463697753793622436e+00 2.432786865424531708e+00 2.407779572375608357e+00 2.388860607166647387e+00 2.376169754152142932e+00 2.369800793673641159e+00 2.369800793673641159e+00 2.376169754152142932e+00 2.388860607166647387e+00 2.407779572375608357e+00 2.432786865424531708e+00 2.463697753793622436e+00 2.500283952086581607e+00 2.542275346161793959e+00 2.589362033009474207e+00 2.641196660880258396e+00 2.697397051890496389e+00 2.757549087184543168e+00 2.821209832740822154e+00 2.887910882081682118e+00 2.957161890500845214e+00 3.028454273969149124e+00 3.101265044630321821e+00 3.175060753763240928e+00 3.249301512273348180e+00 3.323445058189764101e+00 3.396950840290836382e+00 3.469284086861669891e+00 3.539919828703917748e+00 3.608346845869642383e+00 3.674071508174714840e+00 3.736621480358647940e+00 3.795549263790702899e+00 3.850435547868746866e+00 3.900892345708094400e+00 3.946565890361563245e+00 3.987139269636462924e+00 4.022334779565563068e+00
4.007471874567468895e+00 4.034643238808632404e+00 4.056001198385836837e+00 4.071419348546881700e+00 4.080816628331373153e+00 4.084157868431638860e+00 4.081453989658740511e+00 4.072761850634853076e+00 4.058183746002873349e+00 4.037866559103666653e+00 4.012000575700513494e+00 3.980817967909299426e+00 3.944590960001805424e+00 3.903629690169459376e+00 3.858279784647280497e+00 3.808919662785154703e+00 3.755957593699263963e+00 3.699828527024925151e+00 3.640990722008850877e+00 3.579922200711040947e+00 3.517117052422131795e+00 3.453081617531441605e+00 3.388330579994959013e+00 3.323382998244735820e+00 3.258758304845908782e+00 3.194972305441526217e+00 3.132533207526751351e+00 3.071937709362712710e+00 3.013667178878215225e+00 2.958183951718048821e+00 2.905927776685217623e+00 2.857312435697712427e+00 2.812722564047426488e+00 2.772510695219173815e+00 2.736994552813629245e+00 2.706454610232017277e+00 2.681131936737164434e+00 2.661226346320583414e+00 2.646894863495123040e+00 2.638250517715127419e+00 2.635361475619353300e+00 2.638250517715127419e+00 2.646894863495123040e+00 2.661226346320583414e+00 2.681131936737164434e+00 2.706454610232017277e+00 2.736994552813629245e+00 2.772510695219173815e+00 2.812722564047426488e+00 2.857312435697712427e+00 2.905927776685217623e+00 2.958183951718048821e+00 3.013667178878215225e+00 3.071937709362712710e+00 3.132533207526751351e+00 3.194972305441526217e+00 3.258758304845908782e+00 3.323382998244735820e+00 3.388330579994959013e+00 3.453081617531441605e+00 3.517117052422131795e+00 3.579922200711040947e+00 3.640990722008850877e+00 3.699828527024925151e+00 3.755957593699263963e+00 3.808919662785154703e+00 3.858279784647280497e+00 3.903629690169459376e+00 3.944590960001805424e+00 3.980817967909299426e+00 4.012000575700513494e+00 4.037866559103666653e+00 4.058183746002873349e+00 4.072761850634853076e+00 4.081453989658740511e+00 4.084157868431638860e+00 4.080816628331373153e+00 4.071419348546881700e+00 4.056001198385836837e+00 4.034643238808632404e+00 4.007471874567468895e+00 3.974657960988627892e+00 3.936415572064895230e+00 3.893000439103494248e+00 3.844708071683116568e+00 3.791871575092774282e+00 3.734859180736561424e+00 3.674071508174714840e+00 3.609938579515674650e+00 3.542916608760861674e+00 3.473484590419019469e+00 3.402140713237347569e+00 3.329398626230422931e+00 3.255783585315191520e+00 3.181828509772178126e+00 3.108069978442902670e+00 3.035044196035808994e+00 2.963282960144358658e+00 2.893309659579650361e+00 2.825635334385773856e+00 2.760754827441118220e+00 2.699143056856353695e+00 2.641251437465214291e+00 2.587504478574326416e+00 2.538296583801924466e+00 2.493989077302305013e+00 2.454907478955233646e+00 2.421339049209964234e+00 2.393530622226768045e+00 2.371686743770205386e+00 2.355968127994573003e+00 2.346490444840625855e+00 2.343323447252175562e+00 2.346490444840625855e+00 2.355968127994573003e+00 2.371686743770205386e+00 2.393530622226768045e+00 2.421339049209964234e+00 2.454907478955233646e+00 2.493989077302305013e+00 2.538296583801924466e+00 2.587504478574326416e+00 2.641251437465214291e+00 2.699143056856353695e+00 2.760754827441118220e+00 2.825635334385773856e+00 2.893309659579650361e+00 2.963282960144358658e+00 3.035044196035808994e+00 3.108069978442902670e+00 3.181828509772178126e+00 3.255783585315191520e+00 3.329398626230422931e+00 3.402140713237347569e+00 3.473484590419019469e+00 3.542916608760861674e+00 3.609938579515674650e+00 3.674071508174714840e+00 3.734859180736561424e+00 3.791871575092774282e+00 3.844708071683116568e+00 3.893000439103494248e+00 3.936415572064895230e+00 3.974657960988627892e+00
3.958148773383751262e+00 3.988536324736356775e+00 4.013273362147711687e+00 4.032211648558835293e+00 4.045247270668224537e+00 4.052321353216631117e+00 4.053420430285863851e+00 4.048576470931913640e+00 4.037866559103666653e+00 4.021412230429299406e+00 3.999378471063631313e+00 3.971972386360745233e+00 3.939441549648245999e+00 3.902072043812731206e+00 3.860186210742543533e+00 3.814140125895388866e+00 3.764320817348387305e+00 3.711143250630384305e+00 3.655047102416371985e+00 3.596493347767915072e+00 3.535960687019429560e+00 3.473941839627233019e+00 3.410939733307274846e+00 3.347463617580541229e+00 3.284025131416488108e+00 3.221134355009935391e+00 3.159295875843267876e+00 3.099004899072383967e+00 3.040743431932743324e+00 2.984976571293554315e+00 2.932148922697955573e+00 2.882681178221058627e+00 2.836966879263557839e+00 2.795369388985579295e+00 2.758219097484149174e+00 2.725810881040612532e+00 2.698401834824639689e+00 2.676209296354351341e+00 2.659409174793041952e+00 2.648134598829270825e+00 2.642474893456126406e+00 2.642474893456126406e+00 2.648134598829270825e+00 2.659409174793041952e+00 2.676209296354351341e+00 2.698401834824639689e+00 2.725810881040612532e+00 2.758219097484149174e+00 2.795369388985579295e+00 2.836966879263557839e+00 2.882681178221058627e+00 2.932148922697955573e+00 2.984976571293554315e+00 3.040743431932743324e+00 3.099004899072383967e+00 3.159295875843267876e+00 3.221134355009935391e+00 3.284025131416488108e+00 3.347463617580541229e+00 3.410939733307274846e+00 3.473941839627233019e+00 3.535960687019429560e+00 3.596493347767915072e+00 3.655047102416371985e+00 3.711143250630384305e+00 3.764320817348387305e+00 3.814140125895388866e+00 3.860186210742543533e+00 3.902072043812731206e+00 3.939441549648245999e+00 3.971972386360745233e+00 3.999378471063631313e+00 4.021412230429299406e+00 4.037866559103666653e+00 4.048576470931913640e+00 4.053420430285863851e+00 4.052321353216631117e+00 4.045247270668224537e+00 4.032211648558835293e+00 4.013273362147711687e+00 3.988536324736356775e+00 3.958148773383751262e+00 3.922302216925987128e+00 3.881230054161488141e+00 3.835205872574171337e+00 3.784541440399519008e+00 3.729584407173792027e+00 3.670715730127113385e+00 3.608346845869642383e+00 3.542916608760861674e+00 3.474888019130246253e+00 3.404744766119797372e+00 3.332987611332760114e+00 3.260130640687817216e+00 3.186697412884530234e+00 3.113217033676493273e+00 3.040220185717301238e+00 2.968235144086714516e+00 2.897783807717859705e+00 2.829377776829838709e+00 2.763514506124851611e+00 2.700673562937256467e+00 2.641313018728383089e+00 2.585866001311448059e+00 2.534737433973031084e+00 2.488300986240844281e+00 2.446896259442458366e+00 2.410826228418609940e+00 2.380354958811151445e+00 2.355705617254469697e+00 2.337058789576172746e+00 2.324551119774871832e+00 2.318274280107859742e+00 2.318274280107859742e+00 2.324551119774871832e+00 2.337058789576172746e+00 2.355705617254469697e+00 2.380354958811151445e+00 2.410826228418609940e+00 2.446896259442458366e+00 2.488300986240844281e+00 2.534737433973031084e+00 2.585866001311448059e+00 2.641313018728383089e+00 2.700673562937256467e+00 2.763514506124851611e+00 2.829377776829838709e+00 2.897783807717859705e+00 2.968235144086714516e+00 3.040220185717301238e+00 3.113217033676493273e+00 3.186697412884530234e+00 3.260130640687817216e+00 3.332987611332760114e+00 3.404744766119797372e+00 3.474888019130246253e+00 3.542916608760861674e+00 3.608346845869642383e+00 3.670715730127113385e+00 3.729584407173792027e+00 3.784541440399519008e+00 3.835205872574171337e+00 3.881230054161488141e+00 3.922302216925987128e+00
3.904322053762860012e+00 3.937724066924189970e+00 3.965656786125288047e+00 3.987951315705105859e+00 4.004481921762283569e+00 4.015166905422009158e+00 4.019969140649750194e+00 4.018896272678648351e+00 4.012000575700513494e+00 3.999378471063631313e+00 3.981169709804032397e+00 3.957556225890844104e+00 3.928760669071560852e+00 3.895044628640234041e+00 3.856706561802391686e+00 3.814079442556815192e+00 3.767528149139321325e+00 3.717446610060928691e+00 3.664254730607407140e+00 3.608395123335047305e+00 3.550329667585986559e+00 3.490535924344200680e+00 3.429503433850426219e+00 3.367729924282602649e+00 3.305717460480944059e+00 3.243968562148630941e+00 3.182982321186639041e+00 3.123250547822896905e+00 3.065253974971661410e+00 3.009458549810510863e+00 2.956311840892965837e+00 2.906239588229794890e+00 2.859642422678061902e+00 2.816892779682368175e+00 2.778332030927453289e+00 2.744267855796489020e+00 2.714971872697935051e+00 2.690677548339455161e+00 2.671578400905417983e+00 2.657826510850948232e+00 2.649531350677534203e+00 2.646758942620680344e+00 2.649531350677534203e+00 2.657826510850948232e+00 2.671578400905417983e+00 2.690677548339455161e+00 2.714971872697935051e+00 2.744267855796489020e+00 2.778332030927453289e+00 2.816892779682368175e+00 2.859642422678061902e+00 2.906239588229794890e+00 2.956311840892965837e+00 3.009458549810510863e+00 3.065253974971661410e+00 3.123250547822896905e+00 3.182982321186639041e+00 3.243968562148630941e+00 3.305717460480944059e+00 3.367729924282602649e+00 3.429503433850426219e+00 3.490535924344200680e+00 3.550329667585986559e+00 3.608395123335047305e+00 3.664254730607407140e+00 3.717446610060928691e+00 3.767528149139321325e+00 3.814079442556815192e+00 3.856706561802391686e+00 3.895044628640234041e+00 3.928760669071560852e+00 3.957556225890844104e+00 3.981169709804032397e+00 3.999378471063631313e+00 4.012000575700513494e+00 4.018896272678648351e+00 4.019969140649750194e+00 4.015166905422009158e+00 4.004481921762283569e+00 3.987951315705105859e+00 3.965656786125288047e+00 3.937724066924189970e+00 3.904322053762860012e+00 3.865661601828953575e+00 3.821994003628800041e+00 3.773609158232496430e+00 3.720833445749536228e+00 3.664027323057772900e+00 3.603582658931962612e+00 3.539919828703917748e+00 3.473484590419019469e+00 3.404744766119797372e+00 3.334186753373561629e+00 3.262311893456563805e+00 3.189632723701780748e+00 3.116669142403074577e+00 3.043944515338203871e+00 2.971981753421959027e+00 2.901299391225167223e+00 2.832407696093615979e+00 2.765804837373266878e+00 2.701973144795997595e+00 2.641375484407106011e+00 2.584451779526972803e+00 2.531615703141365525e+00 2.483251566816256695e+00 2.439711429743542048e+00 2.401312449855071307e+00 2.368334497106529657e+00 2.341018047044081118e+00 2.319562370640138038e+00 2.304124034136655119e+00 2.294815720281788263e+00 2.291705379906659790e+00 2.294815720281788263e+00 2.304124034136655119e+00 2.319562370640138038e+00 2.341018047044081118e+00 2.368334497106529657e+00 2.401312449855071307e+00 2.439711429743542048e+00 2.483251566816256695e+00 2.531615703141365525e+00 2.584451779526972803e+00 2.641375484407106011e+00 2.701973144795997595e+00 2.765804837373266878e+00 2.832407696093615979e+00 2.901299391225167223e+00 2.971981753421959027e+00 3.043944515338203871e+00 3.116669142403074577e+00 3.189632723701780748e+00 3.262311893456563805e+00 3.334186753373561629e+00 3.404744766119797372e+00 3.473484590419019469e+00 3.539919828703917748e+00 3.603582658931962612e+00 3.664027323057772900e+00 3.720833445749536228e+00 3.773609158232496430e+00 3.821994003628800041e+00 3.865661601828953575e+00
3.846401369542572724e+00 3.882597581709633427e+00 3.913522727458095929e+00 3.938988556532992291e+00 3.958848684865103440e+00 3.972999618363516561e+00 3.981381449857056776e+00 3.983978224053082773e+00 3.980817967909299426e+00 3.971972386360745233e+00 3.957556225890844104e+00 3.937726310962775145e+00 3.912680260816388422e+00 3.882654896567286240e+00 3.847924350900246537e+00 3.808797894910774584e+00 3.765617498799179064e+00 3.718755145144589935e+00 3.668609915366719765e+00 3.615604871706191048e+00 3.560183758607242677e+00 3.502807548757362444e+00 3.443950860216773879e+00 3.384098272047554090e+00 3.323740566620200010e+00 3.263370927328750781e+00 3.203481120779903879e+00 3.144557692634584622e+00 3.087078206170977168e+00 3.031507552307258546e+00 2.978294359272511738e+00 2.927867529349791997e+00 2.880632929141973886e+00 2.836970258636116515e+00 2.797230122974676103e+00 2.761731329292446357e+00 2.730758429258214992e+00 2.704559526083206933e+00 2.683344362738389055e+00 2.667282705975345891e+00 2.656503038486803803e+00 2.651091569190356712e+00 2.651091569190356712e+00 2.656503038486803803e+00 2.667282705975345891e+00 2.683344362738389055e+00 2.704559526083206933e+00 2.730758429258214992e+00 2.761731329292446357e+00 2.797230122974676103e+00 2.836970258636116515e+00 2.880632929141973886e+00 2.927867529349791997e+00 2.978294359272511738e+00 3.031507552307258546e+00 3.087078206170977168e+00 3.144557692634584622e+00 3.203481120779903879e+00 3.263370927328750781e+00 3.323740566620200010e+00 3.384098272047554090e+00 3.443950860216773879e+00 3.502807548757362444e+00 3.560183758607242677e+00 3.615604871706191048e+00 3.668609915366719765e+00 3.718755145144589935e+00 3.765617498799179064e+00 3.808797894910774584e+00 3.847924350900246537e+00 3.882654896567286240e+00 3.912680260816388422e+00 3.937726310962775145e+00 3.957556225890844104e+00 3.971972386360745233e+00 3.980817967909299426e+00 3.983978224053082773e+00 3.981381449857056776e+00 3.972999618363516561e+00 3.958848684865103440e+00 3.938988556532992291e+00 3.913522727458095929e+00 3.882597581709633427e+00 3.846401369542572724e+00 3.805162864373759835e+00 3.759149710577249781e+00 3.708666474503905963e+00 3.654052413390755039e+00 3.595678978974710116e+00 3.533947074646833553e+00 3.469284086861669891e+00 3.402140713237347569e+00 3.332987611332760114e+00 3.262311893456563805e+00 3.190613494038404330e+00 3.118401437066886217e+00 3.046190031863842407e+00 2.974495026014551513e+00 2.903829744604648599e+00 2.834701245023893534e+00 2.767606516483966939e+00 2.703028753062832745e+00 2.641433728534544834e+00 2.583266300474801991e+00 2.528947070154977439e+00 2.478869223558211932e+00 2.433395577479268379e+00 2.392855853115887221e+00 2.357544197834919419e+00 2.327716973914799148e+00 2.303590831041252063e+00 2.285341077180845115e+00 2.273100360193492264e+00 2.266957670187550455e+00 2.266957670187550455e+00 2.273100360193492264e+00 2.285341077180845115e+00 2.303590831041252063e+00 2.327716973914799148e+00 2.357544197834919419e+00 2.392855853115887221e+00 2.433395577479268379e+00 2.478869223558211932e+00 2.528947070154977439e+00 2.583266300474801991e+00 2.641433728534544834e+00 2.703028753062832745e+00 2.767606516483966939e+00 2.834701245023893534e+00 2.903829744604648599e+00 2.974495026014551513e+00 3.046190031863842407e+00 3.118401437066886217e+00 3.190613494038404330e+00 3.262311893456563805e+00 3.332987611332760114e+00 3.402140713237347569e+00 3.469284086861669891e+00 3.533947074646833553e+00 3.595678978974710116e+00 3.654052413390755039e+00 3.708666474503905963e+00 3.759149710577249781e+00 3.805162864373759835e+00
3.784827532103270276e+00 3.823580735536638908e+00 3.857276665222607814e+00 3.885709141094304542e+00 3.908712429436503211e+00 3.926162407795389608e+00 3.937977412645883302e+00 3.944118763549916640e+00 3.944590960001805424e+00 3.939441549648245999e+00 3.928760669071560852e+00 3.912680260816388422e+00 3.891372972803361474e+00 3.865050748689411009e+00 3.833963120085064791e+00 3.798395213806395443e+00 3.758665489505901736e+00 3.715123225076184088e+00 3.668145769137097556e+00 3.618135581686594549e+00 3.565517085604238634e+00 3.510733353132177381e+00 3.454242652710218575e+00 3.396514882600090157e+00 3.338027918590909859e+00 3.279263903726894469e+00 3.220705508434308140e+00 3.162832189644518177e+00 3.106116477511892793e+00 3.051020318109332052e+00 2.997991500051936598e+00 2.947460192354196540e+00 2.899835619972872980e+00 2.855502902433032286e+00 2.814820079686523258e+00 2.778115347920053324e+00 2.745684526424816863e+00 2.717788774873650670e+00 2.694652578438294199e+00 2.676462016133202670e+00 2.663363325609011678e+00 2.655461775354651888e+00 2.652820852919610228e+00 2.655461775354651888e+00 2.663363325609011678e+00 2.676462016133202670e+00 2.694652578438294199e+00 2.717788774873650670e+00 2.745684526424816863e+00 2.778115347920053324e+00 2.814820079686523258e+00 2.855502902433032286e+00 2.899835619972872980e+00 2.947460192354196540e+00 2.997991500051936598e+00 3.051020318109332052e+00 3.106116477511892793e+00 3.162832189644518177e+00 3.220705508434308140e+00 3.279263903726894469e+00 3.338027918590909859e+00 3.396514882600090157e+00 3.454242652710218575e+00 3.510733353132177381e+00 3.565517085604238634e+00 3.618135581686594549e+00 3.668145769137097556e+00 3.715123225076184088e+00 3.758665489505901736e+00 3.798395213806395443e+00 3.833963120085064791e+00 3.865050748689411009e+00 3.891372972803361474e+00 3.912680260816388422e+00 3.928760669071560852e+00 3.939441549648245999e+00 3.944590960001805424e+00 3.944118763549916640e+00 3.937977412645883302e+00 3.926162407795389608e+00 3.908712429436503211e+00 3.885709141094304542e+00 3.857276665222607814e+00 3.823580735536638908e+00 3.784827532103270276e+00 3.741262207870998058e+00 3.693167117671459110e+00 3.640859762990513726e+00 3.584690467972100336e+00 3.525039804166047119e+00 3.462315783445963024e+00 3.396950840290836382e+00 3.329398626230422931e+00 3.260130640687817216e+00 3.189632723701780748e+00 3.118401437066886217e+00 3.046940361283446919e+00 2.975756336354843157e+00 2.905355674902403873e+00 2.836240376284199005e+00 2.768904370402157866e+00 2.703829819661949685e+00 2.641483507113715934e+00 2.582313338152286253e+00 2.526744982297838948e+00 2.475178680518772101e+00 2.427986242305667286e+00 2.385508255268252942e+00 2.348051528417264056e+00 2.315886788522035555e+00 2.289246647016252023e+00 2.268323852872962565e+00 2.253269844701395019e+00 2.244193613048757197e+00 2.241160881537340721e+00 2.244193613048757197e+00 2.253269844701395019e+00 2.268323852872962565e+00 2.289246647016252023e+00 2.315886788522035555e+00 2.348051528417264056e+00 2.385508255268252942e+00 2.427986242305667286e+00 2.475178680518772101e+00 2.526744982297838948e+00 2.582313338152286253e+00 2.641483507113715934e+00 2.703829819661949685e+00 2.768904370402157866e+00 2.836240376284199005e+00 2.905355674902403873e+00 2.975756336354843157e+00 3.046940361283446919e+00 3.118401437066886217e+00 3.189632723701780748e+00 3.260130640687817216e+00 3.329398626230422931e+00 3.396950840290836382e+00 3.462315783445963024e+00 3.525039804166047119e+00 3.584690467972100336e+00 3.640859762990513726e+00 3.693167117671459110e+00 3.741262207870998058e+00
3.720069155527167215e+00 3.761126910851514182e+00 3.797355197916578717e+00 3.828531442001215535e+00 3.854471980816530419e+00 3.875033360241399105e+00 3.890113323361807485e+00 3.899651485482398261e+00 3.903629690169459376e+00 3.902072043812731206e+00 3.895044628640234041e+00 3.882654896567286240e+00 3.865050748689411009e+00 3.842419307620282609e+00 3.814985392212243642e+00 3.783009706460204402e+00 3.746786756563045273e+00 3.706642512183019988e+00 3.662931829887757562e+00 3.616035658566238542e+00 3.566358048266008662e+00 3.514322985391119758e+00 3.460371078517674448e+00 3.404956120216311444e+00 3.348541551209742284e+00 3.291596853931795241e+00 3.234593903086214084e+00 3.178003301125101654e+00 3.122290726675696515e+00 3.067913323839431161e+00 3.015316159969662291e+00 2.964928779006592574e+00 2.917161876713748825e+00 2.872404123225420935e+00 2.831019157186034363e+00 2.793342774448966281e+00 2.759680332813809311e+00 2.730304392629157473e+00 2.705452611284744346e+00 2.685325907676484380e+00 2.670086910664957625e+00 2.659858703378226608e+00 2.654723872949843688e+00 2.654723872949843688e+00 2.659858703378226608e+00 2.670086910664957625e+00 2.685325907676484380e+00 2.705452611284744346e+00 2.730304392629157473e+00 2.759680332813809311e+00 2.793342774448966281e+00 2.831019157186034363e+00 2.872404123225420935e+00 2.917161876713748825e+00 2.964928779006592574e+00 3.015316159969662291e+00 3.067913323839431161e+00 3.122290726675696515e+00 3.178003301125101654e+00 3.234593903086214084e+00 3.291596853931795241e+00 3.348541551209742284e+00 3.404956120216311444e+00 3.460371078517674448e+00 3.514322985391119758e+00 3.566358048266008662e+00 3.616035658566238542e+00 3.662931829887757562e+00 3.706642512183019988e+00 3.746786756563045273e+00 3.783009706460204402e+00 3.814985392212243642e+00 3.842419307620282609e+00 3.865050748689411009e+00 3.882654896567286240e+00 3.895044628640234041e+00 3.902072043812731206e+00 3.903629690169459376e+00 3.899651485482398261e+00 3.890113323361807485e+00 3.875033360241399105e+00 3.854471980816530419e+00 3.828531442001215535e+00 3.797355197916578717e+00 3.761126910851514182e+00 3.720069155527167215e+00 3.674441826332345062e+00 3.624540259459151148e+00 3.570693084040017506e+00 3.513259818452176386e+00 3.452628229897765078e+00 3.389211477172556553e+00 3.323445058189764101e+00 3.255783585315191520e+00 3.186697412884530234e+00 3.116669142403074577e+00 3.046190031863842407e+00 2.975756336354843157e+00 2.905865607654619875e+00 2.837012980832914533e+00 2.769687475978214852e+00 2.704368343065016944e+00 2.641521477651765260e+00 2.581595934568106099e+00 2.525020566011276557e+00 2.472200809531738930e+00 2.423515650254829623e+00 2.379314780366665438e+00 2.339915977398961733e+00 2.305602721190141313e+00 2.276622067591610232e+00 2.253182795042286468e+00 2.235453838066002064e+00 2.223563019571136667e+00 2.217596091566170990e+00 2.217596091566170990e+00 2.223563019571136667e+00 2.235453838066002064e+00 2.253182795042286468e+00 2.276622067591610232e+00 2.305602721190141313e+00 2.339915977398961733e+00 2.379314780366665438e+00 2.423515650254829623e+00 2.472200809531738930e+00 2.525020566011276557e+00 2.581595934568106099e+00 2.641521477651765260e+00 2.704368343065016944e+00 2.769687475978214852e+00 2.837012980832914533e+00 2.905865607654619875e+00 2.975756336354843157e+00 3.046190031863842407e+00 3.116669142403074577e+00 3.186697412884530234e+00 3.255783585315191520e+00 3.323445058189764101e+00 3.389211477172556553e+00 3.452628229897765078e+00 3.513259818452176386e+00 3.570693084040017506e+00 3.624540259459151148e+00 3.674441826332345062e+00
3.652619090162182669e+00 3.695715547539339951e+00 3.734222704439702500e+00 3.767903225832483383e+00 3.796557052071896976e+00 3.820022814359763430e+00 3.838178954919968078e+00 3.850944543565096634e+00 3.858279784647280497e+00 3.860186210742543533e+00 3.856706561802391686e+00 3.847924350900246537e+00 3.833963120085064791e+00 3.814985392212243642e+00 3.791191326934441719e+00 3.762817091284941018e+00 3.730132957456344212e+00 3.693441142451217019e+00 3.653073406243115162e+00 3.609388426921174453e+00 3.562768972985301819e+00 3.513618894498947487e+00 3.462359956180865783e+00 3.409428536715667590e+00 3.355272219576266313e+00 3.300346301471776655e+00 3.245110245155780948e+00 3.190024103747580053e+00 3.135544943929629458e+00 3.082123295386571371e+00 3.030199653644852109e+00 2.980201063058519395e+00 2.932537806069696273e+00 2.887600224055939524e+00 2.845755694067610531e+00 2.807345784564093449e+00 2.772683611887384103e+00 2.742051417675600344e+00 2.715698385729104825e+00 2.693838715011042328e+00 2.676649963506084529e+00 2.664271675591022959e+00 2.656804303404332490e+00 2.654308430455321055e+00 2.656804303404332490e+00 2.664271675591022959e+00 2.676649963506084529e+00 2.693838715011042328e+00 2.715698385729104825e+00 2.742051417675600344e+00 2.772683611887384103e+00 2.807345784564093449e+00 2.845755694067610531e+00 2.887600224055939524e+00 2.932537806069696273e+00 2.980201063058519395e+00 3.030199653644852109e+00 3.082123295386571371e+00 3.135544943929629458e+00 3.190024103747580053e+00 3.245110245155780948e+00 3.300346301471776655e+00 3.355272219576266313e+00 3.409428536715667590e+00 3.462359956180865783e+00 3.513618894498947487e+00 3.562768972985301819e+00 3.609388426921174453e+00 3.653073406243115162e+00 3.693441142451217019e+00 3.730132957456344212e+00 3.762817091284941018e+00 3.791191326934441719e+00 3.814985392212243642e+00 3.833963120085064791e+00 3.847924350900246537e+00 3.856706561802391686e+00 3.860186210742543533e+00 3.858279784647280497e+00 3.850944543565096634e+00 3.838178954919968078e+00 3.820022814359763430e+00 3.796557052071896976e+00 3.767903225832483383e+00 3.734222704439702500e+00 3.695715547539339951e+00 3.652619090162182669e+00 3.605206242541955763e+00 3.553783517951230042e+00 3.498688803365119782e+00 3.440288889722483479e+00 3.378976780387084933e+00 3.315168798102675396e+00 3.249301512273348180e+00 3.181828509772178126e+00 3.113217033676493273e+00 3.043944515338203871e+00 2.974495026014551513e+00 2.905355674902403873e+00 2.837012980832914533e+00 2.769949245089982526e+00 2.704638952813787522e+00 2.641545230239825681e+00 2.581116384605876224e+00 2.523782552937359647e+00 2.469952485100378237e+00 2.420010485497470665e+00 2.374313536581664330e+00 2.333188625988646070e+00 2.296930297545471511e+00 2.265798444718783333e+00 2.240016363228883645e+00 2.219769077592280926e+00 2.205201954279325527e+00 2.196419612001073940e+00 2.193485137387142903e+00 2.196419612001073940e+00 2.205201954279325527e+00 2.219769077592280926e+00 2.240016363228883645e+00 2.265798444718783333e+00 2.296930297545471511e+00 2.333188625988646070e+00 2.374313536581664330e+00 2.420010485497470665e+00 2.469952485100378237e+00 2.523782552937359647e+00 2.581116384605876224e+00 2.641545230239825681e+00 2.704638952813787522e+00 2.769949245089982526e+00 2.837012980832914533e+00 2.905355674902403873e+00 2.974495026014551513e+00 3.043944515338203871e+00 3.113217033676493273e+00 3.181828509772178126e+00 3.249301512273348180e+00 3.315168798102675396e+00 3.378976780387084933e+00 3.440288889722483479e+00 3.498688803365119782e+00 3.553783517951230042e+00 3.605206242541955763e+00
3.582990671733206955e+00 3.627848486237989167e+00 3.668367794013446925e+00 3.704298221355994958e+00 3.735424941429982937e+00 3.761570197632828627e+00 3.782594543860351877e+00 3.798397792447403276e+00 3.808919662785154703e+00 3.814140125895388866e+00 3.814079442556815192e+00 3.808797894910774584e+00 3.798395213806395443e+00 3.783009706460204402e+00 3.762817091284941018e+00 3.738029048969531143e+00 3.708891501049814465e+00 3.675682629281265879e+00 3.638710651095090398e+00 3.598311368272170796e+00 3.554845507692058870e+00 3.508695874592660857e+00 3.460264340199054711e+00 3.409968686835844309e+00 3.358239334717145752e+00 3.305515975503558135e+00 3.252244138419424502e+00 3.198871715230945600e+00 3.145845470692627988e+00 3.093607565173506213e+00 3.042592116075063302e+00 2.993221824350403626e+00 2.945904691931349628e+00 2.901030855170644518e+00 2.858969558515575660e+00 2.820066291553996241e+00 2.784640111321998290e+00 2.752981170344097617e+00 2.725348469302244059e+00 2.701967851511685392e+00 2.683030254532299708e+00 2.668690232278075225e+00 2.659064758919408522e+00 2.654232323719070585e+00 2.654232323719070585e+00 2.659064758919408522e+00 2.668690232278075225e+00 2.683030254532299708e+00 2.701967851511685392e+00 2.725348469302244059e+00 2.752981170344097617e+00 2.784640111321998290e+00 2.820066291553996241e+00 2.858969558515575660e+00 2.901030855170644518e+00 2.945904691931349628e+00 2.993221824350403626e+00 3.042592116075063302e+00 3.093607565173506213e+00 3.145845470692627988e+00 3.198871715230945600e+00 3.252244138419424502e+00 3.305515975503558135e+00 3.358239334717145752e+00 3.409968686835844309e+00 3.460264340199054711e+00 3.508695874592660857e+00 3.554845507692058870e+00 3.598311368272170796e+00 3.638710651095090398e+00 3.675682629281265879e+00 3.708891501049814465e+00 3.738029048969531143e+00 3.762817091284941018e+00 3.783009706460204402e+00 3.798395213806395443e+00 3.808797894910774584e+00 3.814079442556815192e+00 3.814140125895388866e+00 3.808919662785154703e+00 3.798397792447403276e+00 3.782594543860351877e+00 3.761570197632828627e+00 3.735424941429982937e+00 3.704298221355994958e+00 3.668367794013446925e+00 3.627848486237989167e+00 3.582990671733206955e+00 3.534078475986989432e+00 3.481427722920875656e+00 3.425383638692114818e+00 3.366318329919434138e+00 3.304628055323688418e+00 3.240730311350669357e+00 3.175060753763240928e+00 3.108069978442902670e+00 3.040220185717301238e+00 2.971981753421959027e+00 2.903829744604648599e+00 2.836240376284199005e+00 2.769687475978214852e+00 2.704638952813787522e+00 2.641553309931197635e+00 2.580876224583439793e+00 2.523037221826637033e+00 2.468446466991741861e+00 2.417491701231872625e+00 2.370535343358791902e+00 2.327911779924852542e+00 2.289924864082564238e+00 2.256845642173694433e+00 2.228910325275516247e+00 2.206318521076534811e+00 2.189231739481872108e+00 2.177772183274442774e+00 2.172021832997964363e+00 2.172021832997964363e+00 2.177772183274442774e+00 2.189231739481872108e+00 2.206318521076534811e+00 2.228910325275516247e+00 2.256845642173694433e+00 2.289924864082564238e+00 2.327911779924852542e+00 2.370535343358791902e+00 2.417491701231872625e+00 2.468446466991741861e+00 2.523037221826637033e+00 2.580876224583439793e+00 2.641553309931197635e+00 2.704638952813787522e+00 2.769687475978214852e+00 2.836240376284199005e+00 2.903829744604648599e+00 2.971981753421959027e+00 3.040220185717301238e+00 3.108069978442902670e+00 3.175060753763240928e+00 3.240730311350669357e+00 3.304628055323688418e+00 3.366318329919434138e+00 3.425383638692114818e+00 3.481427722920875656e+00 3.534078475986989432e+00
3.511713814547274382e+00 3.558046141374287430e+00 3.600299572088560662e+00 3.638212490731298931e+00 3.671557020496161172e+00 3.700140642533124247e+00 3.723807544534315728e+00 3.742439689060216068e+00 3.755957593699263963e+00 3.764320817348387305e+00 3.767528149139321325e+00 3.765617498799179064e+00 3.758665489505901736e+00 3.746786756563045273e+00 3.730132957456344212e+00 3.708891501049814465e+00 3.683284005814910333e+00 3.653564499046378700e+00 3.620017370987091088e+00 3.582955099646538244e+00 3.542715763839362708e+00 3.499660363578371847e+00 3.454169968418396408e+00 3.406642715652267839e+00 3.357490681397857113e+00 3.307136648577317484e+00 3.256010796568622911e+00 3.204547337899654291e+00 3.153181127751756296e+00 3.102344272239973222e+00 3.052462761439484140e+00 3.003953152932135495e+00 2.957219331254960171e+00 2.912649368047031118e+00 2.870612506916543349e+00 2.831456296092544900e+00 2.795503890792366164e+00 2.763051545935493181e+00 2.734366318376958205e+00 2.709683996229682368e+00 2.689207271107601382e+00 2.673104167263240516e+00 2.661506739628747287e+00 2.654510050713202673e+00 2.652171434177094334e+00 2.654510050713202673e+00 2.661506739628747287e+00 2.673104167263240516e+00 2.689207271107601382e+00 2.709683996229682368e+00 2.734366318376958205e+00 2.763051545935493181e+00 2.795503890792366164e+00 2.831456296092544900e+00 2.870612506916543349e+00 2.912649368047031118e+00 2.957219331254960171e+00 3.003953152932135495e+00 3.052462761439484140e+00 3.102344272239973222e+00 3.153181127751756296e+00 3.204547337899654291e+00 3.256010796568622911e+00 3.307136648577317484e+00 3.357490681397857113e+00 3.406642715652267839e+00 3.454169968418396408e+00 3.499660363578371847e+00 3.542715763839362708e+00 3.582955099646538244e+00 3.620017370987091088e+00 3.653564499046378700e+00 3.683284005814910333e+00 3.708891501049814465e+00 3.730132957456344212e+00 3.746786756563045273e+00 3.758665489505901736e+00 3.765617498799179064e+00 3.767528149139321325e+00 3.764320817348387305e+00 3.755957593699263963e+00 3.742439689060216068e+00 3.723807544534315728e+00 3.700140642533124247e+00 3.671557020496161172e+00 3.638212490731298931e+00 3.600299572088560662e+00 3.558046141374287430e+00 3.511713814547274382e+00 3.461596069797124642e+00 3.408016126572065208e+00 3.351324596483847618e+00 3.291896923756795434e+00 3.230130634493634023e+00 3.166442415489873152e+00 3.101265044630321821e+00 3.035044196035808994e+00 2.968235144086714516e+00 2.901299391225167223e+00 2.834701245023893534e+00 2.768904370402157866e+00 2.704368343065016944e+00 2.641545230239825681e+00 2.580876224583439793e+00 2.522788356736460624e+00 2.467691311410164179e+00 2.415974371111881513e+00 2.368003510651533805e+00 2.324118664433028059e+00 2.284631187227986526e+00 2.249821527665718524e+00 2.219937132063555030e+00 2.195190594477917756e+00 2.175758066992039108e+00 2.161777942285197707e+00 2.153349818465776000e+00 2.150533754011959342e+00 2.153349818465776000e+00 2.161777942285197707e+00 2.175758066992039108e+00 2.195190594477917756e+00 2.219937132063555030e+00 2.249821527665718524e+00 2.284631187227986526e+00 2.324118664433028059e+00 2.368003510651533805e+00 2.415974371111881513e+00 2.467691311410164179e+00 2.522788356736460624e+00 2.580876224583439793e+00 2.641545230239825681e+00 2.704368343065016944e+00 2.768904370402157866e+00 2.834701245023893534e+00 2.901299391225167223e+00 2.968235144086714516e+00 3.035044196035808994e+00 3.101265044630321821e+00 3.166442415489873152e+00 3.230130634493634023e+00 3.291896923756795434e+00 3.351324596483847618e+00 3.408016126572065208e+00 3.461596069797124642e+00
3.439330978525713789e+00 3.486843533062386147e+00 3.530543750688389437e+00 3.570160631354009961e+00 3.605455040041164239e+00 3.636221407994019827e+00 3.662289177215420022e+00 3.683523977464021826e+00 3.699828527024925151e+00 3.711143250630384305e+00 3.717446610060928691e+00 3.718755145144589935e+00 3.715123225076184088e+00 3.706642512183019988e+00 3.693441142451217019e+00 3.675682629281265879e+00 3.653564499046378700e+00 3.627316669066267707e+00 3.597199580566991628e+00 3.563502101059284666e+00 3.526539212319448335e+00 3.486649501784830463e+00 3.444192476667936820e+00 3.399545721437940760e+00 3.353101920505517253e+00 3.305265768967506457e+00 3.256450795114158581e+00 3.207076119067256759e+00 3.157563172397059859e+00 3.108332403856275405e+00 3.059799996467885919e+00 3.012374621109829231e+00 2.966454251454121671e+00 2.922423064643108415e+00 2.880648451424769885e+00 2.841478158627482653e+00 2.805237585838698866e+00 2.772227256969537645e+00 2.742720486047040662e+00 2.716961255088418792e+00 2.695162320287922686e+00 2.677503560999806353e+00 2.664130584143145075e+00 2.655153594700494057e+00 2.650646540947193763e+00 2.650646540947193763e+00 2.655153594700494057e+00 2.664130584143145075e+00 2.677503560999806353e+00 2.695162320287922686e+00 2.716961255088418792e+00 2.742720486047040662e+00 2.772227256969537645e+00 2.805237585838698866e+00 2.841478158627482653e+00 2.880648451424769885e+00 2.922423064643108415e+00 2.966454251454121671e+00 3.012374621109829231e+00 3.059799996467885919e+00 3.108332403856275405e+00 3.157563172397059859e+00 3.207076119067256759e+00 3.256450795114158581e+00 3.305265768967506457e+00 3.353101920505517253e+00 3.399545721437940760e+00 3.444192476667936820e+00 3.486649501784830463e+00 3.526539212319448335e+00 3.563502101059284666e+00 3.597199580566991628e+00 3.627316669066267707e+00 3.653564499046378700e+00 3.675682629281265879e+00 3.693441142451217019e+00 3.706642512183019988e+00 3.715123225076184088e+00 3.718755145144589935e+00 3.717446610060928691e+00 3.711143250630384305e+00 3.699828527024925151e+00 3.683523977464021826e+00 3.662289177215420022e+00 3.636221407994019827e+00 3.605455040041164239e+00 3.570160631354009961e+00 3.530543750688389437e+00 3.486843533062386147e+00 3.439330978525713789e+00 3.388307006916225550e+00 3.334100283184927349e+00 3.277064829620173203e+00 3.217577442927302300e+00 3.156034935609247416e+00 3.092851222435298197e+00 3.028454273969149124e+00 2.963282960144358658e+00 2.897783807717859705e+00 2.832407696093615979e+00 2.767606516483966939e+00 2.703829819661949685e+00 2.641521477651765260e+00 2.581116384605876224e+00 2.523037221826637033e+00 2.467691311410164179e+00 2.415467582323910012e+00 2.366733671882191192e+00 2.321833184562209773e+00 2.281083128914588976e+00 2.244771551976194157e+00 2.213155389099243475e+00 2.186458545480783666e+00 2.164870223922882086e+00 2.148543511489734659e+00 2.137594235767446893e+00 2.132100099390390913e+00 2.132100099390390913e+00 2.137594235767446893e+00 2.148543511489734659e+00 2.164870223922882086e+00 2.186458545480783666e+00 2.213155389099243475e+00 2.244771551976194157e+00 2.281083128914588976e+00 2.321833184562209773e+00 2.366733671882191192e+00 2.415467582323910012e+00 2.467691311410164179e+00 2.523037221826637033e+00 2.581116384605876224e+00 2.641521477651765260e+00 2.703829819661949685e+00 2.767606516483966939e+00 2.832407696093615979e+00 2.897783807717859705e+00 2.963282960144358658e+00 3.028454273969149124e+00 3.092851222435298197e+00 3.156034935609247416e+00 3.217577442927302300e+00 3.277064829620173203e+00 3.334100283184927349e+00 3.388307006916225550e+00
3.366393040756598509e+00 3.414786208078158580e+00 3.459638632819335147e+00 3.500671837291847055e+00 3.537637281532072020e+00 3.570318133493262991e+00 3.598530796494056272e+00 3.622126182532215299e+00 3.640990722008850877e+00 3.655047102416371985e+00 3.664254730607407140e+00 3.668609915366719765e+00 3.668145769137097556e+00 3.662931829887757562e+00 3.653073406243115162e+00 3.638710651095090398e+00 3.620017370987091088e+00 3.597199580566991628e+00 3.570493813344280287e+00 3.540165201838525011e+00 3.506505341958234379e+00 3.469829958087715216e+00 3.430476386872243211e+00 3.388800899067271999e+00 3.345175880044951366e+00 3.299986890621702695e+00 3.253629630775789483e+00 3.206506829556838856e+00 3.159025085044648407e+00 3.111591678587975363e+00 3.064611387742684823e+00 3.018483322331105168e+00 2.973597807860727027e+00 2.930333340171903611e+00 2.889053634633805157e+00 2.850104792479695615e+00 2.813812605972243031e+00 2.780480023023921721e+00 2.750384790674676783e+00 2.723777295458329917e+00 2.700878617181030616e+00 2.681878811001013219e+00 2.666935430951414165e+00 2.656172306200200506e+00 2.649678579407558132e+00 2.647508014536027687e+00 2.649678579407558132e+00 2.656172306200200506e+00 2.666935430951414165e+00 2.681878811001013219e+00 2.700878617181030616e+00 2.723777295458329917e+00 2.750384790674676783e+00 2.780480023023921721e+00 2.813812605972243031e+00 2.850104792479695615e+00 2.889053634633805157e+00 2.930333340171903611e+00 2.973597807860727027e+00 3.018483322331105168e+00 3.064611387742684823e+00 3.111591678587975363e+00 3.159025085044648407e+00 3.206506829556838856e+00 3.253629630775789483e+00 3.299986890621702695e+00 3.345175880044951366e+00 3.388800899067271999e+00 3.430476386872243211e+00 3.469829958087715216e+00 3.506505341958234379e+00 3.540165201838525011e+00 3.570493813344280287e+00 3.597199580566991628e+00 3.620017370987091088e+00 3.638710651095090398e+00 3.653073406243115162e+00 3.662931829887757562e+00 3.668145769137097556e+00 3.668609915366719765e+00 3.664254730607407140e+00 3.655047102416371985e+00 3.640990722008850877e+00 3.622126182532215299e+00 3.598530796494056272e+00 3.570318133493262991e+00 3.537637281532072020e+00 3.500671837291847055e+00 3.459638632819335147e+00 3.414786208078158580e+00 3.366393040756598509e+00 3.314765546572944199e+00 3.260235865069434524e+00 3.203159447521993997e+00 3.143912465103025244e+00 3.082889056806871864e+00 3.020498437872003894e+00 2.957161890500845214e+00 2.893309659579650361e+00 2.829377776829838709e+00 2.765804837373266878e+00 2.703028753062832745e+00 2.641483507113715934e+00 2.581595934568106099e+00 2.523782552937359647e+00 2.468446466991741861e+00 2.415974371111881513e+00 2.366733671882191192e+00 2.321069752700234634e+00 2.279303401104284088e+00 2.241728418292252556e+00 2.208609428928086871e+00 2.180179907817135998e+00 2.156640438391322245e+00 2.138157216190785359e+00 2.124860808674220447e+00 2.116845180749538979e+00 2.114166993404585693e+00 2.116845180749538979e+00 2.124860808674220447e+00 2.138157216190785359e+00 2.156640438391322245e+00 2.180179907817135998e+00 2.208609428928086871e+00 2.241728418292252556e+00 2.279303401104284088e+00 2.321069752700234634e+00 2.366733671882191192e+00 2.415974371111881513e+00 2.468446466991741861e+00 2.523782552937359647e+00 2.581595934568106099e+00 2.641483507113715934e+00 2.703028753062832745e+00 2.765804837373266878e+00 2.829377776829838709e+00 2.893309659579650361e+00 2.957161890500845214e+00 3.020498437872003894e+00 3.082889056806871864e+00 3.143912465103025244e+00 3.203159447521993997e+00 3.260235865069434524e+00 3.314765546572944199e+00
3.293455102987481897e+00 3.342426080967154434e+00 3.388131001537281861e+00 3.430285850329285235e+00 3.468634583752896017e+00 3.502950954329554722e+00 3.533040107680866182e+00 3.558739939255735951e+00 3.579922200711040947e+00 3.596493347767915072e+00 3.608395123335047305e+00 3.615604871706191048e+00 3.618135581686594549e+00 3.616035658566238542e+00 3.609388426921174453e+00 3.598311368272170796e+00 3.582955099646538244e+00 3.563502101059284666e+00 3.540165201838525011e+00 3.513185837552883939e+00 3.482832091041423883e+00 3.449396532686343608e+00 3.413193876592680809e+00 3.374558470735937288e+00 3.333841640397457784e+00 3.291408905318767619e+00 3.247637091961587785e+00 3.202911363052573623e+00 3.157622187215010090e+00 3.112162271938942126e+00 3.066923483413134921e+00 3.022293776834852341e+00 2.978654160725933142e+00 2.936375718516738065e+00 2.895816710215364242e+00 2.857319776361341379e+00 2.821209265675634459e+00 2.787788706868246535e+00 2.757338443958104346e+00 2.730113453205910812e+00 2.706341358368597572e+00 2.686220659464694460e+00 2.669919188604739535e+00 2.657572804702561964e+00 2.649284337054681249e+00 2.645122785870614113e+00 2.645122785870614113e+00 2.649284337054681249e+00 2.657572804702561964e+00 2.669919188604739535e+00 2.686220659464694460e+00 2.706341358368597572e+00 2.730113453205910812e+00 2.757338443958104346e+00 2.787788706868246535e+00 2.821209265675634459e+00 2.857319776361341379e+00 2.895816710215364242e+00 2.936375718516738065e+00 2.978654160725933142e+00 3.022293776834852341e+00 3.066923483413134921e+00 3.112162271938942126e+00 3.157622187215010090e+00 3.202911363052573623e+00 3.247637091961587785e+00 3.291408905318767619e+00 3.333841640397457784e+00 3.374558470735937288e+00 3.413193876592680809e+00 3.449396532686343608e+00 3.482832091041423883e+00 3.513185837552883939e+00 3.540165201838525011e+00 3.563502101059284666e+00 3.582955099646538244e+00 3.598311368272170796e+00 3.609388426921174453e+00 3.616035658566238542e+00 3.618135581686594549e+00 3.615604871706191048e+00 3.608395123335047305e+00 3.596493347767915072e+00 3.579922200711040947e+00 3.558739939255735951e+00 3.533040107680866182e+00 3.502950954329554722e+00 3.468634583752896017e+00 3.430285850329285235e+00 3.388131001537281861e+00 3.342426080967154434e+00 3.293455102987481897e+00 3.241528012723913665e+00 3.186978446644629148e+00 3.130161310568413402e+00 3.071450193305063081e+00 3.011234635393613246e+00 2.949917273511761806e+00 2.887910882081682118e+00 2.825635334385773856e+00 2.763514506124851611e+00 2.701973144795997595e+00 2.641433728534544834e+00 2.582313338152286253e+00 2.525020566011276557e+00 2.469952485100378237e+00 2.417491701231872625e+00 2.368003510651533805e+00 2.321833184562209773e+00 2.279303401104284088e+00 2.240711844223541416e+00 2.206328987596476221e+00 2.176396080384545684e+00 2.151123350062786432e+00 2.130688435926365809e+00 2.115235065133317161e+00 2.104871981306298157e+00 2.099672133804633578e+00 2.099672133804633578e+00 2.104871981306298157e+00 2.115235065133317161e+00 2.130688435926365809e+00 2.151123350062786432e+00 2.176396080384545684e+00 2.206328987596476221e+00 2.240711844223541416e+00 2.279303401104284088e+00 2.321833184562209773e+00 2.368003510651533805e+00 2.417491701231872625e+00 2.469952485100378237e+00 2.525020566011276557e+00 2.582313338152286253e+00 2.641433728534544834e+00 2.701973144795997595e+00 2.763514506124851611e+00 2.825635334385773856e+00 2.887910882081682118e+00 2.949917273511761806e+00 3.011234635393613246e+00 3.071450193305063081e+00 3.130161310568413402e+00 3.186978446644629148e+00 3.241528012723913665e+00
3.221072266965919528e+00 3.270317226951059197e+00 3.316571944983582210e+00 3.359548831476756092e+00 3.398986274809680186e+00 3.434650507726801916e+00 3.466337260098339978e+00 3.493873185703645579e+00 3.517117052422131795e+00 3.535960687019429560e+00 3.550329667585986559e+00 3.560183758607242677e+00 3.565517085604238634e+00 3.566358048266008662e+00 3.562768972985301819e+00 3.554845507692058870e+00 3.542715763839362708e+00 3.526539212319448335e+00 3.506505341958234379e+00 3.482832091041423883e+00 3.455764064049643647e+00 3.425570547411661337e+00 3.392543339610407216e+00 3.356994412385355009e+00 3.319253421055601283e+00 3.279665083131221071e+00 3.238586445377416467e+00 3.196384060339078292e+00 3.153431094016127645e+00 3.110104386897332152e+00 3.066781490908313756e+00 3.023837705005268717e+00 2.981643132148599662e+00 2.940559780219832664e+00 2.900938729102409130e+00 2.863117385634699641e+00 2.827416847465897387e+00 2.794139396007418341e+00 2.763566137680420365e+00 2.735954811521809305e+00 2.711537779935069281e+00 2.690520217968288108e+00 2.673078514980630871e+00 2.659358900931609870e+00 2.649476307807498099e+00 2.643513474898967264e+00 2.641520304777464023e+00 2.643513474898967264e+00 2.649476307807498099e+00 2.659358900931609870e+00 2.673078514980630871e+00 2.690520217968288108e+00 2.711537779935069281e+00 2.735954811521809305e+00 2.763566137680420365e+00 2.794139396007418341e+00 2.827416847465897387e+00 2.863117385634699641e+00 2.900938729102409130e+00 2.940559780219832664e+00 2.981643132148599662e+00 3.023837705005268717e+00 3.066781490908313756e+00 3.110104386897332152e+00 3.153431094016127645e+00 3.196384060339078292e+00 3.238586445377416467e+00 3.279665083131221071e+00 3.319253421055601283e+00 3.356994412385355009e+00 3.392543339610407216e+00 3.425570547411661337e+00 3.455764064049643647e+00 3.482832091041423883e+00 3.506505341958234379e+00 3.526539212319448335e+00 3.542715763839362708e+00 3.554845507692058870e+00 3.562768972985301819e+00 3.566358048266008662e+00 3.565517085604238634e+00 3.560183758607242677e+00 3.550329667585986559e+00 3.535960687019429560e+00 3.517117052422131795e+00 3.493873185703645579e+00 3.466337260098339978e+00 3.434650507726801916e+00 3.398986274809680186e+00 3.359548831476756092e+00 3.316571944983582210e+00 3.270317226951059197e+00 3.221072266965919528e+00 3.169148566509336629e+00 3.114879288704202054e+00 3.058616840777561574e+00 3.000730307412448727e+00 2.941602754303197287e+00 2.881628422221652830e+00 2.821209832740822154e+00 2.760754827441118220e+00 2.700673562937256467e+00 2.641375484407106011e+00 2.583266300474801991e+00 2.526744982297838948e+00 2.472200809531738930e+00 2.420010485497470665e+00 2.370535343358791902e+00 2.324118664433028059e+00 2.281083128914588976e+00 2.241728418292252556e+00 2.206328987596476221e+00 2.175132024330376002e+00 2.148355609527340615e+00 2.126187094850216841e+00 2.108781708013223177e+00 2.096261397080620537e+00 2.088713922388850008e+00 2.086192202965051923e+00 2.088713922388850008e+00 2.096261397080620537e+00 2.108781708013223177e+00 2.126187094850216841e+00 2.148355609527340615e+00 2.175132024330376002e+00 2.206328987596476221e+00 2.241728418292252556e+00 2.281083128914588976e+00 2.324118664433028059e+00 2.370535343358791902e+00 2.420010485497470665e+00 2.472200809531738930e+00 2.526744982297838948e+00 2.583266300474801991e+00 2.641375484407106011e+00 2.700673562937256467e+00 2.760754827441118220e+00 2.821209832740822154e+00 2.881628422221652830e+00 2.941602754303197287e+00 3.000730307412448727e+00 3.058616840777561574e+00 3.114879288704202054e+00 3.169148566509336629e+00
3.149795409779987398e+00 3.199011658663866609e+00 3.245512649190521959e+00 3.289009184404105834e+00 3.329236040533320562e+00 3.365953860229246697e+00 3.398950847074428960e+00 3.428044248708989272e+00 3.453081617531441605e+00 3.473941839627233019e+00 3.490535924344200680e+00 3.502807548757362444e+00 3.510733353132177381e+00 3.514322985391119758e+00 3.513618894498947487e+00 3.508695874592660857e+00 3.499660363578371847e+00 3.486649501784830463e+00 3.469829958087715216e+00 3.449396532686343608e+00 3.425570547411661337e+00 3.398598036058261496e+00 3.368747748751537596e+00 3.336308985772453273e+00 3.301589277555775137e+00 3.264911928743498226e+00 3.226613445204500774e+00 3.187040863816345659e+00 3.146549005539114319e+00 3.105497672888369198e+00 3.064248813330539889e+00 3.023163670376144641e+00 2.982599944232181333e+00 2.942908983794255917e+00 2.904433031512258623e+00 2.867502542252256870e+00 2.832433596705282053e+00 2.799525429164867685e+00 2.769058088615322877e+00 2.741290251048475124e+00 2.716457199765686337e+00 2.694768989133423887e+00 2.676408805854066042e+00 2.661531540300000831e+00 2.650262578849694517e+00 2.642696826471718552e+00 2.638897967039522729e+00 2.638897967039522729e+00 2.642696826471718552e+00 2.650262578849694517e+00 2.661531540300000831e+00 2.676408805854066042e+00 2.694768989133423887e+00 2.716457199765686337e+00 2.741290251048475124e+00 2.769058088615322877e+00 2.799525429164867685e+00 2.832433596705282053e+00 2.867502542252256870e+00 2.904433031512258623e+00 2.942908983794255917e+00 2.982599944232181333e+00 3.023163670376144641e+00 3.064248813330539889e+00 3.105497672888369198e+00 3.146549005539114319e+00 3.187040863816345659e+00 3.226613445204500774e+00 3.264911928743498226e+00 3.301589277555775137e+00 3.336308985772453273e+00 3.368747748751537596e+00 3.398598036058261496e+00 3.425570547411661337e+00 3.449396532686343608e+00 3.469829958087715216e+00 3.486649501784830463e+00 3.499660363578371847e+00 3.508695874592660857e+00 3.513618894498947487e+00 3.514322985391119758e+00 3.510733353132177381e+00 3.502807548757362444e+00 3.490535924344200680e+00 3.473941839627233019e+00 3.453081617531441605e+00 3.428044248708989272e+00 3.398950847074428960e+00 3.365953860229246697e+00 3.329236040533320562e+00 3.289009184404105834e+00 3.245512649190521959e+00 3.199011658663866609e+00 3.149795409779987398e+00 3.098174994882924693e+00 3.044481154928840194e+00 2.989061880599579890e+00 2.932279879337725603e+00 2.874509927360762607e+00 2.816136126593114852e+00 2.757549087184543168e+00 2.699143056856353695e+00 2.641313018728383089e+00 2.584451779526972803e+00 2.528947070154977439e+00 2.475178680518772101e+00 2.423515650254829623e+00 2.374313536581664330e+00 2.327911779924852542e+00 2.284631187227986526e+00 2.244771551976194157e+00 2.208609428928086871e+00 2.176396080384545684e+00 2.148355609527340615e+00 2.124683294947226742e+00 2.105544138960443679e+00 2.091071640696127165e+00 2.081366803237252316e+00 2.076497382327296304e+00 2.076497382327296304e+00 2.081366803237252316e+00 2.091071640696127165e+00 2.105544138960443679e+00 2.124683294947226742e+00 2.148355609527340615e+00 2.176396080384545684e+00 2.208609428928086871e+00 2.244771551976194157e+00 2.284631187227986526e+00 2.327911779924852542e+00 2.374313536581664330e+00 2.423515650254829623e+00 2.475178680518772101e+00 2.528947070154977439e+00 2.584451779526972803e+00 2.641313018728383089e+00 2.699143056856353695e+00 2.757549087184543168e+00 2.816136126593114852e+00 2.874509927360762607e+00 2.932279879337725603e+00 2.989061880599579890e+00 3.044481154928840194e+00 3.098174994882924693e+00
3.080166991351012573e+00 3.129055118871612251e+00 3.175500190700425662e+00 3.219213362622517227e+00 3.259927760775370942e+00 3.297400387447484871e+00 3.331413843159308996e+00 3.361777852162765257e+00 3.388330579994959013e+00 3.410939733307274846e+00 3.429503433850426219e+00 3.443950860216773879e+00 3.454242652710218575e+00 3.460371078517674448e+00 3.462359956180865783e+00 3.460264340199054711e+00 3.454169968418396408e+00 3.444192476667936820e+00 3.430476386872243211e+00 3.413193876592680809e+00 3.392543339610407216e+00 3.368747748751537596e+00 3.342052833656662614e+00 3.312725087601466445e+00 3.281049618771902487e+00 3.247327862576534940e+00 3.211875172631025066e+00 3.175018308967559211e+00 3.137092842798223202e+00 3.098440497789958670e+00 3.059406448285150404e+00 3.020336595222384179e+00 2.981574840674098059e+00 2.943460381920443680e+00 2.906325045821817721e+00 2.870490683937242604e+00 2.836266648364590193e+00 2.803947367655196476e+00 2.773810041384360048e+00 2.746112471046469494e+00 2.721091043896160411e+00 2.698958885182701994e+00 2.679904192932987872e+00 2.664088768038647359e+00 2.651646750905836125e+00 2.642683574343349218e+00 2.637275140708146726e+00 2.635467229609611106e+00 2.637275140708146726e+00 2.642683574343349218e+00 2.651646750905836125e+00 2.664088768038647359e+00 2.679904192932987872e+00 2.698958885182701994e+00 2.721091043896160411e+00 2.746112471046469494e+00 2.773810041384360048e+00 2.803947367655196476e+00 2.836266648364590193e+00 2.870490683937242604e+00 2.906325045821817721e+00 2.943460381920443680e+00 2.981574840674098059e+00 3.020336595222384179e+00 3.059406448285150404e+00 3.098440497789958670e+00 3.137092842798223202e+00 3.175018308967559211e+00 3.211875172631025066e+00 3.247327862576534940e+00 3.281049618771902487e+00 3.312725087601466445e+00 3.342052833656662614e+00 3.368747748751537596e+00 3.392543339610407216e+00 3.413193876592680809e+00 3.430476386872243211e+00 3.444192476667936820e+00 3.454169968418396408e+00 3.460264340199054711e+00 3.462359956180865783e+00 3.460371078517674448e+00 3.454242652710218575e+00 3.443950860216773879e+00 3.429503433850426219e+00 3.410939733307274846e+00 3.388330579994959013e+00 3.361777852162765257e+00 3.331413843159308996e+00 3.297400387447484871e+00 3.259927760775370942e+00 3.219213362622517227e+00 3.175500190700425662e+00 3.129055118871612251e+00 3.080166991351012573e+00 3.029144547455536074e+00 2.976314192461524399e+00 2.922017631305720453e+00 2.866609382914421911e+00 2.810454193859518668e+00 2.753924370812323108e+00 2.697397051890496389e+00 2.641251437465214291e+00 2.585866001311448059e+00 2.531615703141365525e+00 2.478869223558211932e+00 2.427986242305667286e+00 2.379314780366665438e+00 2.333188625988646070e+00 2.289924864082564238e+00 2.249821527665718524e+00 2.213155389099243475e+00 2.180179907817135998e+00 2.151123350062786432e+00 2.126187094850216841e+00 2.105544138960443679e+00 2.089337812279250972e+00 2.077680713192611162e+00 2.070653872092117709e+00 2.068306149317749476e+00 2.070653872092117709e+00 2.077680713192611162e+00 2.089337812279250972e+00 2.105544138960443679e+00 2.126187094850216841e+00 2.151123350062786432e+00 2.180179907817135998e+00 2.213155389099243475e+00 2.249821527665718524e+00 2.289924864082564238e+00 2.333188625988646070e+00 2.379314780366665438e+00 2.427986242305667286e+00 2.478869223558211932e+00 2.531615703141365525e+00 2.585866001311448059e+00 2.641251437465214291e+00 2.697397051890496389e+00 2.753924370812323108e+00 2.810454193859518668e+00 2.866609382914421911e+00 2.922017631305720453e+00 2.976314192461524399e+00 3.029144547455536074e+00
3.012716925986028471e+00 3.060982921207260343e+00 3.107073361042978821e+00 3.150701692361185025e+00 3.191601345334549311e+00 3.229527637575472454e+00 3.264259509561478811e+00 3.295601078384616134e+00 3.323382998244735820e+00 3.347463617580541229e+00 3.367729924282602649e+00 3.384098272047554090e+00 3.396514882600090157e+00 3.404956120216311444e+00 3.409428536715667590e+00 3.409968686835844309e+00 3.406642715652267839e+00 3.399545721437940760e+00 3.388800899067271999e+00 3.374558470735937288e+00 3.356994412385355009e+00 3.336308985772453273e+00 3.312725087601466445e+00 3.286486428523145431e+00 3.257855556097517091e+00 3.227111736999374703e+00 3.194548714811920931e+00 3.160472360695502303e+00 3.125198235027824012e+00 3.089049078783347113e+00 3.052352253947720584e+00 3.015437152643932972e+00 2.978632594877584694e+00 2.942264234887623786e+00 2.906651996015201522e+00 2.872107553777932143e+00 2.838931886461178333e+00 2.807412912015114781e+00 2.777823229380186110e+00 2.750417981559218461e+00 2.725432856818041927e+00 2.703082243335246826e+00 2.683557551443526368e+00 2.667025716319205930e+00 2.653627892592605786e+00 2.643478350880492656e+00 2.636663584694254769e+00 2.633241634565346434e+00 2.633241634565346434e+00 2.636663584694254769e+00 2.643478350880492656e+00 2.653627892592605786e+00 2.667025716319205930e+00 2.683557551443526368e+00 2.703082243335246826e+00 2.725432856818041927e+00 2.750417981559218461e+00 2.777823229380186110e+00 2.807412912015114781e+00 2.838931886461178333e+00 2.872107553777932143e+00 2.906651996015201522e+00 2.942264234887623786e+00 2.978632594877584694e+00 3.015437152643932972e+00 3.052352253947720584e+00 3.089049078783347113e+00 3.125198235027824012e+00 3.160472360695502303e+00 3.194548714811920931e+00 3.227111736999374703e+00 3.257855556097517091e+00 3.286486428523145431e+00 3.312725087601466445e+00 3.336308985772453273e+00 3.356994412385355009e+00 3.374558470735937288e+00 3.388800899067271999e+00 3.399545721437940760e+00 3.406642715652267839e+00 3.409968686835844309e+00 3.409428536715667590e+00 3.404956120216311444e+00 3.396514882600090157e+00 3.384098272047554090e+00 3.367729924282602649e+00 3.347463617580541229e+00 3.323382998244735820e+00 3.295601078384616134e+00 3.264259509561478811e+00 3.229527637575472454e+00 3.191601345334549311e+00 3.150701692361185025e+00 3.107073361042978821e+00 3.060982921207260343e+00 3.012716925986028471e+00 2.962579853225610904e+00 2.910891907875469808e+00 2.857986701853512557e+00 2.804208828823194111e+00 2.749911352123229680e+00 2.695453224757986543e+00 2.641196660880258396e+00 2.587504478574326416e+00 2.534737433973031084e+00 2.483251566816256695e+00 2.433395577479268379e+00 2.385508255268252942e+00 2.339915977398961733e+00 2.296930297545471511e+00 2.256845642173694433e+00 2.219937132063555030e+00 2.186458545480783666e+00 2.156640438391322245e+00 2.130688435926365809e+00 2.108781708013223177e+00 2.091071640696127165e+00 2.077680713192611162e+00 2.068701589176143329e+00 2.064196429156323287e+00 2.064196429156323287e+00 2.068701589176143329e+00 2.077680713192611162e+00 2.091071640696127165e+00 2.108781708013223177e+00 2.130688435926365809e+00 2.156640438391322245e+00 2.186458545480783666e+00 2.219937132063555030e+00 2.256845642173694433e+00 2.296930297545471511e+00 2.339915977398961733e+00 2.385508255268252942e+00 2.433395577479268379e+00 2.483251566816256695e+00 2.534737433973031084e+00 2.587504478574326416e+00 2.641196660880258396e+00 2.695453224757986543e+00 2.749911352123229680e+00 2.804208828823194111e+00 2.857986701853512557e+00 2.910891907875469808e+00 2.962579853225610904e+00
2.947958549409924967e+00 2.995315870586360063e+00 3.040758554871731079e+00 3.084004242963972686e+00 3.124788601252242781e+00 3.162867210219692637e+00 3.198017299038176109e+00 3.230039313392626621e+00 3.258758304845908782e+00 3.284025131416488108e+00 3.305717460480944059e+00 3.323740566620200010e+00 3.338027918590909859e+00 3.348541551209742284e+00 3.355272219576266313e+00 3.358239334717145752e+00 3.357490681397857113e+00 3.353101920505517253e+00 3.345175880044951366e+00 3.333841640397457784e+00 3.319253421055601283e+00 3.301589277555775137e+00 3.281049618771902487e+00 3.257855556097517091e+00 3.232247097318916573e+00 3.204481199159952443e+00 3.174829693549773513e+00 3.143577103620766255e+00 3.111018366277569225e+00 3.077456478883018320e+00 3.043200088178056095e+00 3.008561039985392593e+00 2.973851908538017508e+00 2.939383524421131710e+00 2.905462520118742731e+00 2.872388912013909223e+00 2.840453737405618906e+00 2.809936764677706034e+00 2.781104294189306714e+00 2.754207066756460875e+00 2.729478295765960016e+00 2.707131838011692437e+00 2.687360517277811667e+00 2.670334613520263023e+00 2.656200529227338070e+00 2.645079643180837881e+00 2.637067360402396421e+00 2.632232365565458032e+00 2.630616085593944220e+00 2.632232365565458032e+00 2.637067360402396421e+00 2.645079643180837881e+00 2.656200529227338070e+00 2.670334613520263023e+00 2.687360517277811667e+00 2.707131838011692437e+00 2.729478295765960016e+00 2.754207066756460875e+00 2.781104294189306714e+00 2.809936764677706034e+00 2.840453737405618906e+00 2.872388912013909223e+00 2.905462520118742731e+00 2.939383524421131710e+00 2.973851908538017508e+00 3.008561039985392593e+00 3.043200088178056095e+00 3.077456478883018320e+00 3.111018366277569225e+00 3.143577103620766255e+00 3.174829693549773513e+00 3.204481199159952443e+00 3.232247097318916573e+00 3.257855556097517091e+00 3.281049618771902487e+00 3.301589277555775137e+00 3.319253421055601283e+00 3.333841640397457784e+00 3.345175880044951366e+00 3.353101920505517253e+00 3.357490681397857113e+00 3.358239334717145752e+00 3.355272219576266313e+00 3.348541551209742284e+00 3.338027918590909859e+00 3.323740566620200010e+00 3.305717460480944059e+00 3.284025131416488108e+00 3.258758304845908782e+00 3.230039313392626621e+00 3.198017299038176109e+00 3.162867210219692637e+00 3.124788601252242781e+00 3.084004242963972686e+00 3.040758554871731079e+00 2.995315870586360063e+00 2.947958549409924967e+00 2.898984948261974282e+00 2.848707269139665765e+00 2.797449298268981810e+00 2.745544053934212858e+00 2.693331360673837604e+00 2.641155368097805933e+00 2.589362033009474207e+00 2.538296583801924466e+00 2.488300986240844281e+00 2.439711429743542048e+00 2.392855853115887221e+00 2.348051528417264056e+00 2.305602721190141313e+00 2.265798444718783333e+00 2.228910325275516247e+00 2.195190594477917756e+00 2.164870223922882086e+00 2.138157216190785359e+00 2.115235065133317161e+00 2.096261397080620537e+00 2.081366803237252316e+00 2.070653872092117709e+00 2.064196429156323287e+00 2.062038989775959230e+00 2.064196429156323287e+00 2.070653872092117709e+00 2.081366803237252316e+00 2.096261397080620537e+00 2.115235065133317161e+00 2.138157216190785359e+00 2.164870223922882086e+00 2.195190594477917756e+00 2.228910325275516247e+00 2.265798444718783333e+00 2.305602721190141313e+00 2.348051528417264056e+00 2.392855853115887221e+00 2.439711429743542048e+00 2.488300986240844281e+00 2.538296583801924466e+00 2.589362033009474207e+00 2.641155368097805933e+00 2.693331360673837604e+00 2.745544053934212858e+00 2.797449298268981810e+00 2.848707269139665765e+00 2.898984948261974282e+00
2.886384711970622075e+00 2.932556294362108407e+00 2.977065753075118337e+00 3.019636776267951017e+00 3.060009162974488106e+00 3.097940681962340737e+00 3.133208791476182142e+00 3.165612207013616786e+00 3.194972305441526217e+00 3.221134355009935391e+00 3.243968562148630941e+00 3.263370927328750781e+00 3.279263903726894469e+00 3.291596853931795241e+00 3.300346301471776655e+00 3.305515975503558135e+00 3.307136648577317484e+00 3.305265768967506457e+00 3.299986890621702695e+00 3.291408905318767619e+00 3.279665083131221071e+00 3.264911928743498226e+00 3.247327862576534940e+00 3.227111736999374703e+00 3.204481199159952443e+00 3.179670913130571819e+00 3.152930655129721149e+00 3.124523296543015416e+00 3.094722690314499314e+00 3.063811477009327433e+00 3.032078827453858594e+00 2.999818139335409750e+00 2.967324705487301983e+00 2.934893371792994810e+00 2.902816202714403548e+00 2.871380172383460661e+00 2.840864898993016308e+00 2.811540439885032328e+00 2.783665164263025904e+00 2.757483719855759130e+00 2.733225109134606701e+00 2.711100889843528261e+00 2.691303513644444312e+00 2.674004815619589248e+00 2.659354666213799234e+00 2.647479795953026738e+00 2.638482801949643797e+00 2.632441343810852263e+00 2.629407535114115735e+00 2.629407535114115735e+00 2.632441343810852263e+00 2.638482801949643797e+00 2.647479795953026738e+00 2.659354666213799234e+00 2.674004815619589248e+00 2.691303513644444312e+00 2.711100889843528261e+00 2.733225109134606701e+00 2.757483719855759130e+00 2.783665164263025904e+00 2.811540439885032328e+00 2.840864898993016308e+00 2.871380172383460661e+00 2.902816202714403548e+00 2.934893371792994810e+00 2.967324705487301983e+00 2.999818139335409750e+00 3.032078827453858594e+00 3.063811477009327433e+00 3.094722690314499314e+00 3.124523296543015416e+00 3.152930655129721149e+00 3.179670913130571819e+00 3.204481199159952443e+00 3.227111736999374703e+00 3.247327862576534940e+00 3.264911928743498226e+00 3.279665083131221071e+00 3.291408905318767619e+00 3.299986890621702695e+00 3.305265768967506457e+00 3.307136648577317484e+00 3.305515975503558135e+00 3.300346301471776655e+00 3.291596853931795241e+00 3.279263903726894469e+00 3.263370927328750781e+00 3.243968562148630941e+00 3.221134355009935391e+00 3.194972305441526217e+00 3.165612207013616786e+00 3.133208791476182142e+00 3.097940681962340737e+00 3.060009162974488106e+00 3.019636776267951017e+00 2.977065753075118337e+00 2.932556294362108407e+00 2.886384711970622075e+00 2.838841444560875615e+00 2.790228963229251846e+00 2.740859582519330928e+00 2.691053193270706245e+00 2.641134934351075714e+00 2.591432820788785119e+00 2.542275346161793959e+00 2.493989077302305013e+00 2.446896259442458366e+00 2.401312449855071307e+00 2.357544197834919419e+00 2.315886788522035555e+00 2.276622067591610232e+00 2.240016363228883645e+00 2.206318521076534811e+00 2.175758066992039108e+00 2.148543511489734659e+00 2.124860808674220447e+00 2.104871981306298157e+00 2.088713922388850008e+00 2.076497382327296304e+00 2.068306149317749476e+00 2.064196429156323287e+00 2.064196429156323287e+00 2.068306149317749476e+00 2.076497382327296304e+00 2.088713922388850008e+00 2.104871981306298157e+00 2.124860808674220447e+00 2.148543511489734659e+00 2.175758066992039108e+00 2.206318521076534811e+00 2.240016363228883645e+00 2.276622067591610232e+00 2.315886788522035555e+00 2.357544197834919419e+00 2.401312449855071307e+00 2.446896259442458366e+00 2.493989077302305013e+00 2.542275346161793959e+00 2.591432820788785119e+00 2.641134934351075714e+00 2.691053193270706245e+00 2.740859582519330928e+00 2.790228963229251846e+00 2.838841444560875615e+00
2.828464027750335674e+00 2.873184214435021033e+00 2.916484631453343468e+00 2.958096805822835407e+00 2.997766516397095682e+00 3.035255609722005588e+00 3.070343691162266797e+00 3.102829678658725054e+00 3.132533207526751351e+00 3.159295875843267876e+00 3.182982321186639041e+00 3.203481120779903879e+00 3.220705508434308140e+00 3.234593903086214084e+00 3.245110245155780948e+00 3.252244138419424502e+00 3.256010796568622911e+00 3.256450795114158581e+00 3.253629630775789483e+00 3.247637091961587785e+00 3.238586445377416467e+00 3.226613445204500774e+00 3.211875172631025066e+00 3.194548714811920931e+00 3.174829693549773513e+00 3.152930655129721149e+00 3.129079333793696183e+00 3.103516802296370614e+00 3.076495523839508195e+00 3.048277320426451720e+00 3.019131273308631958e+00 2.989331571706551838e+00 2.959155326374600659e+00 2.928880364839556716e+00 2.898783025274683123e+00 2.869135965973876434e+00 2.840206007263553545e+00 2.812252022434573728e+00 2.785522893894748275e+00 2.760255550237072697e+00 2.736673099293714273e+00 2.714983071505737033e+00 2.695375787089235420e+00 2.678022859526354882e+00 2.663075846862037022e+00 2.650665061152055468e+00 2.640898545193801183e+00 2.633861224387490818e+00 2.629614240231907818e+00 2.628194470565543561e+00 2.629614240231907818e+00 2.633861224387490818e+00 2.640898545193801183e+00 2.650665061152055468e+00 2.663075846862037022e+00 2.678022859526354882e+00 2.695375787089235420e+00 2.714983071505737033e+00 2.736673099293714273e+00 2.760255550237072697e+00 2.785522893894748275e+00 2.812252022434573728e+00 2.840206007263553545e+00 2.869135965973876434e+00 2.898783025274683123e+00 2.928880364839556716e+00 2.959155326374600659e+00 2.989331571706551838e+00 3.019131273308631958e+00 3.048277320426451720e+00 3.076495523839508195e+00 3.103516802296370614e+00 3.129079333793696183e+00 3.152930655129721149e+00 3.174829693549773513e+00 3.194548714811920931e+00 3.211875172631025066e+00 3.226613445204500774e+00 3.238586445377416467e+00 3.247637091961587785e+00 3.253629630775789483e+00 3.256450795114158581e+00 3.256010796568622911e+00 3.252244138419424502e+00 3.245110245155780948e+00 3.234593903086214084e+00 3.220705508434308140e+00 3.203481120779903879e+00 3.182982321186639041e+00 3.159295875843267876e+00 3.132533207526751351e+00 3.102829678658725054e+00 3.070343691162266797e+00 3.035255609722005588e+00 2.997766516397095682e+00 2.958096805822835407e+00 2.916484631453343468e+00 2.873184214435021033e+00 2.828464027750335674e+00 2.782604869225258515e+00 2.735897837844690983e+00 2.688642228561524572e+00 2.641143361411282697e+00 2.593710361250505692e+00 2.546653904819600189e+00 2.500283952086581607e+00 2.454907478955233646e+00 2.410826228418609940e+00 2.368334497106529657e+00 2.327716973914799148e+00 2.289246647016252023e+00 2.253182795042286468e+00 2.219769077592280926e+00 2.189231739481872108e+00 2.161777942285197707e+00 2.137594235767446893e+00 2.116845180749538979e+00 2.099672133804633578e+00 2.086192202965051923e+00 2.076497382327296304e+00 2.070653872092117709e+00 2.068701589176143329e+00 2.070653872092117709e+00 2.076497382327296304e+00 2.086192202965051923e+00 2.099672133804633578e+00 2.116845180749538979e+00 2.137594235767446893e+00 2.161777942285197707e+00 2.189231739481872108e+00 2.219769077592280926e+00 2.253182795042286468e+00 2.289246647016252023e+00 2.327716973914799148e+00 2.368334497106529657e+00 2.410826228418609940e+00 2.454907478955233646e+00 2.500283952086581607e+00 2.546653904819600189e+00 2.593710361250505692e+00 2.641143361411282697e+00 2.688642228561524572e+00 2.735897837844690983e+00 2.782604869225258515e+00
2.774637308129443980e+00 2.817653689459045818e+00 2.859480824595581172e+00 2.899859795972605792e+00 2.938544147093708148e+00 2.975301642380298262e+00 3.009915916269618297e+00 3.042187999237667029e+00 3.071937709362712710e+00 3.099004899072383967e+00 3.123250547822896905e+00 3.144557692634584622e+00 3.162832189644518177e+00 3.178003301125101654e+00 3.190024103747580053e+00 3.198871715230945600e+00 3.204547337899654291e+00 3.207076119067256759e+00 3.206506829556838856e+00 3.202911363052573623e+00 3.196384060339078292e+00 3.187040863816345659e+00 3.175018308967559211e+00 3.160472360695502303e+00 3.143577103620766255e+00 3.124523296543015416e+00 3.103516802296370614e+00 3.080776905173976399e+00 3.056534528947643548e+00 3.031030369259802182e+00 3.004512954811064063e+00 2.977236652302526210e+00 2.949459630513645791e+00 2.921441799200714229e+00 2.893442738685411797e+00 2.865719636066339504e+00 2.838525243928088582e+00 2.812105877243163743e+00 2.786699463862813086e+00 2.762533663576327125e+00 2.739824070187447447e+00 2.718772510415477850e+00 2.699565452682254563e+00 2.682372538000138196e+00 2.667345244236984936e+00 2.654615694008851445e+00 2.644295615347874051e+00 2.636475463119571927e+00 2.631223707929944311e+00 2.628586297977367980e+00 2.628586297977367980e+00 2.631223707929944311e+00 2.636475463119571927e+00 2.644295615347874051e+00 2.654615694008851445e+00 2.667345244236984936e+00 2.682372538000138196e+00 2.699565452682254563e+00 2.718772510415477850e+00 2.739824070187447447e+00 2.762533663576327125e+00 2.786699463862813086e+00 2.812105877243163743e+00 2.838525243928088582e+00 2.865719636066339504e+00 2.893442738685411797e+00 2.921441799200714229e+00 2.949459630513645791e+00 2.977236652302526210e+00 3.004512954811064063e+00 3.031030369259802182e+00 3.056534528947643548e+00 3.080776905173976399e+00 3.103516802296370614e+00 3.124523296543015416e+00 3.143577103620766255e+00 3.160472360695502303e+00 3.175018308967559211e+00 3.187040863816345659e+00 3.196384060339078292e+00 3.202911363052573623e+00 3.206506829556838856e+00 3.207076119067256759e+00 3.204547337899654291e+00 3.198871715230945600e+00 3.190024103747580053e+00 3.178003301125101654e+00 3.162832189644518177e+00 3.144557692634584622e+00 3.123250547822896905e+00 3.099004899072383967e+00 3.071937709362712710e+00 3.042187999237667029e+00 3.009915916269618297e+00 2.975301642380298262e+00 2.938544147093708148e+00 2.899859795972605792e+00 2.859480824595581172e+00 2.817653689459045818e+00 2.774637308129443980e+00 2.730701201818714896e+00 2.686123554303823990e+00 2.641189201753525673e+00 2.596187568557343894e+00 2.551410564669144954e+00 2.507150460277356885e+00 2.463697753793622436e+00 2.421339049209964234e+00 2.380354958811151445e+00 2.341018047044081118e+00 2.303590831041252063e+00 2.268323852872962565e+00 2.235453838066002064e+00 2.205201954279325527e+00 2.177772183274442774e+00 2.153349818465776000e+00 2.132100099390390913e+00 2.114166993404585693e+00 2.099672133804633578e+00 2.088713922388850008e+00 2.081366803237252316e+00 2.077680713192611162e+00 2.077680713192611162e+00 2.081366803237252316e+00 2.088713922388850008e+00 2.099672133804633578e+00 2.114166993404585693e+00 2.132100099390390913e+00 2.153349818465776000e+00 2.177772183274442774e+00 2.205201954279325527e+00 2.235453838066002064e+00 2.268323852872962565e+00 2.303590831041252063e+00 2.341018047044081118e+00 2.380354958811151445e+00 2.421339049209964234e+00 2.463697753793622436e+00 2.507150460277356885e+00 2.551410564669144954e+00 2.596187568557343894e+00 2.641189201753525673e+00 2.686123554303823990e+00 2.730701201818714896e+00
2.725314206945727236e+00 2.766389354990783200e+00 2.806492373409542385e+00 2.845375529754244237e+00 2.882801842079119492e+00 2.918546770315970207e+00 2.952399810381345358e+00 2.984165979101683686e+00 3.013667178878215225e+00 3.040743431932743324e+00 3.065253974971661410e+00 3.087078206170977168e+00 3.106116477511892793e+00 3.122290726675696515e+00 3.135544943929629458e+00 3.145845470692627988e+00 3.153181127751756296e+00 3.157563172397059859e+00 3.159025085044648407e+00 3.157622187215010090e+00 3.153431094016127645e+00 3.146549005539114319e+00 3.137092842798223202e+00 3.125198235027824012e+00 3.111018366277569225e+00 3.094722690314499314e+00 3.076495523839508195e+00 3.056534528947643548e+00 3.035049096600079821e+00 3.012258643624146526e+00 2.988390836410506068e+00 2.963679755028763463e+00 2.938364011930184372e+00 2.912684839745294685e+00 2.886884162912545904e+00 2.861202667990073056e+00 2.835877887505118267e+00 2.811142312084796036e+00 2.787221545388502530e+00 2.764332516028103814e+00 2.742681760219607856e+00 2.722463788362761594e+00 2.703859548097048204e+00 2.687034995638928336e+00 2.672139786371392933e+00 2.659306094739548154e+00 2.648647572511843684e+00 2.640258453403358185e+00 2.634212810933422411e+00 2.630563975213240369e+00 2.629344113139184369e+00 2.630563975213240369e+00 2.634212810933422411e+00 2.640258453403358185e+00 2.648647572511843684e+00 2.659306094739548154e+00 2.672139786371392933e+00 2.687034995638928336e+00 2.703859548097048204e+00 2.722463788362761594e+00 2.742681760219607856e+00 2.764332516028103814e+00 2.787221545388502530e+00 2.811142312084796036e+00 2.835877887505118267e+00 2.861202667990073056e+00 2.886884162912545904e+00 2.912684839745294685e+00 2.938364011930184372e+00 2.963679755028763463e+00 2.988390836410506068e+00 3.012258643624146526e+00 3.035049096600079821e+00 3.056534528947643548e+00 3.076495523839508195e+00 3.094722690314499314e+00 3.111018366277569225e+00 3.125198235027824012e+00 3.137092842798223202e+00 3.146549005539114319e+00 3.153431094016127645e+00 3.157622187215010090e+00 3.159025085044648407e+00 3.157563172397059859e+00 3.153181127751756296e+00 3.145845470692627988e+00 3.135544943929629458e+00 3.122290726675696515e+00 3.106116477511892793e+00 3.087078206170977168e+00 3.065253974971661410e+00 3.040743431932743324e+00 3.013667178878215225e+00 2.984165979101683686e+00 2.952399810381345358e+00 2.918546770315970207e+00 2.882801842079119492e+00 2.845375529754244237e+00 2.806492373409542385e+00 2.766389354990783200e+00 2.725314206945727236e+00 2.683523636238940302e+00 2.641281477065080541e+00 2.598856786117036410e+00 2.556521894708662757e+00 2.514550432386597922e+00 2.473215336889559968e+00 2.432786865424531708e+00 2.393530622226768045e+00 2.355705617254469697e+00 2.319562370640138038e+00 2.285341077180845115e+00 2.253269844701395019e+00 2.223563019571136667e+00 2.196419612001073940e+00 2.172021832997964363e+00 2.150533754011959342e+00 2.132100099390390913e+00 2.116845180749538979e+00 2.104871981306298157e+00 2.096261397080620537e+00 2.091071640696127165e+00 2.089337812279250972e+00 2.091071640696127165e+00 2.096261397080620537e+00 2.104871981306298157e+00 2.116845180749538979e+00 2.132100099390390913e+00 2.150533754011959342e+00 2.172021832997964363e+00 2.196419612001073940e+00 2.223563019571136667e+00 2.253269844701395019e+00 2.285341077180845115e+00 2.319562370640138038e+00 2.355705617254469697e+00 2.393530622226768045e+00 2.432786865424531708e+00 2.473215336889559968e+00 2.514550432386597922e+00 2.556521894708662757e+00 2.598856786117036410e+00 2.641281477065080541e+00 2.683523636238940302e+00
2.680870102781293340e+00 2.719783187921346101e+00 2.757926383356419375e+00 2.795064673281868917e+00 2.830972173289049376e+00 2.865433741435398307e+00 2.898246504939699264e+00 2.929221291094107560e+00 2.958183951718048821e+00 2.984976571293554315e+00 3.009458549810510863e+00 3.031507552307258546e+00 3.051020318109332052e+00 3.067913323839431161e+00 3.082123295386571371e+00 3.093607565173506213e+00 3.102344272239973222e+00 3.108332403856275405e+00 3.111591678587975363e+00 3.112162271938942126e+00 3.110104386897332152e+00 3.105497672888369198e+00 3.098440497789958670e+00 3.089049078783347113e+00 3.077456478883018320e+00 3.063811477009327433e+00 3.048277320426451720e+00 3.031030369259802182e+00 3.012258643624146526e+00 2.992160284630362543e+00 2.970941941189129576e+00 2.948817095089291129e+00 2.926004337292552382e+00 2.902725608751401953e+00 2.879204419320612107e+00 2.855664058492552115e+00 2.832325811741665422e+00 2.809407196213230762e+00 2.787120229336537580e+00 2.765669743683954795e+00 2.745251761037061033e+00 2.726051938161756727e+00 2.708244096239712295e+00 2.691988845257721863e+00 2.677432313924548168e+00 2.664704994872268529e+00 2.653920714012029780e+00 2.645175731959476639e+00 2.638547984430006377e+00 2.634096467436301658e+00 2.631860772008411065e+00 2.631860772008411065e+00 2.634096467436301658e+00 2.638547984430006377e+00 2.645175731959476639e+00 2.653920714012029780e+00 2.664704994872268529e+00 2.677432313924548168e+00 2.691988845257721863e+00 2.708244096239712295e+00 2.726051938161756727e+00 2.745251761037061033e+00 2.765669743683954795e+00 2.787120229336537580e+00 2.809407196213230762e+00 2.832325811741665422e+00 2.855664058492552115e+00 2.879204419320612107e+00 2.902725608751401953e+00 2.926004337292552382e+00 2.948817095089291129e+00 2.970941941189129576e+00 2.992160284630362543e+00 3.012258643624146526e+00 3.031030369259802182e+00 3.048277320426451720e+00 3.063811477009327433e+00 3.077456478883018320e+00 3.089049078783347113e+00 3.098440497789958670e+00 3.105497672888369198e+00 3.110104386897332152e+00 3.112162271938942126e+00 3.111591678587975363e+00 3.108332403856275405e+00 3.102344272239973222e+00 3.093607565173506213e+00 3.082123295386571371e+00 3.067913323839431161e+00 3.051020318109332052e+00 3.031507552307258546e+00 3.009458549810510863e+00 2.984976571293554315e+00 2.958183951718048821e+00 2.929221291094107560e+00 2.898246504939699264e+00 2.865433741435398307e+00 2.830972173289049376e+00 2.795064673281868917e+00 2.757926383356419375e+00 2.719783187921346101e+00 2.680870102781293340e+00 2.641429591747521233e+00 2.601709823540560240e+00 2.561962882056380231e+00 2.522442943428596429e+00 2.483404433578466186e+00 2.445100180099727627e+00 2.407779572375608357e+00 2.371686743770205386e+00 2.337058789576172746e+00 2.304124034136655119e+00 2.273100360193492264e+00 2.244193613048757197e+00 2.217596091566170990e+00 2.193485137387142903e+00 2.172021832997964363e+00 2.153349818465776000e+00 2.137594235767446893e+00 2.124860808674220447e+00 2.115235065133317161e+00 2.108781708013223177e+00 2.105544138960443679e+00 2.105544138960443679e+00 2.108781708013223177e+00 2.115235065133317161e+00 2.124860808674220447e+00 2.137594235767446893e+00 2.153349818465776000e+00 2.172021832997964363e+00 2.193485137387142903e+00 2.217596091566170990e+00 2.244193613048757197e+00 2.273100360193492264e+00 2.304124034136655119e+00 2.337058789576172746e+00 2.371686743770205386e+00 2.407779572375608357e+00 2.445100180099727627e+00 2.483404433578466186e+00 2.522442943428596429e+00 2.561962882056380231e+00 2.601709823540560240e+00 2.641429591747521233e+00
2.641643242104918965e+00 2.678191519822777256e+00 2.714155918839311621e+00 2.749315562787117528e+00 2.783457189572121848e+00 2.816376671018018030e+00 2.847880460357368637e+00 2.877786956754986747e+00 2.905927776685217623e+00 2.932148922697955573e+00 2.956311840892965837e+00 2.978294359272511738e+00 2.997991500051936598e+00 3.015316159969662291e+00 3.030199653644852109e+00 3.042592116075063302e+00 3.052462761439484140e+00 3.059799996467885919e+00 3.064611387742684823e+00 3.066923483413134921e+00 3.066781490908313756e+00 3.064248813330539889e+00 3.059406448285150404e+00 3.052352253947720584e+00 3.043200088178056095e+00 3.032078827453858594e+00 3.019131273308631958e+00 3.004512954811064063e+00 2.988390836410506068e+00 2.970941941189129576e+00 2.952351900200513413e+00 2.932813439131898292e+00 2.912524813999008089e+00 2.891688207964373092e+00 2.870508101659967171e+00 2.849189629590049844e+00 2.827936935289331100e+00 2.806951537913918937e+00 2.786430722848081576e+00 2.766565968719421065e+00 2.747541422929930643e+00 2.729532437433046521e+00 2.712704176019707702e+00 2.697210303823595279e+00 2.683191769121032078e+00 2.670775686789535808e+00 2.660074332005996744e+00 2.651184251917092727e+00 2.644185502107066377e+00 2.639141013728559582e+00 2.636096096157922286e+00 2.635078078995120254e+00 2.636096096157922286e+00 2.639141013728559582e+00 2.644185502107066377e+00 2.651184251917092727e+00 2.660074332005996744e+00 2.670775686789535808e+00 2.683191769121032078e+00 2.697210303823595279e+00 2.712704176019707702e+00 2.729532437433046521e+00 2.747541422929930643e+00 2.766565968719421065e+00 2.786430722848081576e+00 2.806951537913918937e+00 2.827936935289331100e+00 2.849189629590049844e+00 2.870508101659967171e+00 2.891688207964373092e+00 2.912524813999008089e+00 2.932813439131898292e+00 2.952351900200513413e+00 2.970941941189129576e+00 2.988390836410506068e+00 3.004512954811064063e+00 3.019131273308631958e+00 3.032078827453858594e+00 3.043200088178056095e+00 3.052352253947720584e+00 3.059406448285150404e+00 3.064248813330539889e+00 3.066781490908313756e+00 3.066923483413134921e+00 3.064611387742684823e+00 3.059799996467885919e+00 3.052462761439484140e+00 3.042592116075063302e+00 3.030199653644852109e+00 3.015316159969662291e+00 2.997991500051936598e+00 2.978294359272511738e+00 2.956311840892965837e+00 2.932148922697955573e+00 2.905927776685217623e+00 2.877786956754986747e+00 2.847880460357368637e+00 2.816376671018018030e+00 2.783457189572121848e+00 2.749315562787117528e+00 2.714155918839311621e+00 2.678191519822777256e+00 2.641643242104918965e+00 2.604737995897274949e+00 2.567707095878140944e+00 2.530784595081863486e+00 2.494205594555357841e+00 2.458204541473249183e+00 2.423013528497710123e+00 2.388860607166647387e+00 2.355968127994573003e+00 2.324551119774871832e+00 2.294815720281788263e+00 2.266957670187550455e+00 2.241160881537340721e+00 2.217596091566170990e+00 2.196419612001073940e+00 2.177772183274442774e+00 2.161777942285197707e+00 2.148543511489734659e+00 2.138157216190785359e+00 2.130688435926365809e+00 2.126187094850216841e+00 2.124683294947226742e+00 2.126187094850216841e+00 2.130688435926365809e+00 2.138157216190785359e+00 2.148543511489734659e+00 2.161777942285197707e+00 2.177772183274442774e+00 2.196419612001073940e+00 2.217596091566170990e+00 2.241160881537340721e+00 2.266957670187550455e+00 2.294815720281788263e+00 2.324551119774871832e+00 2.355968127994573003e+00 2.388860607166647387e+00 2.423013528497710123e+00 2.458204541473249183e+00 2.494205594555357841e+00 2.530784595081863486e+00 2.567707095878140944e+00 2.604737995897274949e+00
2.607932165012177173e+00 2.641932321945880346e+00 2.675517157394597945e+00 2.708481238790148904e+00 2.740625342400186071e+00 2.771757871216994129e+00 2.801696212163595323e+00 2.830268022480208590e+00 2.857312435697712427e+00 2.882681178221058627e+00 2.906239588229794890e+00 2.927867529349791997e+00 2.947460192354196540e+00 2.964928779006592574e+00 2.980201063058519395e+00 2.993221824350403626e+00 3.003953152932135495e+00 3.012374621109829231e+00 3.018483322331105168e+00 3.022293776834852341e+00 3.023837705005268717e+00 3.023163670376144641e+00 3.020336595222384179e+00 3.015437152643932972e+00 3.008561039985392593e+00 2.999818139335409750e+00 2.989331571706551838e+00 2.977236652302526210e+00 2.963679755028763463e+00 2.948817095089291129e+00 2.932813439131898292e+00 2.915840752950355608e+00 2.898076797222657763e+00 2.879703682154373556e+00 2.860906392203159232e+00 2.841871292282224459e+00 2.822784626975020306e+00 2.803831024339974221e+00 2.785192015842140378e+00 2.767044583818634607e+00 2.749559747667600362e+00 2.732901199647967072e+00 2.717224000791617744e+00 2.702673346963813561e+00 2.689383414565391206e+00 2.677476294755404940e+00 2.667061024390361634e+00 2.658232721131073895e+00 2.651071829366241861e+00 2.645643482749152842e+00 2.641996988247038214e+00 2.640165435668294425e+00 2.640165435668294425e+00 2.641996988247038214e+00 2.645643482749152842e+00 2.651071829366241861e+00 2.658232721131073895e+00 2.667061024390361634e+00 2.677476294755404940e+00 2.689383414565391206e+00 2.702673346963813561e+00 2.717224000791617744e+00 2.732901199647967072e+00 2.749559747667600362e+00 2.767044583818634607e+00 2.785192015842140378e+00 2.803831024339974221e+00 2.822784626975020306e+00 2.841871292282224459e+00 2.860906392203159232e+00 2.879703682154373556e+00 2.898076797222657763e+00 2.915840752950355608e+00 2.932813439131898292e+00 2.948817095089291129e+00 2.963679755028763463e+00 2.977236652302526210e+00 2.989331571706551838e+00 2.999818139335409750e+00 3.008561039985392593e+00 3.015437152643932972e+00 3.020336595222384179e+00 3.023163670376144641e+00 3.023837705005268717e+00 3.022293776834852341e+00 3.018483322331105168e+00 3.012374621109829231e+00 3.003953152932135495e+00 2.993221824350403626e+00 2.980201063058519395e+00 2.964928779006592574e+00 2.947460192354196540e+00 2.927867529349791997e+00 2.906239588229794890e+00 2.882681178221058627e+00 2.857312435697712427e+00 2.830268022480208590e+00 2.801696212163595323e+00 2.771757871216994129e+00 2.740625342400186071e+00 2.708481238790148904e+00 2.675517157394597945e+00 2.641932321945880346e+00 2.607932165012177173e+00 2.573726860029842634e+00 2.539529814247210915e+00 2.505556133873429570e+00 2.472021072943447528e+00 2.439138477540619743e+00 2.407119237060419525e+00 2.376169754152142932e+00 2.346490444840625855e+00 2.318274280107859742e+00 2.291705379906659790e+00 2.266957670187550455e+00 2.244193613048757197e+00 2.223563019571136667e+00 2.205201954279325527e+00 2.189231739481872108e+00 2.175758066992039108e+00 2.164870223922882086e+00 2.156640438391322245e+00 2.151123350062786432e+00 2.148355609527340615e+00 2.148355609527340615e+00 2.151123350062786432e+00 2.156640438391322245e+00 2.164870223922882086e+00 2.175758066992039108e+00 2.189231739481872108e+00 2.205201954279325527e+00 2.223563019571136667e+00 2.244193613048757197e+00 2.266957670187550455e+00 2.291705379906659790e+00 2.318274280107859742e+00 2.346490444840625855e+00 2.376169754152142932e+00 2.407119237060419525e+00 2.439138477540619743e+00 2.472021072943447528e+00 2.505556133873429570e+00 2.539529814247210915e+00 2.573726860029842634e+00
2.579993433155050031e+00 2.611282782538175251e+00 2.642306825357058297e+00 2.672876749992703083e+00 2.702808668721691898e+00 2.731924924380398689e+00 2.760055346993585790e+00 2.787038450985376503e+00 2.812722564047426488e+00 2.836966879263557839e+00 2.859642422678061902e+00 2.880632929141973886e+00 2.899835619972872980e+00 2.917161876713748825e+00 2.932537806069696273e+00 2.945904691931349628e+00 2.957219331254960171e+00 2.966454251454121671e+00 2.973597807860727027e+00 2.978654160725933142e+00 2.981643132148599662e+00 2.982599944232181333e+00 2.981574840674098059e+00 2.978632594877584694e+00 2.973851908538017508e+00 2.967324705487301983e+00 2.959155326374600659e+00 2.949459630513645791e+00 2.938364011930184372e+00 2.926004337292552382e+00 2.912524813999008089e+00 2.898076797222657763e+00 2.882817545174808149e+00 2.866908932236623908e+00 2.850516129924363984e+00 2.833806265892560905e+00 2.816947071340749620e+00 2.800105527271318007e+00 2.783446520048227679e+00 2.767131516628763332e+00 2.751317269683608568e+00 2.736154562585753514e+00 2.721787003937683025e+00 2.708349880921488317e+00 2.695969080300818721e+00 2.684760085380512695e+00 2.674827056643218182e+00 2.666262003136968151e+00 2.659144050988267782e+00 2.653538814667191215e+00 2.649497875840098882e+00 2.647058373817641641e+00 2.646242710747361837e+00 2.647058373817641641e+00 2.649497875840098882e+00 2.653538814667191215e+00 2.659144050988267782e+00 2.666262003136968151e+00 2.674827056643218182e+00 2.684760085380512695e+00 2.695969080300818721e+00 2.708349880921488317e+00 2.721787003937683025e+00 2.736154562585753514e+00 2.751317269683608568e+00 2.767131516628763332e+00 2.783446520048227679e+00 2.800105527271318007e+00 2.816947071340749620e+00 2.833806265892560905e+00 2.850516129924363984e+00 2.866908932236623908e+00 2.882817545174808149e+00 2.898076797222657763e+00 2.912524813999008089e+00 2.926004337292552382e+00 2.938364011930184372e+00 2.949459630513645791e+00 2.959155326374600659e+00 2.967324705487301983e+00 2.973851908538017508e+00 2.978632594877584694e+00 2.981574840674098059e+00 2.982599944232181333e+00 2.981643132148599662e+00 2.978654160725933142e+00 2.973597807860727027e+00 2.966454251454121671e+00 2.957219331254960171e+00 2.945904691931349628e+00 2.932537806069696273e+00 2.917161876713748825e+00 2.899835619972872980e+00 2.880632929141973886e+00 2.859642422678061902e+00 2.836966879263557839e+00 2.812722564047426488e+00 2.787038450985376503e+00 2.760055346993585790e+00 2.731924924380398689e+00 2.702808668721691898e+00 2.672876749992703083e+00 2.642306825357058297e+00 2.611282782538175251e+00 2.579993433155050031e+00 2.548631165790217423e+00 2.517390568869465106e+00 2.486467033668256388e+00 2.456055347917051268e+00 2.426348290555507159e+00 2.397535238183364115e+00 2.369800793673641159e+00 2.343323447252175562e+00 2.318274280107859742e+00 2.294815720281788263e+00 2.273100360193492264e+00 2.253269844701395019e+00 2.235453838066002064e+00 2.219769077592280926e+00 2.206318521076534811e+00 2.195190594477917756e+00 2.186458545480783666e+00 2.180179907817135998e+00 2.176396080384545684e+00 2.175132024330376002e+00 2.176396080384545684e+00 2.180179907817135998e+00 2.186458545480783666e+00 2.195190594477917756e+00 2.206318521076534811e+00 2.219769077592280926e+00 2.235453838066002064e+00 2.253269844701395019e+00 2.273100360193492264e+00 2.294815720281788263e+00 2.318274280107859742e+00 2.343323447252175562e+00 2.369800793673641159e+00 2.397535238183364115e+00 2.426348290555507159e+00 2.456055347917051268e+00 2.486467033668256388e+00 2.517390568869465106e+00 2.548631165790217423e+00
2.558039677152834646e+00 2.586477194925243861e+00 2.614779934525974792e+00 2.642776747429847806e+00 2.670300252423081222e+00 2.697188022499142690e+00 2.723283731476394909e+00 2.748438251781555319e+00 2.772510695219173815e+00 2.795369388985579295e+00 2.816892779682368175e+00 2.836970258636116515e+00 2.855502902433032286e+00 2.872404123225420935e+00 2.887600224055939524e+00 2.901030855170644518e+00 2.912649368047031118e+00 2.922423064643108415e+00 2.930333340171903611e+00 2.936375718516738065e+00 2.940559780219832664e+00 2.942908983794255917e+00 2.943460381920443680e+00 2.942264234887623786e+00 2.939383524421131710e+00 2.934893371792994810e+00 2.928880364839556716e+00 2.921441799200714229e+00 2.912684839745294685e+00 2.902725608751401953e+00 2.891688207964373092e+00 2.879703682154373556e+00 2.866908932236623908e+00 2.853445586396526235e+00 2.839458837976666317e+00 2.825096259130445375e+00 2.810506599425956153e+00 2.795838578692495080e+00 2.781239683439781896e+00 2.766854976146399192e+00 2.752825926609440810e+00 2.739289274372502359e+00 2.726375931005584174e+00 2.714209930699798434e+00 2.702907437264551849e+00 2.692575815177892906e+00 2.683312771845288491e+00 2.675205577672122192e+00 2.668330369954760695e+00 2.662751545948755627e+00 2.658521249785644525e+00 2.655678957186930145e+00 2.654251161170951168e+00 2.654251161170951168e+00 2.655678957186930145e+00 2.658521249785644525e+00 2.662751545948755627e+00 2.668330369954760695e+00 2.675205577672122192e+00 2.683312771845288491e+00 2.692575815177892906e+00 2.702907437264551849e+00 2.714209930699798434e+00 2.726375931005584174e+00 2.739289274372502359e+00 2.752825926609440810e+00 2.766854976146399192e+00 2.781239683439781896e+00 2.795838578692495080e+00 2.810506599425956153e+00 2.825096259130445375e+00 2.839458837976666317e+00 2.853445586396526235e+00 2.866908932236623908e+00 2.879703682154373556e+00 2.891688207964373092e+00 2.902725608751401953e+00 2.912684839745294685e+00 2.921441799200714229e+00 2.928880364839556716e+00 2.934893371792994810e+00 2.939383524421131710e+00 2.942264234887623786e+00 2.943460381920443680e+00 2.942908983794255917e+00 2.940559780219832664e+00 2.936375718516738065e+00 2.930333340171903611e+00 2.922423064643108415e+00 2.912649368047031118e+00 2.901030855170644518e+00 2.887600224055939524e+00 2.872404123225420935e+00 2.855502902433032286e+00 2.836970258636116515e+00 2.816892779682368175e+00 2.795369388985579295e+00 2.772510695219173815e+00 2.748438251781555319e+00 2.723283731476394909e+00 2.697188022499142690e+00 2.670300252423081222e+00 2.642776747429847806e+00 2.614779934525974792e+00 2.586477194925243861e+00 2.558039677152834646e+00 2.529641078738683380e+00 2.501456405611770073e+00 2.473660718482248111e+00 2.446427875603201851e+00 2.419929281337435345e+00 2.394332649916945499e+00 2.369800793673641159e+00 2.346490444840625855e+00 2.324551119774871832e+00 2.304124034136655119e+00 2.285341077180845115e+00 2.268323852872962565e+00 2.253182795042286468e+00 2.240016363228883645e+00 2.228910325275516247e+00 2.219937132063555030e+00 2.213155389099243475e+00 2.208609428928086871e+00 2.206328987596476221e+00 2.206328987596476221e+00 2.208609428928086871e+00 2.213155389099243475e+00 2.219937132063555030e+00 2.228910325275516247e+00 2.240016363228883645e+00 2.253182795042286468e+00 2.268323852872962565e+00 2.285341077180845115e+00 2.304124034136655119e+00 2.324551119774871832e+00 2.346490444840625855e+00 2.369800793673641159e+00 2.394332649916945499e+00 2.419929281337435345e+00 2.446427875603201851e+00 2.473660718482248111e+00 2.501456405611770073e+00 2.529641078738683380e+00
2.542237978344749738e+00 2.567705172432917404e+00 2.593147837067186767e+00 2.618413387205863696e+00 2.643351983739968158e+00 2.667817593059079062e+00 2.691669015147709842e+00 2.714770872546348190e+00 2.736994552813629245e+00 2.758219097484149174e+00 2.778332030927453289e+00 2.797230122974676103e+00 2.814820079686523258e+00 2.831019157186034363e+00 2.845755694067610531e+00 2.858969558515575660e+00 2.870612506916543349e+00 2.880648451424769885e+00 2.889053634633805157e+00 2.895816710215364242e+00 2.900938729102409130e+00 2.904433031512258623e+00 2.906325045821817721e+00 2.906651996015201522e+00 2.905462520118742731e+00 2.902816202714403548e+00 2.898783025274683123e+00 2.893442738685411797e+00 2.886884162912545904e+00 2.879204419320612107e+00 2.870508101659967171e+00 2.860906392203159232e+00 2.850516129924363984e+00 2.839458837976666317e+00 2.827859718027238234e+00 2.815846619257953876e+00 2.803548990026696330e+00 2.791096820311255389e+00 2.778619583122218017e+00 2.766245183073229086e+00 2.754098920236387471e+00 2.742302477287851925e+00 2.730972937764856834e+00 2.720221843011753293e+00 2.710154295091237397e+00 2.700868112579881686e+00 2.692453045757240204e+00 2.684990057238199057e+00 2.678550673592562159e+00 2.673196412947698608e+00 2.668978292983948730e+00 2.665936423112552855e+00 2.664099683977086297e+00 2.663485496746606174e+00 2.664099683977086297e+00 2.665936423112552855e+00 2.668978292983948730e+00 2.673196412947698608e+00 2.678550673592562159e+00 2.684990057238199057e+00 2.692453045757240204e+00 2.700868112579881686e+00 2.710154295091237397e+00 2.720221843011753293e+00 2.730972937764856834e+00 2.742302477287851925e+00 2.754098920236387471e+00 2.766245183073229086e+00 2.778619583122218017e+00 2.791096820311255389e+00 2.803548990026696330e+00 2.815846619257953876e+00 2.827859718027238234e+00 2.839458837976666317e+00 2.850516129924363984e+00 2.860906392203159232e+00 2.870508101659967171e+00 2.879204419320612107e+00 2.886884162912545904e+00 2.893442738685411797e+00 2.898783025274683123e+00 2.902816202714403548e+00 2.905462520118742731e+00 2.906651996015201522e+00 2.906325045821817721e+00 2.904433031512258623e+00 2.900938729102409130e+00 2.895816710215364242e+00 2.889053634633805157e+00 2.880648451424769885e+00 2.870612506916543349e+00 2.858969558515575660e+00 2.845755694067610531e+00 2.831019157186034363e+00 2.814820079686523258e+00 2.797230122974676103e+00 2.778332030927453289e+00 2.758219097484149174e+00 2.736994552813629245e+00 2.714770872546348190e+00 2.691669015147709842e+00 2.667817593059079062e+00 2.643351983739968158e+00 2.618413387205863696e+00 2.593147837067186767e+00 2.567705172432917404e+00 2.542237978344749738e+00 2.516900502651889138e+00 2.491847557421001280e+00 2.467233413098846917e+00 2.443210693705918146e+00 2.419929281337435345e+00 2.397535238183364115e+00 2.376169754152142932e+00 2.355968127994573003e+00 2.337058789576172746e+00 2.319562370640138038e+00 2.303590831041252063e+00 2.289246647016252023e+00 2.276622067591610232e+00 2.265798444718783333e+00 2.256845642173694433e+00 2.249821527665718524e+00 2.244771551976194157e+00 2.241728418292252556e+00 2.240711844223541416e+00 2.241728418292252556e+00 2.244771551976194157e+00 2.249821527665718524e+00 2.256845642173694433e+00 2.265798444718783333e+00 2.276622067591610232e+00 2.289246647016252023e+00 2.303590831041252063e+00 2.319562370640138038e+00 2.337058789576172746e+00 2.355968127994573003e+00 2.376169754152142932e+00 2.397535238183364115e+00 2.419929281337435345e+00 2.443210693705918146e+00 2.467233413098846917e+00 2.491847557421001280e+00 2.516900502651889138e+00
2.532708597200052481e+00 2.555110203739562547e+00 2.577576613462673638e+00 2.599974557789034524e+00 2.622172633689443977e+00 2.644042229391501575e+00 2.665458426424331950e+00 2.686300871283402003e+00 2.706454610232017277e+00 2.725810881040612532e+00 2.744267855796489020e+00 2.761731329292446357e+00 2.778115347920053324e+00 2.793342774448966281e+00 2.807345784564093449e+00 2.820066291553996241e+00 2.831456296092544900e+00 2.841478158627482653e+00 2.850104792479695615e+00 2.857319776361341379e+00 2.863117385634699641e+00 2.867502542252256870e+00 2.870490683937242604e+00 2.872107553777932143e+00 2.872388912013909223e+00 2.871380172383460661e+00 2.869135965973876434e+00 2.865719636066339504e+00 2.861202667990073056e+00 2.855664058492552115e+00 2.849189629590049844e+00 2.841871292282224459e+00 2.833806265892560905e+00 2.825096259130445375e+00 2.815846619257953876e+00 2.806165455982835510e+00 2.796162746886917461e+00 2.785949431334844295e+00 2.775636499890548947e+00 2.765334086297718041e+00 2.755150569055340171e+00 2.745191689540543489e+00 2.735559693498984313e+00 2.726352502538833988e+00 2.717662922029690176e+00 2.709577891523945237e+00 2.702177783487766494e+00 2.695535755754123741e+00 2.689717162694387653e+00 2.684779029650834037e+00 2.680769594683601653e+00 2.677727921165834246e+00 2.675683584214040067e+00 2.674656433371052966e+00 2.674656433371052966e+00 2.675683584214040067e+00 2.677727921165834246e+00 2.680769594683601653e+00 2.684779029650834037e+00 2.689717162694387653e+00 2.695535755754123741e+00 2.702177783487766494e+00 2.709577891523945237e+00 2.717662922029690176e+00 2.726352502538833988e+00 2.735559693498984313e+00 2.745191689540543489e+00 2.755150569055340171e+00 2.765334086297718041e+00 2.775636499890548947e+00 2.785949431334844295e+00 2.796162746886917461e+00 2.806165455982835510e+00 2.815846619257953876e+00 2.825096259130445375e+00 2.833806265892560905e+00 2.841871292282224459e+00 2.849189629590049844e+00 2.855664058492552115e+00 2.861202667990073056e+00 2.865719636066339504e+00 2.869135965973876434e+00 2.871380172383460661e+00 2.872388912013909223e+00 2.872107553777932143e+00 2.870490683937242604e+00 2.867502542252256870e+00 2.863117385634699641e+00 2.857319776361341379e+00 2.850104792479695615e+00 2.841478158627482653e+00 2.831456296092544900e+00 2.820066291553996241e+00 2.807345784564093449e+00 2.793342774448966281e+00 2.778115347920053324e+00 2.761731329292446357e+00 2.744267855796489020e+00 2.725810881040612532e+00 2.706454610232017277e+00 2.686300871283402003e+00 2.665458426424331950e+00 2.644042229391501575e+00 2.622172633689443977e+00 2.599974557789034524e+00 2.577576613462673638e+00 2.555110203739562547e+00 2.532708597200052481e+00 2.510505985512708538e+00 2.488636531250152828e+00 2.467233413098846917e+00 2.446427875603201851e+00 2.426348290555507159e+00 2.407119237060419525e+00 2.388860607166647387e+00 2.371686743770205386e+00 2.355705617254469697e+00 2.341018047044081118e+00 2.327716973914799148e+00 2.315886788522035555e+00 2.305602721190141313e+00 2.296930297545471511e+00 2.289924864082564238e+00 2.284631187227986526e+00 2.281083128914588976e+00 2.279303401104284088e+00 2.279303401104284088e+00 2.281083128914588976e+00 2.284631187227986526e+00 2.289924864082564238e+00 2.296930297545471511e+00 2.305602721190141313e+00 2.315886788522035555e+00 2.327716973914799148e+00 2.341018047044081118e+00 2.355705617254469697e+00 2.371686743770205386e+00 2.388860607166647387e+00 2.407119237060419525e+00 2.426348290555507159e+00 2.446427875603201851e+00 2.467233413098846917e+00 2.488636531250152828e+00 2.510505985512708538e+00
2.529524058063250092e+00 2.548788559656103292e+00 2.568185805783052889e+00 2.587602445367860771e+00 2.606926258194496526e+00 2.626046941295234749e+00 2.644856878442544357e+00 2.663251887021676811e+00 2.681131936737164434e+00 2.698401834824639689e+00 2.714971872697935051e+00 2.730758429258214992e+00 2.745684526424816863e+00 2.759680332813809311e+00 2.772683611887384103e+00 2.784640111321998290e+00 2.795503890792366164e+00 2.805237585838698866e+00 2.813812605972243031e+00 2.821209265675634459e+00 2.827416847465897387e+00 2.832433596705282053e+00 2.836266648364590193e+00 2.838931886461178333e+00 2.840453737405618906e+00 2.840864898993016308e+00 2.840206007263553545e+00 2.838525243928088582e+00 2.835877887505118267e+00 2.832325811741665422e+00 2.827936935289331100e+00 2.822784626975020306e+00 2.816947071340749620e+00 2.810506599425956153e+00 2.803548990026696330e+00 2.796162746886917461e+00 2.788438357456013872e+00 2.780467538982798192e+00 2.772342477807776984e+00 2.764155067762463336e+00 2.755996153586230957e+00 2.747954785227653129e+00 2.740117488808941903e+00 2.732567559899576448e+00 2.725384384569478069e+00 2.718642793474648656e+00 2.712412453970509230e+00 2.706757304952377652e+00 2.701735038790827659e+00 2.697396634364578549e+00 2.693785944797908005e+00 2.690939343086395041e+00 2.688885428347235873e+00 2.687644794961983497e+00 2.687229866393807232e+00 2.687644794961983497e+00 2.688885428347235873e+00 2.690939343086395041e+00 2.693785944797908005e+00 2.697396634364578549e+00 2.701735038790827659e+00 2.706757304952377652e+00 2.712412453970509230e+00 2.718642793474648656e+00 2.725384384569478069e+00 2.732567559899576448e+00 2.740117488808941903e+00 2.747954785227653129e+00 2.755996153586230957e+00 2.764155067762463336e+00 2.772342477807776984e+00 2.780467538982798192e+00 2.788438357456013872e+00 2.796162746886917461e+00 2.803548990026696330e+00 2.810506599425956153e+00 2.816947071340749620e+00 2.822784626975020306e+00 2.827936935289331100e+00 2.832325811741665422e+00 2.835877887505118267e+00 2.838525243928088582e+00 2.840206007263553545e+00 2.840864898993016308e+00 2.840453737405618906e+00 2.838931886461178333e+00 2.836266648364590193e+00 2.832433596705282053e+00 2.827416847465897387e+00 2.821209265675634459e+00 2.813812605972243031e+00 2.805237585838698866e+00 2.795503890792366164e+00 2.784640111321998290e+00 2.772683611887384103e+00 2.759680332813809311e+00 2.745684526424816863e+00 2.730758429258214992e+00 2.714971872697935051e+00 2.698401834824639689e+00 2.681131936737164434e+00 2.663251887021676811e+00 2.644856878442544357e+00 2.626046941295234749e+00 2.606926258194496526e+00 2.587602445367860771e+00 2.568185805783052889e+00 2.548788559656103292e+00 2.529524058063250092e+00 2.510505985512708538e+00 2.491847557421001280e+00 2.473660718482248111e+00 2.456055347917051268e+00 2.439138477540619743e+00 2.423013528497710123e+00 2.407779572375608357e+00 2.393530622226768045e+00 2.380354958811151445e+00 2.368334497106529657e+00 2.357544197834919419e+00 2.348051528417264056e+00 2.339915977398961733e+00 2.333188625988646070e+00 2.327911779924852542e+00 2.324118664433028059e+00 2.321833184562209773e+00 2.321069752700234634e+00 2.321833184562209773e+00 2.324118664433028059e+00 2.327911779924852542e+00 2.333188625988646070e+00 2.339915977398961733e+00 2.348051528417264056e+00 2.357544197834919419e+00 2.368334497106529657e+00 2.380354958811151445e+00 2.393530622226768045e+00 2.407779572375608357e+00 2.423013528497710123e+00 2.439138477540619743e+00 2.456055347917051268e+00 2.473660718482248111e+00 2.491847557421001280e+00 2.510505985512708538e+00
2.532708597200052481e+00 2.548788559656103292e+00 2.565047505928813365e+00 2.581392448196142997e+00 2.597730944059440716e+00 2.613971739262546112e+00 2.630025399200111913e+00 2.645804924528886826e+00 2.661226346320583414e+00 2.676209296354351341e+00 2.690677548339455161e+00 2.704559526083206933e+00 2.717788774873650670e+00 2.730304392629157473e+00 2.742051417675600344e+00 2.752981170344097617e+00 2.763051545935493181e+00 2.772227256969537645e+00 2.780480023023921721e+00 2.787788706868246535e+00 2.794139396007418341e+00 2.799525429164867685e+00 2.803947367655196476e+00 2.807412912015114781e+00 2.809936764677706034e+00 2.811540439885032328e+00 2.812252022434573728e+00 2.812105877243163743e+00 2.811142312084796036e+00 2.809407196213230762e+00 2.806951537913918937e+00 2.803831024339974221e+00 2.800105527271318007e+00 2.795838578692495080e+00 2.791096820311255389e+00 2.785949431334844295e+00 2.780467538982798192e+00 2.774723616342490207e+00 2.768790872265898262e+00 2.762742638062276601e+00 2.756651755761252431e+00 2.750589972704133412e+00 2.744627347168108855e+00 2.738831669638912558e+00 2.733267904223099176e+00 2.727997654532333893e+00 2.723078658180215772e+00 2.718564313808593536e+00 2.714503244306873508e+00 2.710938899606329056e+00 2.707909202124064496e+00 2.705446237600485748e+00 2.703575993722293180e+00 2.702318148552953492e+00 2.701685910407084723e+00 2.701685910407084723e+00 2.702318148552953492e+00 2.703575993722293180e+00 2.705446237600485748e+00 2.707909202124064496e+00 2.710938899606329056e+00 2.714503244306873508e+00 2.718564313808593536e+00 2.723078658180215772e+00 2.727997654532333893e+00 2.733267904223099176e+00 2.738831669638912558e+00 2.744627347168108855e+00 2.750589972704133412e+00 2.756651755761252431e+00 2.762742638062276601e+00 2.768790872265898262e+00 2.774723616342490207e+00 2.780467538982798192e+00 2.785949431334844295e+00 2.791096820311255389e+00 2.795838578692495080e+00 2.800105527271318007e+00 2.803831024339974221e+00 2.806951537913918937e+00 2.809407196213230762e+00 2.811142312084796036e+00 2.812105877243163743e+00 2.812252022434573728e+00 2.811540439885032328e+00 2.809936764677706034e+00 2.807412912015114781e+00 2.803947367655196476e+00 2.799525429164867685e+00 2.794139396007418341e+00 2.787788706868246535e+00 2.780480023023921721e+00 2.772227256969537645e+00 2.763051545935493181e+00 2.752981170344097617e+00 2.742051417675600344e+00 2.730304392629157473e+00 2.717788774873650670e+00 2.704559526083206933e+00 2.690677548339455161e+00 2.676209296354351341e+00 2.661226346320583414e+00 2.645804924528886826e+00 2.630025399200111913e+00 2.613971739262546112e+00 2.597730944059440716e+00 2.581392448196142997e+00 2.565047505928813365e+00 2.548788559656103292e+00 2.532708597200052481e+00 2.516900502651889138e+00 2.501456405611770073e+00 2.486467033668256388e+00 2.472021072943447528e+00 2.458204541473249183e+00 2.445100180099727627e+00 2.432786865424531708e+00 2.421339049209964234e+00 2.410826228418609940e+00 2.401312449855071307e+00 2.392855853115887221e+00 2.385508255268252942e+00 2.379314780366665438e+00 2.374313536581664330e+00 2.370535343358791902e+00 2.368003510651533805e+00 2.366733671882191192e+00 2.366733671882191192e+00 2.368003510651533805e+00 2.370535343358791902e+00 2.374313536581664330e+00 2.379314780366665438e+00 2.385508255268252942e+00 2.392855853115887221e+00 2.401312449855071307e+00 2.410826228418609940e+00 2.421339049209964234e+00 2.432786865424531708e+00 2.445100180099727627e+00 2.458204541473249183e+00 2.472021072943447528e+00 2.486467033668256388e+00 2.501456405611770073e+00 2.516900502651889138e+00
2.542237978344749738e+00 2.555110203739562547e+00 2.568185805783052889e+00 2.581392448196142997e+00 2.594657906350640530e+00 2.607910563098465140e+00 2.621079897969124772e+00 2.634096966118693928e+00 2.646894863495123040e+00 2.659409174793041952e+00 2.671578400905417983e+00 2.683344362738389055e+00 2.694652578438294199e+00 2.705452611284744346e+00 2.715698385729104825e+00 2.725348469302244059e+00 2.734366318376958205e+00 2.742720486047040662e+00 2.750384790674676783e+00 2.757338443958104346e+00 2.763566137680420365e+00 2.769058088615322877e+00 2.773810041384360048e+00 2.777823229380186110e+00 2.781104294189306714e+00 2.783665164263025904e+00 2.785522893894748275e+00 2.786699463862813086e+00 2.787221545388502530e+00 2.787120229336537580e+00 2.786430722848081576e+00 2.785192015842140378e+00 2.783446520048227679e+00 2.781239683439781896e+00 2.778619583122218017e+00 2.775636499890548947e+00 2.772342477807776984e+00 2.768790872265898262e+00 2.765035890075342451e+00 2.761132125185547181e+00 2.757134093668598851e+00 2.753095771599246344e+00 2.749070139438212212e+00 2.745108736471621569e+00 2.741261228778157477e+00 2.737574994087720537e+00 2.734094726761767902e+00 2.730862065967263330e+00 2.727915249934337094e+00 2.725288798983882543e+00 2.723013229786844125e+00 2.721114803073660937e+00 2.719615306752133588e+00 2.718531876116685897e+00 2.717876852543943844e+00 2.717657681770802469e+00 2.717876852543943844e+00 2.718531876116685897e+00 2.719615306752133588e+00 2.721114803073660937e+00 2.723013229786844125e+00 2.725288798983882543e+00 2.727915249934337094e+00 2.730862065967263330e+00 2.734094726761767902e+00 2.737574994087720537e+00 2.741261228778157477e+00 2.745108736471621569e+00 2.749070139438212212e+00 2.753095771599246344e+00 2.757134093668598851e+00 2.761132125185547181e+00 2.765035890075342451e+00 2.768790872265898262e+00 2.772342477807776984e+00 2.775636499890548947e+00 2.778619583122218017e+00 2.781239683439781896e+00 2.783446520048227679e+00 2.785192015842140378e+00 2.786430722848081576e+00 2.787120229336537580e+00 2.787221545388502530e+00 2.786699463862813086e+00 2.785522893894748275e+00 2.783665164263025904e+00 2.781104294189306714e+00 2.777823229380186110e+00 2.773810041384360048e+00 2.769058088615322877e+00 2.763566137680420365e+00 2.757338443958104346e+00 2.750384790674676783e+00 2.742720486047040662e+00 2.734366318376958205e+00 2.725348469302244059e+00 2.715698385729104825e+00 2.705452611284744346e+00 2.694652578438294199e+00 2.683344362738389055e+00 2.671578400905417983e+00 2.659409174793041952e+00 2.646894863495123040e+00 2.634096966118693928e+00 2.621079897969124772e+00 2.607910563098465140e+00 2.594657906350640530e+00 2.581392448196142997e+00 2.568185805783052889e+00 2.555110203739562547e+00 2.542237978344749738e+00 2.529641078738683380e+00 2.517390568869465106e+00 2.505556133873429570e+00 2.494205594555357841e+00 2.483404433578466186e+00 2.473215336889559968e+00 2.463697753793622436e+00 2.454907478955233646e+00 2.446896259442458366e+00 2.439711429743542048e+00 2.433395577479268379e+00 2.427986242305667286e+00 2.423515650254829623e+00 2.420010485497470665e+00 2.417491701231872625e+00 2.415974371111881513e+00 2.415467582323910012e+00 2.415974371111881513e+00 2.417491701231872625e+00 2.420010485497470665e+00 2.423515650254829623e+00 2.427986242305667286e+00 2.433395577479268379e+00 2.439711429743542048e+00 2.446896259442458366e+00 2.454907478955233646e+00 2.463697753793622436e+00 2.473215336889559968e+00 2.483404433578466186e+00 2.494205594555357841e+00 2.505556133873429570e+00 2.517390568869465106e+00 2.529641078738683380e+00
2.558039677152834646e+00 2.567705172432917404e+00 2.577576613462673638e+00 2.587602445367860771e+00 2.597730944059440716e+00 2.607910563098465140e+00 2.618090277383422926e+00 2.628219921136901949e+00 2.638250517715127419e+00 2.648134598829270825e+00 2.657826510850948232e+00 2.667282705975345891e+00 2.676462016133202670e+00 2.685325907676484380e+00 2.693838715011042328e+00 2.701967851511685392e+00 2.709683996229682368e+00 2.716961255088418792e+00 2.723777295458329917e+00 2.730113453205910812e+00 2.735954811521809305e+00 2.741290251048475124e+00 2.746112471046469494e+00 2.750417981559218461e+00 2.754207066756460875e+00 2.757483719855759130e+00 2.760255550237072697e+00 2.762533663576327125e+00 2.764332516028103814e+00 2.765669743683954795e+00 2.766565968719421065e+00 2.767044583818634607e+00 2.767131516628763332e+00 2.766854976146399192e+00 2.766245183073229086e+00 2.765334086297718041e+00 2.764155067762463336e+00 2.762742638062276601e+00 2.761132125185547181e+00 2.759359358860257405e+00 2.757460352996039088e+00 2.755470988724511017e+00 2.753426700531730109e+00 2.751362167949154891e+00 2.749311015223056653e+00 2.747305521317367383e+00 2.745376342521932411e+00 2.743552249837661439e+00 2.741859883193042080e+00 2.740323524413601053e+00 2.738964890718403655e+00 2.737802950356497345e+00 2.736853761822776843e+00 2.736130337908150523e+00 2.735642535644868811e+00 2.735396973005533194e+00 2.735396973005533194e+00 2.735642535644868811e+00 2.736130337908150523e+00 2.736853761822776843e+00 2.737802950356497345e+00 2.738964890718403655e+00 2.740323524413601053e+00 2.741859883193042080e+00 2.743552249837661439e+00 2.745376342521932411e+00 2.747305521317367383e+00 2.749311015223056653e+00 2.751362167949154891e+00 2.753426700531730109e+00 2.755470988724511017e+00 2.757460352996039088e+00 2.759359358860257405e+00 2.761132125185547181e+00 2.762742638062276601e+00 2.764155067762463336e+00 2.765334086297718041e+00 2.766245183073229086e+00 2.766854976146399192e+00 2.767131516628763332e+00 2.767044583818634607e+00 2.766565968719421065e+00 2.765669743683954795e+00 2.764332516028103814e+00 2.762533663576327125e+00 2.760255550237072697e+00 2.757483719855759130e+00 2.754207066756460875e+00 2.750417981559218461e+00 2.746112471046469494e+00 2.741290251048475124e+00 2.735954811521809305e+00 2.730113453205910812e+00 2.723777295458329917e+00 2.716961255088418792e+00 2.709683996229682368e+00 2.701967851511685392e+00 2.693838715011042328e+00 2.685325907676484380e+00 2.676462016133202670e+00 2.667282705975345891e+00 2.657826510850948232e+00 2.648134598829270825e+00 2.638250517715127419e+00 2.628219921136901949e+00 2.618090277383422926e+00 2.607910563098465140e+00 2.597730944059440716e+00 2.587602445367860771e+00 2.577576613462673638e+00 2.567705172432917404e+00 2.558039677152834646e+00 2.548631165790217423e+00 2.539529814247210915e+00 2.530784595081863486e+00 2.522442943428596429e+00 2.514550432386597922e+00 2.507150460277356885e+00 2.500283952086581607e+00 2.493989077302305013e+00 2.488300986240844281e+00 2.483251566816256695e+00 2.478869223558211932e+00 2.475178680518772101e+00 2.472200809531738930e+00 2.469952485100378237e+00 2.468446466991741861e+00 2.467691311410164179e+00 2.467691311410164179e+00 2.468446466991741861e+00 2.469952485100378237e+00 2.472200809531738930e+00 2.475178680518772101e+00 2.478869223558211932e+00 2.483251566816256695e+00 2.488300986240844281e+00 2.493989077302305013e+00 2.500283952086581607e+00 2.507150460277356885e+00 2.514550432386597922e+00 2.522442943428596429e+00 2.530784595081863486e+00 2.539529814247210915e+00 2.548631165790217423e+00
2.579993433155050031e+00 2.586477194925243861e+00 2.593147837067186767e+00 2.599974557789034524e+00 2.606926258194496526e+00 2.613971739262546112e+00 2.621079897969124772e+00 2.628219921136901949e+00 2.635361475619353300e+00 2.642474893456126406e+00 2.649531350677534203e+00 2.656503038486803803e+00 2.663363325609011678e+00 2.670086910664957625e+00 2.676649963506084529e+00 2.683030254532299708e+00 2.689207271107601382e+00 2.695162320287922686e+00 2.700878617181030616e+00 2.706341358368597572e+00 2.711537779935069281e+00 2.716457199765686337e+00 2.721091043896160411e+00 2.725432856818041927e+00 2.729478295765960016e+00 2.733225109134606701e+00 2.736673099293714273e+00 2.739824070187447447e+00 2.742681760219607856e+00 2.745251761037061033e+00 2.747541422929930643e+00 2.749559747667600362e+00 2.751317269683608568e+00 2.752825926609440810e+00 2.754098920236387471e+00 2.755150569055340171e+00 2.755996153586230957e+00 2.756651755761252431e+00 2.757134093668598851e+00 2.757460352996039088e+00 2.757648016535792834e+00 2.757714693123842320e+00 2.757677947387917161e+00 2.757555131668846915e+00 2.757363221459945724e+00 2.757118655678699071e+00 2.756837183044506201e+00 2.756533715785911109e+00 2.756222191841026348e+00 2.755915446646133748e+00 2.755625095530407354e+00 2.755361427649685169e+00 2.755133312300170001e+00 2.754948118354327846e+00 2.754811647457019230e+00 2.754728081510650295e+00 2.754699944864971162e+00 2.754728081510650295e+00 2.754811647457019230e+00 2.754948118354327846e+00 2.755133312300170001e+00 2.755361427649685169e+00 2.755625095530407354e+00 2.755915446646133748e+00 2.756222191841026348e+00 2.756533715785911109e+00 2.756837183044506201e+00 2.757118655678699071e+00 2.757363221459945724e+00 2.757555131668846915e+00 2.757677947387917161e+00 2.757714693123842320e+00 2.757648016535792834e+00 2.757460352996039088e+00 2.757134093668598851e+00 2.756651755761252431e+00 2.755996153586230957e+00 2.755150569055340171e+00 2.754098920236387471e+00 2.752825926609440810e+00 2.751317269683608568e+00 2.749559747667600362e+00 2.747541422929930643e+00 2.745251761037061033e+00 2.742681760219607856e+00 2.739824070187447447e+00 2.736673099293714273e+00 2.733225109134606701e+00 2.729478295765960016e+00 2.725432856818041927e+00 2.721091043896160411e+00 2.716457199765686337e+00 2.711537779935069281e+00 2.706341358368597572e+00 2.700878617181030616e+00 2.695162320287922686e+00 2.689207271107601382e+00 2.683030254532299708e+00 2.676649963506084529e+00 2.670086910664957625e+00 2.663363325609011678e+00 2.656503038486803803e+00 2.649531350677534203e+00 2.642474893456126406e+00 2.635361475619353300e+00 2.628219921136901949e+00 2.621079897969124772e+00 2.613971739262546112e+00 2.606926258194496526e+00 2.599974557789034524e+00 2.593147837067186767e+00 2.586477194925243861e+00 2.579993433155050031e+00 2.573726860029842634e+00 2.567707095878140944e+00 2.561962882056380231e+00 2.556521894708662757e+00 2.551410564669144954e+00 2.546653904819600189e+00 2.542275346161793959e+00 2.538296583801924466e+00 2.534737433973031084e+00 2.531615703141365525e+00 2.528947070154977439e+00 2.526744982297838948e+00 2.525020566011276557e+00 2.523782552937359647e+00 2.523037221826637033e+00 2.522788356736460624e+00 2.523037221826637033e+00 2.523782552937359647e+00 2.525020566011276557e+00 2.526744982297838948e+00 2.528947070154977439e+00 2.531615703141365525e+00 2.534737433973031084e+00 2.538296583801924466e+00 2.542275346161793959e+00 2.546653904819600189e+00 2.551410564669144954e+00 2.556521894708662757e+00 2.561962882056380231e+00 2.567707095878140944e+00 2.573726860029842634e+00
2.607932165012177173e+00 2.611282782538175251e+00 2.614779934525974792e+00 2.618413387205863696e+00 2.622172633689443977e+00 2.626046941295234749e+00 2.630025399200111913e+00 2.634096966118693928e+00 2.638250517715127419e+00 2.642474893456126406e+00 2.646758942620680344e+00 2.651091569190356712e+00 2.655461775354651888e+00 2.659858703378226608e+00 2.664271675591022959e+00 2.668690232278075225e+00 2.673104167263240516e+00 2.677503560999806353e+00 2.681878811001013219e+00 2.686220659464694460e+00 2.690520217968288108e+00 2.694768989133423887e+00 2.698958885182701994e+00 2.703082243335246826e+00 2.707131838011692437e+00 2.711100889843528261e+00 2.714983071505737033e+00 2.718772510415477850e+00 2.722463788362761594e+00 2.726051938161756727e+00 2.729532437433046521e+00 2.732901199647967072e+00 2.736154562585753514e+00 2.739289274372502359e+00 2.742302477287851925e+00 2.745191689540543489e+00 2.747954785227653129e+00 2.750589972704133412e+00 2.753095771599246344e+00 2.755470988724511017e+00 2.757714693123842320e+00 2.759826190520529021e+00 2.761804997417664165e+00 2.763650815108487979e+00 2.765363503850928328e+00 2.766943057456371147e+00 2.768389578536441409e+00 2.769703254643406609e+00 2.770884335529711695e+00 2.771933111740279454e+00 2.772849894737646537e+00 2.773634998744809010e+00 2.774288724474024637e+00 2.774811344891809028e+00 2.775203093151227929e+00 2.775464152802321838e+00 2.775594650370443173e+00 2.775594650370443173e+00 2.775464152802321838e+00 2.775203093151227929e+00 2.774811344891809028e+00 2.774288724474024637e+00 2.773634998744809010e+00 2.772849894737646537e+00 2.771933111740279454e+00 2.770884335529711695e+00 2.769703254643406609e+00 2.768389578536441409e+00 2.766943057456371147e+00 2.765363503850928328e+00 2.763650815108487979e+00 2.761804997417664165e+00 2.759826190520529021e+00 2.757714693123842320e+00 2.755470988724511017e+00 2.753095771599246344e+00 2.750589972704133412e+00 2.747954785227653129e+00 2.745191689540543489e+00 2.742302477287851925e+00 2.739289274372502359e+00 2.736154562585753514e+00 2.732901199647967072e+00 2.729532437433046521e+00 2.726051938161756727e+00 2.722463788362761594e+00 2.718772510415477850e+00 2.714983071505737033e+00 2.711100889843528261e+00 2.707131838011692437e+00 2.703082243335246826e+00 2.698958885182701994e+00 2.694768989133423887e+00 2.690520217968288108e+00 2.686220659464694460e+00 2.681878811001013219e+00 2.677503560999806353e+00 2.673104167263240516e+00 2.668690232278075225e+00 2.664271675591022959e+00 2.659858703378226608e+00 2.655461775354651888e+00 2.651091569190356712e+00 2.646758942620680344e+00 2.642474893456126406e+00 2.638250517715127419e+00 2.634096966118693928e+00 2.630025399200111913e+00 2.626046941295234749e+00 2.622172633689443977e+00 2.618413387205863696e+00 2.614779934525974792e+00 2.611282782538175251e+00 2.607932165012177173e+00 2.604737995897274949e+00 2.601709823540560240e+00 2.598856786117036410e+00 2.596187568557343894e+00 2.593710361250505692e+00 2.591432820788785119e+00 2.589362033009474207e+00 2.587504478574326416e+00 2.585866001311448059e+00 2.584451779526972803e+00 2.583266300474801991e+00 2.582313338152286253e+00 2.581595934568106099e+00 2.581116384605876224e+00 2.580876224583439793e+00 2.580876224583439793e+00 2.581116384605876224e+00 2.581595934568106099e+00 2.582313338152286253e+00 2.583266300474801991e+00 2.584451779526972803e+00 2.585866001311448059e+00 2.587504478574326416e+00 2.589362033009474207e+00 2.591432820788785119e+00 2.593710361250505692e+00 2.596187568557343894e+00 2.598856786117036410e+00 2.601709823540560240e+00 2.604737995897274949e+00
2.641643242104918965e+00 2.641932321945880346e+00 2.642306825357058297e+00 2.642776747429847806e+00 2.643351983739968158e+00 2.644042229391501575e+00 2.644856878442544357e+00 2.645804924528886826e+00 2.646894863495123040e+00 2.648134598829270825e+00 2.649531350677534203e+00 2.651091569190356712e+00 2.652820852919610228e+00 2.654723872949843688e+00 2.656804303404332490e+00 2.659064758919408522e+00 2.661506739628747287e+00 2.664130584143145075e+00 2.666935430951414165e+00 2.669919188604739535e+00 2.673078514980630871e+00 2.676408805854066042e+00 2.679904192932987872e+00 2.683557551443526368e+00 2.687360517277811667e+00 2.691303513644444312e+00 2.695375787089235420e+00 2.699565452682254563e+00 2.703859548097048204e+00 2.708244096239712295e+00 2.712704176019707702e+00 2.717224000791617744e+00 2.721787003937683025e+00 2.726375931005584174e+00 2.730972937764856834e+00 2.735559693498984313e+00 2.740117488808941903e+00 2.744627347168108855e+00 2.749070139438212212e+00 2.753426700531730109e+00 2.757677947387917161e+00 2.761804997417664165e+00 2.765789286566750160e+00 2.769612686147764347e+00 2.773257617598096303e+00 2.776707164334775157e+00 2.779945179896655461e+00 2.782956391590106104e+00 2.785726498886032854e+00 2.788242265853341451e+00 2.790491606956560844e+00 2.792463665593109656e+00 2.794148884798066224e+00 2.795539069601021165e+00 2.796627440580213175e+00 2.797408678223124667e+00 2.797878957769710073e+00 2.798035974283826111e+00 2.797878957769710073e+00 2.797408678223124667e+00 2.796627440580213175e+00 2.795539069601021165e+00 2.794148884798066224e+00 2.792463665593109656e+00 2.790491606956560844e+00 2.788242265853341451e+00 2.785726498886032854e+00 2.782956391590106104e+00 2.779945179896655461e+00 2.776707164334775157e+00 2.773257617598096303e+00 2.769612686147764347e+00 2.765789286566750160e+00 2.761804997417664165e+00 2.757677947387917161e+00 2.753426700531730109e+00 2.749070139438212212e+00 2.744627347168108855e+00 2.740117488808941903e+00 2.735559693498984313e+00 2.730972937764856834e+00 2.726375931005584174e+00 2.721787003937683025e+00 2.717224000791617744e+00 2.712704176019707702e+00 2.708244096239712295e+00 2.703859548097048204e+00 2.699565452682254563e+00 2.695375787089235420e+00 2.691303513644444312e+00 2.687360517277811667e+00 2.683557551443526368e+00 2.679904192932987872e+00 2.676408805854066042e+00 2.673078514980630871e+00 2.669919188604739535e+00 2.666935430951414165e+00 2.664130584143145075e+00 2.661506739628747287e+00 2.659064758919408522e+00 2.656804303404332490e+00 2.654723872949843688e+00 2.652820852919610228e+00 2.651091569190356712e+00 2.649531350677534203e+00 2.648134598829270825e+00 2.646894863495123040e+00 2.645804924528886826e+00 2.644856878442544357e+00 2.644042229391501575e+00 2.643351983739968158e+00 2.642776747429847806e+00 2.642306825357058297e+00 2.641932321945880346e+00 2.641643242104918965e+00 2.641429591747521233e+00 2.641281477065080541e+00 2.641189201753525673e+00 2.641143361411282697e+00 2.641134934351075714e+00 2.641155368097805933e+00 2.641196660880258396e+00 2.641251437465214291e+00 2.641313018728383089e+00 2.641375484407106011e+00 2.641433728534544834e+00 2.641483507113715934e+00 2.641521477651765260e+00 2.641545230239825681e+00 2.641553309931197635e+00 2.641545230239825681e+00 2.641521477651765260e+00 2.641483507113715934e+00 2.641433728534544834e+00 2.641375484407106011e+00 2.641313018728383089e+00 2.641251437465214291e+00 2.641196660880258396e+00 2.641155368097805933e+00 2.641134934351075714e+00 2.641143361411282697e+00 2.641189201753525673e+00 2.641281477065080541e+00 2.641429591747521233e+00
2.680870102781293340e+00 2.678191519822777256e+00 2.675517157394597945e+00 2.672876749992703083e+00 2.670300252423081222e+00 2.667817593059079062e+00 2.665458426424331950e+00 2.663251887021676811e+00 2.661226346320583414e+00 2.659409174793041952e+00 2.657826510850948232e+00 2.656503038486803803e+00 2.655461775354651888e+00 2.654723872949843688e+00 2.654308430455321055e+00 2.654232323719070585e+00 2.654510050713202673e+00 2.655153594700494057e+00 2.656172306200200506e+00 2.657572804702561964e+00 2.659358900931609870e+00 2.661531540300000831e+00 2.664088768038647359e+00 2.667025716319205930e+00 2.670334613520263023e+00 2.674004815619589248e+00 2.678022859526354882e+00 2.682372538000138196e+00 2.687034995638928336e+00 2.691988845257721863e+00 2.697210303823595279e+00 2.702673346963813561e+00 2.708349880921488317e+00 2.714209930699798434e+00 2.720221843011753293e+00 2.726352502538833988e+00 2.732567559899576448e+00 2.738831669638912558e+00 2.745108736471621569e+00 2.751362167949154891e+00 2.757555131668846915e+00 2.763650815108487979e+00 2.769612686147764347e+00 2.775404752331239511e+00 2.780991816935428407e+00 2.786339729925167763e+00 2.791415631921515317e+00 2.796188189354788634e+00 2.800627819041483946e+00 2.804706900502361488e+00 2.808399974430248136e+00 2.811683925819433494e+00 2.814538150383189219e+00 2.816944703010939133e+00 2.818888427151164944e+00 2.820357064149011439e+00 2.821341341717952478e+00 2.821835040881351286e+00 2.821835040881351286e+00 2.821341341717952478e+00 2.820357064149011439e+00 2.818888427151164944e+00 2.816944703010939133e+00 2.814538150383189219e+00 2.811683925819433494e+00 2.808399974430248136e+00 2.804706900502361488e+00 2.800627819041483946e+00 2.796188189354788634e+00 2.791415631921515317e+00 2.786339729925167763e+00 2.780991816935428407e+00 2.775404752331239511e+00 2.769612686147764347e+00 2.763650815108487979e+00 2.757555131668846915e+00 2.751362167949154891e+00 2.745108736471621569e+00 2.738831669638912558e+00 2.732567559899576448e+00 2.726352502538833988e+00 2.720221843011753293e+00 2.714209930699798434e+00 2.708349880921488317e+00 2.702673346963813561e+00 2.697210303823595279e+00 2.691988845257721863e+00 2.687034995638928336e+00 2.682372538000138196e+00 2.678022859526354882e+00 2.674004815619589248e+00 2.670334613520263023e+00 2.667025716319205930e+00 2.664088768038647359e+00 2.661531540300000831e+00 2.659358900931609870e+00 2.657572804702561964e+00 2.656172306200200506e+00 2.655153594700494057e+00 2.654510050713202673e+00 2.654232323719070585e+00 2.654308430455321055e+00 2.654723872949843688e+00 2.655461775354651888e+00 2.656503038486803803e+00 2.657826510850948232e+00 2.659409174793041952e+00 2.661226346320583414e+00 2.663251887021676811e+00 2.665458426424331950e+00 2.667817593059079062e+00 2.670300252423081222e+00 2.672876749992703083e+00 2.675517157394597945e+00 2.678191519822777256e+00 2.680870102781293340e+00 2.683523636238940302e+00 2.686123554303823990e+00 2.688642228561524572e+00 2.691053193270706245e+00 2.693331360673837604e+00 2.695453224757986543e+00 2.697397051890496389e+00 2.699143056856353695e+00 2.700673562937256467e+00 2.701973144795997595e+00 2.703028753062832745e+00 2.703829819661949685e+00 2.704368343065016944e+00 2.704638952813787522e+00 2.704638952813787522e+00 2.704368343065016944e+00 2.703829819661949685e+00 2.703028753062832745e+00 2.701973144795997595e+00 2.700673562937256467e+00 2.699143056856353695e+00 2.697397051890496389e+00 2.695453224757986543e+00 2.693331360673837604e+00 2.691053193270706245e+00 2.688642228561524572e+00 2.686123554303823990e+00 2.683523636238940302e+00
2.725314206945727236e+00 2.719783187921346101e+00 2.714155918839311621e+00 2.708481238790148904e+00 2.702808668721691898e+00 2.697188022499142690e+00 2.691669015147709842e+00 2.686300871283402003e+00 2.681131936737164434e+00 2.676209296354351341e+00 2.671578400905417983e+00 2.667282705975345891e+00 2.663363325609011678e+00 2.659858703378226608e+00 2.656804303404332490e+00 2.654232323719070585e+00 2.652171434177094334e+00 2.650646540947193763e+00 2.649678579407558132e+00 2.649284337054681249e+00 2.649476307807498099e+00 2.650262578849694517e+00 2.651646750905836125e+00 2.653627892592605786e+00 2.656200529227338070e+00 2.659354666213799234e+00 2.663075846862037022e+00 2.667345244236984936e+00 2.672139786371392933e+00 2.677432313924548168e+00 2.683191769121032078e+00 2.689383414565391206e+00 2.695969080300818721e+00 2.702907437264551849e+00 2.710154295091237397e+00 2.717662922029690176e+00 2.725384384569478069e+00 2.733267904223099176e+00 2.741261228778157477e+00 2.749311015223056653e+00 2.757363221459945724e+00 2.765363503850928328e+00 2.773257617598096303e+00 2.780991816935428407e+00 2.788513252110906393e+00 2.795770360160520607e+00 2.802713246521930213e+00 2.809294054604047020e+00 2.815467320519231098e+00 2.821190310296428638e+00 2.826423337025588012e+00 2.831130055535114209e+00 2.835277732373671977e+00 2.838837489054245378e+00 2.841784516720414100e+00 2.844098260610827378e+00 2.845762572926280765e+00 2.846765832942760976e+00 2.847101033461621356e+00 2.846765832942760976e+00 2.845762572926280765e+00 2.844098260610827378e+00 2.841784516720414100e+00 2.838837489054245378e+00 2.835277732373671977e+00 2.831130055535114209e+00 2.826423337025588012e+00 2.821190310296428638e+00 2.815467320519231098e+00 2.809294054604047020e+00 2.802713246521930213e+00 2.795770360160520607e+00 2.788513252110906393e+00 2.780991816935428407e+00 2.773257617598096303e+00 2.765363503850928328e+00 2.757363221459945724e+00 2.749311015223056653e+00 2.741261228778157477e+00 2.733267904223099176e+00 2.725384384569478069e+00 2.717662922029690176e+00 2.710154295091237397e+00 2.702907437264551849e+00 2.695969080300818721e+00 2.689383414565391206e+00 2.683191769121032078e+00 2.677432313924548168e+00 2.672139786371392933e+00 2.667345244236984936e+00 2.663075846862037022e+00 2.659354666213799234e+00 2.656200529227338070e+00 2.653627892592605786e+00 2.651646750905836125e+00 2.650262578849694517e+00 2.649476307807498099e+00 2.649284337054681249e+00 2.649678579407558132e+00 2.650646540947193763e+00 2.652171434177094334e+00 2.654232323719070585e+00 2.656804303404332490e+00 2.659858703378226608e+00 2.663363325609011678e+00 2.667282705975345891e+00 2.671578400905417983e+00 2.676209296354351341e+00 2.681131936737164434e+00 2.686300871283402003e+00 2.691669015147709842e+00 2.697188022499142690e+00 2.702808668721691898e+00 2.708481238790148904e+00 2.714155918839311621e+00 2.719783187921346101e+00 2.725314206945727236e+00 2.730701201818714896e+00 2.735897837844690983e+00 2.740859582519330928e+00 2.745544053934212858e+00 2.749911352123229680e+00 2.753924370812323108e+00 2.757549087184543168e+00 2.760754827441118220e+00 2.763514506124851611e+00 2.765804837373266878e+00 2.767606516483966939e+00 2.768904370402157866e+00 2.769687475978214852e+00 2.769949245089982526e+00 2.769687475978214852e+00 2.768904370402157866e+00 2.767606516483966939e+00 2.765804837373266878e+00 2.763514506124851611e+00 2.760754827441118220e+00 2.757549087184543168e+00 2.753924370812323108e+00 2.749911352123229680e+00 2.745544053934212858e+00 2.740859582519330928e+00 2.735897837844690983e+00 2.730701201818714896e+00
2.774637308129443980e+00 2.766389354990783200e+00 2.757926383356419375e+00 2.749315562787117528e+00 2.740625342400186071e+00 2.731924924380398689e+00 2.723283731476394909e+00 2.714770872546348190e+00 2.706454610232017277e+00 2.698401834824639689e+00 2.690677548339455161e+00 2.683344362738389055e+00 2.676462016133202670e+00 2.670086910664957625e+00 2.664271675591022959e+00 2.659064758919408522e+00 2.654510050713202673e+00 2.650646540947193763e+00 2.647508014536027687e+00 2.645122785870614113e+00 2.643513474898967264e+00 2.642696826471718552e+00 2.642683574343349218e+00 2.643478350880492656e+00 2.645079643180837881e+00 2.647479795953026738e+00 2.650665061152055468e+00 2.654615694008851445e+00 2.659306094739548154e+00 2.664704994872268529e+00 2.670775686789535808e+00 2.677476294755404940e+00 2.684760085380512695e+00 2.692575815177892906e+00 2.700868112579881686e+00 2.709577891523945237e+00 2.718642793474648656e+00 2.727997654532333893e+00 2.737574994087720537e+00 2.747305521317367383e+00 2.757118655678699071e+00 2.766943057456371147e+00 2.776707164334775157e+00 2.786339729925167763e+00 2.795770360160520607e+00 2.804930043486921765e+00 2.813751670826996065e+00 2.822170541368132834e+00 2.830124850335578035e+00 2.837556155046989659e+00 2.844409815709709743e+00 2.850635407613597128e+00 2.856187101589361621e+00 2.861024009843140092e+00 2.865110494540937136e+00 2.868416436799369862e+00 2.870917464039765665e+00 2.872595133978898208e+00 2.873437073858898572e+00 2.873437073858898572e+00 2.872595133978898208e+00 2.870917464039765665e+00 2.868416436799369862e+00 2.865110494540937136e+00 2.861024009843140092e+00 2.856187101589361621e+00 2.850635407613597128e+00 2.844409815709709743e+00 2.837556155046989659e+00 2.830124850335578035e+00 2.822170541368132834e+00 2.813751670826996065e+00 2.804930043486921765e+00 2.795770360160520607e+00 2.786339729925167763e+00 2.776707164334775157e+00 2.766943057456371147e+00 2.757118655678699071e+00 2.747305521317367383e+00 2.737574994087720537e+00 2.727997654532333893e+00 2.718642793474648656e+00 2.709577891523945237e+00 2.700868112579881686e+00 2.692575815177892906e+00 2.684760085380512695e+00 2.677476294755404940e+00 2.670775686789535808e+00 2.664704994872268529e+00 2.659306094739548154e+00 2.654615694008851445e+00 2.650665061152055468e+00 2.647479795953026738e+00 2.645079643180837881e+00 2.643478350880492656e+00 2.642683574343349218e+00 2.642696826471718552e+00 2.643513474898967264e+00 2.645122785870614113e+00 2.647508014536027687e+00 2.650646540947193763e+00 2.654510050713202673e+00 2.659064758919408522e+00 2.664271675591022959e+00 2.670086910664957625e+00 2.676462016133202670e+00 2.683344362738389055e+00 2.690677548339455161e+00 2.698401834824639689e+00 2.706454610232017277e+00 2.714770872546348190e+00 2.723283731476394909e+00 2.731924924380398689e+00 2.740625342400186071e+00 2.749315562787117528e+00 2.757926383356419375e+00 2.766389354990783200e+00 2.774637308129443980e+00 2.782604869225258515e+00 2.790228963229251846e+00 2.797449298268981810e+00 2.804208828823194111e+00 2.810454193859518668e+00 2.816136126593114852e+00 2.821209832740822154e+00 2.825635334385773856e+00 2.829377776829838709e+00 2.832407696093615979e+00 2.834701245023893534e+00 2.836240376284199005e+00 2.837012980832914533e+00 2.837012980832914533e+00 2.836240376284199005e+00 2.834701245023893534e+00 2.832407696093615979e+00 2.829377776829838709e+00 2.825635334385773856e+00 2.821209832740822154e+00 2.816136126593114852e+00 2.810454193859518668e+00 2.804208828823194111e+00 2.797449298268981810e+00 2.790228963229251846e+00 2.782604869225258515e+00
2.828464027750335674e+00 2.817653689459045818e+00 2.806492373409542385e+00 2.795064673281868917e+00 2.783457189572121848e+00 2.771757871216994129e+00 2.760055346993585790e+00 2.748438251781555319e+00 2.736994552813629245e+00 2.725810881040612532e+00 2.714971872697935051e+00 2.704559526083206933e+00 2.694652578438294199e+00 2.685325907676484380e+00 2.676649963506084529e+00 2.668690232278075225e+00 2.661506739628747287e+00 2.655153594700494057e+00 2.649678579407558132e+00 2.645122785870614113e+00 2.641520304777464023e+00 2.638897967039522729e+00 2.637275140708146726e+00 2.636663584694254769e+00 2.637067360402396421e+00 2.638482801949643797e+00 2.640898545193801183e+00 2.644295615347874051e+00 2.648647572511843684e+00 2.653920714012029780e+00 2.660074332005996744e+00 2.667061024390361634e+00 2.674827056643218182e+00 2.683312771845288491e+00 2.692453045757240204e+00 2.702177783487766494e+00 2.712412453970509230e+00 2.723078658180215772e+00 2.734094726761767902e+00 2.745376342521932411e+00 2.756837183044506201e+00 2.768389578536441409e+00 2.779945179896655461e+00 2.791415631921515317e+00 2.802713246521930213e+00 2.813751670826996065e+00 2.824446545088091565e+00 2.834716145375022478e+00 2.844482006171671795e+00 2.853669518131585203e+00 2.862208496443148231e+00 2.870033715477671166e+00 2.877085405650472882e+00 2.883309708712664676e+00 2.888659088007818898e+00 2.893092690570522763e+00 2.896576658310438646e+00 2.899084385913056394e+00 2.900596723493924056e+00 2.901102122463740773e+00 2.900596723493924056e+00 2.899084385913056394e+00 2.896576658310438646e+00 2.893092690570522763e+00 2.888659088007818898e+00 2.883309708712664676e+00 2.877085405650472882e+00 2.870033715477671166e+00 2.862208496443148231e+00 2.853669518131585203e+00 2.844482006171671795e+00 2.834716145375022478e+00 2.824446545088091565e+00 2.813751670826996065e+00 2.802713246521930213e+00 2.791415631921515317e+00 2.779945179896655461e+00 2.768389578536441409e+00 2.756837183044506201e+00 2.745376342521932411e+00 2.734094726761767902e+00 2.723078658180215772e+00 2.712412453970509230e+00 2.702177783487766494e+00 2.692453045757240204e+00 2.683312771845288491e+00 2.674827056643218182e+00 2.667061024390361634e+00 2.660074332005996744e+00 2.653920714012029780e+00 2.648647572511843684e+00 2.644295615347874051e+00 2.640898545193801183e+00 2.638482801949643797e+00 2.637067360402396421e+00 2.636663584694254769e+00 2.637275140708146726e+00 2.638897967039522729e+00 2.641520304777464023e+00 2.645122785870614113e+00 2.649678579407558132e+00 2.655153594700494057e+00 2.661506739628747287e+00 2.668690232278075225e+00 2.676649963506084529e+00 2.685325907676484380e+00 2.694652578438294199e+00 2.704559526083206933e+00 2.714971872697935051e+00 2.725810881040612532e+00 2.736994552813629245e+00 2.748438251781555319e+00 2.760055346993585790e+00 2.771757871216994129e+00 2.783457189572121848e+00 2.795064673281868917e+00 2.806492373409542385e+00 2.817653689459045818e+00 2.828464027750335674e+00 2.838841444560875615e+00 2.848707269139665765e+00 2.857986701853512557e+00 2.866609382914421911e+00 2.874509927360762607e+00 2.881628422221652830e+00 2.887910882081682118e+00 2.893309659579650361e+00 2.897783807717859705e+00 2.901299391225167223e+00 2.903829744604648599e+00 2.905355674902403873e+00 2.905865607654619875e+00 2.905355674902403873e+00 2.903829744604648599e+00 2.901299391225167223e+00 2.897783807717859705e+00 2.893309659579650361e+00 2.887910882081682118e+00 2.881628422221652830e+00 2.874509927360762607e+00 2.866609382914421911e+00 2.857986701853512557e+00 2.848707269139665765e+00 2.838841444560875615e+00
2.886384711970622075e+00 2.873184214435021033e+00 2.859480824595581172e+00 2.845375529754244237e+00 2.830972173289049376e+00 2.816376671018018030e+00 2.801696212163595323e+00 2.787038450985376503e+00 2.772510695219173815e+00 2.758219097484149174e+00 2.744267855796489020e+00 2.730758429258214992e+00 2.717788774873650670e+00 2.705452611284744346e+00 2.693838715011042328e+00 2.683030254532299708e+00 2.673104167263240516e+00 2.664130584143145075e+00 2.656172306200200506e+00 2.649284337054681249e+00 2.643513474898967264e+00 2.638897967039522729e+00 2.635467229609611106e+00 2.633241634565346434e+00 2.632232365565458032e+00 2.632441343810852263e+00 2.633861224387490818e+00 2.636475463119571927e+00 2.640258453403358185e+00 2.645175731959476639e+00 2.651184251917092727e+00 2.658232721131073895e+00 2.666262003136968151e+00 2.675205577672122192e+00 2.684990057238199057e+00 2.695535755754123741e+00 2.706757304952377652e+00 2.718564313808593536e+00 2.730862065967263330e+00 2.743552249837661439e+00 2.756533715785911109e+00 2.769703254643406609e+00 2.782956391590106104e+00 2.796188189354788634e+00 2.809294054604047020e+00 2.822170541368132834e+00 2.834716145375022478e+00 2.846832083233911348e+00 2.858423050525376485e+00 2.869397953016712410e+00 2.879670605426241536e+00 2.889160392408132605e+00 2.897792886717613925e+00 2.905500419843126902e+00 2.912222600754603707e+00 2.917906778812727087e+00 2.922508447309871027e+00 2.925991584566153492e+00 2.928328929980111184e+00 2.929502192929478444e+00 2.929502192929478444e+00 2.928328929980111184e+00 2.925991584566153492e+00 2.922508447309871027e+00 2.917906778812727087e+00 2.912222600754603707e+00 2.905500419843126902e+00 2.897792886717613925e+00 2.889160392408132605e+00 2.879670605426241536e+00 2.869397953016712410e+00 2.858423050525376485e+00 2.846832083233911348e+00 2.834716145375022478e+00 2.822170541368132834e+00 2.809294054604047020e+00 2.796188189354788634e+00 2.782956391590106104e+00 2.769703254643406609e+00 2.756533715785911109e+00 2.743552249837661439e+00 2.730862065967263330e+00 2.718564313808593536e+00 2.706757304952377652e+00 2.695535755754123741e+00 2.684990057238199057e+00 2.675205577672122192e+00 2.666262003136968151e+00 2.658232721131073895e+00 2.651184251917092727e+00 2.645175731959476639e+00 2.640258453403358185e+00 2.636475463119571927e+00 2.633861224387490818e+00 2.632441343810852263e+00 2.632232365565458032e+00 2.633241634565346434e+00 2.635467229609611106e+00 2.638897967039522729e+00 2.643513474898967264e+00 2.649284337054681249e+00 2.656172306200200506e+00 2.664130584143145075e+00 2.673104167263240516e+00 2.683030254532299708e+00 2.693838715011042328e+00 2.705452611284744346e+00 2.717788774873650670e+00 2.730758429258214992e+00 2.744267855796489020e+00 2.758219097484149174e+00 2.772510695219173815e+00 2.787038450985376503e+00 2.801696212163595323e+00 2.816376671018018030e+00 2.830972173289049376e+00 2.845375529754244237e+00 2.859480824595581172e+00 2.873184214435021033e+00 2.886384711970622075e+00 2.898984948261974282e+00 2.910891907875469808e+00 2.922017631305720453e+00 2.932279879337725603e+00 2.941602754303197287e+00 2.949917273511761806e+00 2.957161890500845214e+00 2.963282960144358658e+00 2.968235144086714516e+00 2.971981753421959027e+00 2.974495026014551513e+00 2.975756336354843157e+00 2.975756336354843157e+00 2.974495026014551513e+00 2.971981753421959027e+00 2.968235144086714516e+00 2.963282960144358658e+00 2.957161890500845214e+00 2.949917273511761806e+00 2.941602754303197287e+00 2.932279879337725603e+00 2.922017631305720453e+00 2.910891907875469808e+00 2.898984948261974282e+00
2.947958549409924967e+00 2.932556294362108407e+00 2.916484631453343468e+00 2.899859795972605792e+00 2.882801842079119492e+00 2.865433741435398307e+00 2.847880460357368637e+00 2.830268022480208590e+00 2.812722564047426488e+00 2.795369388985579295e+00 2.778332030927453289e+00 2.761731329292446357e+00 2.745684526424816863e+00 2.730304392629157473e+00 2.715698385729104825e+00 2.701967851511685392e+00 2.689207271107601382e+00 2.677503560999806353e+00 2.666935430951414165e+00 2.657572804702561964e+00 2.649476307807498099e+00 2.642696826471718552e+00 2.637275140708146726e+00 2.633241634565346434e+00 2.630616085593944220e+00 2.629407535114115735e+00 2.629614240231907818e+00 2.631223707929944311e+00 2.634212810933422411e+00 2.638547984430006377e+00 2.644185502107066377e+00 2.651071829366241861e+00 2.659144050988267782e+00 2.668330369954760695e+00 2.678550673592562159e+00 2.689717162694387653e+00 2.701735038790827659e+00 2.714503244306873508e+00 2.727915249934337094e+00 2.741859883193042080e+00 2.756222191841026348e+00 2.770884335529711695e+00 2.785726498886032854e+00 2.800627819041483946e+00 2.815467320519231098e+00 2.830124850335578035e+00 2.844482006171671795e+00 2.858423050525376485e+00 2.871835803861234826e+00 2.884612509937648728e+00 2.896650666703613819e+00 2.907853816420778781e+00 2.918132288978485978e+00 2.927403892727143297e+00 2.935594547556318989e+00 2.942638855385087293e+00 2.948480603710075254e+00 2.953073198367840657e+00 2.956380022208546787e+00 2.958374716943500626e+00 2.959041386015468955e+00 2.958374716943500626e+00 2.956380022208546787e+00 2.953073198367840657e+00 2.948480603710075254e+00 2.942638855385087293e+00 2.935594547556318989e+00 2.927403892727143297e+00 2.918132288978485978e+00 2.907853816420778781e+00 2.896650666703613819e+00 2.884612509937648728e+00 2.871835803861234826e+00 2.858423050525376485e+00 2.844482006171671795e+00 2.830124850335578035e+00 2.815467320519231098e+00 2.800627819041483946e+00 2.785726498886032854e+00 2.770884335529711695e+00 2.756222191841026348e+00 2.741859883193042080e+00 2.727915249934337094e+00 2.714503244306873508e+00 2.701735038790827659e+00 2.689717162694387653e+00 2.678550673592562159e+00 2.668330369954760695e+00 2.659144050988267782e+00 2.651071829366241861e+00 2.644185502107066377e+00 2.638547984430006377e+00 2.634212810933422411e+00 2.631223707929944311e+00 2.629614240231907818e+00 2.629407535114115735e+00 2.630616085593944220e+00 2.633241634565346434e+00 2.637275140708146726e+00 2.642696826471718552e+00 2.649476307807498099e+00 2.657572804702561964e+00 2.666935430951414165e+00 2.677503560999806353e+00 2.689207271107601382e+00 2.701967851511685392e+00 2.715698385729104825e+00 2.730304392629157473e+00 2.745684526424816863e+00 2.761731329292446357e+00 2.778332030927453289e+00 2.795369388985579295e+00 2.812722564047426488e+00 2.830268022480208590e+00 2.847880460357368637e+00 2.865433741435398307e+00 2.882801842079119492e+00 2.899859795972605792e+00 2.916484631453343468e+00 2.932556294362108407e+00 2.947958549409924967e+00 2.962579853225610904e+00 2.976314192461524399e+00 2.989061880599579890e+00 3.000730307412448727e+00 3.011234635393613246e+00 3.020498437872003894e+00 3.028454273969149124e+00 3.035044196035808994e+00 3.040220185717301238e+00 3.043944515338203871e+00 3.046190031863842407e+00 3.046940361283446919e+00 3.046190031863842407e+00 3.043944515338203871e+00 3.040220185717301238e+00 3.035044196035808994e+00 3.028454273969149124e+00 3.020498437872003894e+00 3.011234635393613246e+00 3.000730307412448727e+00 2.989061880599579890e+00 2.976314192461524399e+00 2.962579853225610904e+00
3.012716925986028471e+00 2.995315870586360063e+00 2.977065753075118337e+00 2.958096805822835407e+00 2.938544147093708148e+00 2.918546770315970207e+00 2.898246504939699264e+00 2.877786956754986747e+00 2.857312435697712427e+00 2.836966879263557839e+00 2.816892779682368175e+00 2.797230122974676103e+00 2.778115347920053324e+00 2.759680332813809311e+00 2.742051417675600344e+00 2.725348469302244059e+00 2.709683996229682368e+00 2.695162320287922686e+00 2.681878811001013219e+00 2.669919188604739535e+00 2.659358900931609870e+00 2.650262578849694517e+00 2.642683574343349218e+00 2.636663584694254769e+00 2.632232365565458032e+00 2.629407535114115735e+00 2.628194470565543561e+00 2.628586297977367980e+00 2.630563975213240369e+00 2.634096467436301658e+00 2.639141013728559582e+00 2.645643482749152842e+00 2.653538814667191215e+00 2.662751545948755627e+00 2.673196412947698608e+00 2.684779029650834037e+00 2.697396634364578549e+00 2.710938899606329056e+00 2.725288798983882543e+00 2.740323524413601053e+00 2.755915446646133748e+00 2.771933111740279454e+00 2.788242265853341451e+00 2.804706900502361488e+00 2.821190310296428638e+00 2.837556155046989659e+00 2.853669518131585203e+00 2.869397953016712410e+00 2.884612509937648728e+00 2.899188734885974394e+00 2.913007633268419383e+00 2.925956590871606533e+00 2.937930245094389381e+00 2.948831299790212856e+00 2.958571277493351914e+00 2.967071203281792524e+00 2.974262215052156932e+00 2.980086095544551839e+00 2.984495722053180256e+00 2.987455430387516042e+00 2.988941290303929410e+00 2.988941290303929410e+00 2.987455430387516042e+00 2.984495722053180256e+00 2.980086095544551839e+00 2.974262215052156932e+00 2.967071203281792524e+00 2.958571277493351914e+00 2.948831299790212856e+00 2.937930245094389381e+00 2.925956590871606533e+00 2.913007633268419383e+00 2.899188734885974394e+00 2.884612509937648728e+00 2.869397953016712410e+00 2.853669518131585203e+00 2.837556155046989659e+00 2.821190310296428638e+00 2.804706900502361488e+00 2.788242265853341451e+00 2.771933111740279454e+00 2.755915446646133748e+00 2.740323524413601053e+00 2.725288798983882543e+00 2.710938899606329056e+00 2.697396634364578549e+00 2.684779029650834037e+00 2.673196412947698608e+00 2.662751545948755627e+00 2.653538814667191215e+00 2.645643482749152842e+00 2.639141013728559582e+00 2.634096467436301658e+00 2.630563975213240369e+00 2.628586297977367980e+00 2.628194470565543561e+00 2.629407535114115735e+00 2.632232365565458032e+00 2.636663584694254769e+00 2.642683574343349218e+00 2.650262578849694517e+00 2.659358900931609870e+00 2.669919188604739535e+00 2.681878811001013219e+00 2.695162320287922686e+00 2.709683996229682368e+00 2.725348469302244059e+00 2.742051417675600344e+00 2.759680332813809311e+00 2.778115347920053324e+00 2.797230122974676103e+00 2.816892779682368175e+00 2.836966879263557839e+00 2.857312435697712427e+00 2.877786956754986747e+00 2.898246504939699264e+00 2.918546770315970207e+00 2.938544147093708148e+00 2.958096805822835407e+00 2.977065753075118337e+00 2.995315870586360063e+00 3.012716925986028471e+00 3.029144547455536074e+00 3.044481154928840194e+00 3.058616840777561574e+00 3.071450193305063081e+00 3.082889056806871864e+00 3.092851222435298197e+00 3.101265044630321821e+00 3.108069978442902670e+00 3.113217033676493273e+00 3.116669142403074577e+00 3.118401437066886217e+00 3.118401437066886217e+00 3.116669142403074577e+00 3.113217033676493273e+00 3.108069978442902670e+00 3.101265044630321821e+00 3.092851222435298197e+00 3.082889056806871864e+00 3.071450193305063081e+00 3.058616840777561574e+00 3.044481154928840194e+00 3.029144547455536074e+00
3.080166991351012573e+00 3.060982921207260343e+00 3.040758554871731079e+00 3.019636776267951017e+00 2.997766516397095682e+00 2.975301642380298262e+00 2.952399810381345358e+00 2.929221291094107560e+00 2.905927776685217623e+00 2.882681178221058627e+00 2.859642422678061902e+00 2.836970258636116515e+00 2.814820079686523258e+00 2.793342774448966281e+00 2.772683611887384103e+00 2.752981170344097617e+00 2.734366318376958205e+00 2.716961255088418792e+00 2.700878617181030616e+00 2.686220659464694460e+00 2.673078514980630871e+00 2.661531540300000831e+00 2.651646750905836125e+00 2.643478350880492656e+00 2.637067360402396421e+00 2.632441343810852263e+00 2.629614240231907818e+00 2.628586297977367980e+00 2.629344113139184369e+00 2.631860772008411065e+00 2.636096096157922286e+00 2.641996988247038214e+00 2.649497875840098882e+00 2.658521249785644525e+00 2.668978292983948730e+00 2.680769594683601653e+00 2.693785944797908005e+00 2.707909202124064496e+00 2.723013229786844125e+00 2.738964890718403655e+00 2.755625095530407354e+00 2.772849894737646537e+00 2.790491606956560844e+00 2.808399974430248136e+00 2.826423337025588012e+00 2.844409815709709743e+00 2.862208496443148231e+00 2.879670605426241536e+00 2.896650666703613819e+00 2.913007633268419383e+00 2.928605983012406266e+00 2.943316771138089205e+00 2.957018630983602847e+00 2.969598715606234673e+00 2.980953572924557093e+00 2.990989947727731302e+00 2.999625504420285527e+00 3.006789464977057680e+00 3.012423157231513215e+00 3.016480469306320966e+00 3.018928206712625961e+00 3.019746349388601203e+00 3.018928206712625961e+00 3.016480469306320966e+00 3.012423157231513215e+00 3.006789464977057680e+00 2.999625504420285527e+00 2.990989947727731302e+00 2.980953572924557093e+00 2.969598715606234673e+00 2.957018630983602847e+00 2.943316771138089205e+00 2.928605983012406266e+00 2.913007633268419383e+00 2.896650666703613819e+00 2.879670605426241536e+00 2.862208496443148231e+00 2.844409815709709743e+00 2.826423337025588012e+00 2.808399974430248136e+00 2.790491606956560844e+00 2.772849894737646537e+00 2.755625095530407354e+00 2.738964890718403655e+00 2.723013229786844125e+00 2.707909202124064496e+00 2.693785944797908005e+00 2.680769594683601653e+00 2.668978292983948730e+00 2.658521249785644525e+00 2.649497875840098882e+00 2.641996988247038214e+00 2.636096096157922286e+00 2.631860772008411065e+00 2.629344113139184369e+00 2.628586297977367980e+00 2.629614240231907818e+00 2.632441343810852263e+00 2.637067360402396421e+00 2.643478350880492656e+00 2.651646750905836125e+00 2.661531540300000831e+00 2.673078514980630871e+00 2.686220659464694460e+00 2.700878617181030616e+00 2.716961255088418792e+00 2.734366318376958205e+00 2.752981170344097617e+00 2.772683611887384103e+00 2.793342774448966281e+00 2.814820079686523258e+00 2.836970258636116515e+00 2.859642422678061902e+00 2.882681178221058627e+00 2.905927776685217623e+00 2.929221291094107560e+00 2.952399810381345358e+00 2.975301642380298262e+00 2.997766516397095682e+00 3.019636776267951017e+00 3.040758554871731079e+00 3.060982921207260343e+00 3.080166991351012573e+00 3.098174994882924693e+00 3.114879288704202054e+00 3.130161310568413402e+00 3.143912465103025244e+00 3.156034935609247416e+00 3.166442415489873152e+00 3.175060753763240928e+00 3.181828509772178126e+00 3.186697412884530234e+00 3.189632723701780748e+00 3.190613494038404330e+00 3.189632723701780748e+00 3.186697412884530234e+00 3.181828509772178126e+00 3.175060753763240928e+00 3.166442415489873152e+00 3.156034935609247416e+00 3.143912465103025244e+00 3.130161310568413402e+00 3.114879288704202054e+00 3.098174994882924693e+00
3.149795409779987398e+00 3.129055118871612251e+00 3.107073361042978821e+00 3.084004242963972686e+00 3.060009162974488106e+00 3.035255609722005588e+00 3.009915916269618297e+00 2.984165979101683686e+00 2.958183951718048821e+00 2.932148922697955573e+00 2.906239588229794890e+00 2.880632929141973886e+00 2.855502902433032286e+00 2.831019157186034363e+00 2.807345784564093449e+00 2.784640111321998290e+00 2.763051545935493181e+00 2.742720486047040662e+00 2.723777295458329917e+00 2.706341358368597572e+00 2.690520217968288108e+00 2.676408805854066042e+00 2.664088768038647359e+00 2.653627892592605786e+00 2.645079643180837881e+00 2.638482801949643797e+00 2.633861224387490818e+00 2.631223707929944311e+00 2.630563975213240369e+00 2.631860772008411065e+00 2.635078078995120254e+00 2.640165435668294425e+00 2.647058373817641641e+00 2.655678957186930145e+00 2.665936423112552855e+00 2.677727921165834246e+00 2.690939343086395041e+00 2.705446237600485748e+00 2.721114803073660937e+00 2.737802950356497345e+00 2.755361427649685169e+00 2.773634998744809010e+00 2.792463665593109656e+00 2.811683925819433494e+00 2.831130055535114209e+00 2.850635407613597128e+00 2.870033715477671166e+00 2.889160392408132605e+00 2.907853816420778781e+00 2.925956590871606533e+00 2.943316771138089205e+00 2.959789047985899924e+00 2.975235878563616154e+00 2.989528556370057544e+00 3.002548212007025707e+00 3.014186737060737808e+00 3.024347624044063654e+00 3.032946715974425000e+00 3.039912859853874494e+00 3.045188459053242980e+00 3.048729920375679914e+00 3.050507992380580902e+00 3.050507992380580902e+00 3.048729920375679914e+00 3.045188459053242980e+00 3.039912859853874494e+00 3.032946715974425000e+00 3.024347624044063654e+00 3.014186737060737808e+00 3.002548212007025707e+00 2.989528556370057544e+00 2.975235878563616154e+00 2.959789047985899924e+00 2.943316771138089205e+00 2.925956590871606533e+00 2.907853816420778781e+00 2.889160392408132605e+00 2.870033715477671166e+00 2.850635407613597128e+00 2.831130055535114209e+00 2.811683925819433494e+00 2.792463665593109656e+00 2.773634998744809010e+00 2.755361427649685169e+00 2.737802950356497345e+00 2.721114803073660937e+00 2.705446237600485748e+00 2.690939343086395041e+00 2.677727921165834246e+00 2.665936423112552855e+00 2.655678957186930145e+00 2.647058373817641641e+00 2.640165435668294425e+00 2.635078078995120254e+00 2.631860772008411065e+00 2.630563975213240369e+00 2.631223707929944311e+00 2.633861224387490818e+00 2.638482801949643797e+00 2.645079643180837881e+00 2.653627892592605786e+00 2.664088768038647359e+00 2.676408805854066042e+00 2.690520217968288108e+00 2.706341358368597572e+00 2.723777295458329917e+00 2.742720486047040662e+00 2.763051545935493181e+00 2.784640111321998290e+00 2.807345784564093449e+00 2.831019157186034363e+00 2.855502902433032286e+00 2.880632929141973886e+00 2.906239588229794890e+00 2.932148922697955573e+00 2.958183951718048821e+00 2.984165979101683686e+00 3.009915916269618297e+00 3.035255609722005588e+00 3.060009162974488106e+00 3.084004242963972686e+00 3.107073361042978821e+00 3.129055118871612251e+00 3.149795409779987398e+00 3.169148566509336629e+00 3.186978446644629148e+00 3.203159447521993997e+00 3.217577442927302300e+00 3.230130634493634023e+00 3.240730311350669357e+00 3.249301512273348180e+00 3.255783585315191520e+00 3.260130640687817216e+00 3.262311893456563805e+00 3.262311893456563805e+00 3.260130640687817216e+00 3.255783585315191520e+00 3.249301512273348180e+00 3.240730311350669357e+00 3.230130634493634023e+00 3.217577442927302300e+00 3.203159447521993997e+00 3.186978446644629148e+00 3.169148566509336629e+00
3.221072266965919528e+00 3.199011658663866609e+00 3.175500190700425662e+00 3.150701692361185025e+00 3.124788601252242781e+00 3.097940681962340737e+00 3.070343691162266797e+00 3.042187999237667029e+00 3.013667178878215225e+00 2.984976571293554315e+00 2.956311840892965837e+00 2.927867529349791997e+00 2.899835619972872980e+00 2.872404123225420935e+00 2.845755694067610531e+00 2.820066291553996241e+00 2.795503890792366164e+00 2.772227256969537645e+00 2.750384790674676783e+00 2.730113453205910812e+00 2.711537779935069281e+00 2.694768989133423887e+00 2.679904192932987872e+00 2.667025716319205930e+00 2.656200529227338070e+00 2.647479795953026738e+00 2.640898545193801183e+00 2.636475463119571927e+00 2.634212810933422411e+00 2.634096467436301658e+00 2.636096096157922286e+00 2.640165435668294425e+00 2.646242710747361837e+00 2.654251161170951168e+00 2.664099683977086297e+00 2.675683584214040067e+00 2.688885428347235873e+00 2.703575993722293180e+00 2.719615306752133588e+00 2.736853761822776843e+00 2.755133312300170001e+00 2.774288724474024637e+00 2.794148884798066224e+00 2.814538150383189219e+00 2.835277732373671977e+00 2.856187101589361621e+00 2.877085405650472882e+00 2.897792886717613925e+00 2.918132288978485978e+00 2.937930245094389381e+00 2.957018630983602847e+00 2.975235878563616154e+00 2.992428236398248842e+00 3.008450968596282138e+00 3.023169482782574136e+00 3.036460378506738333e+00 3.048212408064545187e+00 3.058327342378365454e+00 3.066720735310186630e+00 3.073322580558500494e+00 3.078077856112587884e+00 3.080946952098412073e+00 3.081905978742608188e+00 3.080946952098412073e+00 3.078077856112587884e+00 3.073322580558500494e+00 3.066720735310186630e+00 3.058327342378365454e+00 3.048212408064545187e+00 3.036460378506738333e+00 3.023169482782574136e+00 3.008450968596282138e+00 2.992428236398248842e+00 2.975235878563616154e+00 2.957018630983602847e+00 2.937930245094389381e+00 2.918132288978485978e+00 2.897792886717613925e+00 2.877085405650472882e+00 2.856187101589361621e+00 2.835277732373671977e+00 2.814538150383189219e+00 2.794148884798066224e+00 2.774288724474024637e+00 2.755133312300170001e+00 2.736853761822776843e+00 2.719615306752133588e+00 2.703575993722293180e+00 2.688885428347235873e+00 2.675683584214040067e+00 2.664099683977086297e+00 2.654251161170951168e+00 2.646242710747361837e+00 2.640165435668294425e+00 2.636096096157922286e+00 2.634096467436301658e+00 2.634212810933422411e+00 2.636475463119571927e+00 2.640898545193801183e+00 2.647479795953026738e+00 2.656200529227338070e+00 2.667025716319205930e+00 2.679904192932987872e+00 2.694768989133423887e+00 2.711537779935069281e+00 2.730113453205910812e+00 2.750384790674676783e+00 2.772227256969537645e+00 2.795503890792366164e+00 2.820066291553996241e+00 2.845755694067610531e+00 2.872404123225420935e+00 2.899835619972872980e+00 2.927867529349791997e+00 2.956311840892965837e+00 2.984976571293554315e+00 3.013667178878215225e+00 3.042187999237667029e+00 3.070343691162266797e+00 3.097940681962340737e+00 3.124788601252242781e+00 3.150701692361185025e+00 3.175500190700425662e+00 3.199011658663866609e+00 3.221072266965919528e+00 3.241528012723913665e+00 3.260235865069434524e+00 3.277064829620173203e+00 3.291896923756795434e+00 3.304628055323688418e+00 3.315168798102675396e+00 3.323445058189764101e+00 3.329398626230422931e+00 3.332987611332760114e+00 3.334186753373561629e+00 3.332987611332760114e+00 3.329398626230422931e+00 3.323445058189764101e+00 3.315168798102675396e+00 3.304628055323688418e+00 3.291896923756795434e+00 3.277064829620173203e+00 3.260235865069434524e+00 3.241528012723913665e+00
3.293455102987481897e+00 3.270317226951059197e+00 3.245512649190521959e+00 3.219213362622517227e+00 3.191601345334549311e+00 3.162867210219692637e+00 3.133208791476182142e+00 3.102829678658725054e+00 3.071937709362712710e+00 3.040743431932743324e+00 3.009458549810510863e+00 2.978294359272511738e+00 2.947460192354196540e+00 2.917161876713748825e+00 2.887600224055939524e+00 2.858969558515575660e+00 2.831456296092544900e+00 2.805237585838698866e+00 2.780480023023921721e+00 2.757338443958104346e+00 2.735954811521809305e+00 2.716457199765686337e+00 2.698958885182701994e+00 2.683557551443526368e+00 2.670334613520263023e+00 2.659354666213799234e+00 2.650665061152055468e+00 2.644295615347874051e+00 2.640258453403358185e+00 2.638547984430006377e+00 2.639141013728559582e+00 2.641996988247038214e+00 2.647058373817641641e+00 2.654251161170951168e+00 2.663485496746606174e+00 2.674656433371052966e+00 2.687644794961983497e+00 2.702318148552953492e+00 2.718531876116685897e+00 2.736130337908150523e+00 2.754948118354327846e+00 2.774811344891809028e+00 2.795539069601021165e+00 2.816944703010939133e+00 2.838837489054245378e+00 2.861024009843140092e+00 2.883309708712664676e+00 2.905500419843126902e+00 2.927403892727143297e+00 2.948831299790212856e+00 2.969598715606234673e+00 2.989528556370057544e+00 3.008450968596282138e+00 3.026205156404675467e+00 3.042640637224922173e+00 3.057618416303203190e+00 3.071012071016232081e+00 3.082708736690078055e+00 3.092609986376015474e+00 3.100632597848198113e+00 3.106709201951733945e+00 3.110788807338335626e+00 3.112837197573114612e+00 3.112837197573114612e+00 3.110788807338335626e+00 3.106709201951733945e+00 3.100632597848198113e+00 3.092609986376015474e+00 3.082708736690078055e+00 3.071012071016232081e+00 3.057618416303203190e+00 3.042640637224922173e+00 3.026205156404675467e+00 3.008450968596282138e+00 2.989528556370057544e+00 2.969598715606234673e+00 2.948831299790212856e+00 2.927403892727143297e+00 2.905500419843126902e+00 2.883309708712664676e+00 2.861024009843140092e+00 2.838837489054245378e+00 2.816944703010939133e+00 2.795539069601021165e+00 2.774811344891809028e+00 2.754948118354327846e+00 2.736130337908150523e+00 2.718531876116685897e+00 2.702318148552953492e+00 2.687644794961983497e+00 2.674656433371052966e+00 2.663485496746606174e+00 2.654251161170951168e+00 2.647058373817641641e+00 2.641996988247038214e+00 2.639141013728559582e+00 2.638547984430006377e+00 2.640258453403358185e+00 2.644295615347874051e+00 2.650665061152055468e+00 2.659354666213799234e+00 2.670334613520263023e+00 2.683557551443526368e+00 2.698958885182701994e+00 2.716457199765686337e+00 2.735954811521809305e+00 2.757338443958104346e+00 2.780480023023921721e+00 2.805237585838698866e+00 2.831456296092544900e+00 2.858969558515575660e+00 2.887600224055939524e+00 2.917161876713748825e+00 2.947460192354196540e+00 2.978294359272511738e+00 3.009458549810510863e+00 3.040743431932743324e+00 3.071937709362712710e+00 3.102829678658725054e+00 3.133208791476182142e+00 3.162867210219692637e+00 3.191601345334549311e+00 3.219213362622517227e+00 3.245512649190521959e+00 3.270317226951059197e+00 3.293455102987481897e+00 3.314765546572944199e+00 3.334100283184927349e+00 3.351324596483847618e+00 3.366318329919434138e+00 3.378976780387084933e+00 3.389211477172556553e+00 3.396950840290836382e+00 3.402140713237347569e+00 3.404744766119797372e+00 3.404744766119797372e+00 3.402140713237347569e+00 3.396950840290836382e+00 3.389211477172556553e+00 3.378976780387084933e+00 3.366318329919434138e+00 3.351324596483847618e+00 3.334100283184927349e+00 3.314765546572944199e+00
3.366393040756598509e+00 3.342426080967154434e+00 3.316571944983582210e+00 3.289009184404105834e+00 3.259927760775370942e+00 3.229527637575472454e+00 3.198017299038176109e+00 3.165612207013616786e+00 3.132533207526751351e+00 3.099004899072383967e+00 3.065253974971661410e+00 3.031507552307258546e+00 2.997991500051936598e+00 2.964928779006592574e+00 2.932537806069696273e+00 2.901030855170644518e+00 2.870612506916543349e+00 2.841478158627482653e+00 2.813812605972243031e+00 2.787788706868246535e+00 2.763566137680420365e+00 2.741290251048475124e+00 2.721091043896160411e+00 2.703082243335246826e+00 2.687360517277811667e+00 2.674004815619589248e+00 2.663075846862037022e+00 2.654615694008851445e+00 2.648647572511843684e+00 2.645175731959476639e+00 2.644185502107066377e+00 2.645643482749152842e+00 2.649497875840098882e+00 2.655678957186930145e+00 2.664099683977086297e+00 2.674656433371052966e+00 2.687229866393807232e+00 2.701685910407084723e+00 2.717876852543943844e+00 2.735642535644868811e+00 2.754811647457019230e+00 2.775203093151227929e+00 2.796627440580213175e+00 2.818888427151164944e+00 2.841784516720414100e+00 2.865110494540937136e+00 2.888659088007818898e+00 2.912222600754603707e+00 2.935594547556318989e+00 2.958571277493351914e+00 2.980953572924557093e+00 3.002548212007025707e+00 3.023169482782574136e+00 3.042640637224922173e+00 3.060795274103995656e+00 3.077478640071118932e+00 3.092548838997073002e+00 3.105877940299124784e+00 3.117352977767902100e+00 3.126876831244477462e+00 3.134368984395802915e+00 3.139766152785908648e+00 3.143022777433742920e+00 3.144111380078695728e+00 3.143022777433742920e+00 3.139766152785908648e+00 3.134368984395802915e+00 3.126876831244477462e+00 3.117352977767902100e+00 3.105877940299124784e+00 3.092548838997073002e+00 3.077478640071118932e+00 3.060795274103995656e+00 3.042640637224922173e+00 3.023169482782574136e+00 3.002548212007025707e+00 2.980953572924557093e+00 2.958571277493351914e+00 2.935594547556318989e+00 2.912222600754603707e+00 2.888659088007818898e+00 2.865110494540937136e+00 2.841784516720414100e+00 2.818888427151164944e+00 2.796627440580213175e+00 2.775203093151227929e+00 2.754811647457019230e+00 2.735642535644868811e+00 2.717876852543943844e+00 2.701685910407084723e+00 2.687229866393807232e+00 2.674656433371052966e+00 2.664099683977086297e+00 2.655678957186930145e+00 2.649497875840098882e+00 2.645643482749152842e+00 2.644185502107066377e+00 2.645175731959476639e+00 2.648647572511843684e+00 2.654615694008851445e+00 2.663075846862037022e+00 2.674004815619589248e+00 2.687360517277811667e+00 2.703082243335246826e+00 2.721091043896160411e+00 2.741290251048475124e+00 2.763566137680420365e+00 2.787788706868246535e+00 2.813812605972243031e+00 2.841478158627482653e+00 2.870612506916543349e+00 2.901030855170644518e+00 2.932537806069696273e+00 2.964928779006592574e+00 2.997991500051936598e+00 3.031507552307258546e+00 3.065253974971661410e+00 3.099004899072383967e+00 3.132533207526751351e+00 3.165612207013616786e+00 3.198017299038176109e+00 3.229527637575472454e+00 3.259927760775370942e+00 3.289009184404105834e+00 3.316571944983582210e+00 3.342426080967154434e+00 3.366393040756598509e+00 3.388307006916225550e+00 3.408016126572065208e+00 3.425383638692114818e+00 3.440288889722483479e+00 3.452628229897765078e+00 3.462315783445963024e+00 3.469284086861669891e+00 3.473484590419019469e+00 3.474888019130246253e+00 3.473484590419019469e+00 3.469284086861669891e+00 3.462315783445963024e+00 3.452628229897765078e+00 3.440288889722483479e+00 3.425383638692114818e+00 3.408016126572065208e+00 3.388307006916225550e+00
3.439330978525713789e+00 3.414786208078158580e+00 3.388131001537281861e+00 3.359548831476756092e+00 3.329236040533320562e+00 3.297400387447484871e+00 3.264259509561478811e+00 3.230039313392626621e+00 3.194972305441526217e+00 3.159295875843267876e+00 3.123250547822896905e+00 3.087078206170977168e+00 3.051020318109332052e+00 3.015316159969662291e+00 2.980201063058519395e+00 2.945904691931349628e+00 2.912649368047031118e+00 2.880648451424769885e+00 2.850104792479695615e+00 2.821209265675634459e+00 2.794139396007418341e+00 2.769058088615322877e+00 2.746112471046469494e+00 2.725432856818041927e+00 2.707131838011692437e+00 2.691303513644444312e+00 2.678022859526354882e+00 2.667345244236984936e+00 2.659306094739548154e+00 2.653920714012029780e+00 2.651184251917092727e+00 2.651071829366241861e+00 2.653538814667191215e+00 2.658521249785644525e+00 2.665936423112552855e+00 2.675683584214040067e+00 2.687644794961983497e+00 2.701685910407084723e+00 2.717657681770802469e+00 2.735396973005533194e+00 2.754728081510650295e+00 2.775464152802321838e+00 2.797408678223124667e+00 2.820357064149011439e+00 2.844098260610827378e+00 2.868416436799369862e+00 2.893092690570522763e+00 2.917906778812727087e+00 2.942638855385087293e+00 2.967071203281792524e+00 2.990989947727731302e+00 3.014186737060737808e+00 3.036460378506738333e+00 3.057618416303203190e+00 3.077478640071118932e+00 3.095870511872724773e+00 3.112636501017474799e+00 3.127633316387305129e+00 3.140733026838823605e+00 3.151824061098647434e+00 3.160812079492075544e+00 3.167620710827685926e+00 3.172192148793752775e+00 3.174487603298663085e+00 3.174487603298663085e+00 3.172192148793752775e+00 3.167620710827685926e+00 3.160812079492075544e+00 3.151824061098647434e+00 3.140733026838823605e+00 3.127633316387305129e+00 3.112636501017474799e+00 3.095870511872724773e+00 3.077478640071118932e+00 3.057618416303203190e+00 3.036460378506738333e+00 3.014186737060737808e+00 2.990989947727731302e+00 2.967071203281792524e+00 2.942638855385087293e+00 2.917906778812727087e+00 2.893092690570522763e+00 2.868416436799369862e+00 2.844098260610827378e+00 2.820357064149011439e+00 2.797408678223124667e+00 2.775464152802321838e+00 2.754728081510650295e+00 2.735396973005533194e+00 2.717657681770802469e+00 2.701685910407084723e+00 2.687644794961983497e+00 2.675683584214040067e+00 2.665936423112552855e+00 2.658521249785644525e+00 2.653538814667191215e+00 2.651071829366241861e+00 2.651184251917092727e+00 2.653920714012029780e+00 2.659306094739548154e+00 2.667345244236984936e+00 2.678022859526354882e+00 2.691303513644444312e+00 2.707131838011692437e+00 2.725432856818041927e+00 2.746112471046469494e+00 2.769058088615322877e+00 2.794139396007418341e+00 2.821209265675634459e+00 2.850104792479695615e+00 2.880648451424769885e+00 2.912649368047031118e+00 2.945904691931349628e+00 2.980201063058519395e+00 3.015316159969662291e+00 3.051020318109332052e+00 3.087078206170977168e+00 3.123250547822896905e+00 3.159295875843267876e+00 3.194972305441526217e+00 3.230039313392626621e+00 3.264259509561478811e+00 3.297400387447484871e+00 3.329236040533320562e+00 3.359548831476756092e+00 3.388131001537281861e+00 3.414786208078158580e+00 3.439330978525713789e+00 3.461596069797124642e+00 3.481427722920875656e+00 3.498688803365119782e+00 3.513259818452176386e+00 3.525039804166047119e+00 3.533947074646833553e+00 3.539919828703917748e+00 3.542916608760861674e+00 3.542916608760861674e+00 3.539919828703917748e+00 3.533947074646833553e+00 3.525039804166047119e+00 3.513259818452176386e+00 3.498688803365119782e+00 3.481427722920875656e+00 3.461596069797124642e+00
3.511713814547274382e+00 3.486843533062386147e+00 3.459638632819335147e+00 3.430285850329285235e+00 3.398986274809680186e+00 3.365953860229246697e+00 3.331413843159308996e+00 3.295601078384616134e+00 3.258758304845908782e+00 3.221134355009935391e+00 3.182982321186639041e+00 3.144557692634584622e+00 3.106116477511892793e+00 3.067913323839431161e+00 3.030199653644852109e+00 2.993221824350403626e+00 2.957219331254960171e+00 2.922423064643108415e+00 2.889053634633805157e+00 2.857319776361341379e+00 2.827416847465897387e+00 2.799525429164867685e+00 2.773810041384360048e+00 2.750417981559218461e+00 2.729478295765960016e+00 2.711100889843528261e+00 2.695375787089235420e+00 2.682372538000138196e+00 2.672139786371392933e+00 2.664704994872268529e+00 2.660074332005996744e+00 2.658232721131073895e+00 2.659144050988267782e+00 2.662751545948755627e+00 2.668978292983948730e+00 2.677727921165834246e+00 2.688885428347235873e+00 2.702318148552953492e+00 2.717876852543943844e+00 2.735396973005533194e+00 2.754699944864971162e+00 2.775594650370443173e+00 2.797878957769710073e+00 2.821341341717952478e+00 2.845762572926280765e+00 2.870917464039765665e+00 2.896576658310438646e+00 2.922508447309871027e+00 2.948480603710075254e+00 2.974262215052156932e+00 2.999625504420285527e+00 3.024347624044063654e+00 3.048212408064545187e+00 3.071012071016232081e+00 3.092548838997073002e+00 3.112636501017474799e+00 3.131101868633749508e+00 3.147786132676465787e+00 3.162546106674619661e+00 3.175255347446165999e+00 3.185805144267828126e+00 3.194105369044846654e+00 3.200085180966961929e+00 3.203693580252107154e+00 3.204899806735696632e+00 3.203693580252107154e+00 3.200085180966961929e+00 3.194105369044846654e+00 3.185805144267828126e+00 3.175255347446165999e+00 3.162546106674619661e+00 3.147786132676465787e+00 3.131101868633749508e+00 3.112636501017474799e+00 3.092548838997073002e+00 3.071012071016232081e+00 3.048212408064545187e+00 3.024347624044063654e+00 2.999625504420285527e+00 2.974262215052156932e+00 2.948480603710075254e+00 2.922508447309871027e+00 2.896576658310438646e+00 2.870917464039765665e+00 2.845762572926280765e+00 2.821341341717952478e+00 2.797878957769710073e+00 2.775594650370443173e+00 2.754699944864971162e+00 2.735396973005533194e+00 2.717876852543943844e+00 2.702318148552953492e+00 2.688885428347235873e+00 2.677727921165834246e+00 2.668978292983948730e+00 2.662751545948755627e+00 2.659144050988267782e+00 2.658232721131073895e+00 2.660074332005996744e+00 2.664704994872268529e+00 2.672139786371392933e+00 2.682372538000138196e+00 2.695375787089235420e+00 2.711100889843528261e+00 2.729478295765960016e+00 2.750417981559218461e+00 2.773810041384360048e+00 2.799525429164867685e+00 2.827416847465897387e+00 2.857319776361341379e+00 2.889053634633805157e+00 2.922423064643108415e+00 2.957219331254960171e+00 2.993221824350403626e+00 3.030199653644852109e+00 3.067913323839431161e+00 3.106116477511892793e+00 3.144557692634584622e+00 3.182982321186639041e+00 3.221134355009935391e+00 3.258758304845908782e+00 3.295601078384616134e+00 3.331413843159308996e+00 3.365953860229246697e+00 3.398986274809680186e+00 3.430285850329285235e+00 3.459638632819335147e+00 3.486843533062386147e+00 3.511713814547274382e+00 3.534078475986989432e+00 3.553783517951230042e+00 3.570693084040017506e+00 3.584690467972100336e+00 3.595678978974710116e+00 3.603582658931962612e+00 3.608346845869642383e+00 3.609938579515674650e+00 3.608346845869642383e+00 3.603582658931962612e+00 3.595678978974710116e+00 3.584690467972100336e+00 3.570693084040017506e+00 3.553783517951230042e+00 3.534078475986989432e+00
3.582990671733206955e+00 3.558046141374287430e+00 3.530543750688389437e+00 3.500671837291847055e+00 3.468634583752896017e+00 3.434650507726801916e+00 3.398950847074428960e+00 3.361777852162765257e+00 3.323382998244735820e+00 3.284025131416488108e+00 3.243968562148630941e+00 3.203481120779903879e+00 3.162832189644518177e+00 3.122290726675696515e+00 3.082123295386571371e+00 3.042592116075063302e+00 3.003953152932135495e+00 2.966454251454121671e+00 2.930333340171903611e+00 2.895816710215364242e+00 2.863117385634699641e+00 2.832433596705282053e+00 2.803947367655196476e+00 2.777823229380186110e+00 2.754207066756460875e+00 2.733225109134606701e+00 2.714983071505737033e+00 2.699565452682254563e+00 2.687034995638928336e+00 2.677432313924548168e+00 2.670775686789535808e+00 2.667061024390361634e+00 2.666262003136968151e+00 2.668330369954760695e+00 2.673196412947698608e+00 2.680769594683601653e+00 2.690939343086395041e+00 2.703575993722293180e+00 2.718531876116685897e+00 2.735642535644868811e+00 2.754728081510650295e+00 2.775594650370443173e+00 2.798035974283826111e+00 2.821835040881351286e+00 2.846765832942760976e+00 2.872595133978898208e+00 2.899084385913056394e+00 2.925991584566153492e+00 2.953073198367840657e+00 2.980086095544551839e+00 3.006789464977057680e+00 3.032946715974425000e+00 3.058327342378365454e+00 3.082708736690078055e+00 3.105877940299124784e+00 3.127633316387305129e+00 3.147786132676465787e+00 3.166162041882861100e+00 3.182602448526992145e+00 3.196965751620708840e+00 3.209128453706008077e+00 3.218986127745413484e+00 3.226454234453873138e+00 3.231468783808841394e+00 3.233986835669552473e+00 3.233986835669552473e+00 3.231468783808841394e+00 3.226454234453873138e+00 3.218986127745413484e+00 3.209128453706008077e+00 3.196965751620708840e+00 3.182602448526992145e+00 3.166162041882861100e+00 3.147786132676465787e+00 3.127633316387305129e+00 3.105877940299124784e+00 3.082708736690078055e+00 3.058327342378365454e+00 3.032946715974425000e+00 3.006789464977057680e+00 2.980086095544551839e+00 2.953073198367840657e+00 2.925991584566153492e+00 2.899084385913056394e+00 2.872595133978898208e+00 2.846765832942760976e+00 2.821835040881351286e+00 2.798035974283826111e+00 2.775594650370443173e+00 2.754728081510650295e+00 2.735642535644868811e+00 2.718531876116685897e+00 2.703575993722293180e+00 2.690939343086395041e+00 2.680769594683601653e+00 2.673196412947698608e+00 2.668330369954760695e+00 2.666262003136968151e+00 2.667061024390361634e+00 2.670775686789535808e+00 2.677432313924548168e+00 2.687034995638928336e+00 2.699565452682254563e+00 2.714983071505737033e+00 2.733225109134606701e+00 2.754207066756460875e+00 2.777823229380186110e+00 2.803947367655196476e+00 2.832433596705282053e+00 2.863117385634699641e+00 2.895816710215364242e+00 2.930333340171903611e+00 2.966454251454121671e+00 3.003953152932135495e+00 3.042592116075063302e+00 3.082123295386571371e+00 3.122290726675696515e+00 3.162832189644518177e+00 3.203481120779903879e+00 3.243968562148630941e+00 3.284025131416488108e+00 3.323382998244735820e+00 3.361777852162765257e+00 3.398950847074428960e+00 3.434650507726801916e+00 3.468634583752896017e+00 3.500671837291847055e+00 3.530543750688389437e+00 3.558046141374287430e+00 3.582990671733206955e+00 3.605206242541955763e+00 3.624540259459151148e+00 3.640859762990513726e+00 3.654052413390755039e+00 3.664027323057772900e+00 3.670715730127113385e+00 3.674071508174714840e+00 3.674071508174714840e+00 3.670715730127113385e+00 3.664027323057772900e+00 3.654052413390755039e+00 3.640859762990513726e+00 3.624540259459151148e+00 3.605206242541955763e+00
3.652619090162182669e+00 3.627848486237989167e+00 3.600299572088560662e+00 3.570160631354009961e+00 3.537637281532072020e+00 3.502950954329554722e+00 3.466337260098339978e+00 3.428044248708989272e+00 3.388330579994959013e+00 3.347463617580541229e+00 3.305717460480944059e+00 3.263370927328750781e+00 3.220705508434308140e+00 3.178003301125101654e+00 3.135544943929629458e+00 3.093607565173506213e+00 3.052462761439484140e+00 3.012374621109829231e+00 2.973597807860727027e+00 2.936375718516738065e+00 2.900938729102409130e+00 2.867502542252256870e+00 2.836266648364590193e+00 2.807412912015114781e+00 2.781104294189306714e+00 2.757483719855759130e+00 2.736673099293714273e+00 2.718772510415477850e+00 2.703859548097048204e+00 2.691988845257721863e+00 2.683191769121032078e+00 2.677476294755404940e+00 2.674827056643218182e+00 2.675205577672122192e+00 2.678550673592562159e+00 2.684779029650834037e+00 2.693785944797908005e+00 2.705446237600485748e+00 2.719615306752133588e+00 2.736130337908150523e+00 2.754811647457019230e+00 2.775464152802321838e+00 2.797878957769710073e+00 2.821835040881351286e+00 2.847101033461621356e+00 2.873437073858898572e+00 2.900596723493924056e+00 2.928328929980111184e+00 2.956380022208546787e+00 2.984495722053180256e+00 3.012423157231513215e+00 3.039912859853874494e+00 3.066720735310186630e+00 3.092609986376015474e+00 3.117352977767902100e+00 3.140733026838823605e+00 3.162546106674619661e+00 3.182602448526992145e+00 3.200728031293042175e+00 3.216765946619427385e+00 3.230577629164393283e+00 3.242043942585933536e+00 3.251066112931253915e+00 3.257566502273048670e+00 3.261489216663080004e+00 3.262800543743633153e+00 3.261489216663080004e+00 3.257566502273048670e+00 3.251066112931253915e+00 3.242043942585933536e+00 3.230577629164393283e+00 3.216765946619427385e+00 3.200728031293042175e+00 3.182602448526992145e+00 3.162546106674619661e+00 3.140733026838823605e+00 3.117352977767902100e+00 3.092609986376015474e+00 3.066720735310186630e+00 3.039912859853874494e+00 3.012423157231513215e+00 2.984495722053180256e+00 2.956380022208546787e+00 2.928328929980111184e+00 2.900596723493924056e+00 2.873437073858898572e+00 2.847101033461621356e+00 2.821835040881351286e+00 2.797878957769710073e+00 2.775464152802321838e+00 2.754811647457019230e+00 2.736130337908150523e+00 2.719615306752133588e+00 2.705446237600485748e+00 2.693785944797908005e+00 2.684779029650834037e+00 2.678550673592562159e+00 2.675205577672122192e+00 2.674827056643218182e+00 2.677476294755404940e+00 2.683191769121032078e+00 2.691988845257721863e+00 2.703859548097048204e+00 2.718772510415477850e+00 2.736673099293714273e+00 2.757483719855759130e+00 2.781104294189306714e+00 2.807412912015114781e+00 2.836266648364590193e+00 2.867502542252256870e+00 2.900938729102409130e+00 2.936375718516738065e+00 2.973597807860727027e+00 3.012374621109829231e+00 3.052462761439484140e+00 3.093607565173506213e+00 3.135544943929629458e+00 3.178003301125101654e+00 3.220705508434308140e+00 3.263370927328750781e+00 3.305717460480944059e+00 3.347463617580541229e+00 3.388330579994959013e+00 3.428044248708989272e+00 3.466337260098339978e+00 3.502950954329554722e+00 3.537637281532072020e+00 3.570160631354009961e+00 3.600299572088560662e+00 3.627848486237989167e+00 3.652619090162182669e+00 3.674441826332345062e+00 3.693167117671459110e+00 3.708666474503905963e+00 3.720833445749536228e+00 3.729584407173792027e+00 3.734859180736561424e+00 3.736621480358647940e+00 3.734859180736561424e+00 3.729584407173792027e+00 3.720833445749536228e+00 3.708666474503905963e+00 3.693167117671459110e+00 3.674441826332345062e+00
3.720069155527167215e+00 3.695715547539339951e+00 3.668367794013446925e+00 3.638212490731298931e+00 3.605455040041164239e+00 3.570318133493262991e+00 3.533040107680866182e+00 3.493873185703645579e+00 3.453081617531441605e+00 3.410939733307274846e+00 3.367729924282602649e+00 3.323740566620200010e+00 3.279263903726894469e+00 3.234593903086214084e+00 3.190024103747580053e+00 3.145845470692627988e+00 3.102344272239973222e+00 3.059799996467885919e+00 3.018483322331105168e+00 2.978654160725933142e+00 2.940559780219832664e+00 2.904433031512258623e+00 2.870490683937242604e+00 2.838931886461178333e+00 2.809936764677706034e+00 2.783665164263025904e+00 2.760255550237072697e+00 2.739824070187447447e+00 2.722463788362761594e+00 2.708244096239712295e+00 2.697210303823595279e+00 2.689383414565391206e+00 2.684760085380512695e+00 2.683312771845288491e+00 2.684990057238199057e+00 2.689717162694387653e+00 2.697396634364578549e+00 2.707909202124064496e+00 2.721114803073660937e+00 2.736853761822776843e+00 2.754948118354327846e+00 2.775203093151227929e+00 2.797408678223124667e+00 2.821341341717952478e+00 2.846765832942760976e+00 2.873437073858898572e+00 2.901102122463740773e+00 2.929502192929478444e+00 2.958374716943500626e+00 2.987455430387516042e+00 3.016480469306320966e+00 3.045188459053242980e+00 3.073322580558500494e+00 3.100632597848198113e+00 3.126876831244477462e+00 3.151824061098647434e+00 3.175255347446165999e+00 3.196965751620708840e+00 3.216765946619427385e+00 3.234483703867150339e+00 3.249965244976981804e+00 3.263076448141598362e+00 3.273703899905216819e+00 3.281755784252594399e+00 3.287162602199148242e+00 3.289877716366063520e+00 3.289877716366063520e+00 3.287162602199148242e+00 3.281755784252594399e+00 3.273703899905216819e+00 3.263076448141598362e+00 3.249965244976981804e+00 3.234483703867150339e+00 3.216765946619427385e+00 3.196965751620708840e+00 3.175255347446165999e+00 3.151824061098647434e+00 3.126876831244477462e+00 3.100632597848198113e+00 3.073322580558500494e+00 3.045188459053242980e+00 3.016480469306320966e+00 2.987455430387516042e+00 2.958374716943500626e+00 2.929502192929478444e+00 2.901102122463740773e+00 2.873437073858898572e+00 2.846765832942760976e+00 2.821341341717952478e+00 2.797408678223124667e+00 2.775203093151227929e+00 2.754948118354327846e+00 2.736853761822776843e+00 2.721114803073660937e+00 2.707909202124064496e+00 2.697396634364578549e+00 2.689717162694387653e+00 2.684990057238199057e+00 2.683312771845288491e+00 2.684760085380512695e+00 2.689383414565391206e+00 2.697210303823595279e+00 2.708244096239712295e+00 2.722463788362761594e+00 2.739824070187447447e+00 2.760255550237072697e+00 2.783665164263025904e+00 2.809936764677706034e+00 2.838931886461178333e+00 2.870490683937242604e+00 2.904433031512258623e+00 2.940559780219832664e+00 2.978654160725933142e+00 3.018483322331105168e+00 3.059799996467885919e+00 3.102344272239973222e+00 3.145845470692627988e+00 3.190024103747580053e+00 3.234593903086214084e+00 3.279263903726894469e+00 3.323740566620200010e+00 3.367729924282602649e+00 3.410939733307274846e+00 3.453081617531441605e+00 3.493873185703645579e+00 3.533040107680866182e+00 3.570318133493262991e+00 3.605455040041164239e+00 3.638212490731298931e+00 3.668367794013446925e+00 3.695715547539339951e+00 3.720069155527167215e+00 3.741262207870998058e+00 3.759149710577249781e+00 3.773609158232496430e+00 3.784541440399519008e+00 3.791871575092774282e+00 3.795549263790702899e+00 3.795549263790702899e+00 3.791871575092774282e+00 3.784541440399519008e+00 3.773609158232496430e+00 3.759149710577249781e+00 3.741262207870998058e+00
3.784827532103270276e+00 3.761126910851514182e+00 3.734222704439702500e+00 3.704298221355994958e+00 3.671557020496161172e+00 3.636221407994019827e+00 3.598530796494056272e+00 3.558739939255735951e+00 3.517117052422131795e+00 3.473941839627233019e+00 3.429503433850426219e+00 3.384098272047554090e+00 3.338027918590909859e+00 3.291596853931795241e+00 3.245110245155780948e+00 3.198871715230945600e+00 3.153181127751756296e+00 3.108332403856275405e+00 3.064611387742684823e+00 3.022293776834852341e+00 2.981643132148599662e+00 2.942908983794255917e+00 2.906325045821817721e+00 2.872107553777932143e+00 2.840453737405618906e+00 2.811540439885032328e+00 2.785522893894748275e+00 2.762533663576327125e+00 2.742681760219607856e+00 2.726051938161756727e+00 2.712704176019707702e+00 2.702673346963813561e+00 2.695969080300818721e+00 2.692575815177892906e+00 2.692453045757240204e+00 2.695535755754123741e+00 2.701735038790827659e+00 2.710938899606329056e+00 2.723013229786844125e+00 2.737802950356497345e+00 2.755133312300170001e+00 2.774811344891809028e+00 2.796627440580213175e+00 2.820357064149011439e+00 2.845762572926280765e+00 2.872595133978898208e+00 2.900596723493924056e+00 2.929502192929478444e+00 2.959041386015468955e+00 2.988941290303929410e+00 3.018928206712625961e+00 3.048729920375679914e+00 3.078077856112587884e+00 3.106709201951733945e+00 3.134368984395802915e+00 3.160812079492075544e+00 3.185805144267828126e+00 3.209128453706008077e+00 3.230577629164393283e+00 3.249965244976981804e+00 3.267122300913038568e+00 3.281899549199840393e+00 3.294168665931969553e+00 3.303823257884365816e+00 3.310779697009212708e+00 3.314977776218439587e+00 3.316381181424199465e+00 3.314977776218439587e+00 3.310779697009212708e+00 3.303823257884365816e+00 3.294168665931969553e+00 3.281899549199840393e+00 3.267122300913038568e+00 3.249965244976981804e+00 3.230577629164393283e+00 3.209128453706008077e+00 3.185805144267828126e+00 3.160812079492075544e+00 3.134368984395802915e+00 3.106709201951733945e+00 3.078077856112587884e+00 3.048729920375679914e+00 3.018928206712625961e+00 2.988941290303929410e+00 2.959041386015468955e+00 2.929502192929478444e+00 2.900596723493924056e+00 2.872595133978898208e+00 2.845762572926280765e+00 2.820357064149011439e+00 2.796627440580213175e+00 2.774811344891809028e+00 2.755133312300170001e+00 2.737802950356497345e+00 2.723013229786844125e+00 2.710938899606329056e+00 2.701735038790827659e+00 2.695535755754123741e+00 2.692453045757240204e+00 2.692575815177892906e+00 2.695969080300818721e+00 2.702673346963813561e+00 2.712704176019707702e+00 2.726051938161756727e+00 2.742681760219607856e+00 2.762533663576327125e+00 2.785522893894748275e+00 2.811540439885032328e+00 2.840453737405618906e+00 2.872107553777932143e+00 2.906325045821817721e+00 2.942908983794255917e+00 2.981643132148599662e+00 3.022293776834852341e+00 3.064611387742684823e+00 3.108332403856275405e+00 3.153181127751756296e+00 3.198871715230945600e+00 3.245110245155780948e+00 3.291596853931795241e+00 3.338027918590909859e+00 3.384098272047554090e+00 3.429503433850426219e+00 3.473941839627233019e+00 3.517117052422131795e+00 3.558739939255735951e+00 3.598530796494056272e+00 3.636221407994019827e+00 3.671557020496161172e+00 3.704298221355994958e+00 3.734222704439702500e+00 3.761126910851514182e+00 3.784827532103270276e+00 3.805162864373759835e+00 3.821994003628800041e+00 3.835205872574171337e+00 3.844708071683116568e+00 3.850435547868746866e+00 3.852349075749140539e+00 3.850435547868746866e+00 3.844708071683116568e+00 3.835205872574171337e+00 3.821994003628800041e+00 3.805162864373759835e+00
3.846401369542572724e+00 3.823580735536638908e+00 3.797355197916578717e+00 3.767903225832483383e+00 3.735424941429982937e+00 3.700140642533124247e+00 3.662289177215420022e+00 3.622126182532215299e+00 3.579922200711040947e+00 3.535960687019429560e+00 3.490535924344200680e+00 3.443950860216773879e+00 3.396514882600090157e+00 3.348541551209742284e+00 3.300346301471776655e+00 3.252244138419424502e+00 3.204547337899654291e+00 3.157563172397059859e+00 3.111591678587975363e+00 3.066923483413134921e+00 3.023837705005268717e+00 2.982599944232181333e+00 2.943460381920443680e+00 2.906651996015201522e+00 2.872388912013909223e+00 2.840864898993016308e+00 2.812252022434573728e+00 2.786699463862813086e+00 2.764332516028103814e+00 2.745251761037061033e+00 2.729532437433046521e+00 2.717224000791617744e+00 2.708349880921488317e+00 2.702907437264551849e+00 2.700868112579881686e+00 2.702177783487766494e+00 2.706757304952377652e+00 2.714503244306873508e+00 2.725288798983882543e+00 2.738964890718403655e+00 2.755361427649685169e+00 2.774288724474024637e+00 2.795539069601021165e+00 2.818888427151164944e+00 2.844098260610827378e+00 2.870917464039765665e+00 2.899084385913056394e+00 2.928328929980111184e+00 2.958374716943500626e+00 2.988941290303929410e+00 3.019746349388601203e+00 3.050507992380580902e+00 3.080946952098412073e+00 3.110788807338335626e+00 3.139766152785908648e+00 3.167620710827685926e+00 3.194105369044846654e+00 3.218986127745413484e+00 3.242043942585933536e+00 3.263076448141598362e+00 3.281899549199840393e+00 3.298348867569295351e+00 3.312281033305970013e+00 3.323574810453080008e+00 3.332132048661112123e+00 3.337878453390619171e+00 3.340764168791837463e+00 3.340764168791837463e+00 3.337878453390619171e+00 3.332132048661112123e+00 3.323574810453080008e+00 3.312281033305970013e+00 3.298348867569295351e+00 3.281899549199840393e+00 3.263076448141598362e+00 3.242043942585933536e+00 3.218986127745413484e+00 3.194105369044846654e+00 3.167620710827685926e+00 3.139766152785908648e+00 3.110788807338335626e+00 3.080946952098412073e+00 3.050507992380580902e+00 3.019746349388601203e+00 2.988941290303929410e+00 2.958374716943500626e+00 2.928328929980111184e+00 2.899084385913056394e+00 2.870917464039765665e+00 2.844098260610827378e+00 2.818888427151164944e+00 2.795539069601021165e+00 2.774288724474024637e+00 2.755361427649685169e+00 2.738964890718403655e+00 2.725288798983882543e+00 2.714503244306873508e+00 2.706757304952377652e+00 2.702177783487766494e+00 2.700868112579881686e+00 2.702907437264551849e+00 2.708349880921488317e+00 2.717224000791617744e+00 2.729532437433046521e+00 2.745251761037061033e+00 2.764332516028103814e+00 2.786699463862813086e+00 2.812252022434573728e+00 2.840864898993016308e+00 2.872388912013909223e+00 2.906651996015201522e+00 2.943460381920443680e+00 2.982599944232181333e+00 3.023837705005268717e+00 3.066923483413134921e+00 3.111591678587975363e+00 3.157563172397059859e+00 3.204547337899654291e+00 3.252244138419424502e+00 3.300346301471776655e+00 3.348541551209742284e+00 3.396514882600090157e+00 3.443950860216773879e+00 3.490535924344200680e+00 3.535960687019429560e+00 3.579922200711040947e+00 3.622126182532215299e+00 3.662289177215420022e+00 3.700140642533124247e+00 3.735424941429982937e+00 3.767903225832483383e+00 3.797355197916578717e+00 3.823580735536638908e+00 3.846401369542572724e+00 3.865661601828953575e+00 3.881230054161488141e+00 3.893000439103494248e+00 3.900892345708094400e+00 3.904851834040759417e+00 3.904851834040759417e+00 3.900892345708094400e+00 3.893000439103494248e+00 3.881230054161488141e+00 3.865661601828953575e+00
3.904322053762860012e+00 3.882597581709633427e+00 3.857276665222607814e+00 3.828531442001215535e+00 3.796557052071896976e+00 3.761570197632828627e+00 3.723807544534315728e+00 3.683523977464021826e+00 3.640990722008850877e+00 3.596493347767915072e+00 3.550329667585986559e+00 3.502807548757362444e+00 3.454242652710218575e+00 3.404956120216311444e+00 3.355272219576266313e+00 3.305515975503558135e+00 3.256010796568622911e+00 3.207076119067256759e+00 3.159025085044648407e+00 3.112162271938942126e+00 3.066781490908313756e+00 3.023163670376144641e+00 2.981574840674098059e+00 2.942264234887623786e+00 2.905462520118742731e+00 2.871380172383460661e+00 2.840206007263553545e+00 2.812105877243163743e+00 2.787221545388502530e+00 2.765669743683954795e+00 2.747541422929930643e+00 2.732901199647967072e+00 2.721787003937683025e+00 2.714209930699798434e+00 2.710154295091237397e+00 2.709577891523945237e+00 2.712412453970509230e+00 2.718564313808593536e+00 2.727915249934337094e+00 2.740323524413601053e+00 2.755625095530407354e+00 2.773634998744809010e+00 2.794148884798066224e+00 2.816944703010939133e+00 2.841784516720414100e+00 2.868416436799369862e+00 2.896576658310438646e+00 2.925991584566153492e+00 2.956380022208546787e+00 2.987455430387516042e+00 3.018928206712625961e+00 3.050507992380580902e+00 3.081905978742608188e+00 3.112837197573114612e+00 3.143022777433742920e+00 3.172192148793752775e+00 3.200085180966961929e+00 3.226454234453873138e+00 3.251066112931253915e+00 3.273703899905216819e+00 3.294168665931969553e+00 3.312281033305970013e+00 3.327882586210734406e+00 3.340837115514561528e+00 3.351031688663020702e+00 3.358377536462340718e+00 3.362810749952780842e+00 3.364292782027856976e+00 3.362810749952780842e+00 3.358377536462340718e+00 3.351031688663020702e+00 3.340837115514561528e+00 3.327882586210734406e+00 3.312281033305970013e+00 3.294168665931969553e+00 3.273703899905216819e+00 3.251066112931253915e+00 3.226454234453873138e+00 3.200085180966961929e+00 3.172192148793752775e+00 3.143022777433742920e+00 3.112837197573114612e+00 3.081905978742608188e+00 3.050507992380580902e+00 3.018928206712625961e+00 2.987455430387516042e+00 2.956380022208546787e+00 2.925991584566153492e+00 2.896576658310438646e+00 2.868416436799369862e+00 2.841784516720414100e+00 2.816944703010939133e+00 2.794148884798066224e+00 2.773634998744809010e+00 2.755625095530407354e+00 2.740323524413601053e+00 2.727915249934337094e+00 2.718564313808593536e+00 2.712412453970509230e+00 2.709577891523945237e+00 2.710154295091237397e+00 2.714209930699798434e+00 2.721787003937683025e+00 2.732901199647967072e+00 2.747541422929930643e+00 2.765669743683954795e+00 2.787221545388502530e+00 2.812105877243163743e+00 2.840206007263553545e+00 2.871380172383460661e+00 2.905462520118742731e+00 2.942264234887623786e+00 2.981574840674098059e+00 3.023163670376144641e+00 3.066781490908313756e+00 3.112162271938942126e+00 3.159025085044648407e+00 3.207076119067256759e+00 3.256010796568622911e+00 3.305515975503558135e+00 3.355272219576266313e+00 3.404956120216311444e+00 3.454242652710218575e+00 3.502807548757362444e+00 3.550329667585986559e+00 3.596493347767915072e+00 3.640990722008850877e+00 3.683523977464021826e+00 3.723807544534315728e+00 3.761570197632828627e+00 3.796557052071896976e+00 3.828531442001215535e+00 3.857276665222607814e+00 3.882597581709633427e+00 3.904322053762860012e+00 3.922302216925987128e+00 3.936415572064895230e+00 3.946565890361563245e+00 3.952683924387262682e+00 3.954727919883863851e+00 3.952683924387262682e+00 3.946565890361563245e+00 3.936415572064895230e+00 3.922302216925987128e+00
3.958148773383751262e+00 3.937724066924189970e+00 3.913522727458095929e+00 3.885709141094304542e+00 3.854471980816530419e+00 3.820022814359763430e+00 3.782594543860351877e+00 3.742439689060216068e+00 3.699828527024925151e+00 3.655047102416371985e+00 3.608395123335047305e+00 3.560183758607242677e+00 3.510733353132177381e+00 3.460371078517674448e+00 3.409428536715667590e+00 3.358239334717145752e+00 3.307136648577317484e+00 3.256450795114158581e+00 3.206506829556838856e+00 3.157622187215010090e+00 3.110104386897332152e+00 3.064248813330539889e+00 3.020336595222384179e+00 2.978632594877584694e+00 2.939383524421131710e+00 2.902816202714403548e+00 2.869135965973876434e+00 2.838525243928088582e+00 2.811142312084796036e+00 2.787120229336537580e+00 2.766565968719421065e+00 2.749559747667600362e+00 2.736154562585753514e+00 2.726375931005584174e+00 2.720221843011753293e+00 2.717662922029690176e+00 2.718642793474648656e+00 2.723078658180215772e+00 2.730862065967263330e+00 2.741859883193042080e+00 2.755915446646133748e+00 2.772849894737646537e+00 2.792463665593109656e+00 2.814538150383189219e+00 2.838837489054245378e+00 2.865110494540937136e+00 2.893092690570522763e+00 2.922508447309871027e+00 2.953073198367840657e+00 2.984495722053180256e+00 3.016480469306320966e+00 3.048729920375679914e+00 3.080946952098412073e+00 3.112837197573114612e+00 3.144111380078695728e+00 3.174487603298663085e+00 3.203693580252107154e+00 3.231468783808841394e+00 3.257566502273048670e+00 3.281755784252594399e+00 3.303823257884365816e+00 3.323574810453080008e+00 3.340837115514561528e+00 3.355458995806355649e+00 3.367312611489730045e+00 3.376294464608089907e+00 3.382326212057254367e+00 3.385355280832291314e+00 3.385355280832291314e+00 3.382326212057254367e+00 3.376294464608089907e+00 3.367312611489730045e+00 3.355458995806355649e+00 3.340837115514561528e+00 3.323574810453080008e+00 3.303823257884365816e+00 3.281755784252594399e+00 3.257566502273048670e+00 3.231468783808841394e+00 3.203693580252107154e+00 3.174487603298663085e+00 3.144111380078695728e+00 3.112837197573114612e+00 3.080946952098412073e+00 3.048729920375679914e+00 3.016480469306320966e+00 2.984495722053180256e+00 2.953073198367840657e+00 2.922508447309871027e+00 2.893092690570522763e+00 2.865110494540937136e+00 2.838837489054245378e+00 2.814538150383189219e+00 2.792463665593109656e+00 2.772849894737646537e+00 2.755915446646133748e+00 2.741859883193042080e+00 2.730862065967263330e+00 2.723078658180215772e+00 2.718642793474648656e+00 2.717662922029690176e+00 2.720221843011753293e+00 2.726375931005584174e+00 2.736154562585753514e+00 2.749559747667600362e+00 2.766565968719421065e+00 2.787120229336537580e+00 2.811142312084796036e+00 2.838525243928088582e+00 2.869135965973876434e+00 2.902816202714403548e+00 2.939383524421131710e+00 2.978632594877584694e+00 3.020336595222384179e+00 3.064248813330539889e+00 3.110104386897332152e+00 3.157622187215010090e+00 3.206506829556838856e+00 3.256450795114158581e+00 3.307136648577317484e+00 3.358239334717145752e+00 3.409428536715667590e+00 3.460371078517674448e+00 3.510733353132177381e+00 3.560183758607242677e+00 3.608395123335047305e+00 3.655047102416371985e+00 3.699828527024925151e+00 3.742439689060216068e+00 3.782594543860351877e+00 3.820022814359763430e+00 3.854471980816530419e+00 3.885709141094304542e+00 3.913522727458095929e+00 3.937724066924189970e+00 3.958148773383751262e+00 3.974657960988627892e+00 3.987139269636462924e+00 3.995507694810584542e+00 3.999706215507198070e+00 3.999706215507198070e+00 3.995507694810584542e+00 3.987139269636462924e+00 3.974657960988627892e+00
4.007471874567468895e+00 3.988536324736356775e+00 3.965656786125288047e+00 3.938988556532992291e+00 3.908712429436503211e+00 3.875033360241399105e+00 3.838178954919968078e+00 3.798397792447403276e+00 3.755957593699263963e+00 3.711143250630384305e+00 3.664254730607407140e+00 3.615604871706191048e+00 3.565517085604238634e+00 3.514322985391119758e+00 3.462359956180865783e+00 3.409968686835844309e+00 3.357490681397857113e+00 3.305265768967506457e+00 3.253629630775789483e+00 3.202911363052573623e+00 3.153431094016127645e+00 3.105497672888369198e+00 3.059406448285150404e+00 3.015437152643932972e+00 2.973851908538017508e+00 2.934893371792994810e+00 2.898783025274683123e+00 2.865719636066339504e+00 2.835877887505118267e+00 2.809407196213230762e+00 2.786430722848081576e+00 2.767044583818634607e+00 2.751317269683608568e+00 2.739289274372502359e+00 2.730972937764856834e+00 2.726352502538833988e+00 2.725384384569478069e+00 2.727997654532333893e+00 2.734094726761767902e+00 2.743552249837661439e+00 2.756222191841026348e+00 2.771933111740279454e+00 2.790491606956560844e+00 2.811683925819433494e+00 2.835277732373671977e+00 2.861024009843140092e+00 2.888659088007818898e+00 2.917906778812727087e+00 2.948480603710075254e+00 2.980086095544551839e+00 3.012423157231513215e+00 3.045188459053242980e+00 3.078077856112587884e+00 3.110788807338335626e+00 3.143022777433742920e+00 3.174487603298663085e+00 3.204899806735696632e+00 3.233986835669552473e+00 3.261489216663080004e+00 3.287162602199148242e+00 3.310779697009212708e+00 3.332132048661112123e+00 3.351031688663020702e+00 3.367312611489730045e+00 3.380832080182694543e+00 3.391471748507130624e+00 3.399138591057630165e+00 3.403765634177625898e+00 3.405312482086316095e+00 3.403765634177625898e+00 3.399138591057630165e+00 3.391471748507130624e+00 3.380832080182694543e+00 3.367312611489730045e+00 3.351031688663020702e+00 3.332132048661112123e+00 3.310779697009212708e+00 3.287162602199148242e+00 3.261489216663080004e+00 3.233986835669552473e+00 3.204899806735696632e+00 3.174487603298663085e+00 3.143022777433742920e+00 3.110788807338335626e+00 3.078077856112587884e+00 3.045188459053242980e+00 3.012423157231513215e+00 2.980086095544551839e+00 2.948480603710075254e+00 2.917906778812727087e+00 2.888659088007818898e+00 2.861024009843140092e+00 2.835277732373671977e+00 2.811683925819433494e+00 2.790491606956560844e+00 2.771933111740279454e+00 2.756222191841026348e+00 2.743552249837661439e+00 2.734094726761767902e+00 2.727997654532333893e+00 2.725384384569478069e+00 2.726352502538833988e+00 2.730972937764856834e+00 2.739289274372502359e+00 2.751317269683608568e+00 2.767044583818634607e+00 2.786430722848081576e+00 2.809407196213230762e+00 2.835877887505118267e+00 2.865719636066339504e+00 2.898783025274683123e+00 2.934893371792994810e+00 2.973851908538017508e+00 3.015437152643932972e+00 3.059406448285150404e+00 3.105497672888369198e+00 3.153431094016127645e+00 3.202911363052573623e+00 3.253629630775789483e+00 3.305265768967506457e+00 3.357490681397857113e+00 3.409968686835844309e+00 3.462359956180865783e+00 3.514322985391119758e+00 3.565517085604238634e+00 3.615604871706191048e+00 3.664254730607407140e+00 3.711143250630384305e+00 3.755957593699263963e+00 3.798397792447403276e+00 3.838178954919968078e+00 3.875033360241399105e+00 3.908712429436503211e+00 3.938988556532992291e+00 3.965656786125288047e+00 3.988536324736356775e+00 4.007471874567468895e+00 4.022334779565563068e+00 4.033023975154189422e+00 4.039466734455996466e+00 4.041619205371226542e+00 4.039466734455996466e+00 4.033023975154189422e+00 4.022334779565563068e+00
4.051915978731901014e+00 4.034643238808632404e+00 4.013273362147711687e+00 3.987951315705105859e+00 3.958848684865103440e+00 3.926162407795389608e+00 3.890113323361807485e+00 3.850944543565096634e+00 3.808919662785154703e+00 3.764320817348387305e+00 3.717446610060928691e+00 3.668609915366719765e+00 3.618135581686594549e+00 3.566358048266008662e+00 3.513618894498947487e+00 3.460264340199054711e+00 3.406642715652267839e+00 3.353101920505517253e+00 3.299986890621702695e+00 3.247637091961587785e+00 3.196384060339078292e+00 3.146549005539114319e+00 3.098440497789958670e+00 3.052352253947720584e+00 3.008561039985392593e+00 2.967324705487301983e+00 2.928880364839556716e+00 2.893442738685411797e+00 2.861202667990073056e+00 2.832325811741665422e+00 2.806951537913918937e+00 2.785192015842140378e+00 2.767131516628763332e+00 2.752825926609440810e+00 2.742302477287851925e+00 2.735559693498984313e+00 2.732567559899576448e+00 2.733267904223099176e+00 2.737574994087720537e+00 2.745376342521932411e+00 2.756533715785911109e+00 2.770884335529711695e+00 2.788242265853341451e+00 2.808399974430248136e+00 2.831130055535114209e+00 2.856187101589361621e+00 2.883309708712664676e+00 2.912222600754603707e+00 2.942638855385087293e+00 2.974262215052156932e+00 3.006789464977057680e+00 3.039912859853874494e+00 3.073322580558500494e+00 3.106709201951733945e+00 3.139766152785908648e+00 3.172192148793752775e+00 3.203693580252107154e+00 3.233986835669552473e+00 3.262800543743633153e+00 3.289877716366063520e+00 3.314977776218439587e+00 3.337878453390619171e+00 3.358377536462340718e+00 3.376294464608089907e+00 3.391471748507130624e+00 3.403776209155790156e+00 3.413100025077277166e+00 3.419361579895153991e+00 3.422506103768506502e+00 3.422506103768506502e+00 3.419361579895153991e+00 3.413100025077277166e+00 3.403776209155790156e+00 3.391471748507130624e+00 3.376294464608089907e+00 3.358377536462340718e+00 3.337878453390619171e+00 3.314977776218439587e+00 3.289877716366063520e+00 3.262800543743633153e+00 3.233986835669552473e+00 3.203693580252107154e+00 3.172192148793752775e+00 3.139766152785908648e+00 3.106709201951733945e+00 3.073322580558500494e+00 3.039912859853874494e+00 3.006789464977057680e+00 2.974262215052156932e+00 2.942638855385087293e+00 2.912222600754603707e+00 2.883309708712664676e+00 2.856187101589361621e+00 2.831130055535114209e+00 2.808399974430248136e+00 2.788242265853341451e+00 2.770884335529711695e+00 2.756533715785911109e+00 2.745376342521932411e+00 2.737574994087720537e+00 2.733267904223099176e+00 2.732567559899576448e+00 2.735559693498984313e+00 2.742302477287851925e+00 2.752825926609440810e+00 2.767131516628763332e+00 2.785192015842140378e+00 2.806951537913918937e+00 2.832325811741665422e+00 2.861202667990073056e+00 2.893442738685411797e+00 2.928880364839556716e+00 2.967324705487301983e+00 3.008561039985392593e+00 3.052352253947720584e+00 3.098440497789958670e+00 3.146549005539114319e+00 3.196384060339078292e+00 3.247637091961587785e+00 3.299986890621702695e+00 3.353101920505517253e+00 3.406642715652267839e+00 3.460264340199054711e+00 3.513618894498947487e+00 3.566358048266008662e+00 3.618135581686594549e+00 3.668609915366719765e+00 3.717446610060928691e+00 3.764320817348387305e+00 3.808919662785154703e+00 3.850944543565096634e+00 3.890113323361807485e+00 3.926162407795389608e+00 3.958848684865103440e+00 3.987951315705105859e+00 4.013273362147711687e+00 4.034643238808632404e+00 4.051915978731901014e+00 4.064974303038755288e+00 4.073729486503787633e+00 4.078122012522224615e+00 4.078122012522224615e+00 4.073729486503787633e+00 4.064974303038755288e+00
4.091142839408274945e+00 4.075689427925428099e+00 4.056001198385836837e+00 4.032211648558835293e+00 4.004481921762283569e+00 3.972999618363516561e+00 3.937977412645883302e+00 3.899651485482398261e+00 3.858279784647280497e+00 3.814140125895388866e+00 3.767528149139321325e+00 3.718755145144589935e+00 3.668145769137097556e+00 3.616035658566238542e+00 3.562768972985301819e+00 3.508695874592660857e+00 3.454169968418396408e+00 3.399545721437940760e+00 3.345175880044951366e+00 3.291408905318767619e+00 3.238586445377416467e+00 3.187040863816345659e+00 3.137092842798223202e+00 3.089049078783347113e+00 3.043200088178056095e+00 2.999818139335409750e+00 2.959155326374600659e+00 2.921441799200714229e+00 2.886884162912545904e+00 2.855664058492552115e+00 2.827936935289331100e+00 2.803831024339974221e+00 2.783446520048227679e+00 2.766854976146399192e+00 2.754098920236387471e+00 2.745191689540543489e+00 2.740117488808941903e+00 2.738831669638912558e+00 2.741261228778157477e+00 2.747305521317367383e+00 2.756837183044506201e+00 2.769703254643406609e+00 2.785726498886032854e+00 2.804706900502361488e+00 2.826423337025588012e+00 2.850635407613597128e+00 2.877085405650472882e+00 2.905500419843126902e+00 2.935594547556318989e+00 2.967071203281792524e+00 2.999625504420285527e+00 3.032946715974425000e+00 3.066720735310186630e+00 3.100632597848198113e+00 3.134368984395802915e+00 3.167620710827685926e+00 3.200085180966961929e+00 3.231468783808841394e+00 3.261489216663080004e+00 3.289877716366063520e+00 3.316381181424199465e+00 3.340764168791837463e+00 3.362810749952780842e+00 3.382326212057254367e+00 3.399138591057630165e+00 3.413100025077277166e+00 3.424087917627621547e+00 3.432005901748513832e+00 3.436784597674988007e+00 3.438382158217936801e+00 3.436784597674988007e+00 3.432005901748513832e+00 3.424087917627621547e+00 3.413100025077277166e+00 3.399138591057630165e+00 3.382326212057254367e+00 3.362810749952780842e+00 3.340764168791837463e+00 3.316381181424199465e+00 3.289877716366063520e+00 3.261489216663080004e+00 3.231468783808841394e+00 3.200085180966961929e+00 3.167620710827685926e+00 3.134368984395802915e+00 3.100632597848198113e+00 3.066720735310186630e+00 3.032946715974425000e+00 2.999625504420285527e+00 2.967071203281792524e+00 2.935594547556318989e+00 2.905500419843126902e+00 2.877085405650472882e+00 2.850635407613597128e+00 2.826423337025588012e+00 2.804706900502361488e+00 2.785726498886032854e+00 2.769703254643406609e+00 2.756837183044506201e+00 2.747305521317367383e+00 2.741261228778157477e+00 2.738831669638912558e+00 2.740117488808941903e+00 2.745191689540543489e+00 2.754098920236387471e+00 2.766854976146399192e+00 2.783446520048227679e+00 2.803831024339974221e+00 2.827936935289331100e+00 2.855664058492552115e+00 2.886884162912545904e+00 2.921441799200714229e+00 2.959155326374600659e+00 2.999818139335409750e+00 3.043200088178056095e+00 3.089049078783347113e+00 3.137092842798223202e+00 3.187040863816345659e+00 3.238586445377416467e+00 3.291408905318767619e+00 3.345175880044951366e+00 3.399545721437940760e+00 3.454169968418396408e+00 3.508695874592660857e+00 3.562768972985301819e+00 3.616035658566238542e+00 3.668145769137097556e+00 3.718755145144589935e+00 3.767528149139321325e+00 3.814140125895388866e+00 3.858279784647280497e+00 3.899651485482398261e+00 3.937977412645883302e+00 3.972999618363516561e+00 4.004481921762283569e+00 4.032211648558835293e+00 4.056001198385836837e+00 4.075689427925428099e+00 4.091142839408274945e+00 4.102256565505139285e+00 4.108955143174567226e+00 4.111193070623435197e+00 4.108955143174567226e+00 4.102256565505139285e+00
4.124853916501018070e+00 4.111357959186186406e+00 4.093506102005471270e+00 4.071419348546881700e+00 4.045247270668224537e+00 4.015166905422009158e+00 3.981381449857056776e+00 3.944118763549916640e+00 3.903629690169459376e+00 3.860186210742543533e+00 3.814079442556815192e+00 3.765617498799179064e+00 3.715123225076184088e+00 3.662931829887757562e+00 3.609388426921174453e+00 3.554845507692058870e+00 3.499660363578371847e+00 3.444192476667936820e+00 3.388800899067271999e+00 3.333841640397457784e+00 3.279665083131221071e+00 3.226613445204500774e+00 3.175018308967559211e+00 3.125198235027824012e+00 3.077456478883018320e+00 3.032078827453858594e+00 2.989331571706551838e+00 2.949459630513645791e+00 2.912684839745294685e+00 2.879204419320612107e+00 2.849189629590049844e+00 2.822784626975020306e+00 2.800105527271318007e+00 2.781239683439781896e+00 2.766245183073229086e+00 2.755150569055340171e+00 2.747954785227653129e+00 2.744627347168108855e+00 2.745108736471621569e+00 2.749311015223056653e+00 2.757118655678699071e+00 2.768389578536441409e+00 2.782956391590106104e+00 2.800627819041483946e+00 2.821190310296428638e+00 2.844409815709709743e+00 2.870033715477671166e+00 2.897792886717613925e+00 2.927403892727143297e+00 2.958571277493351914e+00 2.990989947727731302e+00 3.024347624044063654e+00 3.058327342378365454e+00 3.092609986376015474e+00 3.126876831244477462e+00 3.160812079492075544e+00 3.194105369044846654e+00 3.226454234453873138e+00 3.257566502273048670e+00 3.287162602199148242e+00 3.314977776218439587e+00 3.340764168791837463e+00 3.364292782027856976e+00 3.385355280832291314e+00 3.403765634177625898e+00 3.419361579895153991e+00 3.432005901748513832e+00 3.441587508989167876e+00 3.448022310110598010e+00 3.451253874097583108e+00 3.451253874097583108e+00 3.448022310110598010e+00 3.441587508989167876e+00 3.432005901748513832e+00 3.419361579895153991e+00 3.403765634177625898e+00 3.385355280832291314e+00 3.364292782027856976e+00 3.340764168791837463e+00 3.314977776218439587e+00 3.287162602199148242e+00 3.257566502273048670e+00 3.226454234453873138e+00 3.194105369044846654e+00 3.160812079492075544e+00 3.126876831244477462e+00 3.092609986376015474e+00 3.058327342378365454e+00 3.024347624044063654e+00 2.990989947727731302e+00 2.958571277493351914e+00 2.927403892727143297e+00 2.897792886717613925e+00 2.870033715477671166e+00 2.844409815709709743e+00 2.821190310296428638e+00 2.800627819041483946e+00 2.782956391590106104e+00 2.768389578536441409e+00 2.757118655678699071e+00 2.749311015223056653e+00 2.745108736471621569e+00 2.744627347168108855e+00 2.747954785227653129e+00 2.755150569055340171e+00 2.766245183073229086e+00 2.781239683439781896e+00 2.800105527271318007e+00 2.822784626975020306e+00 2.849189629590049844e+00 2.879204419320612107e+00 2.912684839745294685e+00 2.949459630513645791e+00 2.989331571706551838e+00 3.032078827453858594e+00 3.077456478883018320e+00 3.125198235027824012e+00 3.175018308967559211e+00 3.226613445204500774e+00 3.279665083131221071e+00 3.333841640397457784e+00 3.388800899067271999e+00 3.444192476667936820e+00 3.499660363578371847e+00 3.554845507692058870e+00 3.609388426921174453e+00 3.662931829887757562e+00 3.715123225076184088e+00 3.765617498799179064e+00 3.814079442556815192e+00 3.860186210742543533e+00 3.903629690169459376e+00 3.944118763549916640e+00 3.981381449857056776e+00 4.015166905422009158e+00 4.045247270668224537e+00 4.071419348546881700e+00 4.093506102005471270e+00 4.111357959186186406e+00 4.124853916501018070e+00 4.133902431255602750e+00 4.138442097082264404e+00 4.138442097082264404e+00 4.133902431255602750e+00
4.152792648358146543e+00 4.141372768710862573e+00 4.125493505034650177e+00 4.105262463338754664e+00 4.080816628331373153e+00 4.052321353216631117e+00 4.019969140649750194e+00 3.983978224053082773e+00 3.944590960001805424e+00 3.902072043812731206e+00 3.856706561802391686e+00 3.808797894910774584e+00 3.758665489505901736e+00 3.706642512183019988e+00 3.653073406243115162e+00 3.598311368272170796e+00 3.542715763839362708e+00 3.486649501784830463e+00 3.430476386872243211e+00 3.374558470735937288e+00 3.319253421055601283e+00 3.264911928743498226e+00 3.211875172631025066e+00 3.160472360695502303e+00 3.111018366277569225e+00 3.063811477009327433e+00 3.019131273308631958e+00 2.977236652302526210e+00 2.938364011930184372e+00 2.902725608751401953e+00 2.870508101659967171e+00 2.841871292282224459e+00 2.816947071340749620e+00 2.795838578692495080e+00 2.778619583122218017e+00 2.765334086297718041e+00 2.755996153586230957e+00 2.750589972704133412e+00 2.749070139438212212e+00 2.751362167949154891e+00 2.757363221459945724e+00 2.766943057456371147e+00 2.779945179896655461e+00 2.796188189354788634e+00 2.815467320519231098e+00 2.837556155046989659e+00 2.862208496443148231e+00 2.889160392408132605e+00 2.918132288978485978e+00 2.948831299790212856e+00 2.980953572924557093e+00 3.014186737060737808e+00 3.048212408064545187e+00 3.082708736690078055e+00 3.117352977767902100e+00 3.151824061098647434e+00 3.185805144267828126e+00 3.218986127745413484e+00 3.251066112931253915e+00 3.281755784252594399e+00 3.310779697009212708e+00 3.337878453390619171e+00 3.362810749952780842e+00 3.385355280832291314e+00 3.405312482086316095e+00 3.422506103768506502e+00 3.436784597674988007e+00 3.448022310110598010e+00 3.456120470522692667e+00 3.461007968416863090e+00 3.462641912593813487e+00 3.461007968416863090e+00 3.456120470522692667e+00 3.448022310110598010e+00 3.436784597674988007e+00 3.422506103768506502e+00 3.405312482086316095e+00 3.385355280832291314e+00 3.362810749952780842e+00 3.337878453390619171e+00 3.310779697009212708e+00 3.281755784252594399e+00 3.251066112931253915e+00 3.218986127745413484e+00 3.185805144267828126e+00 3.151824061098647434e+00 3.117352977767902100e+00 3.082708736690078055e+00 3.048212408064545187e+00 3.014186737060737808e+00 2.980953572924557093e+00 2.948831299790212856e+00 2.918132288978485978e+00 2.889160392408132605e+00 2.862208496443148231e+00 2.837556155046989659e+00 2.815467320519231098e+00 2.796188189354788634e+00 2.779945179896655461e+00 2.766943057456371147e+00 2.757363221459945724e+00 2.751362167949154891e+00 2.749070139438212212e+00 2.750589972704133412e+00 2.755996153586230957e+00 2.765334086297718041e+00 2.778619583122218017e+00 2.795838578692495080e+00 2.816947071340749620e+00 2.841871292282224459e+00 2.870508101659967171e+00 2.902725608751401953e+00 2.938364011930184372e+00 2.977236652302526210e+00 3.019131273308631958e+00 3.063811477009327433e+00 3.111018366277569225e+00 3.160472360695502303e+00 3.211875172631025066e+00 3.264911928743498226e+00 3.319253421055601283e+00 3.374558470735937288e+00 3.430476386872243211e+00 3.486649501784830463e+00 3.542715763839362708e+00 3.598311368272170796e+00 3.653073406243115162e+00 3.706642512183019988e+00 3.758665489505901736e+00 3.808797894910774584e+00 3.856706561802391686e+00 3.902072043812731206e+00 3.944590960001805424e+00 3.983978224053082773e+00 4.019969140649750194e+00 4.052321353216631117e+00 4.080816628331373153e+00 4.105262463338754664e+00 4.125493505034650177e+00 4.141372768710862573e+00 4.152792648358146543e+00 4.159675710400740023e+00 4.161975264969568933e+00 4.159675710400740023e+00
4.174746404360360152e+00 4.165500771418280124e+00 4.151710723588966978e+00 4.133469694774914771e+00 4.110901188759050306e+00 4.084157868431638860e+00 4.053420430285863851e+00 4.018896272678648351e+00 3.980817967909299426e+00 3.939441549648245999e+00 3.895044628640234041e+00 3.847924350900246537e+00 3.798395213806395443e+00 3.746786756563045273e+00 3.693441142451217019e+00 3.638710651095090398e+00 3.582955099646538244e+00 3.526539212319448335e+00 3.469829958087715216e+00 3.413193876592680809e+00 3.356994412385355009e+00 3.301589277555775137e+00 3.247327862576534940e+00 3.194548714811920931e+00 3.143577103620766255e+00 3.094722690314499314e+00 3.048277320426451720e+00 3.004512954811064063e+00 2.963679755028763463e+00 2.926004337292552382e+00 2.891688207964373092e+00 2.860906392203159232e+00 2.833806265892560905e+00 2.810506599425956153e+00 2.791096820311255389e+00 2.775636499890548947e+00 2.764155067762463336e+00 2.756651755761252431e+00 2.753095771599246344e+00 2.753426700531730109e+00 2.757555131668846915e+00 2.765363503850928328e+00 2.776707164334775157e+00 2.791415631921515317e+00 2.809294054604047020e+00 2.830124850335578035e+00 2.853669518131585203e+00 2.879670605426241536e+00 2.907853816420778781e+00 2.937930245094389381e+00 2.969598715606234673e+00 3.002548212007025707e+00 3.036460378506738333e+00 3.071012071016232081e+00 3.105877940299124784e+00 3.140733026838823605e+00 3.175255347446165999e+00 3.209128453706008077e+00 3.242043942585933536e+00 3.273703899905216819e+00 3.303823257884365816e+00 3.332132048661112123e+00 3.358377536462340718e+00 3.382326212057254367e+00 3.403765634177625898e+00 3.422506103768506502e+00 3.438382158217936801e+00 3.451253874097583108e+00 3.461007968416863090e+00 3.467558689940177796e+00 3.470848493728260653e+00 3.470848493728260653e+00 3.467558689940177796e+00 3.461007968416863090e+00 3.451253874097583108e+00 3.438382158217936801e+00 3.422506103768506502e+00 3.403765634177625898e+00 3.382326212057254367e+00 3.358377536462340718e+00 3.332132048661112123e+00 3.303823257884365816e+00 3.273703899905216819e+00 3.242043942585933536e+00 3.209128453706008077e+00 3.175255347446165999e+00 3.140733026838823605e+00 3.105877940299124784e+00 3.071012071016232081e+00 3.036460378506738333e+00 3.002548212007025707e+00 2.969598715606234673e+00 2.937930245094389381e+00 2.907853816420778781e+00 2.879670605426241536e+00 2.853669518131585203e+00 2.830124850335578035e+00 2.809294054604047020e+00 2.791415631921515317e+00 2.776707164334775157e+00 2.765363503850928328e+00 2.757555131668846915e+00 2.753426700531730109e+00 2.753095771599246344e+00 2.756651755761252431e+00 2.764155067762463336e+00 2.775636499890548947e+00 2.791096820311255389e+00 2.810506599425956153e+00 2.833806265892560905e+00 2.860906392203159232e+00 2.891688207964373092e+00 2.926004337292552382e+00 2.963679755028763463e+00 3.004512954811064063e+00 3.048277320426451720e+00 3.094722690314499314e+00 3.143577103620766255e+00 3.194548714811920931e+00 3.247327862576534940e+00 3.301589277555775137e+00 3.356994412385355009e+00 3.413193876592680809e+00 3.469829958087715216e+00 3.526539212319448335e+00 3.582955099646538244e+00 3.638710651095090398e+00 3.693441142451217019e+00 3.746786756563045273e+00 3.798395213806395443e+00 3.847924350900246537e+00 3.895044628640234041e+00 3.939441549648245999e+00 3.980817967909299426e+00 4.018896272678648351e+00 4.053420430285863851e+00 4.084157868431638860e+00 4.110901188759050306e+00 4.133469694774914771e+00 4.151710723588966978e+00 4.165500771418280124e+00 4.174746404360360152e+00 4.179384947558889785e+00 4.179384947558889785e+00
4.190548103168445060e+00 4.183553643803988642e+00 4.171948898538197170e+00 4.155812489748504035e+00 4.135253675663060235e+00 4.110411544632039949e+00 4.081453989658740511e+00 4.048576470931913640e+00 4.012000575700513494e+00 3.971972386360745233e+00 3.928760669071560852e+00 3.882654896567286240e+00 3.833963120085064791e+00 3.783009706460204402e+00 3.730132957456344212e+00 3.675682629281265879e+00 3.620017370987091088e+00 3.563502101059284666e+00 3.506505341958234379e+00 3.449396532686343608e+00 3.392543339610407216e+00 3.336308985772453273e+00 3.281049618771902487e+00 3.227111736999374703e+00 3.174829693549773513e+00 3.124523296543015416e+00 3.076495523839508195e+00 3.031030369259802182e+00 2.988390836410506068e+00 2.948817095089291129e+00 2.912524813999008089e+00 2.879703682154373556e+00 2.850516129924363984e+00 2.825096259130445375e+00 2.803548990026696330e+00 2.785949431334844295e+00 2.772342477807776984e+00 2.762742638062276601e+00 2.757134093668598851e+00 2.755470988724511017e+00 2.757677947387917161e+00 2.763650815108487979e+00 2.773257617598096303e+00 2.786339729925167763e+00 2.802713246521930213e+00 2.822170541368132834e+00 2.844482006171671795e+00 2.869397953016712410e+00 2.896650666703613819e+00 2.925956590871606533e+00 2.957018630983602847e+00 2.989528556370057544e+00 3.023169482782574136e+00 3.057618416303203190e+00 3.092548838997073002e+00 3.127633316387305129e+00 3.162546106674619661e+00 3.196965751620708840e+00 3.230577629164393283e+00 3.263076448141598362e+00 3.294168665931969553e+00 3.323574810453080008e+00 3.351031688663020702e+00 3.376294464608089907e+00 3.399138591057630165e+00 3.419361579895153991e+00 3.436784597674988007e+00 3.451253874097583108e+00 3.462641912593813487e+00 3.470848493728260653e+00 3.475801463722054674e+00 3.477457302044979048e+00 3.475801463722054674e+00 3.470848493728260653e+00 3.462641912593813487e+00 3.451253874097583108e+00 3.436784597674988007e+00 3.419361579895153991e+00 3.399138591057630165e+00 3.376294464608089907e+00 3.351031688663020702e+00 3.323574810453080008e+00 3.294168665931969553e+00 3.263076448141598362e+00 3.230577629164393283e+00 3.196965751620708840e+00 3.162546106674619661e+00 3.127633316387305129e+00 3.092548838997073002e+00 3.057618416303203190e+00 3.023169482782574136e+00 2.989528556370057544e+00 2.957018630983602847e+00 2.925956590871606533e+00 2.896650666703613819e+00 2.869397953016712410e+00 2.844482006171671795e+00 2.822170541368132834e+00 2.802713246521930213e+00 2.786339729925167763e+00 2.773257617598096303e+00 2.763650815108487979e+00 2.757677947387917161e+00 2.755470988724511017e+00 2.757134093668598851e+00 2.762742638062276601e+00 2.772342477807776984e+00 2.785949431334844295e+00 2.803548990026696330e+00 2.825096259130445375e+00 2.850516129924363984e+00 2.879703682154373556e+00 2.912524813999008089e+00 2.948817095089291129e+00 2.988390836410506068e+00 3.031030369259802182e+00 3.076495523839508195e+00 3.124523296543015416e+00 3.174829693549773513e+00 3.227111736999374703e+00 3.281049618771902487e+00 3.336308985772453273e+00 3.392543339610407216e+00 3.449396532686343608e+00 3.506505341958234379e+00 3.563502101059284666e+00 3.620017370987091088e+00 3.675682629281265879e+00 3.730132957456344212e+00 3.783009706460204402e+00 3.833963120085064791e+00 3.882654896567286240e+00 3.928760669071560852e+00 3.971972386360745233e+00 4.012000575700513494e+00 4.048576470931913640e+00 4.081453989658740511e+00 4.110411544632039949e+00 4.135253675663060235e+00 4.155812489748504035e+00 4.171948898538197170e+00 4.183553643803988642e+00 4.190548103168445060e+00 4.192884870010304077e+00
4.200077484313143650e+00 4.195389266132726114e+00 4.186044602811082704e+00 4.172106806052032546e+00 4.153670259244459650e+00 4.130859721403481011e+00 4.103829407287386211e+00 4.072761850634853076e+00 4.037866559103666653e+00 3.999378471063631313e+00 3.957556225890844104e+00 3.912680260816388422e+00 3.865050748689411009e+00 3.814985392212243642e+00 3.762817091284941018e+00 3.708891501049814465e+00 3.653564499046378700e+00 3.597199580566991628e+00 3.540165201838525011e+00 3.482832091041423883e+00 3.425570547411661337e+00 3.368747748751537596e+00 3.312725087601466445e+00 3.257855556097517091e+00 3.204481199159952443e+00 3.152930655129721149e+00 3.103516802296370614e+00 3.056534528947643548e+00 3.012258643624146526e+00 2.970941941189129576e+00 2.932813439131898292e+00 2.898076797222657763e+00 2.866908932236623908e+00 2.839458837976666317e+00 2.815846619257953876e+00 2.796162746886917461e+00 2.780467538982798192e+00 2.768790872265898262e+00 2.761132125185547181e+00 2.757460352996039088e+00 2.757714693123842320e+00 2.761804997417664165e+00 2.769612686147764347e+00 2.780991816935428407e+00 2.795770360160520607e+00 2.813751670826996065e+00 2.834716145375022478e+00 2.858423050525376485e+00 2.884612509937648728e+00 2.913007633268419383e+00 2.943316771138089205e+00 2.975235878563616154e+00 3.008450968596282138e+00 3.042640637224922173e+00 3.077478640071118932e+00 3.112636501017474799e+00 3.147786132676465787e+00 3.182602448526992145e+00 3.216765946619427385e+00 3.249965244976981804e+00 3.281899549199840393e+00 3.312281033305970013e+00 3.340837115514561528e+00 3.367312611489730045e+00 3.391471748507130624e+00 3.413100025077277166e+00 3.432005901748513832e+00 3.448022310110598010e+00 3.461007968416863090e+00 3.470848493728260653e+00 3.477457302044979048e+00 3.480776289518697553e+00 3.480776289518697553e+00 3.477457302044979048e+00 3.470848493728260653e+00 3.461007968416863090e+00 3.448022310110598010e+00 3.432005901748513832e+00 3.413100025077277166e+00 3.391471748507130624e+00 3.367312611489730045e+00 3.340837115514561528e+00 3.312281033305970013e+00 3.281899549199840393e+00 3.249965244976981804e+00 3.216765946619427385e+00 3.182602448526992145e+00 3.147786132676465787e+00 3.112636501017474799e+00 3.077478640071118932e+00 3.042640637224922173e+00 3.008450968596282138e+00 2.975235878563616154e+00 2.943316771138089205e+00 2.913007633268419383e+00 2.884612509937648728e+00 2.858423050525376485e+00 2.834716145375022478e+00 2.813751670826996065e+00 2.795770360160520607e+00 2.780991816935428407e+00 2.769612686147764347e+00 2.761804997417664165e+00 2.757714693123842320e+00 2.757460352996039088e+00 2.761132125185547181e+00 2.768790872265898262e+00 2.780467538982798192e+00 2.796162746886917461e+00 2.815846619257953876e+00 2.839458837976666317e+00 2.866908932236623908e+00 2.898076797222657763e+00 2.932813439131898292e+00 2.970941941189129576e+00 3.012258643624146526e+00 3.056534528947643548e+00 3.103516802296370614e+00 3.152930655129721149e+00 3.204481199159952443e+00 3.257855556097517091e+00 3.312725087601466445e+00 3.368747748751537596e+00 3.425570547411661337e+00 3.482832091041423883e+00 3.540165201838525011e+00 3.597199580566991628e+00 3.653564499046378700e+00 3.708891501049814465e+00 3.762817091284941018e+00 3.814985392212243642e+00 3.865050748689411009e+00 3.912680260816388422e+00 3.957556225890844104e+00 3.999378471063631313e+00 4.037866559103666653e+00 4.072761850634853076e+00 4.103829407287386211e+00 4.130859721403481011e+00 4.153670259244459650e+00 4.172106806052032546e+00 4.186044602811082704e+00 4.195389266132726114e+00 4.200077484313143650e+00
4.203262023449944706e+00 4.200912813052528172e+00 4.193881103071917416e+00 4.182214539699593558e+00 4.165992142663259123e+00 4.145323722436500269e+00 4.120349070501669431e+00 4.091236928779161452e+00 4.058183746002873349e+00 4.021412230429299406e+00 3.981169709804032397e+00 3.937726310962775145e+00 3.891372972803361474e+00 3.842419307620282609e+00 3.791191326934441719e+00 3.738029048969531143e+00 3.683284005814910333e+00 3.627316669066267707e+00 3.570493813344280287e+00 3.513185837552883939e+00 3.455764064049643647e+00 3.398598036058261496e+00 3.342052833656662614e+00 3.286486428523145431e+00 3.232247097318916573e+00 3.179670913130571819e+00 3.129079333793696183e+00 3.080776905173976399e+00 3.035049096600079821e+00 2.992160284630362543e+00 2.952351900200513413e+00 2.915840752950355608e+00 2.882817545174808149e+00 2.853445586396526235e+00 2.827859718027238234e+00 2.806165455982835510e+00 2.788438357456013872e+00 2.774723616342490207e+00 2.765035890075342451e+00 2.759359358860257405e+00 2.757648016535792834e+00 2.759826190520529021e+00 2.765789286566750160e+00 2.775404752331239511e+00 2.788513252110906393e+00 2.804930043486921765e+00 2.824446545088091565e+00 2.846832083233911348e+00 2.871835803861234826e+00 2.899188734885974394e+00 2.928605983012406266e+00 2.959789047985899924e+00 2.992428236398248842e+00 3.026205156404675467e+00 3.060795274103995656e+00 3.095870511872724773e+00 3.131101868633749508e+00 3.166162041882861100e+00 3.200728031293042175e+00 3.234483703867150339e+00 3.267122300913038568e+00 3.298348867569295351e+00 3.327882586210734406e+00 3.355458995806355649e+00 3.380832080182694543e+00 3.403776209155790156e+00 3.424087917627621547e+00 3.441587508989167876e+00 3.456120470522692667e+00 3.467558689940177796e+00 3.475801463722054674e+00 3.480776289518697553e+00 3.482439436534580768e+00 3.480776289518697553e+00 3.475801463722054674e+00 3.467558689940177796e+00 3.456120470522692667e+00 3.441587508989167876e+00 3.424087917627621547e+00 3.403776209155790156e+00 3.380832080182694543e+00 3.355458995806355649e+00 3.327882586210734406e+00 3.298348867569295351e+00 3.267122300913038568e+00 3.234483703867150339e+00 3.200728031293042175e+00 3.166162041882861100e+00 3.131101868633749508e+00 3.095870511872724773e+00 3.060795274103995656e+00 3.026205156404675467e+00 2.992428236398248842e+00 2.959789047985899924e+00 2.928605983012406266e+00 2.899188734885974394e+00 2.871835803861234826e+00 2.846832083233911348e+00 2.824446545088091565e+00 2.804930043486921765e+00 2.788513252110906393e+00 2.775404752331239511e+00 2.765789286566750160e+00 2.759826190520529021e+00 2.757648016535792834e+00 2.759359358860257405e+00 2.765035890075342451e+00 2.774723616342490207e+00 2.788438357456013872e+00 2.806165455982835510e+00 2.827859718027238234e+00 2.853445586396526235e+00 2.882817545174808149e+00 2.915840752950355608e+00 2.952351900200513413e+00 2.992160284630362543e+00 3.035049096600079821e+00 3.080776905173976399e+00 3.129079333793696183e+00 3.179670913130571819e+00 3.232247097318916573e+00 3.286486428523145431e+00 3.342052833656662614e+00 3.398598036058261496e+00 3.455764064049643647e+00 3.513185837552883939e+00 3.570493813344280287e+00 3.627316669066267707e+00 3.683284005814910333e+00 3.738029048969531143e+00 3.791191326934441719e+00 3.842419307620282609e+00 3.891372972803361474e+00 3.937726310962775145e+00 3.981169709804032397e+00 4.021412230429299406e+00 4.058183746002873349e+00 4.091236928779161452e+00 4.120349070501669431e+00 4.145323722436500269e+00 4.165992142663259123e+00 4.182214539699593558e+00 4.193881103071917416e+00 4.200912813052528172e+00
4.200077484313143650e+00 4.200077484313143650e+00 4.195389266132726114e+00 4.186044602811082704e+00 4.172106806052032546e+00 4.153670259244459650e+00 4.130859721403481011e+00 4.103829407287386211e+00 4.072761850634853076e+00 4.037866559103666653e+00 3.999378471063631313e+00 3.957556225890844104e+00 3.912680260816388422e+00 3.865050748689411009e+00 3.814985392212243642e+00 3.762817091284941018e+00 3.708891501049814465e+00 3.653564499046378700e+00 3.597199580566991628e+00 3.540165201838525011e+00 3.482832091041423883e+00 3.425570547411661337e+00 3.368747748751537596e+00 3.312725087601466445e+00 3.257855556097517091e+00 3.204481199159952443e+00 3.152930655129721149e+00 3.103516802296370614e+00 3.056534528947643548e+00 3.012258643624146526e+00 2.970941941189129576e+00 2.932813439131898292e+00 2.898076797222657763e+00 2.866908932236623908e+00 2.839458837976666317e+00 2.815846619257953876e+00 2.796162746886917461e+00 2.780467538982798192e+00 2.768790872265898262e+00 2.761132125185547181e+00 2.757460352996039088e+00 2.757714693123842320e+00 2.761804997417664165e+00 2.769612686147764347e+00 2.780991816935428407e+00 2.795770360160520607e+00 2.813751670826996065e+00 2.834716145375022478e+00 2.858423050525376485e+00 2.884612509937648728e+00 2.913007633268419383e+00 2.943316771138089205e+00 2.975235878563616154e+00 3.008450968596282138e+00 3.042640637224922173e+00 3.077478640071118932e+00 3.112636501017474799e+00 3.147786132676465787e+00 3.182602448526992145e+00 3.216765946619427385e+00 3.249965244976981804e+00 3.281899549199840393e+00 3.312281033305970013e+00 3.340837115514561528e+00 3.367312611489730045e+00 3.391471748507130624e+00 3.413100025077277166e+00 3.432005901748513832e+00 3.448022310110598010e+00 3.461007968416863090e+00 3.470848493728260653e+00 3.477457302044979048e+00 3.480776289518697553e+00 3.480776289518697553e+00 3.477457302044979048e+00 3.470848493728260653e+00 3.461007968416863090e+00 3.448022310110598010e+00 3.432005901748513832e+00 3.413100025077277166e+00 3.391471748507130624e+00 3.367312611489730045e+00 3.340837115514561528e+00 3.312281033305970013e+00 3.281899549199840393e+00 3.249965244976981804e+00 3.216765946619427385e+00 3.182602448526992145e+00 3.147786132676465787e+00 3.112636501017474799e+00 3.077478640071118932e+00 3.042640637224922173e+00 3.008450968596282138e+00 2.975235878563616154e+00 2.943316771138089205e+00 2.913007633268419383e+00 2.884612509937648728e+00 2.858423050525376485e+00 2.834716145375022478e+00 2.813751670826996065e+00 2.795770360160520607e+00 2.780991816935428407e+00 2.769612686147764347e+00 2.761804997417664165e+00 2.757714693123842320e+00 2.757460352996039088e+00 2.761132125185547181e+00 2.768790872265898262e+00 2.780467538982798192e+00 2.796162746886917461e+00 2.815846619257953876e+00 2.839458837976666317e+00 2.866908932236623908e+00 2.898076797222657763e+00 2.932813439131898292e+00 2.970941941189129576e+00 3.012258643624146526e+00 3.056534528947643548e+00 3.103516802296370614e+00 3.152930655129721149e+00 3.204481199159952443e+00 3.257855556097517091e+00 3.312725087601466445e+00 3.368747748751537596e+00 3.425570547411661337e+00 3.482832091041423883e+00 3.540165201838525011e+00 3.597199580566991628e+00 3.653564499046378700e+00 3.708891501049814465e+00 3.762817091284941018e+00 3.814985392212243642e+00 3.865050748689411009e+00 3.912680260816388422e+00 3.957556225890844104e+00 3.999378471063631313e+00 4.037866559103666653e+00 4.072761850634853076e+00 4.103829407287386211e+00 4.130859721403481011e+00 4.153670259244459650e+00 4.172106806052032546e+00 4.186044602811082704e+00 4.195389266132726114e+00
4.190548103168445060e+00 4.192884870010304077e+00 4.190548103168445060e+00 4.183553643803988642e+00 4.171948898538197170e+00 4.155812489748504035e+00 4.135253675663060235e+00 4.110411544632039949e+00 4.081453989658740511e+00 4.048576470931913640e+00 4.012000575700513494e+00 3.971972386360745233e+00 3.928760669071560852e+00 3.882654896567286240e+00 3.833963120085064791e+00 3.783009706460204402e+00 3.730132957456344212e+00 3.675682629281265879e+00 3.620017370987091088e+00 3.563502101059284666e+00 3.506505341958234379e+00 3.449396532686343608e+00 3.392543339610407216e+00 3.336308985772453273e+00 3.281049618771902487e+00 3.227111736999374703e+00 3.174829693549773513e+00 3.124523296543015416e+00 3.076495523839508195e+00 3.031030369259802182e+00 2.988390836410506068e+00 2.948817095089291129e+00 2.912524813999008089e+00 2.879703682154373556e+00 2.850516129924363984e+00 2.825096259130445375e+00 2.803548990026696330e+00 2.785949431334844295e+00 2.772342477807776984e+00 2.762742638062276601e+00 2.757134093668598851e+00 2.755470988724511017e+00 2.757677947387917161e+00 2.763650815108487979e+00 2.773257617598096303e+00 2.786339729925167763e+00 2.802713246521930213e+00 2.822170541368132834e+00 2.844482006171671795e+00 2.869397953016712410e+00 2.896650666703613819e+00 2.925956590871606533e+00 2.957018630983602847e+00 2.989528556370057544e+00 3.023169482782574136e+00 3.057618416303203190e+00 3.092548838997073002e+00 3.127633316387305129e+00 3.162546106674619661e+00 3.196965751620708840e+00 3.230577629164393283e+00 3.263076448141598362e+00 3.294168665931969553e+00 3.323574810453080008e+00 3.351031688663020702e+00 3.376294464608089907e+00 3.399138591057630165e+00 3.419361579895153991e+00 3.436784597674988007e+00 3.451253874097583108e+00 3.462641912593813487e+00 3.470848493728260653e+00 3.475801463722054674e+00 3.477457302044979048e+00 3.475801463722054674e+00 3.470848493728260653e+00 3.462641912593813487e+00 3.451253874097583108e+00 3.436784597674988007e+00 3.419361579895153991e+00 3.399138591057630165e+00 3.376294464608089907e+00 3.351031688663020702e+00 3.323574810453080008e+00 3.294168665931969553e+00 3.263076448141598362e+00 3.230577629164393283e+00 3.196965751620708840e+00 3.162546106674619661e+00 3.127633316387305129e+00 3.092548838997073002e+00 3.057618416303203190e+00 3.023169482782574136e+00 2.989528556370057544e+00 2.957018630983602847e+00 2.925956590871606533e+00 2.896650666703613819e+00 2.869397953016712410e+00 2.844482006171671795e+00 2.822170541368132834e+00 2.802713246521930213e+00 2.786339729925167763e+00 2.773257617598096303e+00 2.763650815108487979e+00 2.757677947387917161e+00 2.755470988724511017e+00 2.757134093668598851e+00 2.762742638062276601e+00 2.772342477807776984e+00 2.785949431334844295e+00 2.803548990026696330e+00 2.825096259130445375e+00 2.850516129924363984e+00 2.879703682154373556e+00 2.912524813999008089e+00 2.948817095089291129e+00 2.988390836410506068e+00 3.031030369259802182e+00 3.076495523839508195e+00 3.124523296543015416e+00 3.174829693549773513e+00 3.227111736999374703e+00 3.281049618771902487e+00 3.336308985772453273e+00 3.392543339610407216e+00 3.449396532686343608e+00 3.506505341958234379e+00 3.563502101059284666e+00 3.620017370987091088e+00 3.675682629281265879e+00 3.730132957456344212e+00 3.783009706460204402e+00 3.833963120085064791e+00 3.882654896567286240e+00 3.928760669071560852e+00 3.971972386360745233e+00 4.012000575700513494e+00 4.048576470931913640e+00 4.081453989658740511e+00 4.110411544632039949e+00 4.135253675663060235e+00 4.155812489748504035e+00 4.171948898538197170e+00 4.183553643803988642e+00
4.174746404360360152e+00 4.179384947558889785e+00 4.179384947558889785e+00 4.174746404360360152e+00 4.165500771418280124e+00 4.151710723588966978e+00 4.133469694774914771e+00 4.110901188759050306e+00 4.084157868431638860e+00 4.053420430285863851e+00 4.018896272678648351e+00 3.980817967909299426e+00 3.939441549648245999e+00 3.895044628640234041e+00 3.847924350900246537e+00 3.798395213806395443e+00 3.746786756563045273e+00 3.693441142451217019e+00 3.638710651095090398e+00 3.582955099646538244e+00 3.526539212319448335e+00 3.469829958087715216e+00 3.413193876592680809e+00 3.356994412385355009e+00 3.301589277555775137e+00 3.247327862576534940e+00 3.194548714811920931e+00 3.143577103620766255e+00 3.094722690314499314e+00 3.048277320426451720e+00 3.004512954811064063e+00 2.963679755028763463e+00 2.926004337292552382e+00 2.891688207964373092e+00 2.860906392203159232e+00 2.833806265892560905e+00 2.810506599425956153e+00 2.791096820311255389e+00 2.775636499890548947e+00 2.764155067762463336e+00 2.756651755761252431e+00 2.753095771599246344e+00 2.753426700531730109e+00 2.757555131668846915e+00 2.765363503850928328e+00 2.776707164334775157e+00 2.791415631921515317e+00 2.809294054604047020e+00 2.830124850335578035e+00 2.853669518131585203e+00 2.879670605426241536e+00 2.907853816420778781e+00 2.937930245094389381e+00 2.969598715606234673e+00 3.002548212007025707e+00 3.036460378506738333e+00 3.071012071016232081e+00 3.105877940299124784e+00 3.140733026838823605e+00 3.175255347446165999e+00 3.209128453706008077e+00 3.242043942585933536e+00 3.273703899905216819e+00 3.303823257884365816e+00 3.332132048661112123e+00 3.358377536462340718e+00 3.382326212057254367e+00 3.403765634177625898e+00 3.422506103768506502e+00 3.438382158217936801e+00 3.451253874097583108e+00 3.461007968416863090e+00 3.467558689940177796e+00 3.470848493728260653e+00 3.470848493728260653e+00 3.467558689940177796e+00 3.461007968416863090e+00 3.451253874097583108e+00 3.438382158217936801e+00 3.422506103768506502e+00 3.403765634177625898e+00 3.382326212057254367e+00 3.358377536462340718e+00 3.332132048661112123e+00 3.303823257884365816e+00 3.273703899905216819e+00 3.242043942585933536e+00 3.209128453706008077e+00 3.175255347446165999e+00 3.140733026838823605e+00 3.105877940299124784e+00 3.071012071016232081e+00 3.036460378506738333e+00 3.002548212007025707e+00 2.969598715606234673e+00 2.937930245094389381e+00 2.907853816420778781e+00 2.879670605426241536e+00 2.853669518131585203e+00 2.830124850335578035e+00 2.809294054604047020e+00 2.791415631921515317e+00 2.776707164334775157e+00 2.765363503850928328e+00 2.757555131668846915e+00 2.753426700531730109e+00 2.753095771599246344e+00 2.756651755761252431e+00 2.764155067762463336e+00 2.775636499890548947e+00 2.791096820311255389e+00 2.810506599425956153e+00 2.833806265892560905e+00 2.860906392203159232e+00 2.891688207964373092e+00 2.926004337292552382e+00 2.963679755028763463e+00 3.004512954811064063e+00 3.048277320426451720e+00 3.094722690314499314e+00 3.143577103620766255e+00 3.194548714811920931e+00 3.247327862576534940e+00 3.301589277555775137e+00 3.356994412385355009e+00 3.413193876592680809e+00 3.469829958087715216e+00 3.526539212319448335e+00 3.582955099646538244e+00 3.638710651095090398e+00 3.693441142451217019e+00 3.746786756563045273e+00 3.798395213806395443e+00 3.847924350900246537e+00 3.895044628640234041e+00 3.939441549648245999e+00 3.980817967909299426e+00 4.018896272678648351e+00 4.053420430285863851e+00 4.084157868431638860e+00 4.110901188759050306e+00 4.133469694774914771e+00 4.151710723588966978e+00 4.165500771418280124e+00
4.152792648358146543e+00 4.159675710400740023e+00 4.161975264969568933e+00 4.159675710400740023e+00 4.152792648358146543e+00 4.141372768710862573e+00 4.125493505034650177e+00 4.105262463338754664e+00 4.080816628331373153e+00 4.052321353216631117e+00 4.019969140649750194e+00 3.983978224053082773e+00 3.944590960001805424e+00 3.902072043812731206e+00 3.856706561802391686e+00 3.808797894910774584e+00 3.758665489505901736e+00 3.706642512183019988e+00 3.653073406243115162e+00 3.598311368272170796e+00 3.542715763839362708e+00 3.486649501784830463e+00 3.430476386872243211e+00 3.374558470735937288e+00 3.319253421055601283e+00 3.264911928743498226e+00 3.211875172631025066e+00 3.160472360695502303e+00 3.111018366277569225e+00 3.063811477009327433e+00 3.019131273308631958e+00 2.977236652302526210e+00 2.938364011930184372e+00 2.902725608751401953e+00 2.870508101659967171e+00 2.841871292282224459e+00 2.816947071340749620e+00 2.795838578692495080e+00 2.778619583122218017e+00 2.765334086297718041e+00 2.755996153586230957e+00 2.750589972704133412e+00 2.749070139438212212e+00 2.751362167949154891e+00 2.757363221459945724e+00 2.766943057456371147e+00 2.779945179896655461e+00 2.796188189354788634e+00 2.815467320519231098e+00 2.837556155046989659e+00 2.862208496443148231e+00 2.889160392408132605e+00 2.918132288978485978e+00 2.948831299790212856e+00 2.980953572924557093e+00 3.014186737060737808e+00 3.048212408064545187e+00 3.082708736690078055e+00 3.117352977767902100e+00 3.151824061098647434e+00 3.185805144267828126e+00 3.218986127745413484e+00 3.251066112931253915e+00 3.281755784252594399e+00 3.310779697009212708e+00 3.337878453390619171e+00 3.362810749952780842e+00 3.385355280832291314e+00 3.405312482086316095e+00 3.422506103768506502e+00 3.436784597674988007e+00 3.448022310110598010e+00 3.456120470522692667e+00 3.461007968416863090e+00 3.462641912593813487e+00 3.461007968416863090e+00 3.456120470522692667e+00 3.448022310110598010e+00 3.436784597674988007e+00 3.422506103768506502e+00 3.405312482086316095e+00 3.385355280832291314e+00 3.362810749952780842e+00 3.337878453390619171e+00 3.310779697009212708e+00 3.281755784252594399e+00 3.251066112931253915e+00 3.218986127745413484e+00 3.185805144267828126e+00 3.151824061098647434e+00 3.117352977767902100e+00 3.082708736690078055e+00 3.048212408064545187e+00 3.014186737060737808e+00 2.980953572924557093e+00 2.948831299790212856e+00 2.918132288978485978e+00 2.889160392408132605e+00 2.862208496443148231e+00 2.837556155046989659e+00 2.815467320519231098e+00 2.796188189354788634e+00 2.779945179896655461e+00 2.766943057456371147e+00 2.757363221459945724e+00 2.751362167949154891e+00 2.749070139438212212e+00 2.750589972704133412e+00 2.755996153586230957e+00 2.765334086297718041e+00 2.778619583122218017e+00 2.795838578692495080e+00 2.816947071340749620e+00 2.841871292282224459e+00 2.870508101659967171e+00 2.902725608751401953e+00 2.938364011930184372e+00 2.977236652302526210e+00 3.019131273308631958e+00 3.063811477009327433e+00 3.111018366277569225e+00 3.160472360695502303e+00 3.211875172631025066e+00 3.264911928743498226e+00 3.319253421055601283e+00 3.374558470735937288e+00 3.430476386872243211e+00 3.486649501784830463e+00 3.542715763839362708e+00 3.598311368272170796e+00 3.653073406243115162e+00 3.706642512183019988e+00 3.758665489505901736e+00 3.808797894910774584e+00 3.856706561802391686e+00 3.902072043812731206e+00 3.944590960001805424e+00 3.983978224053082773e+00 4.019969140649750194e+00 4.052321353216631117e+00 4.080816628331373153e+00 4.105262463338754664e+00 4.125493505034650177e+00 4.141372768710862573e+00
4.124853916501018070e+00 4.133902431255602750e+00 4.138442097082264404e+00 4.138442097082264404e+00 4.133902431255602750e+00 4.124853916501018070e+00 4.111357959186186406e+00 4.093506102005471270e+00 4.071419348546881700e+00 4.045247270668224537e+00 4.015166905422009158e+00 3.981381449857056776e+00 3.944118763549916640e+00 3.903629690169459376e+00 3.860186210742543533e+00 3.814079442556815192e+00 3.765617498799179064e+00 3.715123225076184088e+00 3.662931829887757562e+00 3.609388426921174453e+00 3.554845507692058870e+00 3.499660363578371847e+00 3.444192476667936820e+00 3.388800899067271999e+00 3.333841640397457784e+00 3.279665083131221071e+00 3.226613445204500774e+00 3.175018308967559211e+00 3.125198235027824012e+00 3.077456478883018320e+00 3.032078827453858594e+00 2.989331571706551838e+00 2.949459630513645791e+00 2.912684839745294685e+00 2.879204419320612107e+00 2.849189629590049844e+00 2.822784626975020306e+00 2.800105527271318007e+00 2.781239683439781896e+00 2.766245183073229086e+00 2.755150569055340171e+00 2.747954785227653129e+00 2.744627347168108855e+00 2.745108736471621569e+00 2.749311015223056653e+00 2.757118655678699071e+00 2.768389578536441409e+00 2.782956391590106104e+00 2.800627819041483946e+00 2.821190310296428638e+00 2.844409815709709743e+00 2.870033715477671166e+00 2.897792886717613925e+00 2.927403892727143297e+00 2.958571277493351914e+00 2.990989947727731302e+00 3.024347624044063654e+00 3.058327342378365454e+00 3.092609986376015474e+00 3.126876831244477462e+00 3.160812079492075544e+00 3.194105369044846654e+00 3.226454234453873138e+00 3.257566502273048670e+00 3.287162602199148242e+00 3.314977776218439587e+00 3.340764168791837463e+00 3.364292782027856976e+00 3.385355280832291314e+00 3.403765634177625898e+00 3.419361579895153991e+00 3.432005901748513832e+00 3.441587508989167876e+00 3.448022310110598010e+00 3.451253874097583108e+00 3.451253874097583108e+00 3.448022310110598010e+00 3.441587508989167876e+00 3.432005901748513832e+00 3.419361579895153991e+00 3.403765634177625898e+00 3.385355280832291314e+00 3.364292782027856976e+00 3.340764168791837463e+00 3.314977776218439587e+00 3.287162602199148242e+00 3.257566502273048670e+00 3.226454234453873138e+00 3.194105369044846654e+00 3.160812079492075544e+00 3.126876831244477462e+00 3.092609986376015474e+00 3.058327342378365454e+00 3.024347624044063654e+00 2.990989947727731302e+00 2.958571277493351914e+00 2.927403892727143297e+00 2.897792886717613925e+00 2.870033715477671166e+00 2.844409815709709743e+00 2.821190310296428638e+00 2.800627819041483946e+00 2.782956391590106104e+00 2.768389578536441409e+00 2.757118655678699071e+00 2.749311015223056653e+00 2.745108736471621569e+00 2.744627347168108855e+00 2.747954785227653129e+00 2.755150569055340171e+00 2.766245183073229086e+00 2.781239683439781896e+00 2.800105527271318007e+00 2.822784626975020306e+00 2.849189629590049844e+00 2.879204419320612107e+00 2.912684839745294685e+00 2.949459630513645791e+00 2.989331571706551838e+00 3.032078827453858594e+00 3.077456478883018320e+00 3.125198235027824012e+00 3.175018308967559211e+00 3.226613445204500774e+00 3.279665083131221071e+00 3.333841640397457784e+00 3.388800899067271999e+00 3.444192476667936820e+00 3.499660363578371847e+00 3.554845507692058870e+00 3.609388426921174453e+00 3.662931829887757562e+00 3.715123225076184088e+00 3.765617498799179064e+00 3.814079442556815192e+00 3.860186210742543533e+00 3.903629690169459376e+00 3.944118763549916640e+00 3.981381449857056776e+00 4.015166905422009158e+00 4.045247270668224537e+00 4.071419348546881700e+00 4.093506102005471270e+00 4.111357959186186406e+00
4.091142839408274945e+00 4.102256565505139285e+00 4.108955143174567226e+00 4.111193070623435197e+00 4.108955143174567226e+00 4.102256565505139285e+00 4.091142839408274945e+00 4.075689427925428099e+00 4.056001198385836837e+00 4.032211648558835293e+00 4.004481921762283569e+00 3.972999618363516561e+00 3.937977412645883302e+00 3.899651485482398261e+00 3.858279784647280497e+00 3.814140125895388866e+00 3.767528149139321325e+00 3.718755145144589935e+00 3.668145769137097556e+00 3.616035658566238542e+00 3.562768972985301819e+00 3.508695874592660857e+00 3.454169968418396408e+00 3.399545721437940760e+00 3.345175880044951366e+00 3.291408905318767619e+00 3.238586445377416467e+00 3.187040863816345659e+00 3.137092842798223202e+00 3.089049078783347113e+00 3.043200088178056095e+00 2.999818139335409750e+00 2.959155326374600659e+00 2.921441799200714229e+00 2.886884162912545904e+00 2.855664058492552115e+00 2.827936935289331100e+00 2.803831024339974221e+00 2.783446520048227679e+00 2.766854976146399192e+00 2.754098920236387471e+00 2.745191689540543489e+00 2.740117488808941903e+00 2.738831669638912558e+00 2.741261228778157477e+00 2.747305521317367383e+00 2.756837183044506201e+00 2.769703254643406609e+00 2.785726498886032854e+00 2.804706900502361488e+00 2.826423337025588012e+00 2.850635407613597128e+00 2.877085405650472882e+00 2.905500419843126902e+00 2.935594547556318989e+00 2.967071203281792524e+00 2.999625504420285527e+00 3.032946715974425000e+00 3.066720735310186630e+00 3.100632597848198113e+00 3.134368984395802915e+00 3.167620710827685926e+00 3.200085180966961929e+00 3.231468783808841394e+00 3.261489216663080004e+00 3.289877716366063520e+00 3.316381181424199465e+00 3.340764168791837463e+00 3.362810749952780842e+00 3.382326212057254367e+00 3.399138591057630165e+00 3.413100025077277166e+00 3.424087917627621547e+00 3.432005901748513832e+00 3.436784597674988007e+00 3.438382158217936801e+00 3.436784597674988007e+00 3.432005901748513832e+00 3.424087917627621547e+00 3.413100025077277166e+00 3.399138591057630165e+00 3.382326212057254367e+00 3.362810749952780842e+00 3.340764168791837463e+00 3.316381181424199465e+00 3.289877716366063520e+00 3.261489216663080004e+00 3.231468783808841394e+00 3.200085180966961929e+00 3.167620710827685926e+00 3.134368984395802915e+00 3.100632597848198113e+00 3.066720735310186630e+00 3.032946715974425000e+00 2.999625504420285527e+00 2.967071203281792524e+00 2.935594547556318989e+00 2.905500419843126902e+00 2.877085405650472882e+00 2.850635407613597128e+00 2.826423337025588012e+00 2.804706900502361488e+00 2.785726498886032854e+00 2.769703254643406609e+00 2.756837183044506201e+00 2.747305521317367383e+00 2.741261228778157477e+00 2.738831669638912558e+00 2.740117488808941903e+00 2.745191689540543489e+00 2.754098920236387471e+00 2.766854976146399192e+00 2.783446520048227679e+00 2.803831024339974221e+00 2.827936935289331100e+00 2.855664058492552115e+00 2.886884162912545904e+00 2.921441799200714229e+00 2.959155326374600659e+00 2.999818139335409750e+00 3.043200088178056095e+00 3.089049078783347113e+00 3.137092842798223202e+00 3.187040863816345659e+00 3.238586445377416467e+00 3.291408905318767619e+00 3.345175880044951366e+00 3.399545721437940760e+00 3.454169968418396408e+00 3.508695874592660857e+00 3.562768972985301819e+00 3.616035658566238542e+00 3.668145769137097556e+00 3.718755145144589935e+00 3.767528149139321325e+00 3.814140125895388866e+00 3.858279784647280497e+00 3.899651485482398261e+00 3.937977412645883302e+00 3.972999618363516561e+00 4.004481921762283569e+00 4.032211648558835293e+00 4.056001198385836837e+00 4.075689427925428099e+00
4.051915978731901014e+00 4.064974303038755288e+00 4.073729486503787633e+00 4.078122012522224615e+00 4.078122012522224615e+00 4.073729486503787633e+00 4.064974303038755288e+00 4.051915978731901014e+00 4.034643238808632404e+00 4.013273362147711687e+00 3.987951315705105859e+00 3.958848684865103440e+00 3.926162407795389608e+00 3.890113323361807485e+00 3.850944543565096634e+00 3.808919662785154703e+00 3.764320817348387305e+00 3.717446610060928691e+00 3.668609915366719765e+00 3.618135581686594549e+00 3.566358048266008662e+00 3.513618894498947487e+00 3.460264340199054711e+00 3.406642715652267839e+00 3.353101920505517253e+00 3.299986890621702695e+00 3.247637091961587785e+00 3.196384060339078292e+00 3.146549005539114319e+00 3.098440497789958670e+00 3.052352253947720584e+00 3.008561039985392593e+00 2.967324705487301983e+00 2.928880364839556716e+00 2.893442738685411797e+00 2.861202667990073056e+00 2.832325811741665422e+00 2.806951537913918937e+00 2.785192015842140378e+00 2.767131516628763332e+00 2.752825926609440810e+00 2.742302477287851925e+00 2.735559693498984313e+00 2.732567559899576448e+00 2.733267904223099176e+00 2.737574994087720537e+00 2.745376342521932411e+00 2.756533715785911109e+00 2.770884335529711695e+00 2.788242265853341451e+00 2.808399974430248136e+00 2.831130055535114209e+00 2.856187101589361621e+00 2.883309708712664676e+00 2.912222600754603707e+00 2.942638855385087293e+00 2.974262215052156932e+00 3.006789464977057680e+00 3.039912859853874494e+00 3.073322580558500494e+00 3.106709201951733945e+00 3.139766152785908648e+00 3.172192148793752775e+00 3.203693580252107154e+00 3.233986835669552473e+00 3.262800543743633153e+00 3.289877716366063520e+00 3.314977776218439587e+00 3.337878453390619171e+00 3.358377536462340718e+00 3.376294464608089907e+00 3.391471748507130624e+00 3.403776209155790156e+00 3.413100025077277166e+00 3.419361579895153991e+00 3.422506103768506502e+00 3.422506103768506502e+00 3.419361579895153991e+00 3.413100025077277166e+00 3.403776209155790156e+00 3.391471748507130624e+00 3.376294464608089907e+00 3.358377536462340718e+00 3.337878453390619171e+00 3.314977776218439587e+00 3.289877716366063520e+00 3.262800543743633153e+00 3.233986835669552473e+00 3.203693580252107154e+00 3.172192148793752775e+00 3.139766152785908648e+00 3.106709201951733945e+00 3.073322580558500494e+00 3.039912859853874494e+00 3.006789464977057680e+00 2.974262215052156932e+00 2.942638855385087293e+00 2.912222600754603707e+00 2.883309708712664676e+00 2.856187101589361621e+00 2.831130055535114209e+00 2.808399974430248136e+00 2.788242265853341451e+00 2.770884335529711695e+00 2.756533715785911109e+00 2.745376342521932411e+00 2.737574994087720537e+00 2.733267904223099176e+00 2.732567559899576448e+00 2.735559693498984313e+00 2.742302477287851925e+00 2.752825926609440810e+00 2.767131516628763332e+00 2.785192015842140378e+00 2.806951537913918937e+00 2.832325811741665422e+00 2.861202667990073056e+00 2.893442738685411797e+00 2.928880364839556716e+00 2.967324705487301983e+00 3.008561039985392593e+00 3.052352253947720584e+00 3.098440497789958670e+00 3.146549005539114319e+00 3.196384060339078292e+00 3.247637091961587785e+00 3.299986890621702695e+00 3.353101920505517253e+00 3.406642715652267839e+00 3.460264340199054711e+00 3.513618894498947487e+00 3.566358048266008662e+00 3.618135581686594549e+00 3.668609915366719765e+00 3.717446610060928691e+00 3.764320817348387305e+00 3.808919662785154703e+00 3.850944543565096634e+00 3.890113323361807485e+00 3.926162407795389608e+00 3.958848684865103440e+00 3.987951315705105859e+00 4.013273362147711687e+00 4.034643238808632404e+00
4.007471874567468895e+00 4.022334779565563068e+00 4.033023975154189422e+00 4.039466734455996466e+00 4.041619205371226542e+00 4.039466734455996466e+00 4.033023975154189422e+00 4.022334779565563068e+00 4.007471874567468895e+00 3.988536324736356775e+00 3.965656786125288047e+00 3.938988556532992291e+00 3.908712429436503211e+00 3.875033360241399105e+00 3.838178954919968078e+00 3.798397792447403276e+00 3.755957593699263963e+00 3.711143250630384305e+00 3.664254730607407140e+00 3.615604871706191048e+00 3.565517085604238634e+00 3.514322985391119758e+00 3.462359956180865783e+00 3.409968686835844309e+00 3.357490681397857113e+00 3.305265768967506457e+00 3.253629630775789483e+00 3.202911363052573623e+00 3.153431094016127645e+00 3.105497672888369198e+00 3.059406448285150404e+00 3.015437152643932972e+00 2.973851908538017508e+00 2.934893371792994810e+00 2.898783025274683123e+00 2.865719636066339504e+00 2.835877887505118267e+00 2.809407196213230762e+00 2.786430722848081576e+00 2.767044583818634607e+00 2.751317269683608568e+00 2.739289274372502359e+00 2.730972937764856834e+00 2.726352502538833988e+00 2.725384384569478069e+00 2.727997654532333893e+00 2.734094726761767902e+00 2.743552249837661439e+00 2.756222191841026348e+00 2.771933111740279454e+00 2.790491606956560844e+00 2.811683925819433494e+00 2.835277732373671977e+00 2.861024009843140092e+00 2.888659088007818898e+00 2.917906778812727087e+00 2.948480603710075254e+00 2.980086095544551839e+00 3.012423157231513215e+00 3.045188459053242980e+00 3.078077856112587884e+00 3.110788807338335626e+00 3.143022777433742920e+00 3.174487603298663085e+00 3.204899806735696632e+00 3.233986835669552473e+00 3.261489216663080004e+00 3.287162602199148242e+00 3.310779697009212708e+00 3.332132048661112123e+00 3.351031688663020702e+00 3.367312611489730045e+00 3.380832080182694543e+00 3.391471748507130624e+00 3.399138591057630165e+00 3.403765634177625898e+00 3.405312482086316095e+00 3.403765634177625898e+00 3.399138591057630165e+00 3.391471748507130624e+00 3.380832080182694543e+00 3.367312611489730045e+00 3.351031688663020702e+00 3.332132048661112123e+00 3.310779697009212708e+00 3.287162602199148242e+00 3.261489216663080004e+00 3.233986835669552473e+00 3.204899806735696632e+00 3.174487603298663085e+00 3.143022777433742920e+00 3.110788807338335626e+00 3.078077856112587884e+00 3.045188459053242980e+00 3.012423157231513215e+00 2.980086095544551839e+00 2.948480603710075254e+00 2.917906778812727087e+00 2.888659088007818898e+00 2.861024009843140092e+00 2.835277732373671977e+00 2.811683925819433494e+00 2.790491606956560844e+00 2.771933111740279454e+00 2.756222191841026348e+00 2.743552249837661439e+00 2.734094726761767902e+00 2.727997654532333893e+00 2.725384384569478069e+00 2.726352502538833988e+00 2.730972937764856834e+00 2.739289274372502359e+00 2.751317269683608568e+00 2.767044583818634607e+00 2.786430722848081576e+00 2.809407196213230762e+00 2.835877887505118267e+00 2.865719636066339504e+00 2.898783025274683123e+00 2.934893371792994810e+00 2.973851908538017508e+00 3.015437152643932972e+00 3.059406448285150404e+00 3.105497672888369198e+00 3.153431094016127645e+00 3.202911363052573623e+00 3.253629630775789483e+00 3.305265768967506457e+00 3.357490681397857113e+00 3.409968686835844309e+00 3.462359956180865783e+00 3.514322985391119758e+00 3.565517085604238634e+00 3.615604871706191048e+00 3.664254730607407140e+00 3.711143250630384305e+00 3.755957593699263963e+00 3.798397792447403276e+00 3.838178954919968078e+00 3.875033360241399105e+00 3.908712429436503211e+00 3.938988556532992291e+00 3.965656786125288047e+00 3.988536324736356775e+00
3.958148773383751262e+00 3.974657960988627892e+00 3.987139269636462924e+00 3.995507694810584542e+00 3.999706215507198070e+00 3.999706215507198070e+00 3.995507694810584542e+00 3.987139269636462924e+00 3.974657960988627892e+00 3.958148773383751262e+00 3.937724066924189970e+00 3.913522727458095929e+00 3.885709141094304542e+00 3.854471980816530419e+00 3.820022814359763430e+00 3.782594543860351877e+00 3.742439689060216068e+00 3.699828527024925151e+00 3.655047102416371985e+00 3.608395123335047305e+00 3.560183758607242677e+00 3.510733353132177381e+00 3.460371078517674448e+00 3.409428536715667590e+00 3.358239334717145752e+00 3.307136648577317484e+00 3.256450795114158581e+00 3.206506829556838856e+00 3.157622187215010090e+00 3.110104386897332152e+00 3.064248813330539889e+00 3.020336595222384179e+00 2.978632594877584694e+00 2.939383524421131710e+00 2.902816202714403548e+00 2.869135965973876434e+00 2.838525243928088582e+00 2.811142312084796036e+00 2.787120229336537580e+00 2.766565968719421065e+00 2.749559747667600362e+00 2.736154562585753514e+00 2.726375931005584174e+00 2.720221843011753293e+00 2.717662922029690176e+00 2.718642793474648656e+00 2.723078658180215772e+00 2.730862065967263330e+00 2.741859883193042080e+00 2.755915446646133748e+00 2.772849894737646537e+00 2.792463665593109656e+00 2.814538150383189219e+00 2.838837489054245378e+00 2.865110494540937136e+00 2.893092690570522763e+00 2.922508447309871027e+00 2.953073198367840657e+00 2.984495722053180256e+00 3.016480469306320966e+00 3.048729920375679914e+00 3.080946952098412073e+00 3.112837197573114612e+00 3.144111380078695728e+00 3.174487603298663085e+00 3.203693580252107154e+00 3.231468783808841394e+00 3.257566502273048670e+00 3.281755784252594399e+00 3.303823257884365816e+00 3.323574810453080008e+00 3.340837115514561528e+00 3.355458995806355649e+00 3.367312611489730045e+00 3.376294464608089907e+00 3.382326212057254367e+00 3.385355280832291314e+00 3.385355280832291314e+00 3.382326212057254367e+00 3.376294464608089907e+00 3.367312611489730045e+00 3.355458995806355649e+00 3.340837115514561528e+00 3.323574810453080008e+00 3.303823257884365816e+00 3.281755784252594399e+00 3.257566502273048670e+00 3.231468783808841394e+00 3.203693580252107154e+00 3.174487603298663085e+00 3.144111380078695728e+00 3.112837197573114612e+00 3.080946952098412073e+00 3.048729920375679914e+00 3.016480469306320966e+00 2.984495722053180256e+00 2.953073198367840657e+00 2.922508447309871027e+00 2.893092690570522763e+00 2.865110494540937136e+00 2.838837489054245378e+00 2.814538150383189219e+00 2.792463665593109656e+00 2.772849894737646537e+00 2.755915446646133748e+00 2.741859883193042080e+00 2.730862065967263330e+00 2.723078658180215772e+00 2.718642793474648656e+00 2.717662922029690176e+00 2.720221843011753293e+00 2.726375931005584174e+00 2.736154562585753514e+00 2.749559747667600362e+00 2.766565968719421065e+00 2.787120229336537580e+00 2.811142312084796036e+00 2.838525243928088582e+00 2.869135965973876434e+00 2.902816202714403548e+00 2.939383524421131710e+00 2.978632594877584694e+00 3.020336595222384179e+00 3.064248813330539889e+00 3.110104386897332152e+00 3.157622187215010090e+00 3.206506829556838856e+00 3.256450795114158581e+00 3.307136648577317484e+00 3.358239334717145752e+00 3.409428536715667590e+00 3.460371078517674448e+00 3.510733353132177381e+00 3.560183758607242677e+00 3.608395123335047305e+00 3.655047102416371985e+00 3.699828527024925151e+00 3.742439689060216068e+00 3.782594543860351877e+00 3.820022814359763430e+00 3.854471980816530419e+00 3.885709141094304542e+00 3.913522727458095929e+00 3.937724066924189970e+00
3.904322053762860012e+00 3.922302216925987128e+00 3.936415572064895230e+00 3.946565890361563245e+00 3.952683924387262682e+00 3.954727919883863851e+00 3.952683924387262682e+00 3.946565890361563245e+00 3.936415572064895230e+00 3.922302216925987128e+00 3.904322053762860012e+00 3.882597581709633427e+00 3.857276665222607814e+00 3.828531442001215535e+00 3.796557052071896976e+00 3.761570197632828627e+00 3.723807544534315728e+00 3.683523977464021826e+00 3.640990722008850877e+00 3.596493347767915072e+00 3.550329667585986559e+00 3.502807548757362444e+00 3.454242652710218575e+00 3.404956120216311444e+00 3.355272219576266313e+00 3.305515975503558135e+00 3.256010796568622911e+00 3.207076119067256759e+00 3.159025085044648407e+00 3.112162271938942126e+00 3.066781490908313756e+00 3.023163670376144641e+00 2.981574840674098059e+00 2.942264234887623786e+00 2.905462520118742731e+00 2.871380172383460661e+00 2.840206007263553545e+00 2.812105877243163743e+00 2.787221545388502530e+00 2.765669743683954795e+00 2.747541422929930643e+00 2.732901199647967072e+00 2.721787003937683025e+00 2.714209930699798434e+00 2.710154295091237397e+00 2.709577891523945237e+00 2.712412453970509230e+00 2.718564313808593536e+00 2.727915249934337094e+00 2.740323524413601053e+00 2.755625095530407354e+00 2.773634998744809010e+00 2.794148884798066224e+00 2.816944703010939133e+00 2.841784516720414100e+00 2.868416436799369862e+00 2.896576658310438646e+00 2.925991584566153492e+00 2.956380022208546787e+00 2.987455430387516042e+00 3.018928206712625961e+00 3.050507992380580902e+00 3.081905978742608188e+00 3.112837197573114612e+00 3.143022777433742920e+00 3.172192148793752775e+00 3.200085180966961929e+00 3.226454234453873138e+00 3.251066112931253915e+00 3.273703899905216819e+00 3.294168665931969553e+00 3.312281033305970013e+00 3.327882586210734406e+00 3.340837115514561528e+00 3.351031688663020702e+00 3.358377536462340718e+00 3.362810749952780842e+00 3.364292782027856976e+00 3.362810749952780842e+00 3.358377536462340718e+00 3.351031688663020702e+00 3.340837115514561528e+00 3.327882586210734406e+00 3.312281033305970013e+00 3.294168665931969553e+00 3.273703899905216819e+00 3.251066112931253915e+00 3.226454234453873138e+00 3.200085180966961929e+00 3.172192148793752775e+00 3.143022777433742920e+00 3.112837197573114612e+00 3.081905978742608188e+00 3.050507992380580902e+00 3.018928206712625961e+00 2.987455430387516042e+00 2.956380022208546787e+00 2.925991584566153492e+00 2.896576658310438646e+00 2.868416436799369862e+00 2.841784516720414100e+00 2.816944703010939133e+00 2.794148884798066224e+00 2.773634998744809010e+00 2.755625095530407354e+00 2.740323524413601053e+00 2.727915249934337094e+00 2.718564313808593536e+00 2.712412453970509230e+00 2.709577891523945237e+00 2.710154295091237397e+00 2.714209930699798434e+00 2.721787003937683025e+00 2.732901199647967072e+00 2.747541422929930643e+00 2.765669743683954795e+00 2.787221545388502530e+00 2.812105877243163743e+00 2.840206007263553545e+00 2.871380172383460661e+00 2.905462520118742731e+00 2.942264234887623786e+00 2.981574840674098059e+00 3.023163670376144641e+00 3.066781490908313756e+00 3.112162271938942126e+00 3.159025085044648407e+00 3.207076119067256759e+00 3.256010796568622911e+00 3.305515975503558135e+00 3.355272219576266313e+00 3.404956120216311444e+00 3.454242652710218575e+00 3.502807548757362444e+00 3.550329667585986559e+00 3.596493347767915072e+00 3.640990722008850877e+00 3.683523977464021826e+00 3.723807544534315728e+00 3.761570197632828627e+00 3.796557052071896976e+00 3.828531442001215535e+00 3.857276665222607814e+00 3.882597581709633427e+00
3.846401369542572724e+00 3.865661601828953575e+00 3.881230054161488141e+00 3.893000439103494248e+00 3.900892345708094400e+00 3.904851834040759417e+00 3.904851834040759417e+00 3.900892345708094400e+00 3.893000439103494248e+00 3.881230054161488141e+00 3.865661601828953575e+00 3.846401369542572724e+00 3.823580735536638908e+00 3.797355197916578717e+00 3.767903225832483383e+00 3.735424941429982937e+00 3.700140642533124247e+00 3.662289177215420022e+00 3.622126182532215299e+00 3.579922200711040947e+00 3.535960687019429560e+00 3.490535924344200680e+00 3.443950860216773879e+00 3.396514882600090157e+00 3.348541551209742284e+00 3.300346301471776655e+00 3.252244138419424502e+00 3.204547337899654291e+00 3.157563172397059859e+00 3.111591678587975363e+00 3.066923483413134921e+00 3.023837705005268717e+00 2.982599944232181333e+00 2.943460381920443680e+00 2.906651996015201522e+00 2.872388912013909223e+00 2.840864898993016308e+00 2.812252022434573728e+00 2.786699463862813086e+00 2.764332516028103814e+00 2.745251761037061033e+00 2.729532437433046521e+00 2.717224000791617744e+00 2.708349880921488317e+00 2.702907437264551849e+00 2.700868112579881686e+00 2.702177783487766494e+00 2.706757304952377652e+00 2.714503244306873508e+00 2.725288798983882543e+00 2.738964890718403655e+00 2.755361427649685169e+00 2.774288724474024637e+00 2.795539069601021165e+00 2.818888427151164944e+00 2.844098260610827378e+00 2.870917464039765665e+00 2.899084385913056394e+00 2.928328929980111184e+00 2.958374716943500626e+00 2.988941290303929410e+00 3.019746349388601203e+00 3.050507992380580902e+00 3.080946952098412073e+00 3.110788807338335626e+00 3.139766152785908648e+00 3.167620710827685926e+00 3.194105369044846654e+00 3.218986127745413484e+00 3.242043942585933536e+00 3.263076448141598362e+00 3.281899549199840393e+00 3.298348867569295351e+00 3.312281033305970013e+00 3.323574810453080008e+00 3.332132048661112123e+00 3.337878453390619171e+00 3.340764168791837463e+00 3.340764168791837463e+00 3.337878453390619171e+00 3.332132048661112123e+00 3.323574810453080008e+00 3.312281033305970013e+00 3.298348867569295351e+00 3.281899549199840393e+00 3.263076448141598362e+00 3.242043942585933536e+00 3.218986127745413484e+00 3.194105369044846654e+00 3.167620710827685926e+00 3.139766152785908648e+00 3.110788807338335626e+00 3.080946952098412073e+00 3.050507992380580902e+00 3.019746349388601203e+00 2.988941290303929410e+00 2.958374716943500626e+00 2.928328929980111184e+00 2.899084385913056394e+00 2.870917464039765665e+00 2.844098260610827378e+00 2.818888427151164944e+00 2.795539069601021165e+00 2.774288724474024637e+00 2.755361427649685169e+00 2.738964890718403655e+00 2.725288798983882543e+00 2.714503244306873508e+00 2.706757304952377652e+00 2.702177783487766494e+00 2.700868112579881686e+00 2.702907437264551849e+00 2.708349880921488317e+00 2.717224000791617744e+00 2.729532437433046521e+00 2.745251761037061033e+00 2.764332516028103814e+00 2.786699463862813086e+00 2.812252022434573728e+00 2.840864898993016308e+00 2.872388912013909223e+00 2.906651996015201522e+00 2.943460381920443680e+00 2.982599944232181333e+00 3.023837705005268717e+00 3.066923483413134921e+00 3.111591678587975363e+00 3.157563172397059859e+00 3.204547337899654291e+00 3.252244138419424502e+00 3.300346301471776655e+00 3.348541551209742284e+00 3.396514882600090157e+00 3.443950860216773879e+00 3.490535924344200680e+00 3.535960687019429560e+00 3.579922200711040947e+00 3.622126182532215299e+00 3.662289177215420022e+00 3.700140642533124247e+00 3.735424941429982937e+00 3.767903225832483383e+00 3.797355197916578717e+00 3.823580735536638908e+00
3.784827532103270276e+00 3.805162864373759835e+00 3.821994003628800041e+00 3.835205872574171337e+00 3.844708071683116568e+00 3.850435547868746866e+00 3.852349075749140539e+00 3.850435547868746866e+00 3.844708071683116568e+00 3.835205872574171337e+00 3.821994003628800041e+00 3.805162864373759835e+00 3.784827532103270276e+00 3.761126910851514182e+00 3.734222704439702500e+00 3.704298221355994958e+00 3.671557020496161172e+00 3.636221407994019827e+00 3.598530796494056272e+00 3.558739939255735951e+00 3.517117052422131795e+00 3.473941839627233019e+00 3.429503433850426219e+00 3.384098272047554090e+00 3.338027918590909859e+00 3.291596853931795241e+00 3.245110245155780948e+00 3.198871715230945600e+00 3.153181127751756296e+00 3.108332403856275405e+00 3.064611387742684823e+00 3.022293776834852341e+00 2.981643132148599662e+00 2.942908983794255917e+00 2.906325045821817721e+00 2.872107553777932143e+00 2.840453737405618906e+00 2.811540439885032328e+00 2.785522893894748275e+00 2.762533663576327125e+00 2.742681760219607856e+00 2.726051938161756727e+00 2.712704176019707702e+00 2.702673346963813561e+00 2.695969080300818721e+00 2.692575815177892906e+00 2.692453045757240204e+00 2.695535755754123741e+00 2.701735038790827659e+00 2.710938899606329056e+00 2.723013229786844125e+00 2.737802950356497345e+00 2.755133312300170001e+00 2.774811344891809028e+00 2.796627440580213175e+00 2.820357064149011439e+00 2.845762572926280765e+00 2.872595133978898208e+00 2.900596723493924056e+00 2.929502192929478444e+00 2.959041386015468955e+00 2.988941290303929410e+00 3.018928206712625961e+00 3.048729920375679914e+00 3.078077856112587884e+00 3.106709201951733945e+00 3.134368984395802915e+00 3.160812079492075544e+00 3.185805144267828126e+00 3.209128453706008077e+00 3.230577629164393283e+00 3.249965244976981804e+00 3.267122300913038568e+00 3.281899549199840393e+00 3.294168665931969553e+00 3.303823257884365816e+00 3.310779697009212708e+00 3.314977776218439587e+00 3.316381181424199465e+00 3.314977776218439587e+00 3.310779697009212708e+00 3.303823257884365816e+00 3.294168665931969553e+00 3.281899549199840393e+00 3.267122300913038568e+00 3.249965244976981804e+00 3.230577629164393283e+00 3.209128453706008077e+00 3.185805144267828126e+00 3.160812079492075544e+00 3.134368984395802915e+00 3.106709201951733945e+00 3.078077856112587884e+00 3.048729920375679914e+00 3.018928206712625961e+00 2.988941290303929410e+00 2.959041386015468955e+00 2.929502192929478444e+00 2.900596723493924056e+00 2.872595133978898208e+00 2.845762572926280765e+00 2.820357064149011439e+00 2.796627440580213175e+00 2.774811344891809028e+00 2.755133312300170001e+00 2.737802950356497345e+00 2.723013229786844125e+00 2.710938899606329056e+00 2.701735038790827659e+00 2.695535755754123741e+00 2.692453045757240204e+00 2.692575815177892906e+00 2.695969080300818721e+00 2.702673346963813561e+00 2.712704176019707702e+00 2.726051938161756727e+00 2.742681760219607856e+00 2.762533663576327125e+00 2.785522893894748275e+00 2.811540439885032328e+00 2.840453737405618906e+00 2.872107553777932143e+00 2.906325045821817721e+00 2.942908983794255917e+00 2.981643132148599662e+00 3.022293776834852341e+00 3.064611387742684823e+00 3.108332403856275405e+00 3.153181127751756296e+00 3.198871715230945600e+00 3.245110245155780948e+00 3.291596853931795241e+00 3.338027918590909859e+00 3.384098272047554090e+00 3.429503433850426219e+00 3.473941839627233019e+00 3.517117052422131795e+00 3.558739939255735951e+00 3.598530796494056272e+00 3.636221407994019827e+00 3.671557020496161172e+00 3.704298221355994958e+00 3.734222704439702500e+00 3.761126910851514182e+00
3.720069155527167215e+00 3.741262207870998058e+00 3.759149710577249781e+00 3.773609158232496430e+00 3.784541440399519008e+00 3.791871575092774282e+00 3.795549263790702899e+00 3.795549263790702899e+00 3.791871575092774282e+00 3.784541440399519008e+00 3.773609158232496430e+00 3.759149710577249781e+00 3.741262207870998058e+00 3.720069155527167215e+00 3.695715547539339951e+00 3.668367794013446925e+00 3.638212490731298931e+00 3.605455040041164239e+00 3.570318133493262991e+00 3.533040107680866182e+00 3.493873185703645579e+00 3.453081617531441605e+00 3.410939733307274846e+00 3.367729924282602649e+00 3.323740566620200010e+00 3.279263903726894469e+00 3.234593903086214084e+00 3.190024103747580053e+00 3.145845470692627988e+00 3.102344272239973222e+00 3.059799996467885919e+00 3.018483322331105168e+00 2.978654160725933142e+00 2.940559780219832664e+00 2.904433031512258623e+00 2.870490683937242604e+00 2.838931886461178333e+00 2.809936764677706034e+00 2.783665164263025904e+00 2.760255550237072697e+00 2.739824070187447447e+00 2.722463788362761594e+00 2.708244096239712295e+00 2.697210303823595279e+00 2.689383414565391206e+00 2.684760085380512695e+00 2.683312771845288491e+00 2.684990057238199057e+00 2.689717162694387653e+00 2.697396634364578549e+00 2.707909202124064496e+00 2.721114803073660937e+00 2.736853761822776843e+00 2.754948118354327846e+00 2.775203093151227929e+00 2.797408678223124667e+00 2.821341341717952478e+00 2.846765832942760976e+00 2.873437073858898572e+00 2.901102122463740773e+00 2.929502192929478444e+00 2.958374716943500626e+00 2.987455430387516042e+00 3.016480469306320966e+00 3.045188459053242980e+00 3.073322580558500494e+00 3.100632597848198113e+00 3.126876831244477462e+00 3.151824061098647434e+00 3.175255347446165999e+00 3.196965751620708840e+00 3.216765946619427385e+00 3.234483703867150339e+00 3.249965244976981804e+00 3.263076448141598362e+00 3.273703899905216819e+00 3.281755784252594399e+00 3.287162602199148242e+00 3.289877716366063520e+00 3.289877716366063520e+00 3.287162602199148242e+00 3.281755784252594399e+00 3.273703899905216819e+00 3.263076448141598362e+00 3.249965244976981804e+00 3.234483703867150339e+00 3.216765946619427385e+00 3.196965751620708840e+00 3.175255347446165999e+00 3.151824061098647434e+00 3.126876831244477462e+00 3.100632597848198113e+00 3.073322580558500494e+00 3.045188459053242980e+00 3.016480469306320966e+00 2.987455430387516042e+00 2.958374716943500626e+00 2.929502192929478444e+00 2.901102122463740773e+00 2.873437073858898572e+00 2.846765832942760976e+00 2.821341341717952478e+00 2.797408678223124667e+00 2.775203093151227929e+00 2.754948118354327846e+00 2.736853761822776843e+00 2.721114803073660937e+00 2.707909202124064496e+00 2.697396634364578549e+00 2.689717162694387653e+00 2.684990057238199057e+00 2.683312771845288491e+00 2.684760085380512695e+00 2.689383414565391206e+00 2.697210303823595279e+00 2.708244096239712295e+00 2.722463788362761594e+00 2.739824070187447447e+00 2.760255550237072697e+00 2.783665164263025904e+00 2.809936764677706034e+00 2.838931886461178333e+00 2.870490683937242604e+00 2.904433031512258623e+00 2.940559780219832664e+00 2.978654160725933142e+00 3.018483322331105168e+00 3.059799996467885919e+00 3.102344272239973222e+00 3.145845470692627988e+00 3.190024103747580053e+00 3.234593903086214084e+00 3.279263903726894469e+00 3.323740566620200010e+00 3.367729924282602649e+00 3.410939733307274846e+00 3.453081617531441605e+00 3.493873185703645579e+00 3.533040107680866182e+00 3.570318133493262991e+00 3.605455040041164239e+00 3.638212490731298931e+00 3.668367794013446925e+00 3.695715547539339951e+00
3.652619090162182669e+00 3.674441826332345062e+00 3.693167117671459110e+00 3.708666474503905963e+00 3.720833445749536228e+00 3.729584407173792027e+00 3.734859180736561424e+00 3.736621480358647940e+00 3.734859180736561424e+00 3.729584407173792027e+00 3.720833445749536228e+00 3.708666474503905963e+00 3.693167117671459110e+00 3.674441826332345062e+00 3.652619090162182669e+00 3.627848486237989167e+00 3.600299572088560662e+00 3.570160631354009961e+00 3.537637281532072020e+00 3.502950954329554722e+00 3.466337260098339978e+00 3.428044248708989272e+00 3.388330579994959013e+00 3.347463617580541229e+00 3.305717460480944059e+00 3.263370927328750781e+00 3.220705508434308140e+00 3.178003301125101654e+00 3.135544943929629458e+00 3.093607565173506213e+00 3.052462761439484140e+00 3.012374621109829231e+00 2.973597807860727027e+00 2.936375718516738065e+00 2.900938729102409130e+00 2.867502542252256870e+00 2.836266648364590193e+00 2.807412912015114781e+00 2.781104294189306714e+00 2.757483719855759130e+00 2.736673099293714273e+00 2.718772510415477850e+00 2.703859548097048204e+00 2.691988845257721863e+00 2.683191769121032078e+00 2.677476294755404940e+00 2.674827056643218182e+00 2.675205577672122192e+00 2.678550673592562159e+00 2.684779029650834037e+00 2.693785944797908005e+00 2.705446237600485748e+00 2.719615306752133588e+00 2.736130337908150523e+00 2.754811647457019230e+00 2.775464152802321838e+00 2.797878957769710073e+00 2.821835040881351286e+00 2.847101033461621356e+00 2.873437073858898572e+00 2.900596723493924056e+00 2.928328929980111184e+00 2.956380022208546787e+00 2.984495722053180256e+00 3.012423157231513215e+00 3.039912859853874494e+00 3.066720735310186630e+00 3.092609986376015474e+00 3.117352977767902100e+00 3.140733026838823605e+00 3.162546106674619661e+00 3.182602448526992145e+00 3.200728031293042175e+00 3.216765946619427385e+00 3.230577629164393283e+00 3.242043942585933536e+00 3.251066112931253915e+00 3.257566502273048670e+00 3.261489216663080004e+00 3.262800543743633153e+00 3.261489216663080004e+00 3.257566502273048670e+00 3.251066112931253915e+00 3.242043942585933536e+00 3.230577629164393283e+00 3.216765946619427385e+00 3.200728031293042175e+00 3.182602448526992145e+00 3.162546106674619661e+00 3.140733026838823605e+00 3.117352977767902100e+00 3.092609986376015474e+00 3.066720735310186630e+00 3.039912859853874494e+00 3.012423157231513215e+00 2.984495722053180256e+00 2.956380022208546787e+00 2.928328929980111184e+00 2.900596723493924056e+00 2.873437073858898572e+00 2.847101033461621356e+00 2.821835040881351286e+00 2.797878957769710073e+00 2.775464152802321838e+00 2.754811647457019230e+00 2.736130337908150523e+00 2.719615306752133588e+00 2.705446237600485748e+00 2.693785944797908005e+00 2.684779029650834037e+00 2.678550673592562159e+00 2.675205577672122192e+00 2.674827056643218182e+00 2.677476294755404940e+00 2.683191769121032078e+00 2.691988845257721863e+00 2.703859548097048204e+00 2.718772510415477850e+00 2.736673099293714273e+00 2.757483719855759130e+00 2.781104294189306714e+00 2.807412912015114781e+00 2.836266648364590193e+00 2.867502542252256870e+00 2.900938729102409130e+00 2.936375718516738065e+00 2.973597807860727027e+00 3.012374621109829231e+00 3.052462761439484140e+00 3.093607565173506213e+00 3.135544943929629458e+00 3.178003301125101654e+00 3.220705508434308140e+00 3.263370927328750781e+00 3.305717460480944059e+00 3.347463617580541229e+00 3.388330579994959013e+00 3.428044248708989272e+00 3.466337260098339978e+00 3.502950954329554722e+00 3.537637281532072020e+00 3.570160631354009961e+00 3.600299572088560662e+00 3.627848486237989167e+00
3.582990671733206955e+00 3.605206242541955763e+00 3.624540259459151148e+00 3.640859762990513726e+00 3.654052413390755039e+00 3.664027323057772900e+00 3.670715730127113385e+00 3.674071508174714840e+00 3.674071508174714840e+00 3.670715730127113385e+00 3.664027323057772900e+00 3.654052413390755039e+00 3.640859762990513726e+00 3.624540259459151148e+00 3.605206242541955763e+00 3.582990671733206955e+00 3.558046141374287430e+00 3.530543750688389437e+00 3.500671837291847055e+00 3.468634583752896017e+00 3.434650507726801916e+00 3.398950847074428960e+00 3.361777852162765257e+00 3.323382998244735820e+00 3.284025131416488108e+00 3.243968562148630941e+00 3.203481120779903879e+00 3.162832189644518177e+00 3.122290726675696515e+00 3.082123295386571371e+00 3.042592116075063302e+00 3.003953152932135495e+00 2.966454251454121671e+00 2.930333340171903611e+00 2.895816710215364242e+00 2.863117385634699641e+00 2.832433596705282053e+00 2.803947367655196476e+00 2.777823229380186110e+00 2.754207066756460875e+00 2.733225109134606701e+00 2.714983071505737033e+00 2.699565452682254563e+00 2.687034995638928336e+00 2.677432313924548168e+00 2.670775686789535808e+00 2.667061024390361634e+00 2.666262003136968151e+00 2.668330369954760695e+00 2.673196412947698608e+00 2.680769594683601653e+00 2.690939343086395041e+00 2.703575993722293180e+00 2.718531876116685897e+00 2.735642535644868811e+00 2.754728081510650295e+00 2.775594650370443173e+00 2.798035974283826111e+00 2.821835040881351286e+00 2.846765832942760976e+00 2.872595133978898208e+00 2.899084385913056394e+00 2.925991584566153492e+00 2.953073198367840657e+00 2.980086095544551839e+00 3.006789464977057680e+00 3.032946715974425000e+00 3.058327342378365454e+00 3.082708736690078055e+00 3.105877940299124784e+00 3.127633316387305129e+00 3.147786132676465787e+00 3.166162041882861100e+00 3.182602448526992145e+00 3.196965751620708840e+00 3.209128453706008077e+00 3.218986127745413484e+00 3.226454234453873138e+00 3.231468783808841394e+00 3.233986835669552473e+00 3.233986835669552473e+00 3.231468783808841394e+00 3.226454234453873138e+00 3.218986127745413484e+00 3.209128453706008077e+00 3.196965751620708840e+00 3.182602448526992145e+00 3.166162041882861100e+00 3.147786132676465787e+00 3.127633316387305129e+00 3.105877940299124784e+00 3.082708736690078055e+00 3.058327342378365454e+00 3.032946715974425000e+00 3.006789464977057680e+00 2.980086095544551839e+00 2.953073198367840657e+00 2.925991584566153492e+00 2.899084385913056394e+00 2.872595133978898208e+00 2.846765832942760976e+00 2.821835040881351286e+00 2.798035974283826111e+00 2.775594650370443173e+00 2.754728081510650295e+00 2.735642535644868811e+00 2.718531876116685897e+00 2.703575993722293180e+00 2.690939343086395041e+00 2.680769594683601653e+00 2.673196412947698608e+00 2.668330369954760695e+00 2.666262003136968151e+00 2.667061024390361634e+00 2.670775686789535808e+00 2.677432313924548168e+00 2.687034995638928336e+00 2.699565452682254563e+00 2.714983071505737033e+00 2.733225109134606701e+00 2.754207066756460875e+00 2.777823229380186110e+00 2.803947367655196476e+00 2.832433596705282053e+00 2.863117385634699641e+00 2.895816710215364242e+00 2.930333340171903611e+00 2.966454251454121671e+00 3.003953152932135495e+00 3.042592116075063302e+00 3.082123295386571371e+00 3.122290726675696515e+00 3.162832189644518177e+00 3.203481120779903879e+00 3.243968562148630941e+00 3.284025131416488108e+00 3.323382998244735820e+00 3.361777852162765257e+00 3.398950847074428960e+00 3.434650507726801916e+00 3.468634583752896017e+00 3.500671837291847055e+00 3.530543750688389437e+00 3.558046141374287430e+00
3.511713814547274382e+00 3.534078475986989432e+00 3.553783517951230042e+00 3.570693084040017506e+00 3.584690467972100336e+00 3.595678978974710116e+00 3.603582658931962612e+00 3.608346845869642383e+00 3.609938579515674650e+00 3.608346845869642383e+00 3.603582658931962612e+00 3.595678978974710116e+00 3.584690467972100336e+00 3.570693084040017506e+00 3.553783517951230042e+00 3.534078475986989432e+00 3.511713814547274382e+00 3.486843533062386147e+00 3.459638632819335147e+00 3.430285850329285235e+00 3.398986274809680186e+00 3.365953860229246697e+00 3.331413843159308996e+00 3.295601078384616134e+00 3.258758304845908782e+00 3.221134355009935391e+00 3.182982321186639041e+00 3.144557692634584622e+00 3.106116477511892793e+00 3.067913323839431161e+00 3.030199653644852109e+00 2.993221824350403626e+00 2.957219331254960171e+00 2.922423064643108415e+00 2.889053634633805157e+00 2.857319776361341379e+00 2.827416847465897387e+00 2.799525429164867685e+00 2.773810041384360048e+00 2.750417981559218461e+00 2.729478295765960016e+00 2.711100889843528261e+00 2.695375787089235420e+00 2.682372538000138196e+00 2.672139786371392933e+00 2.664704994872268529e+00 2.660074332005996744e+00 2.658232721131073895e+00 2.659144050988267782e+00 2.662751545948755627e+00 2.668978292983948730e+00 2.677727921165834246e+00 2.688885428347235873e+00 2.702318148552953492e+00 2.717876852543943844e+00 2.735396973005533194e+00 2.754699944864971162e+00 2.775594650370443173e+00 2.797878957769710073e+00 2.821341341717952478e+00 2.845762572926280765e+00 2.870917464039765665e+00 2.896576658310438646e+00 2.922508447309871027e+00 2.948480603710075254e+00 2.974262215052156932e+00 2.999625504420285527e+00 3.024347624044063654e+00 3.048212408064545187e+00 3.071012071016232081e+00 3.092548838997073002e+00 3.112636501017474799e+00 3.131101868633749508e+00 3.147786132676465787e+00 3.162546106674619661e+00 3.175255347446165999e+00 3.185805144267828126e+00 3.194105369044846654e+00 3.200085180966961929e+00 3.203693580252107154e+00 3.204899806735696632e+00 3.203693580252107154e+00 3.200085180966961929e+00 3.194105369044846654e+00 3.185805144267828126e+00 3.175255347446165999e+00 3.162546106674619661e+00 3.147786132676465787e+00 3.131101868633749508e+00 3.112636501017474799e+00 3.092548838997073002e+00 3.071012071016232081e+00 3.048212408064545187e+00 3.024347624044063654e+00 2.999625504420285527e+00 2.974262215052156932e+00 2.948480603710075254e+00 2.922508447309871027e+00 2.896576658310438646e+00 2.870917464039765665e+00 2.845762572926280765e+00 2.821341341717952478e+00 2.797878957769710073e+00 2.775594650370443173e+00 2.754699944864971162e+00 2.735396973005533194e+00 2.717876852543943844e+00 2.702318148552953492e+00 2.688885428347235873e+00 2.677727921165834246e+00 2.668978292983948730e+00 2.662751545948755627e+00 2.659144050988267782e+00 2.658232721131073895e+00 2.660074332005996744e+00 2.664704994872268529e+00 2.672139786371392933e+00 2.682372538000138196e+00 2.695375787089235420e+00 2.711100889843528261e+00 2.729478295765960016e+00 2.750417981559218461e+00 2.773810041384360048e+00 2.799525429164867685e+00 2.827416847465897387e+00 2.857319776361341379e+00 2.889053634633805157e+00 2.922423064643108415e+00 2.957219331254960171e+00 2.993221824350403626e+00 3.030199653644852109e+00 3.067913323839431161e+00 3.106116477511892793e+00 3.144557692634584622e+00 3.182982321186639041e+00 3.221134355009935391e+00 3.258758304845908782e+00 3.295601078384616134e+00 3.331413843159308996e+00 3.365953860229246697e+00 3.398986274809680186e+00 3.430285850329285235e+00 3.459638632819335147e+00 3.486843533062386147e+00
3.439330978525713789e+00 3.461596069797124642e+00 3.481427722920875656e+00 3.498688803365119782e+00 3.513259818452176386e+00 3.525039804166047119e+00 3.533947074646833553e+00 3.539919828703917748e+00 3.542916608760861674e+00 3.542916608760861674e+00 3.539919828703917748e+00 3.533947074646833553e+00 3.525039804166047119e+00 3.513259818452176386e+00 3.498688803365119782e+00 3.481427722920875656e+00 3.461596069797124642e+00 3.439330978525713789e+00 3.414786208078158580e+00 3.388131001537281861e+00 3.359548831476756092e+00 3.329236040533320562e+00 3.297400387447484871e+00 3.264259509561478811e+00 3.230039313392626621e+00 3.194972305441526217e+00 3.159295875843267876e+00 3.123250547822896905e+00 3.087078206170977168e+00 3.051020318109332052e+00 3.015316159969662291e+00 2.980201063058519395e+00 2.945904691931349628e+00 2.912649368047031118e+00 2.880648451424769885e+00 2.850104792479695615e+00 2.821209265675634459e+00 2.794139396007418341e+00 2.769058088615322877e+00 2.746112471046469494e+00 2.725432856818041927e+00 2.707131838011692437e+00 2.691303513644444312e+00 2.678022859526354882e+00 2.667345244236984936e+00 2.659306094739548154e+00 2.653920714012029780e+00 2.651184251917092727e+00 2.651071829366241861e+00 2.653538814667191215e+00 2.658521249785644525e+00 2.665936423112552855e+00 2.675683584214040067e+00 2.687644794961983497e+00 2.701685910407084723e+00 2.717657681770802469e+00 2.735396973005533194e+00 2.754728081510650295e+00 2.775464152802321838e+00 2.797408678223124667e+00 2.820357064149011439e+00 2.844098260610827378e+00 2.868416436799369862e+00 2.893092690570522763e+00 2.917906778812727087e+00 2.942638855385087293e+00 2.967071203281792524e+00 2.990989947727731302e+00 3.014186737060737808e+00 3.036460378506738333e+00 3.057618416303203190e+00 3.077478640071118932e+00 3.095870511872724773e+00 3.112636501017474799e+00 3.127633316387305129e+00 3.140733026838823605e+00 3.151824061098647434e+00 3.160812079492075544e+00 3.167620710827685926e+00 3.172192148793752775e+00 3.174487603298663085e+00 3.174487603298663085e+00 3.172192148793752775e+00 3.167620710827685926e+00 3.160812079492075544e+00 3.151824061098647434e+00 3.140733026838823605e+00 3.127633316387305129e+00 3.112636501017474799e+00 3.095870511872724773e+00 3.077478640071118932e+00 3.057618416303203190e+00 3.036460378506738333e+00 3.014186737060737808e+00 2.990989947727731302e+00 2.967071203281792524e+00 2.942638855385087293e+00 2.917906778812727087e+00 2.893092690570522763e+00 2.868416436799369862e+00 2.844098260610827378e+00 2.820357064149011439e+00 2.797408678223124667e+00 2.775464152802321838e+00 2.754728081510650295e+00 2.735396973005533194e+00 2.717657681770802469e+00 2.701685910407084723e+00 2.687644794961983497e+00 2.675683584214040067e+00 2.665936423112552855e+00 2.658521249785644525e+00 2.653538814667191215e+00 2.651071829366241861e+00 2.651184251917092727e+00 2.653920714012029780e+00 2.659306094739548154e+00 2.667345244236984936e+00 2.678022859526354882e+00 2.691303513644444312e+00 2.707131838011692437e+00 2.725432856818041927e+00 2.746112471046469494e+00 2.769058088615322877e+00 2.794139396007418341e+00 2.821209265675634459e+00 2.850104792479695615e+00 2.880648451424769885e+00 2.912649368047031118e+00 2.945904691931349628e+00 2.980201063058519395e+00 3.015316159969662291e+00 3.051020318109332052e+00 3.087078206170977168e+00 3.123250547822896905e+00 3.159295875843267876e+00 3.194972305441526217e+00 3.230039313392626621e+00 3.264259509561478811e+00 3.297400387447484871e+00 3.329236040533320562e+00 3.359548831476756092e+00 3.388131001537281861e+00 3.414786208078158580e+00
3.366393040756598509e+00 3.388307006916225550e+00 3.408016126572065208e+00 3.425383638692114818e+00 3.440288889722483479e+00 3.452628229897765078e+00 3.462315783445963024e+00 3.469284086861669891e+00 3.473484590419019469e+00 3.474888019130246253e+00 3.473484590419019469e+00 3.469284086861669891e+00 3.462315783445963024e+00 3.452628229897765078e+00 3.440288889722483479e+00 3.425383638692114818e+00 3.408016126572065208e+00 3.388307006916225550e+00 3.366393040756598509e+00 3.342426080967154434e+00 3.316571944983582210e+00 3.289009184404105834e+00 3.259927760775370942e+00 3.229527637575472454e+00 3.198017299038176109e+00 3.165612207013616786e+00 3.132533207526751351e+00 3.099004899072383967e+00 3.065253974971661410e+00 3.031507552307258546e+00 2.997991500051936598e+00 2.964928779006592574e+00 2.932537806069696273e+00 2.901030855170644518e+00 2.870612506916543349e+00 2.841478158627482653e+00 2.813812605972243031e+00 2.787788706868246535e+00 2.763566137680420365e+00 2.741290251048475124e+00 2.721091043896160411e+00 2.703082243335246826e+00 2.687360517277811667e+00 2.674004815619589248e+00 2.663075846862037022e+00 2.654615694008851445e+00 2.648647572511843684e+00 2.645175731959476639e+00 2.644185502107066377e+00 2.645643482749152842e+00 2.649497875840098882e+00 2.655678957186930145e+00 2.664099683977086297e+00 2.674656433371052966e+00 2.687229866393807232e+00 2.701685910407084723e+00 2.717876852543943844e+00 2.735642535644868811e+00 2.754811647457019230e+00 2.775203093151227929e+00 2.796627440580213175e+00 2.818888427151164944e+00 2.841784516720414100e+00 2.865110494540937136e+00 2.888659088007818898e+00 2.912222600754603707e+00 2.935594547556318989e+00 2.958571277493351914e+00 2.980953572924557093e+00 3.002548212007025707e+00 3.023169482782574136e+00 3.042640637224922173e+00 3.060795274103995656e+00 3.077478640071118932e+00 3.092548838997073002e+00 3.105877940299124784e+00 3.117352977767902100e+00 3.126876831244477462e+00 3.134368984395802915e+00 3.139766152785908648e+00 3.143022777433742920e+00 3.144111380078695728e+00 3.143022777433742920e+00 3.139766152785908648e+00 3.134368984395802915e+00 3.126876831244477462e+00 3.117352977767902100e+00 3.105877940299124784e+00 3.092548838997073002e+00 3.077478640071118932e+00 3.060795274103995656e+00 3.042640637224922173e+00 3.023169482782574136e+00 3.002548212007025707e+00 2.980953572924557093e+00 2.958571277493351914e+00 2.935594547556318989e+00 2.912222600754603707e+00 2.888659088007818898e+00 2.865110494540937136e+00 2.841784516720414100e+00 2.818888427151164944e+00 2.796627440580213175e+00 2.775203093151227929e+00 2.754811647457019230e+00 2.735642535644868811e+00 2.717876852543943844e+00 2.701685910407084723e+00 2.687229866393807232e+00 2.674656433371052966e+00 2.664099683977086297e+00 2.655678957186930145e+00 2.649497875840098882e+00 2.645643482749152842e+00 2.644185502107066377e+00 2.645175731959476639e+00 2.648647572511843684e+00 2.654615694008851445e+00 2.663075846862037022e+00 2.674004815619589248e+00 2.687360517277811667e+00 2.703082243335246826e+00 2.721091043896160411e+00 2.741290251048475124e+00 2.763566137680420365e+00 2.787788706868246535e+00 2.813812605972243031e+00 2.841478158627482653e+00 2.870612506916543349e+00 2.901030855170644518e+00 2.932537806069696273e+00 2.964928779006592574e+00 2.997991500051936598e+00 3.031507552307258546e+00 3.065253974971661410e+00 3.099004899072383967e+00 3.132533207526751351e+00 3.165612207013616786e+00 3.198017299038176109e+00 3.229527637575472454e+00 3.259927760775370942e+00 3.289009184404105834e+00 3.316571944983582210e+00 3.342426080967154434e+00
3.293455102987481897e+00 3.314765546572944199e+00 3.334100283184927349e+00 3.351324596483847618e+00 3.366318329919434138e+00 3.378976780387084933e+00 3.389211477172556553e+00 3.396950840290836382e+00 3.402140713237347569e+00 3.404744766119797372e+00 3.404744766119797372e+00 3.402140713237347569e+00 3.396950840290836382e+00 3.389211477172556553e+00 3.378976780387084933e+00 3.366318329919434138e+00 3.351324596483847618e+00 3.334100283184927349e+00 3.314765546572944199e+00 3.293455102987481897e+00 3.270317226951059197e+00 3.245512649190521959e+00 3.219213362622517227e+00 3.191601345334549311e+00 3.162867210219692637e+00 3.133208791476182142e+00 3.102829678658725054e+00 3.071937709362712710e+00 3.040743431932743324e+00 3.009458549810510863e+00 2.978294359272511738e+00 2.947460192354196540e+00 2.917161876713748825e+00 2.887600224055939524e+00 2.858969558515575660e+00 2.831456296092544900e+00 2.805237585838698866e+00 2.780480023023921721e+00 2.757338443958104346e+00 2.735954811521809305e+00 2.716457199765686337e+00 2.698958885182701994e+00 2.683557551443526368e+00 2.670334613520263023e+00 2.659354666213799234e+00 2.650665061152055468e+00 2.644295615347874051e+00 2.640258453403358185e+00 2.638547984430006377e+00 2.639141013728559582e+00 2.641996988247038214e+00 2.647058373817641641e+00 2.654251161170951168e+00 2.663485496746606174e+00 2.674656433371052966e+00 2.687644794961983497e+00 2.702318148552953492e+00 2.718531876116685897e+00 2.736130337908150523e+00 2.754948118354327846e+00 2.774811344891809028e+00 2.795539069601021165e+00 2.816944703010939133e+00 2.838837489054245378e+00 2.861024009843140092e+00 2.883309708712664676e+00 2.905500419843126902e+00 2.927403892727143297e+00 2.948831299790212856e+00 2.969598715606234673e+00 2.989528556370057544e+00 3.008450968596282138e+00 3.026205156404675467e+00 3.042640637224922173e+00 3.057618416303203190e+00 3.071012071016232081e+00 3.082708736690078055e+00 3.092609986376015474e+00 3.100632597848198113e+00 3.106709201951733945e+00 3.110788807338335626e+00 3.112837197573114612e+00 3.112837197573114612e+00 3.110788807338335626e+00 3.106709201951733945e+00 3.100632597848198113e+00 3.092609986376015474e+00 3.082708736690078055e+00 3.071012071016232081e+00 3.057618416303203190e+00 3.042640637224922173e+00 3.026205156404675467e+00 3.008450968596282138e+00 2.989528556370057544e+00 2.969598715606234673e+00 2.948831299790212856e+00 2.927403892727143297e+00 2.905500419843126902e+00 2.883309708712664676e+00 2.861024009843140092e+00 2.838837489054245378e+00 2.816944703010939133e+00 2.795539069601021165e+00 2.774811344891809028e+00 2.754948118354327846e+00 2.736130337908150523e+00 2.718531876116685897e+00 2.702318148552953492e+00 2.687644794961983497e+00 2.674656433371052966e+00 2.663485496746606174e+00 2.654251161170951168e+00 2.647058373817641641e+00 2.641996988247038214e+00 2.639141013728559582e+00 2.638547984430006377e+00 2.640258453403358185e+00 2.644295615347874051e+00 2.650665061152055468e+00 2.659354666213799234e+00 2.670334613520263023e+00 2.683557551443526368e+00 2.698958885182701994e+00 2.716457199765686337e+00 2.735954811521809305e+00 2.757338443958104346e+00 2.780480023023921721e+00 2.805237585838698866e+00 2.831456296092544900e+00 2.858969558515575660e+00 2.887600224055939524e+00 2.917161876713748825e+00 2.947460192354196540e+00 2.978294359272511738e+00 3.009458549810510863e+00 3.040743431932743324e+00 3.071937709362712710e+00 3.102829678658725054e+00 3.133208791476182142e+00 3.162867210219692637e+00 3.191601345334549311e+00 3.219213362622517227e+00 3.245512649190521959e+00 3.270317226951059197e+00
3.221072266965919528e+00 3.241528012723913665e+00 3.260235865069434524e+00 3.277064829620173203e+00 3.291896923756795434e+00 3.304628055323688418e+00 3.315168798102675396e+00 3.323445058189764101e+00 3.329398626230422931e+00 3.332987611332760114e+00 3.334186753373561629e+00 3.332987611332760114e+00 3.329398626230422931e+00 3.323445058189764101e+00 3.315168798102675396e+00 3.304628055323688418e+00 3.291896923756795434e+00 3.277064829620173203e+00 3.260235865069434524e+00 3.241528012723913665e+00 3.221072266965919528e+00 3.199011658663866609e+00 3.175500190700425662e+00 3.150701692361185025e+00 3.124788601252242781e+00 3.097940681962340737e+00 3.070343691162266797e+00 3.042187999237667029e+00 3.013667178878215225e+00 2.984976571293554315e+00 2.956311840892965837e+00 2.927867529349791997e+00 2.899835619972872980e+00 2.872404123225420935e+00 2.845755694067610531e+00 2.820066291553996241e+00 2.795503890792366164e+00 2.772227256969537645e+00 2.750384790674676783e+00 2.730113453205910812e+00 2.711537779935069281e+00 2.694768989133423887e+00 2.679904192932987872e+00 2.667025716319205930e+00 2.656200529227338070e+00 2.647479795953026738e+00 2.640898545193801183e+00 2.636475463119571927e+00 2.634212810933422411e+00 2.634096467436301658e+00 2.636096096157922286e+00 2.640165435668294425e+00 2.646242710747361837e+00 2.654251161170951168e+00 2.664099683977086297e+00 2.675683584214040067e+00 2.688885428347235873e+00 2.703575993722293180e+00 2.719615306752133588e+00 2.736853761822776843e+00 2.755133312300170001e+00 2.774288724474024637e+00 2.794148884798066224e+00 2.814538150383189219e+00 2.835277732373671977e+00 2.856187101589361621e+00 2.877085405650472882e+00 2.897792886717613925e+00 2.918132288978485978e+00 2.937930245094389381e+00 2.957018630983602847e+00 2.975235878563616154e+00 2.992428236398248842e+00 3.008450968596282138e+00 3.023169482782574136e+00 3.036460378506738333e+00 3.048212408064545187e+00 3.058327342378365454e+00 3.066720735310186630e+00 3.073322580558500494e+00 3.078077856112587884e+00 3.080946952098412073e+00 3.081905978742608188e+00 3.080946952098412073e+00 3.078077856112587884e+00 3.073322580558500494e+00 3.066720735310186630e+00 3.058327342378365454e+00 3.048212408064545187e+00 3.036460378506738333e+00 3.023169482782574136e+00 3.008450968596282138e+00 2.992428236398248842e+00 2.975235878563616154e+00 2.957018630983602847e+00 2.937930245094389381e+00 2.918132288978485978e+00 2.897792886717613925e+00 2.877085405650472882e+00 2.856187101589361621e+00 2.835277732373671977e+00 2.814538150383189219e+00 2.794148884798066224e+00 2.774288724474024637e+00 2.755133312300170001e+00 2.736853761822776843e+00 2.719615306752133588e+00 2.703575993722293180e+00 2.688885428347235873e+00 2.675683584214040067e+00 2.664099683977086297e+00 2.654251161170951168e+00 2.646242710747361837e+00 2.640165435668294425e+00 2.636096096157922286e+00 2.634096467436301658e+00 2.634212810933422411e+00 2.636475463119571927e+00 2.640898545193801183e+00 2.647479795953026738e+00 2.656200529227338070e+00 2.667025716319205930e+00 2.679904192932987872e+00 2.694768989133423887e+00 2.711537779935069281e+00 2.730113453205910812e+00 2.750384790674676783e+00 2.772227256969537645e+00 2.795503890792366164e+00 2.820066291553996241e+00 2.845755694067610531e+00 2.872404123225420935e+00 2.899835619972872980e+00 2.927867529349791997e+00 2.956311840892965837e+00 2.984976571293554315e+00 3.013667178878215225e+00 3.042187999237667029e+00 3.070343691162266797e+00 3.097940681962340737e+00 3.124788601252242781e+00 3.150701692361185025e+00 3.175500190700425662e+00 3.199011658663866609e+00
3.149795409779987398e+00 3.169148566509336629e+00 3.186978446644629148e+00 3.203159447521993997e+00 3.217577442927302300e+00 3.230130634493634023e+00 3.240730311350669357e+00 3.249301512273348180e+00 3.255783585315191520e+00 3.260130640687817216e+00 3.262311893456563805e+00 3.262311893456563805e+00 3.260130640687817216e+00 3.255783585315191520e+00 3.249301512273348180e+00 3.240730311350669357e+00 3.230130634493634023e+00 3.217577442927302300e+00 3.203159447521993997e+00 3.186978446644629148e+00 3.169148566509336629e+00 3.149795409779987398e+00 3.129055118871612251e+00 3.107073361042978821e+00 3.084004242963972686e+00 3.060009162974488106e+00 3.035255609722005588e+00 3.009915916269618297e+00 2.984165979101683686e+00 2.958183951718048821e+00 2.932148922697955573e+00 2.906239588229794890e+00 2.880632929141973886e+00 2.855502902433032286e+00 2.831019157186034363e+00 2.807345784564093449e+00 2.784640111321998290e+00 2.763051545935493181e+00 2.742720486047040662e+00 2.723777295458329917e+00 2.706341358368597572e+00 2.690520217968288108e+00 2.676408805854066042e+00 2.664088768038647359e+00 2.653627892592605786e+00 2.645079643180837881e+00 2.638482801949643797e+00 2.633861224387490818e+00 2.631223707929944311e+00 2.630563975213240369e+00 2.631860772008411065e+00 2.635078078995120254e+00 2.640165435668294425e+00 2.647058373817641641e+00 2.655678957186930145e+00 2.665936423112552855e+00 2.677727921165834246e+00 2.690939343086395041e+00 2.705446237600485748e+00 2.721114803073660937e+00 2.737802950356497345e+00 2.755361427649685169e+00 2.773634998744809010e+00 2.792463665593109656e+00 2.811683925819433494e+00 2.831130055535114209e+00 2.850635407613597128e+00 2.870033715477671166e+00 2.889160392408132605e+00 2.907853816420778781e+00 2.925956590871606533e+00 2.943316771138089205e+00 2.959789047985899924e+00 2.975235878563616154e+00 2.989528556370057544e+00 3.002548212007025707e+00 3.014186737060737808e+00 3.024347624044063654e+00 3.032946715974425000e+00 3.039912859853874494e+00 3.045188459053242980e+00 3.048729920375679914e+00 3.050507992380580902e+00 3.050507992380580902e+00 3.048729920375679914e+00 3.045188459053242980e+00 3.039912859853874494e+00 3.032946715974425000e+00 3.024347624044063654e+00 3.014186737060737808e+00 3.002548212007025707e+00 2.989528556370057544e+00 2.975235878563616154e+00 2.959789047985899924e+00 2.943316771138089205e+00 2.925956590871606533e+00 2.907853816420778781e+00 2.889160392408132605e+00 2.870033715477671166e+00 2.850635407613597128e+00 2.831130055535114209e+00 2.811683925819433494e+00 2.792463665593109656e+00 2.773634998744809010e+00 2.755361427649685169e+00 2.737802950356497345e+00 2.721114803073660937e+00 2.705446237600485748e+00 2.690939343086395041e+00 2.677727921165834246e+00 2.665936423112552855e+00 2.655678957186930145e+00 2.647058373817641641e+00 2.640165435668294425e+00 2.635078078995120254e+00 2.631860772008411065e+00 2.630563975213240369e+00 2.631223707929944311e+00 2.633861224387490818e+00 2.638482801949643797e+00 2.645079643180837881e+00 2.653627892592605786e+00 2.664088768038647359e+00 2.676408805854066042e+00 2.690520217968288108e+00 2.706341358368597572e+00 2.723777295458329917e+00 2.742720486047040662e+00 2.763051545935493181e+00 2.784640111321998290e+00 2.807345784564093449e+00 2.831019157186034363e+00 2.855502902433032286e+00 2.880632929141973886e+00 2.906239588229794890e+00 2.932148922697955573e+00 2.958183951718048821e+00 2.984165979101683686e+00 3.009915916269618297e+00 3.035255609722005588e+00 3.060009162974488106e+00 3.084004242963972686e+00 3.107073361042978821e+00 3.129055118871612251e+00
3.080166991351012573e+00 3.098174994882924693e+00 3.114879288704202054e+00 3.130161310568413402e+00 3.143912465103025244e+00 3.156034935609247416e+00 3.166442415489873152e+00 3.175060753763240928e+00 3.181828509772178126e+00 3.186697412884530234e+00 3.189632723701780748e+00 3.190613494038404330e+00 3.189632723701780748e+00 3.186697412884530234e+00 3.181828509772178126e+00 3.175060753763240928e+00 3.166442415489873152e+00 3.156034935609247416e+00 3.143912465103025244e+00 3.130161310568413402e+00 3.114879288704202054e+00 3.098174994882924693e+00 3.080166991351012573e+00 3.060982921207260343e+00 3.040758554871731079e+00 3.019636776267951017e+00 2.997766516397095682e+00 2.975301642380298262e+00 2.952399810381345358e+00 2.929221291094107560e+00 2.905927776685217623e+00 2.882681178221058627e+00 2.859642422678061902e+00 2.836970258636116515e+00 2.814820079686523258e+00 2.793342774448966281e+00 2.772683611887384103e+00 2.752981170344097617e+00 2.734366318376958205e+00 2.716961255088418792e+00 2.700878617181030616e+00 2.686220659464694460e+00 2.673078514980630871e+00 2.661531540300000831e+00 2.651646750905836125e+00 2.643478350880492656e+00 2.637067360402396421e+00 2.632441343810852263e+00 2.629614240231907818e+00 2.628586297977367980e+00 2.629344113139184369e+00 2.631860772008411065e+00 2.636096096157922286e+00 2.641996988247038214e+00 2.649497875840098882e+00 2.658521249785644525e+00 2.668978292983948730e+00 2.680769594683601653e+00 2.693785944797908005e+00 2.707909202124064496e+00 2.723013229786844125e+00 2.738964890718403655e+00 2.755625095530407354e+00 2.772849894737646537e+00 2.790491606956560844e+00 2.808399974430248136e+00 2.826423337025588012e+00 2.844409815709709743e+00 2.862208496443148231e+00 2.879670605426241536e+00 2.896650666703613819e+00 2.913007633268419383e+00 2.928605983012406266e+00 2.943316771138089205e+00 2.957018630983602847e+00 2.969598715606234673e+00 2.980953572924557093e+00 2.990989947727731302e+00 2.999625504420285527e+00 3.006789464977057680e+00 3.012423157231513215e+00 3.016480469306320966e+00 3.018928206712625961e+00 3.019746349388601203e+00 3.018928206712625961e+00 3.016480469306320966e+00 3.012423157231513215e+00 3.006789464977057680e+00 2.999625504420285527e+00 2.990989947727731302e+00 2.980953572924557093e+00 2.969598715606234673e+00 2.957018630983602847e+00 2.943316771138089205e+00 2.928605983012406266e+00 2.913007633268419383e+00 2.896650666703613819e+00 2.879670605426241536e+00 2.862208496443148231e+00 2.844409815709709743e+00 2.826423337025588012e+00 2.808399974430248136e+00 2.790491606956560844e+00 2.772849894737646537e+00 2.755625095530407354e+00 2.738964890718403655e+00 2.723013229786844125e+00 2.707909202124064496e+00 2.693785944797908005e+00 2.680769594683601653e+00 2.668978292983948730e+00 2.658521249785644525e+00 2.649497875840098882e+00 2.641996988247038214e+00 2.636096096157922286e+00 2.631860772008411065e+00 2.629344113139184369e+00 2.628586297977367980e+00 2.629614240231907818e+00 2.632441343810852263e+00 2.637067360402396421e+00 2.643478350880492656e+00 2.651646750905836125e+00 2.661531540300000831e+00 2.673078514980630871e+00 2.686220659464694460e+00 2.700878617181030616e+00 2.716961255088418792e+00 2.734366318376958205e+00 2.752981170344097617e+00 2.772683611887384103e+00 2.793342774448966281e+00 2.814820079686523258e+00 2.836970258636116515e+00 2.859642422678061902e+00 2.882681178221058627e+00 2.905927776685217623e+00 2.929221291094107560e+00 2.952399810381345358e+00 2.975301642380298262e+00 2.997766516397095682e+00 3.019636776267951017e+00 3.040758554871731079e+00 3.060982921207260343e+00
3.012716925986028471e+00 3.029144547455536074e+00 3.044481154928840194e+00 3.058616840777561574e+00 3.071450193305063081e+00 3.082889056806871864e+00 3.092851222435298197e+00 3.101265044630321821e+00 3.108069978442902670e+00 3.113217033676493273e+00 3.116669142403074577e+00 3.118401437066886217e+00 3.118401437066886217e+00 3.116669142403074577e+00 3.113217033676493273e+00 3.108069978442902670e+00 3.101265044630321821e+00 3.092851222435298197e+00 3.082889056806871864e+00 3.071450193305063081e+00 3.058616840777561574e+00 3.044481154928840194e+00 3.029144547455536074e+00 3.012716925986028471e+00 2.995315870586360063e+00 2.977065753075118337e+00 2.958096805822835407e+00 2.938544147093708148e+00 2.918546770315970207e+00 2.898246504939699264e+00 2.877786956754986747e+00 2.857312435697712427e+00 2.836966879263557839e+00 2.816892779682368175e+00 2.797230122974676103e+00 2.778115347920053324e+00 2.759680332813809311e+00 2.742051417675600344e+00 2.725348469302244059e+00 2.709683996229682368e+00 2.695162320287922686e+00 2.681878811001013219e+00 2.669919188604739535e+00 2.659358900931609870e+00 2.650262578849694517e+00 2.642683574343349218e+00 2.636663584694254769e+00 2.632232365565458032e+00 2.629407535114115735e+00 2.628194470565543561e+00 2.628586297977367980e+00 2.630563975213240369e+00 2.634096467436301658e+00 2.639141013728559582e+00 2.645643482749152842e+00 2.653538814667191215e+00 2.662751545948755627e+00 2.673196412947698608e+00 2.684779029650834037e+00 2.697396634364578549e+00 2.710938899606329056e+00 2.725288798983882543e+00 2.740323524413601053e+00 2.755915446646133748e+00 2.771933111740279454e+00 2.788242265853341451e+00 2.804706900502361488e+00 2.821190310296428638e+00 2.837556155046989659e+00 2.853669518131585203e+00 2.869397953016712410e+00 2.884612509937648728e+00 2.899188734885974394e+00 2.913007633268419383e+00 2.925956590871606533e+00 2.937930245094389381e+00 2.948831299790212856e+00 2.958571277493351914e+00 2.967071203281792524e+00 2.974262215052156932e+00 2.980086095544551839e+00 2.984495722053180256e+00 2.987455430387516042e+00 2.988941290303929410e+00 2.988941290303929410e+00 2.987455430387516042e+00 2.984495722053180256e+00 2.980086095544551839e+00 2.974262215052156932e+00 2.967071203281792524e+00 2.958571277493351914e+00 2.948831299790212856e+00 2.937930245094389381e+00 2.925956590871606533e+00 2.913007633268419383e+00 2.899188734885974394e+00 2.884612509937648728e+00 2.869397953016712410e+00 2.853669518131585203e+00 2.837556155046989659e+00 2.821190310296428638e+00 2.804706900502361488e+00 2.788242265853341451e+00 2.771933111740279454e+00 2.755915446646133748e+00 2.740323524413601053e+00 2.725288798983882543e+00 2.710938899606329056e+00 2.697396634364578549e+00 2.684779029650834037e+00 2.673196412947698608e+00 2.662751545948755627e+00 2.653538814667191215e+00 2.645643482749152842e+00 2.639141013728559582e+00 2.634096467436301658e+00 2.630563975213240369e+00 2.628586297977367980e+00 2.628194470565543561e+00 2.629407535114115735e+00 2.632232365565458032e+00 2.636663584694254769e+00 2.642683574343349218e+00 2.650262578849694517e+00 2.659358900931609870e+00 2.669919188604739535e+00 2.681878811001013219e+00 2.695162320287922686e+00 2.709683996229682368e+00 2.725348469302244059e+00 2.742051417675600344e+00 2.759680332813809311e+00 2.778115347920053324e+00 2.797230122974676103e+00 2.816892779682368175e+00 2.836966879263557839e+00 2.857312435697712427e+00 2.877786956754986747e+00 2.898246504939699264e+00 2.918546770315970207e+00 2.938544147093708148e+00 2.958096805822835407e+00 2.977065753075118337e+00 2.995315870586360063e+00
2.947958549409924967e+00 2.962579853225610904e+00 2.976314192461524399e+00 2.989061880599579890e+00 3.000730307412448727e+00 3.011234635393613246e+00 3.020498437872003894e+00 3.028454273969149124e+00 3.035044196035808994e+00 3.040220185717301238e+00 3.043944515338203871e+00 3.046190031863842407e+00 3.046940361283446919e+00 3.046190031863842407e+00 3.043944515338203871e+00 3.040220185717301238e+00 3.035044196035808994e+00 3.028454273969149124e+00 3.020498437872003894e+00 3.011234635393613246e+00 3.000730307412448727e+00 2.989061880599579890e+00 2.976314192461524399e+00 2.962579853225610904e+00 2.947958549409924967e+00 2.932556294362108407e+00 2.916484631453343468e+00 2.899859795972605792e+00 2.882801842079119492e+00 2.865433741435398307e+00 2.847880460357368637e+00 2.830268022480208590e+00 2.812722564047426488e+00 2.795369388985579295e+00 2.778332030927453289e+00 2.761731329292446357e+00 2.745684526424816863e+00 2.730304392629157473e+00 2.715698385729104825e+00 2.701967851511685392e+00 2.689207271107601382e+00 2.677503560999806353e+00 2.666935430951414165e+00 2.657572804702561964e+00 2.649476307807498099e+00 2.642696826471718552e+00 2.637275140708146726e+00 2.633241634565346434e+00 2.630616085593944220e+00 2.629407535114115735e+00 2.629614240231907818e+00 2.631223707929944311e+00 2.634212810933422411e+00 2.638547984430006377e+00 2.644185502107066377e+00 2.651071829366241861e+00 2.659144050988267782e+00 2.668330369954760695e+00 2.678550673592562159e+00 2.689717162694387653e+00 2.701735038790827659e+00 2.714503244306873508e+00 2.727915249934337094e+00 2.741859883193042080e+00 2.756222191841026348e+00 2.770884335529711695e+00 2.785726498886032854e+00 2.800627819041483946e+00 2.815467320519231098e+00 2.830124850335578035e+00 2.844482006171671795e+00 2.858423050525376485e+00 2.871835803861234826e+00 2.884612509937648728e+00 2.896650666703613819e+00 2.907853816420778781e+00 2.918132288978485978e+00 2.927403892727143297e+00 2.935594547556318989e+00 2.942638855385087293e+00 2.948480603710075254e+00 2.953073198367840657e+00 2.956380022208546787e+00 2.958374716943500626e+00 2.959041386015468955e+00 2.958374716943500626e+00 2.956380022208546787e+00 2.953073198367840657e+00 2.948480603710075254e+00 2.942638855385087293e+00 2.935594547556318989e+00 2.927403892727143297e+00 2.918132288978485978e+00 2.907853816420778781e+00 2.896650666703613819e+00 2.884612509937648728e+00 2.871835803861234826e+00 2.858423050525376485e+00 2.844482006171671795e+00 2.830124850335578035e+00 2.815467320519231098e+00 2.800627819041483946e+00 2.785726498886032854e+00 2.770884335529711695e+00 2.756222191841026348e+00 2.741859883193042080e+00 2.727915249934337094e+00 2.714503244306873508e+00 2.701735038790827659e+00 2.689717162694387653e+00 2.678550673592562159e+00 2.668330369954760695e+00 2.659144050988267782e+00 2.651071829366241861e+00 2.644185502107066377e+00 2.638547984430006377e+00 2.634212810933422411e+00 2.631223707929944311e+00 2.629614240231907818e+00 2.629407535114115735e+00 2.630616085593944220e+00 2.633241634565346434e+00 2.637275140708146726e+00 2.642696826471718552e+00 2.649476307807498099e+00 2.657572804702561964e+00 2.666935430951414165e+00 2.677503560999806353e+00 2.689207271107601382e+00 2.701967851511685392e+00 2.715698385729104825e+00 2.730304392629157473e+00 2.745684526424816863e+00 2.761731329292446357e+00 2.778332030927453289e+00 2.795369388985579295e+00 2.812722564047426488e+00 2.830268022480208590e+00 2.847880460357368637e+00 2.865433741435398307e+00 2.882801842079119492e+00 2.899859795972605792e+00 2.916484631453343468e+00 2.932556294362108407e+00
2.886384711970622075e+00 2.898984948261974282e+00 2.910891907875469808e+00 2.922017631305720453e+00 2.932279879337725603e+00 2.941602754303197287e+00 2.949917273511761806e+00 2.957161890500845214e+00 2.963282960144358658e+00 2.968235144086714516e+00 2.971981753421959027e+00 2.974495026014551513e+00 2.975756336354843157e+00 2.975756336354843157e+00 2.974495026014551513e+00 2.971981753421959027e+00 2.968235144086714516e+00 2.963282960144358658e+00 2.957161890500845214e+00 2.949917273511761806e+00 2.941602754303197287e+00 2.932279879337725603e+00 2.922017631305720453e+00 2.910891907875469808e+00 2.898984948261974282e+00 2.886384711970622075e+00 2.873184214435021033e+00 2.859480824595581172e+00 2.845375529754244237e+00 2.830972173289049376e+00 2.816376671018018030e+00 2.801696212163595323e+00 2.787038450985376503e+00 2.772510695219173815e+00 2.758219097484149174e+00 2.744267855796489020e+00 2.730758429258214992e+00 2.717788774873650670e+00 2.705452611284744346e+00 2.693838715011042328e+00 2.683030254532299708e+00 2.673104167263240516e+00 2.664130584143145075e+00 2.656172306200200506e+00 2.649284337054681249e+00 2.643513474898967264e+00 2.638897967039522729e+00 2.635467229609611106e+00 2.633241634565346434e+00 2.632232365565458032e+00 2.632441343810852263e+00 2.633861224387490818e+00 2.636475463119571927e+00 2.640258453403358185e+00 2.645175731959476639e+00 2.651184251917092727e+00 2.658232721131073895e+00 2.666262003136968151e+00 2.675205577672122192e+00 2.684990057238199057e+00 2.695535755754123741e+00 2.706757304952377652e+00 2.718564313808593536e+00 2.730862065967263330e+00 2.743552249837661439e+00 2.756533715785911109e+00 2.769703254643406609e+00 2.782956391590106104e+00 2.796188189354788634e+00 2.809294054604047020e+00 2.822170541368132834e+00 2.834716145375022478e+00 2.846832083233911348e+00 2.858423050525376485e+00 2.869397953016712410e+00 2.879670605426241536e+00 2.889160392408132605e+00 2.897792886717613925e+00 2.905500419843126902e+00 2.912222600754603707e+00 2.917906778812727087e+00 2.922508447309871027e+00 2.925991584566153492e+00 2.928328929980111184e+00 2.929502192929478444e+00 2.929502192929478444e+00 2.928328929980111184e+00 2.925991584566153492e+00 2.922508447309871027e+00 2.917906778812727087e+00 2.912222600754603707e+00 2.905500419843126902e+00 2.897792886717613925e+00 2.889160392408132605e+00 2.879670605426241536e+00 2.869397953016712410e+00 2.858423050525376485e+00 2.846832083233911348e+00 2.834716145375022478e+00 2.822170541368132834e+00 2.809294054604047020e+00 2.796188189354788634e+00 2.782956391590106104e+00 2.769703254643406609e+00 2.756533715785911109e+00 2.743552249837661439e+00 2.730862065967263330e+00 2.718564313808593536e+00 2.706757304952377652e+00 2.695535755754123741e+00 2.684990057238199057e+00 2.675205577672122192e+00 2.666262003136968151e+00 2.658232721131073895e+00 2.651184251917092727e+00 2.645175731959476639e+00 2.640258453403358185e+00 2.636475463119571927e+00 2.633861224387490818e+00 2.632441343810852263e+00 2.632232365565458032e+00 2.633241634565346434e+00 2.635467229609611106e+00 2.638897967039522729e+00 2.643513474898967264e+00 2.649284337054681249e+00 2.656172306200200506e+00 2.664130584143145075e+00 2.673104167263240516e+00 2.683030254532299708e+00 2.693838715011042328e+00 2.705452611284744346e+00 2.717788774873650670e+00 2.730758429258214992e+00 2.744267855796489020e+00 2.758219097484149174e+00 2.772510695219173815e+00 2.787038450985376503e+00 2.801696212163595323e+00 2.816376671018018030e+00 2.830972173289049376e+00 2.845375529754244237e+00 2.859480824595581172e+00 2.873184214435021033e+00
2.828464027750335674e+00 2.838841444560875615e+00 2.848707269139665765e+00 2.857986701853512557e+00 2.866609382914421911e+00 2.874509927360762607e+00 2.881628422221652830e+00 2.887910882081682118e+00 2.893309659579650361e+00 2.897783807717859705e+00 2.901299391225167223e+00 2.903829744604648599e+00 2.905355674902403873e+00 2.905865607654619875e+00 2.905355674902403873e+00 2.903829744604648599e+00 2.901299391225167223e+00 2.897783807717859705e+00 2.893309659579650361e+00 2.887910882081682118e+00 2.881628422221652830e+00 2.874509927360762607e+00 2.866609382914421911e+00 2.857986701853512557e+00 2.848707269139665765e+00 2.838841444560875615e+00 2.828464027750335674e+00 2.817653689459045818e+00 2.806492373409542385e+00 2.795064673281868917e+00 2.783457189572121848e+00 2.771757871216994129e+00 2.760055346993585790e+00 2.748438251781555319e+00 2.736994552813629245e+00 2.725810881040612532e+00 2.714971872697935051e+00 2.704559526083206933e+00 2.694652578438294199e+00 2.685325907676484380e+00 2.676649963506084529e+00 2.668690232278075225e+00 2.661506739628747287e+00 2.655153594700494057e+00 2.649678579407558132e+00 2.645122785870614113e+00 2.641520304777464023e+00 2.638897967039522729e+00 2.637275140708146726e+00 2.636663584694254769e+00 2.637067360402396421e+00 2.638482801949643797e+00 2.640898545193801183e+00 2.644295615347874051e+00 2.648647572511843684e+00 2.653920714012029780e+00 2.660074332005996744e+00 2.667061024390361634e+00 2.674827056643218182e+00 2.683312771845288491e+00 2.692453045757240204e+00 2.702177783487766494e+00 2.712412453970509230e+00 2.723078658180215772e+00 2.734094726761767902e+00 2.745376342521932411e+00 2.756837183044506201e+00 2.768389578536441409e+00 2.779945179896655461e+00 2.791415631921515317e+00 2.802713246521930213e+00 2.813751670826996065e+00 2.824446545088091565e+00 2.834716145375022478e+00 2.844482006171671795e+00 2.853669518131585203e+00 2.862208496443148231e+00 2.870033715477671166e+00 2.877085405650472882e+00 2.883309708712664676e+00 2.888659088007818898e+00 2.893092690570522763e+00 2.896576658310438646e+00 2.899084385913056394e+00 2.900596723493924056e+00 2.901102122463740773e+00 2.900596723493924056e+00 2.899084385913056394e+00 2.896576658310438646e+00 2.893092690570522763e+00 2.888659088007818898e+00 2.883309708712664676e+00 2.877085405650472882e+00 2.870033715477671166e+00 2.862208496443148231e+00 2.853669518131585203e+00 2.844482006171671795e+00 2.834716145375022478e+00 2.824446545088091565e+00 2.813751670826996065e+00 2.802713246521930213e+00 2.791415631921515317e+00 2.779945179896655461e+00 2.768389578536441409e+00 2.756837183044506201e+00 2.745376342521932411e+00 2.734094726761767902e+00 2.723078658180215772e+00 2.712412453970509230e+00 2.702177783487766494e+00 2.692453045757240204e+00 2.683312771845288491e+00 2.674827056643218182e+00 2.667061024390361634e+00 2.660074332005996744e+00 2.653920714012029780e+00 2.648647572511843684e+00 2.644295615347874051e+00 2.640898545193801183e+00 2.638482801949643797e+00 2.637067360402396421e+00 2.636663584694254769e+00 2.637275140708146726e+00 2.638897967039522729e+00 2.641520304777464023e+00 2.645122785870614113e+00 2.649678579407558132e+00 2.655153594700494057e+00 2.661506739628747287e+00 2.668690232278075225e+00 2.676649963506084529e+00 2.685325907676484380e+00 2.694652578438294199e+00 2.704559526083206933e+00 2.714971872697935051e+00 2.725810881040612532e+00 2.736994552813629245e+00 2.748438251781555319e+00 2.760055346993585790e+00 2.771757871216994129e+00 2.783457189572121848e+00 2.795064673281868917e+00 2.806492373409542385e+00 2.817653689459045818e+00
2.774637308129443980e+00 2.782604869225258515e+00 2.790228963229251846e+00 2.797449298268981810e+00 2.804208828823194111e+00 2.810454193859518668e+00 2.816136126593114852e+00 2.821209832740822154e+00 2.825635334385773856e+00 2.829377776829838709e+00 2.832407696093615979e+00 2.834701245023893534e+00 2.836240376284199005e+00 2.837012980832914533e+00 2.837012980832914533e+00 2.836240376284199005e+00 2.834701245023893534e+00 2.832407696093615979e+00 2.829377776829838709e+00 2.825635334385773856e+00 2.821209832740822154e+00 2.816136126593114852e+00 2.810454193859518668e+00 2.804208828823194111e+00 2.797449298268981810e+00 2.790228963229251846e+00 2.782604869225258515e+00 2.774637308129443980e+00 2.766389354990783200e+00 2.757926383356419375e+00 2.749315562787117528e+00 2.740625342400186071e+00 2.731924924380398689e+00 2.723283731476394909e+00 2.714770872546348190e+00 2.706454610232017277e+00 2.698401834824639689e+00 2.690677548339455161e+00 2.683344362738389055e+00 2.676462016133202670e+00 2.670086910664957625e+00 2.664271675591022959e+00 2.659064758919408522e+00 2.654510050713202673e+00 2.650646540947193763e+00 2.647508014536027687e+00 2.645122785870614113e+00 2.643513474898967264e+00 2.642696826471718552e+00 2.642683574343349218e+00 2.643478350880492656e+00 2.645079643180837881e+00 2.647479795953026738e+00 2.650665061152055468e+00 2.654615694008851445e+00 2.659306094739548154e+00 2.664704994872268529e+00 2.670775686789535808e+00 2.677476294755404940e+00 2.684760085380512695e+00 2.692575815177892906e+00 2.700868112579881686e+00 2.709577891523945237e+00 2.718642793474648656e+00 2.727997654532333893e+00 2.737574994087720537e+00 2.747305521317367383e+00 2.757118655678699071e+00 2.766943057456371147e+00 2.776707164334775157e+00 2.786339729925167763e+00 2.795770360160520607e+00 2.804930043486921765e+00 2.813751670826996065e+00 2.822170541368132834e+00 2.830124850335578035e+00 2.837556155046989659e+00 2.844409815709709743e+00 2.850635407613597128e+00 2.856187101589361621e+00 2.861024009843140092e+00 2.865110494540937136e+00 2.868416436799369862e+00 2.870917464039765665e+00 2.872595133978898208e+00 2.873437073858898572e+00 2.873437073858898572e+00 2.872595133978898208e+00 2.870917464039765665e+00 2.868416436799369862e+00 2.865110494540937136e+00 2.861024009843140092e+00 2.856187101589361621e+00 2.850635407613597128e+00 2.844409815709709743e+00 2.837556155046989659e+00 2.830124850335578035e+00 2.822170541368132834e+00 2.813751670826996065e+00 2.804930043486921765e+00 2.795770360160520607e+00 2.786339729925167763e+00 2.776707164334775157e+00 2.766943057456371147e+00 2.757118655678699071e+00 2.747305521317367383e+00 2.737574994087720537e+00 2.727997654532333893e+00 2.718642793474648656e+00 2.709577891523945237e+00 2.700868112579881686e+00 2.692575815177892906e+00 2.684760085380512695e+00 2.677476294755404940e+00 2.670775686789535808e+00 2.664704994872268529e+00 2.659306094739548154e+00 2.654615694008851445e+00 2.650665061152055468e+00 2.647479795953026738e+00 2.645079643180837881e+00 2.643478350880492656e+00 2.642683574343349218e+00 2.642696826471718552e+00 2.643513474898967264e+00 2.645122785870614113e+00 2.647508014536027687e+00 2.650646540947193763e+00 2.654510050713202673e+00 2.659064758919408522e+00 2.664271675591022959e+00 2.670086910664957625e+00 2.676462016133202670e+00 2.683344362738389055e+00 2.690677548339455161e+00 2.698401834824639689e+00 2.706454610232017277e+00 2.714770872546348190e+00 2.723283731476394909e+00 2.731924924380398689e+00 2.740625342400186071e+00 2.749315562787117528e+00 2.757926383356419375e+00 2.766389354990783200e+00
2.725314206945727236e+00 2.730701201818714896e+00 2.735897837844690983e+00 2.740859582519330928e+00 2.745544053934212858e+00 2.749911352123229680e+00 2.753924370812323108e+00 2.757549087184543168e+00 2.760754827441118220e+00 2.763514506124851611e+00 2.765804837373266878e+00 2.767606516483966939e+00 2.768904370402157866e+00 2.769687475978214852e+00 2.769949245089982526e+00 2.769687475978214852e+00 2.768904370402157866e+00 2.767606516483966939e+00 2.765804837373266878e+00 2.763514506124851611e+00 2.760754827441118220e+00 2.757549087184543168e+00 2.753924370812323108e+00 2.749911352123229680e+00 2.745544053934212858e+00 2.740859582519330928e+00 2.735897837844690983e+00 2.730701201818714896e+00 2.725314206945727236e+00 2.719783187921346101e+00 2.714155918839311621e+00 2.708481238790148904e+00 2.702808668721691898e+00 2.697188022499142690e+00 2.691669015147709842e+00 2.686300871283402003e+00 2.681131936737164434e+00 2.676209296354351341e+00 2.671578400905417983e+00 2.667282705975345891e+00 2.663363325609011678e+00 2.659858703378226608e+00 2.656804303404332490e+00 2.654232323719070585e+00 2.652171434177094334e+00 2.650646540947193763e+00 2.649678579407558132e+00 2.649284337054681249e+00 2.649476307807498099e+00 2.650262578849694517e+00 2.651646750905836125e+00 2.653627892592605786e+00 2.656200529227338070e+00 2.659354666213799234e+00 2.663075846862037022e+00 2.667345244236984936e+00 2.672139786371392933e+00 2.677432313924548168e+00 2.683191769121032078e+00 2.689383414565391206e+00 2.695969080300818721e+00 2.702907437264551849e+00 2.710154295091237397e+00 2.717662922029690176e+00 2.725384384569478069e+00 2.733267904223099176e+00 2.741261228778157477e+00 2.749311015223056653e+00 2.757363221459945724e+00 2.765363503850928328e+00 2.773257617598096303e+00 2.780991816935428407e+00 2.788513252110906393e+00 2.795770360160520607e+00 2.802713246521930213e+00 2.809294054604047020e+00 2.815467320519231098e+00 2.821190310296428638e+00 2.826423337025588012e+00 2.831130055535114209e+00 2.835277732373671977e+00 2.838837489054245378e+00 2.841784516720414100e+00 2.844098260610827378e+00 2.845762572926280765e+00 2.846765832942760976e+00 2.847101033461621356e+00 2.846765832942760976e+00 2.845762572926280765e+00 2.844098260610827378e+00 2.841784516720414100e+00 2.838837489054245378e+00 2.835277732373671977e+00 2.831130055535114209e+00 2.826423337025588012e+00 2.821190310296428638e+00 2.815467320519231098e+00 2.809294054604047020e+00 2.802713246521930213e+00 2.795770360160520607e+00 2.788513252110906393e+00 2.780991816935428407e+00 2.773257617598096303e+00 2.765363503850928328e+00 2.757363221459945724e+00 2.749311015223056653e+00 2.741261228778157477e+00 2.733267904223099176e+00 2.725384384569478069e+00 2.717662922029690176e+00 2.710154295091237397e+00 2.702907437264551849e+00 2.695969080300818721e+00 2.689383414565391206e+00 2.683191769121032078e+00 2.677432313924548168e+00 2.672139786371392933e+00 2.667345244236984936e+00 2.663075846862037022e+00 2.659354666213799234e+00 2.656200529227338070e+00 2.653627892592605786e+00 2.651646750905836125e+00 2.650262578849694517e+00 2.649476307807498099e+00 2.649284337054681249e+00 2.649678579407558132e+00 2.650646540947193763e+00 2.652171434177094334e+00 2.654232323719070585e+00 2.656804303404332490e+00 2.659858703378226608e+00 2.663363325609011678e+00 2.667282705975345891e+00 2.671578400905417983e+00 2.676209296354351341e+00 2.681131936737164434e+00 2.686300871283402003e+00 2.691669015147709842e+00 2.697188022499142690e+00 2.702808668721691898e+00 2.708481238790148904e+00 2.714155918839311621e+00 2.719783187921346101e+00
2.680870102781293340e+00 2.683523636238940302e+00 2.686123554303823990e+00 2.688642228561524572e+00 2.691053193270706245e+00 2.693331360673837604e+00 2.695453224757986543e+00 2.697397051890496389e+00 2.699143056856353695e+00 2.700673562937256467e+00 2.701973144795997595e+00 2.703028753062832745e+00 2.703829819661949685e+00 2.704368343065016944e+00 2.704638952813787522e+00 2.704638952813787522e+00 2.704368343065016944e+00 2.703829819661949685e+00 2.703028753062832745e+00 2.701973144795997595e+00 2.700673562937256467e+00 2.699143056856353695e+00 2.697397051890496389e+00 2.695453224757986543e+00 2.693331360673837604e+00 2.691053193270706245e+00 2.688642228561524572e+00 2.686123554303823990e+00 2.683523636238940302e+00 2.680870102781293340e+00 2.678191519822777256e+00 2.675517157394597945e+00 2.672876749992703083e+00 2.670300252423081222e+00 2.667817593059079062e+00 2.665458426424331950e+00 2.663251887021676811e+00 2.661226346320583414e+00 2.659409174793041952e+00 2.657826510850948232e+00 2.656503038486803803e+00 2.655461775354651888e+00 2.654723872949843688e+00 2.654308430455321055e+00 2.654232323719070585e+00 2.654510050713202673e+00 2.655153594700494057e+00 2.656172306200200506e+00 2.657572804702561964e+00 2.659358900931609870e+00 2.661531540300000831e+00 2.664088768038647359e+00 2.667025716319205930e+00 2.670334613520263023e+00 2.674004815619589248e+00 2.678022859526354882e+00 2.682372538000138196e+00 2.687034995638928336e+00 2.691988845257721863e+00 2.697210303823595279e+00 2.702673346963813561e+00 2.708349880921488317e+00 2.714209930699798434e+00 2.720221843011753293e+00 2.726352502538833988e+00 2.732567559899576448e+00 2.738831669638912558e+00 2.745108736471621569e+00 2.751362167949154891e+00 2.757555131668846915e+00 2.763650815108487979e+00 2.769612686147764347e+00 2.775404752331239511e+00 2.780991816935428407e+00 2.786339729925167763e+00 2.791415631921515317e+00 2.796188189354788634e+00 2.800627819041483946e+00 2.804706900502361488e+00 2.808399974430248136e+00 2.811683925819433494e+00 2.814538150383189219e+00 2.816944703010939133e+00 2.818888427151164944e+00 2.820357064149011439e+00 2.821341341717952478e+00 2.821835040881351286e+00 2.821835040881351286e+00 2.821341341717952478e+00 2.820357064149011439e+00 2.818888427151164944e+00 2.816944703010939133e+00 2.814538150383189219e+00 2.811683925819433494e+00 2.808399974430248136e+00 2.804706900502361488e+00 2.800627819041483946e+00 2.796188189354788634e+00 2.791415631921515317e+00 2.786339729925167763e+00 2.780991816935428407e+00 2.775404752331239511e+00 2.769612686147764347e+00 2.763650815108487979e+00 2.757555131668846915e+00 2.751362167949154891e+00 2.745108736471621569e+00 2.738831669638912558e+00 2.732567559899576448e+00 2.726352502538833988e+00 2.720221843011753293e+00 2.714209930699798434e+00 2.708349880921488317e+00 2.702673346963813561e+00 2.697210303823595279e+00 2.691988845257721863e+00 2.687034995638928336e+00 2.682372538000138196e+00 2.678022859526354882e+00 2.674004815619589248e+00 2.670334613520263023e+00 2.667025716319205930e+00 2.664088768038647359e+00 2.661531540300000831e+00 2.659358900931609870e+00 2.657572804702561964e+00 2.656172306200200506e+00 2.655153594700494057e+00 2.654510050713202673e+00 2.654232323719070585e+00 2.654308430455321055e+00 2.654723872949843688e+00 2.655461775354651888e+00 2.656503038486803803e+00 2.657826510850948232e+00 2.659409174793041952e+00 2.661226346320583414e+00 2.663251887021676811e+00 2.665458426424331950e+00 2.667817593059079062e+00 2.670300252423081222e+00 2.672876749992703083e+00 2.675517157394597945e+00 2.678191519822777256e+00
2.641643242104918965e+00 2.641429591747521233e+00 2.641281477065080541e+00 2.641189201753525673e+00 2.641143361411282697e+00 2.641134934351075714e+00 2.641155368097805933e+00 2.641196660880258396e+00 2.641251437465214291e+00 2.641313018728383089e+00 2.641375484407106011e+00 2.641433728534544834e+00 2.641483507113715934e+00 2.641521477651765260e+00 2.641545230239825681e+00 2.641553309931197635e+00 2.641545230239825681e+00 2.641521477651765260e+00 2.641483507113715934e+00 2.641433728534544834e+00 2.641375484407106011e+00 2.641313018728383089e+00 2.641251437465214291e+00 2.641196660880258396e+00 2.641155368097805933e+00 2.641134934351075714e+00 2.641143361411282697e+00 2.641189201753525673e+00 2.641281477065080541e+00 2.641429591747521233e+00 2.641643242104918965e+00 2.641932321945880346e+00 2.642306825357058297e+00 2.642776747429847806e+00 2.643351983739968158e+00 2.644042229391501575e+00 2.644856878442544357e+00 2.645804924528886826e+00 2.646894863495123040e+00 2.648134598829270825e+00 2.649531350677534203e+00 2.651091569190356712e+00 2.652820852919610228e+00 2.654723872949843688e+00 2.656804303404332490e+00 2.659064758919408522e+00 2.661506739628747287e+00 2.664130584143145075e+00 2.666935430951414165e+00 2.669919188604739535e+00 2.673078514980630871e+00 2.676408805854066042e+00 2.679904192932987872e+00 2.683557551443526368e+00 2.687360517277811667e+00 2.691303513644444312e+00 2.695375787089235420e+00 2.699565452682254563e+00 2.703859548097048204e+00 2.708244096239712295e+00 2.712704176019707702e+00 2.717224000791617744e+00 2.721787003937683025e+00 2.726375931005584174e+00 2.730972937764856834e+00 2.735559693498984313e+00 2.740117488808941903e+00 2.744627347168108855e+00 2.749070139438212212e+00 2.753426700531730109e+00 2.757677947387917161e+00 2.761804997417664165e+00 2.765789286566750160e+00 2.769612686147764347e+00 2.773257617598096303e+00 2.776707164334775157e+00 2.779945179896655461e+00 2.782956391590106104e+00 2.785726498886032854e+00 2.788242265853341451e+00 2.790491606956560844e+00 2.792463665593109656e+00 2.794148884798066224e+00 2.795539069601021165e+00 2.796627440580213175e+00 2.797408678223124667e+00 2.797878957769710073e+00 2.798035974283826111e+00 2.797878957769710073e+00 2.797408678223124667e+00 2.796627440580213175e+00 2.795539069601021165e+00 2.794148884798066224e+00 2.792463665593109656e+00 2.790491606956560844e+00 2.788242265853341451e+00 2.785726498886032854e+00 2.782956391590106104e+00 2.779945179896655461e+00 2.776707164334775157e+00 2.773257617598096303e+00 2.769612686147764347e+00 2.765789286566750160e+00 2.761804997417664165e+00 2.757677947387917161e+00 2.753426700531730109e+00 2.749070139438212212e+00 2.744627347168108855e+00 2.740117488808941903e+00 2.735559693498984313e+00 2.730972937764856834e+00 2.726375931005584174e+00 2.721787003937683025e+00 2.717224000791617744e+00 2.712704176019707702e+00 2.708244096239712295e+00 2.703859548097048204e+00 2.699565452682254563e+00 2.695375787089235420e+00 2.691303513644444312e+00 2.687360517277811667e+00 2.683557551443526368e+00 2.679904192932987872e+00 2.676408805854066042e+00 2.673078514980630871e+00 2.669919188604739535e+00 2.666935430951414165e+00 2.664130584143145075e+00 2.661506739628747287e+00 2.659064758919408522e+00 2.656804303404332490e+00 2.654723872949843688e+00 2.652820852919610228e+00 2.651091569190356712e+00 2.649531350677534203e+00 2.648134598829270825e+00 2.646894863495123040e+00 2.645804924528886826e+00 2.644856878442544357e+00 2.644042229391501575e+00 2.643351983739968158e+00 2.642776747429847806e+00 2.642306825357058297e+00 2.641932321945880346e+00
2.607932165012177173e+00 2.604737995897274949e+00 2.601709823540560240e+00 2.598856786117036410e+00 2.596187568557343894e+00 2.593710361250505692e+00 2.591432820788785119e+00 2.589362033009474207e+00 2.587504478574326416e+00 2.585866001311448059e+00 2.584451779526972803e+00 2.583266300474801991e+00 2.582313338152286253e+00 2.581595934568106099e+00 2.581116384605876224e+00 2.580876224583439793e+00 2.580876224583439793e+00 2.581116384605876224e+00 2.581595934568106099e+00 2.582313338152286253e+00 2.583266300474801991e+00 2.584451779526972803e+00 2.585866001311448059e+00 2.587504478574326416e+00 2.589362033009474207e+00 2.591432820788785119e+00 2.593710361250505692e+00 2.596187568557343894e+00 2.598856786117036410e+00 2.601709823540560240e+00 2.604737995897274949e+00 2.607932165012177173e+00 2.611282782538175251e+00 2.614779934525974792e+00 2.618413387205863696e+00 2.622172633689443977e+00 2.626046941295234749e+00 2.630025399200111913e+00 2.634096966118693928e+00 2.638250517715127419e+00 2.642474893456126406e+00 2.646758942620680344e+00 2.651091569190356712e+00 2.655461775354651888e+00 2.659858703378226608e+00 2.664271675591022959e+00 2.668690232278075225e+00 2.673104167263240516e+00 2.677503560999806353e+00 2.681878811001013219e+00 2.686220659464694460e+00 2.690520217968288108e+00 2.694768989133423887e+00 2.698958885182701994e+00 2.703082243335246826e+00 2.707131838011692437e+00 2.711100889843528261e+00 2.714983071505737033e+00 2.718772510415477850e+00 2.722463788362761594e+00 2.726051938161756727e+00 2.729532437433046521e+00 2.732901199647967072e+00 2.736154562585753514e+00 2.739289274372502359e+00 2.742302477287851925e+00 2.745191689540543489e+00 2.747954785227653129e+00 2.750589972704133412e+00 2.753095771599246344e+00 2.755470988724511017e+00 2.757714693123842320e+00 2.759826190520529021e+00 2.761804997417664165e+00 2.763650815108487979e+00 2.765363503850928328e+00 2.766943057456371147e+00 2.768389578536441409e+00 2.769703254643406609e+00 2.770884335529711695e+00 2.771933111740279454e+00 2.772849894737646537e+00 2.773634998744809010e+00 2.774288724474024637e+00 2.774811344891809028e+00 2.775203093151227929e+00 2.775464152802321838e+00 2.775594650370443173e+00 2.775594650370443173e+00 2.775464152802321838e+00 2.775203093151227929e+00 2.774811344891809028e+00 2.774288724474024637e+00 2.773634998744809010e+00 2.772849894737646537e+00 2.771933111740279454e+00 2.770884335529711695e+00 2.769703254643406609e+00 2.768389578536441409e+00 2.766943057456371147e+00 2.765363503850928328e+00 2.763650815108487979e+00 2.761804997417664165e+00 2.759826190520529021e+00 2.757714693123842320e+00 2.755470988724511017e+00 2.753095771599246344e+00 2.750589972704133412e+00 2.747954785227653129e+00 2.745191689540543489e+00 2.742302477287851925e+00 2.739289274372502359e+00 2.736154562585753514e+00 2.732901199647967072e+00 2.729532437433046521e+00 2.726051938161756727e+00 2.722463788362761594e+00 2.718772510415477850e+00 2.714983071505737033e+00 2.711100889843528261e+00 2.707131838011692437e+00 2.703082243335246826e+00 2.698958885182701994e+00 2.694768989133423887e+00 2.690520217968288108e+00 2.686220659464694460e+00 2.681878811001013219e+00 2.677503560999806353e+00 2.673104167263240516e+00 2.668690232278075225e+00 2.664271675591022959e+00 2.659858703378226608e+00 2.655461775354651888e+00 2.651091569190356712e+00 2.646758942620680344e+00 2.642474893456126406e+00 2.638250517715127419e+00 2.634096966118693928e+00 2.630025399200111913e+00 2.626046941295234749e+00 2.622172633689443977e+00 2.618413387205863696e+00 2.614779934525974792e+00 2.611282782538175251e+00
2.579993433155050031e+00 2.573726860029842634e+00 2.567707095878140944e+00 2.561962882056380231e+00 2.556521894708662757e+00 2.551410564669144954e+00 2.546653904819600189e+00 2.542275346161793959e+00 2.538296583801924466e+00 2.534737433973031084e+00 2.531615703141365525e+00 2.528947070154977439e+00 2.526744982297838948e+00 2.525020566011276557e+00 2.523782552937359647e+00 2.523037221826637033e+00 2.522788356736460624e+00 2.523037221826637033e+00 2.523782552937359647e+00 2.525020566011276557e+00 2.526744982297838948e+00 2.528947070154977439e+00 2.531615703141365525e+00 2.534737433973031084e+00 2.538296583801924466e+00 2.542275346161793959e+00 2.546653904819600189e+00 2.551410564669144954e+00 2.556521894708662757e+00 2.561962882056380231e+00 2.567707095878140944e+00 2.573726860029842634e+00 2.579993433155050031e+00 2.586477194925243861e+00 2.593147837067186767e+00 2.599974557789034524e+00 2.606926258194496526e+00 2.613971739262546112e+00 2.621079897969124772e+00 2.628219921136901949e+00 2.635361475619353300e+00 2.642474893456126406e+00 2.649531350677534203e+00 2.656503038486803803e+00 2.663363325609011678e+00 2.670086910664957625e+00 2.676649963506084529e+00 2.683030254532299708e+00 2.689207271107601382e+00 2.695162320287922686e+00 2.700878617181030616e+00 2.706341358368597572e+00 2.711537779935069281e+00 2.716457199765686337e+00 2.721091043896160411e+00 2.725432856818041927e+00 2.729478295765960016e+00 2.733225109134606701e+00 2.736673099293714273e+00 2.739824070187447447e+00 2.742681760219607856e+00 2.745251761037061033e+00 2.747541422929930643e+00 2.749559747667600362e+00 2.751317269683608568e+00 2.752825926609440810e+00 2.754098920236387471e+00 2.755150569055340171e+00 2.755996153586230957e+00 2.756651755761252431e+00 2.757134093668598851e+00 2.757460352996039088e+00 2.757648016535792834e+00 2.757714693123842320e+00 2.757677947387917161e+00 2.757555131668846915e+00 2.757363221459945724e+00 2.757118655678699071e+00 2.756837183044506201e+00 2.756533715785911109e+00 2.756222191841026348e+00 2.755915446646133748e+00 2.755625095530407354e+00 2.755361427649685169e+00 2.755133312300170001e+00 2.754948118354327846e+00 2.754811647457019230e+00 2.754728081510650295e+00 2.754699944864971162e+00 2.754728081510650295e+00 2.754811647457019230e+00 2.754948118354327846e+00 2.755133312300170001e+00 2.755361427649685169e+00 2.755625095530407354e+00 2.755915446646133748e+00 2.756222191841026348e+00 2.756533715785911109e+00 2.756837183044506201e+00 2.757118655678699071e+00 2.757363221459945724e+00 2.757555131668846915e+00 2.757677947387917161e+00 2.757714693123842320e+00 2.757648016535792834e+00 2.757460352996039088e+00 2.757134093668598851e+00 2.756651755761252431e+00 2.755996153586230957e+00 2.755150569055340171e+00 2.754098920236387471e+00 2.752825926609440810e+00 2.751317269683608568e+00 2.749559747667600362e+00 2.747541422929930643e+00 2.745251761037061033e+00 2.742681760219607856e+00 2.739824070187447447e+00 2.736673099293714273e+00 2.733225109134606701e+00 2.729478295765960016e+00 2.725432856818041927e+00 2.721091043896160411e+00 2.716457199765686337e+00 2.711537779935069281e+00 2.706341358368597572e+00 2.700878617181030616e+00 2.695162320287922686e+00 2.689207271107601382e+00 2.683030254532299708e+00 2.676649963506084529e+00 2.670086910664957625e+00 2.663363325609011678e+00 2.656503038486803803e+00 2.649531350677534203e+00 2.642474893456126406e+00 2.635361475619353300e+00 2.628219921136901949e+00 2.621079897969124772e+00 2.613971739262546112e+00 2.606926258194496526e+00 2.599974557789034524e+00 2.593147837067186767e+00 2.586477194925243861e+00
2.558039677152834646e+00 2.548631165790217423e+00 2.539529814247210915e+00 2.530784595081863486e+00 2.522442943428596429e+00 2.514550432386597922e+00 2.507150460277356885e+00 2.500283952086581607e+00 2.493989077302305013e+00 2.488300986240844281e+00 2.483251566816256695e+00 2.478869223558211932e+00 2.475178680518772101e+00 2.472200809531738930e+00 2.469952485100378237e+00 2.468446466991741861e+00 2.467691311410164179e+00 2.467691311410164179e+00 2.468446466991741861e+00 2.469952485100378237e+00 2.472200809531738930e+00 2.475178680518772101e+00 2.478869223558211932e+00 2.483251566816256695e+00 2.488300986240844281e+00 2.493989077302305013e+00 2.500283952086581607e+00 2.507150460277356885e+00 2.514550432386597922e+00 2.522442943428596429e+00 2.530784595081863486e+00 2.539529814247210915e+00 2.548631165790217423e+00 2.558039677152834646e+00 2.567705172432917404e+00 2.577576613462673638e+00 2.587602445367860771e+00 2.597730944059440716e+00 2.607910563098465140e+00 2.618090277383422926e+00 2.628219921136901949e+00 2.638250517715127419e+00 2.648134598829270825e+00 2.657826510850948232e+00 2.667282705975345891e+00 2.676462016133202670e+00 2.685325907676484380e+00 2.693838715011042328e+00 2.701967851511685392e+00 2.709683996229682368e+00 2.716961255088418792e+00 2.723777295458329917e+00 2.730113453205910812e+00 2.735954811521809305e+00 2.741290251048475124e+00 2.746112471046469494e+00 2.750417981559218461e+00 2.754207066756460875e+00 2.757483719855759130e+00 2.760255550237072697e+00 2.762533663576327125e+00 2.764332516028103814e+00 2.765669743683954795e+00 2.766565968719421065e+00 2.767044583818634607e+00 2.767131516628763332e+00 2.766854976146399192e+00 2.766245183073229086e+00 2.765334086297718041e+00 2.764155067762463336e+00 2.762742638062276601e+00 2.761132125185547181e+00 2.759359358860257405e+00 2.757460352996039088e+00 2.755470988724511017e+00 2.753426700531730109e+00 2.751362167949154891e+00 2.749311015223056653e+00 2.747305521317367383e+00 2.745376342521932411e+00 2.743552249837661439e+00 2.741859883193042080e+00 2.740323524413601053e+00 2.738964890718403655e+00 2.737802950356497345e+00 2.736853761822776843e+00 2.736130337908150523e+00 2.735642535644868811e+00 2.735396973005533194e+00 2.735396973005533194e+00 2.735642535644868811e+00 2.736130337908150523e+00 2.736853761822776843e+00 2.737802950356497345e+00 2.738964890718403655e+00 2.740323524413601053e+00 2.741859883193042080e+00 2.743552249837661439e+00 2.745376342521932411e+00 2.747305521317367383e+00 2.749311015223056653e+00 2.751362167949154891e+00 2.753426700531730109e+00 2.755470988724511017e+00 2.757460352996039088e+00 2.759359358860257405e+00 2.761132125185547181e+00 2.762742638062276601e+00 2.764155067762463336e+00 2.765334086297718041e+00 2.766245183073229086e+00 2.766854976146399192e+00 2.767131516628763332e+00 2.767044583818634607e+00 2.766565968719421065e+00 2.765669743683954795e+00 2.764332516028103814e+00 2.762533663576327125e+00 2.760255550237072697e+00 2.757483719855759130e+00 2.754207066756460875e+00 2.750417981559218461e+00 2.746112471046469494e+00 2.741290251048475124e+00 2.735954811521809305e+00 2.730113453205910812e+00 2.723777295458329917e+00 2.716961255088418792e+00 2.709683996229682368e+00 2.701967851511685392e+00 2.693838715011042328e+00 2.685325907676484380e+00 2.676462016133202670e+00 2.667282705975345891e+00 2.657826510850948232e+00 2.648134598829270825e+00 2.638250517715127419e+00 2.628219921136901949e+00 2.618090277383422926e+00 2.607910563098465140e+00 2.597730944059440716e+00 2.587602445367860771e+00 2.577576613462673638e+00 2.567705172432917404e+00
2.542237978344749738e+00 2.529641078738683380e+00 2.517390568869465106e+00 2.505556133873429570e+00 2.494205594555357841e+00 2.483404433578466186e+00 2.473215336889559968e+00 2.463697753793622436e+00 2.454907478955233646e+00 2.446896259442458366e+00 2.439711429743542048e+00 2.433395577479268379e+00 2.427986242305667286e+00 2.423515650254829623e+00 2.420010485497470665e+00 2.417491701231872625e+00 2.415974371111881513e+00 2.415467582323910012e+00 2.415974371111881513e+00 2.417491701231872625e+00 2.420010485497470665e+00 2.423515650254829623e+00 2.427986242305667286e+00 2.433395577479268379e+00 2.439711429743542048e+00 2.446896259442458366e+00 2.454907478955233646e+00 2.463697753793622436e+00 2.473215336889559968e+00 2.483404433578466186e+00 2.494205594555357841e+00 2.505556133873429570e+00 2.517390568869465106e+00 2.529641078738683380e+00 2.542237978344749738e+00 2.555110203739562547e+00 2.568185805783052889e+00 2.581392448196142997e+00 2.594657906350640530e+00 2.607910563098465140e+00 2.621079897969124772e+00 2.634096966118693928e+00 2.646894863495123040e+00 2.659409174793041952e+00 2.671578400905417983e+00 2.683344362738389055e+00 2.694652578438294199e+00 2.705452611284744346e+00 2.715698385729104825e+00 2.725348469302244059e+00 2.734366318376958205e+00 2.742720486047040662e+00 2.750384790674676783e+00 2.757338443958104346e+00 2.763566137680420365e+00 2.769058088615322877e+00 2.773810041384360048e+00 2.777823229380186110e+00 2.781104294189306714e+00 2.783665164263025904e+00 2.785522893894748275e+00 2.786699463862813086e+00 2.787221545388502530e+00 2.787120229336537580e+00 2.786430722848081576e+00 2.785192015842140378e+00 2.783446520048227679e+00 2.781239683439781896e+00 2.778619583122218017e+00 2.775636499890548947e+00 2.772342477807776984e+00 2.768790872265898262e+00 2.765035890075342451e+00 2.761132125185547181e+00 2.757134093668598851e+00 2.753095771599246344e+00 2.749070139438212212e+00 2.745108736471621569e+00 2.741261228778157477e+00 2.737574994087720537e+00 2.734094726761767902e+00 2.730862065967263330e+00 2.727915249934337094e+00 2.725288798983882543e+00 2.723013229786844125e+00 2.721114803073660937e+00 2.719615306752133588e+00 2.718531876116685897e+00 2.717876852543943844e+00 2.717657681770802469e+00 2.717876852543943844e+00 2.718531876116685897e+00 2.719615306752133588e+00 2.721114803073660937e+00 2.723013229786844125e+00 2.725288798983882543e+00 2.727915249934337094e+00 2.730862065967263330e+00 2.734094726761767902e+00 2.737574994087720537e+00 2.741261228778157477e+00 2.745108736471621569e+00 2.749070139438212212e+00 2.753095771599246344e+00 2.757134093668598851e+00 2.761132125185547181e+00 2.765035890075342451e+00 2.768790872265898262e+00 2.772342477807776984e+00 2.775636499890548947e+00 2.778619583122218017e+00 2.781239683439781896e+00 2.783446520048227679e+00 2.785192015842140378e+00 2.786430722848081576e+00 2.787120229336537580e+00 2.787221545388502530e+00 2.786699463862813086e+00 2.785522893894748275e+00 2.783665164263025904e+00 2.781104294189306714e+00 2.777823229380186110e+00 2.773810041384360048e+00 2.769058088615322877e+00 2.763566137680420365e+00 2.757338443958104346e+00 2.750384790674676783e+00 2.742720486047040662e+00 2.734366318376958205e+00 2.725348469302244059e+00 2.715698385729104825e+00 2.705452611284744346e+00 2.694652578438294199e+00 2.683344362738389055e+00 2.671578400905417983e+00 2.659409174793041952e+00 2.646894863495123040e+00 2.634096966118693928e+00 2.621079897969124772e+00 2.607910563098465140e+00 2.594657906350640530e+00 2.581392448196142997e+00 2.568185805783052889e+00 2.555110203739562547e+00
2.532708597200052481e+00 2.516900502651889138e+00 2.501456405611770073e+00 2.486467033668256388e+00 2.472021072943447528e+00 2.458204541473249183e+00 2.445100180099727627e+00 2.432786865424531708e+00 2.421339049209964234e+00 2.410826228418609940e+00 2.401312449855071307e+00 2.392855853115887221e+00 2.385508255268252942e+00 2.379314780366665438e+00 2.374313536581664330e+00 2.370535343358791902e+00 2.368003510651533805e+00 2.366733671882191192e+00 2.366733671882191192e+00 2.368003510651533805e+00 2.370535343358791902e+00 2.374313536581664330e+00 2.379314780366665438e+00 2.385508255268252942e+00 2.392855853115887221e+00 2.401312449855071307e+00 2.410826228418609940e+00 2.421339049209964234e+00 2.432786865424531708e+00 2.445100180099727627e+00 2.458204541473249183e+00 2.472021072943447528e+00 2.486467033668256388e+00 2.501456405611770073e+00 2.516900502651889138e+00 2.532708597200052481e+00 2.548788559656103292e+00 2.565047505928813365e+00 2.581392448196142997e+00 2.597730944059440716e+00 2.613971739262546112e+00 2.630025399200111913e+00 2.645804924528886826e+00 2.661226346320583414e+00 2.676209296354351341e+00 2.690677548339455161e+00 2.704559526083206933e+00 2.717788774873650670e+00 2.730304392629157473e+00 2.742051417675600344e+00 2.752981170344097617e+00 2.763051545935493181e+00 2.772227256969537645e+00 2.780480023023921721e+00 2.787788706868246535e+00 2.794139396007418341e+00 2.799525429164867685e+00 2.803947367655196476e+00 2.807412912015114781e+00 2.809936764677706034e+00 2.811540439885032328e+00 2.812252022434573728e+00 2.812105877243163743e+00 2.811142312084796036e+00 2.809407196213230762e+00 2.806951537913918937e+00 2.803831024339974221e+00 2.800105527271318007e+00 2.795838578692495080e+00 2.791096820311255389e+00 2.785949431334844295e+00 2.780467538982798192e+00 2.774723616342490207e+00 2.768790872265898262e+00 2.762742638062276601e+00 2.756651755761252431e+00 2.750589972704133412e+00 2.744627347168108855e+00 2.738831669638912558e+00 2.733267904223099176e+00 2.727997654532333893e+00 2.723078658180215772e+00 2.718564313808593536e+00 2.714503244306873508e+00 2.710938899606329056e+00 2.707909202124064496e+00 2.705446237600485748e+00 2.703575993722293180e+00 2.702318148552953492e+00 2.701685910407084723e+00 2.701685910407084723e+00 2.702318148552953492e+00 2.703575993722293180e+00 2.705446237600485748e+00 2.707909202124064496e+00 2.710938899606329056e+00 2.714503244306873508e+00 2.718564313808593536e+00 2.723078658180215772e+00 2.727997654532333893e+00 2.733267904223099176e+00 2.738831669638912558e+00 2.744627347168108855e+00 2.750589972704133412e+00 2.756651755761252431e+00 2.762742638062276601e+00 2.768790872265898262e+00 2.774723616342490207e+00 2.780467538982798192e+00 2.785949431334844295e+00 2.791096820311255389e+00 2.795838578692495080e+00 2.800105527271318007e+00 2.803831024339974221e+00 2.806951537913918937e+00 2.809407196213230762e+00 2.811142312084796036e+00 2.812105877243163743e+00 2.812252022434573728e+00 2.811540439885032328e+00 2.809936764677706034e+00 2.807412912015114781e+00 2.803947367655196476e+00 2.799525429164867685e+00 2.794139396007418341e+00 2.787788706868246535e+00 2.780480023023921721e+00 2.772227256969537645e+00 2.763051545935493181e+00 2.752981170344097617e+00 2.742051417675600344e+00 2.730304392629157473e+00 2.717788774873650670e+00 2.704559526083206933e+00 2.690677548339455161e+00 2.676209296354351341e+00 2.661226346320583414e+00 2.645804924528886826e+00 2.630025399200111913e+00 2.613971739262546112e+00 2.597730944059440716e+00 2.581392448196142997e+00 2.565047505928813365e+00 2.548788559656103292e+00
2.529524058063250092e+00 2.510505985512708538e+00 2.491847557421001280e+00 2.473660718482248111e+00 2.456055347917051268e+00 2.439138477540619743e+00 2.423013528497710123e+00 2.407779572375608357e+00 2.393530622226768045e+00 2.380354958811151445e+00 2.368334497106529657e+00 2.357544197834919419e+00 2.348051528417264056e+00 2.339915977398961733e+00 2.333188625988646070e+00 2.327911779924852542e+00 2.324118664433028059e+00 2.321833184562209773e+00 2.321069752700234634e+00 2.321833184562209773e+00 2.324118664433028059e+00 2.327911779924852542e+00 2.333188625988646070e+00 2.339915977398961733e+00 2.348051528417264056e+00 2.357544197834919419e+00 2.368334497106529657e+00 2.380354958811151445e+00 2.393530622226768045e+00 2.407779572375608357e+00 2.423013528497710123e+00 2.439138477540619743e+00 2.456055347917051268e+00 2.473660718482248111e+00 2.491847557421001280e+00 2.510505985512708538e+00 2.529524058063250092e+00 2.548788559656103292e+00 2.568185805783052889e+00 2.587602445367860771e+00 2.606926258194496526e+00 2.626046941295234749e+00 2.644856878442544357e+00 2.663251887021676811e+00 2.681131936737164434e+00 2.698401834824639689e+00 2.714971872697935051e+00 2.730758429258214992e+00 2.745684526424816863e+00 2.759680332813809311e+00 2.772683611887384103e+00 2.784640111321998290e+00 2.795503890792366164e+00 2.805237585838698866e+00 2.813812605972243031e+00 2.821209265675634459e+00 2.827416847465897387e+00 2.832433596705282053e+00 2.836266648364590193e+00 2.838931886461178333e+00 2.840453737405618906e+00 2.840864898993016308e+00 2.840206007263553545e+00 2.838525243928088582e+00 2.835877887505118267e+00 2.832325811741665422e+00 2.827936935289331100e+00 2.822784626975020306e+00 2.816947071340749620e+00 2.810506599425956153e+00 2.803548990026696330e+00 2.796162746886917461e+00 2.788438357456013872e+00 2.780467538982798192e+00 2.772342477807776984e+00 2.764155067762463336e+00 2.755996153586230957e+00 2.747954785227653129e+00 2.740117488808941903e+00 2.732567559899576448e+00 2.725384384569478069e+00 2.718642793474648656e+00 2.712412453970509230e+00 2.706757304952377652e+00 2.701735038790827659e+00 2.697396634364578549e+00 2.693785944797908005e+00 2.690939343086395041e+00 2.688885428347235873e+00 2.687644794961983497e+00 2.687229866393807232e+00 2.687644794961983497e+00 2.688885428347235873e+00 2.690939343086395041e+00 2.693785944797908005e+00 2.697396634364578549e+00 2.701735038790827659e+00 2.706757304952377652e+00 2.712412453970509230e+00 2.718642793474648656e+00 2.725384384569478069e+00 2.732567559899576448e+00 2.740117488808941903e+00 2.747954785227653129e+00 2.755996153586230957e+00 2.764155067762463336e+00 2.772342477807776984e+00 2.780467538982798192e+00 2.788438357456013872e+00 2.796162746886917461e+00 2.803548990026696330e+00 2.810506599425956153e+00 2.816947071340749620e+00 2.822784626975020306e+00 2.827936935289331100e+00 2.832325811741665422e+00 2.835877887505118267e+00 2.838525243928088582e+00 2.840206007263553545e+00 2.840864898993016308e+00 2.840453737405618906e+00 2.838931886461178333e+00 2.836266648364590193e+00 2.832433596705282053e+00 2.827416847465897387e+00 2.821209265675634459e+00 2.813812605972243031e+00 2.805237585838698866e+00 2.795503890792366164e+00 2.784640111321998290e+00 2.772683611887384103e+00 2.759680332813809311e+00 2.745684526424816863e+00 2.730758429258214992e+00 2.714971872697935051e+00 2.698401834824639689e+00 2.681131936737164434e+00 2.663251887021676811e+00 2.644856878442544357e+00 2.626046941295234749e+00 2.606926258194496526e+00 2.587602445367860771e+00 2.568185805783052889e+00 2.548788559656103292e+00
2.532708597200052481e+00 2.510505985512708538e+00 2.488636531250152828e+00 2.467233413098846917e+00 2.446427875603201851e+00 2.426348290555507159e+00 2.407119237060419525e+00 2.388860607166647387e+00 2.371686743770205386e+00 2.355705617254469697e+00 2.341018047044081118e+00 2.327716973914799148e+00 2.315886788522035555e+00 2.305602721190141313e+00 2.296930297545471511e+00 2.289924864082564238e+00 2.284631187227986526e+00 2.281083128914588976e+00 2.279303401104284088e+00 2.279303401104284088e+00 2.281083128914588976e+00 2.284631187227986526e+00 2.289924864082564238e+00 2.296930297545471511e+00 2.305602721190141313e+00 2.315886788522035555e+00 2.327716973914799148e+00 2.341018047044081118e+00 2.355705617254469697e+00 2.371686743770205386e+00 2.388860607166647387e+00 2.407119237060419525e+00 2.426348290555507159e+00 2.446427875603201851e+00 2.467233413098846917e+00 2.488636531250152828e+00 2.510505985512708538e+00 2.532708597200052481e+00 2.555110203739562547e+00 2.577576613462673638e+00 2.599974557789034524e+00 2.622172633689443977e+00 2.644042229391501575e+00 2.665458426424331950e+00 2.686300871283402003e+00 2.706454610232017277e+00 2.725810881040612532e+00 2.744267855796489020e+00 2.761731329292446357e+00 2.778115347920053324e+00 2.793342774448966281e+00 2.807345784564093449e+00 2.820066291553996241e+00 2.831456296092544900e+00 2.841478158627482653e+00 2.850104792479695615e+00 2.857319776361341379e+00 2.863117385634699641e+00 2.867502542252256870e+00 2.870490683937242604e+00 2.872107553777932143e+00 2.872388912013909223e+00 2.871380172383460661e+00 2.869135965973876434e+00 2.865719636066339504e+00 2.861202667990073056e+00 2.855664058492552115e+00 2.849189629590049844e+00 2.841871292282224459e+00 2.833806265892560905e+00 2.825096259130445375e+00 2.815846619257953876e+00 2.806165455982835510e+00 2.796162746886917461e+00 2.785949431334844295e+00 2.775636499890548947e+00 2.765334086297718041e+00 2.755150569055340171e+00 2.745191689540543489e+00 2.735559693498984313e+00 2.726352502538833988e+00 2.717662922029690176e+00 2.709577891523945237e+00 2.702177783487766494e+00 2.695535755754123741e+00 2.689717162694387653e+00 2.684779029650834037e+00 2.680769594683601653e+00 2.677727921165834246e+00 2.675683584214040067e+00 2.674656433371052966e+00 2.674656433371052966e+00 2.675683584214040067e+00 2.677727921165834246e+00 2.680769594683601653e+00 2.684779029650834037e+00 2.689717162694387653e+00 2.695535755754123741e+00 2.702177783487766494e+00 2.709577891523945237e+00 2.717662922029690176e+00 2.726352502538833988e+00 2.735559693498984313e+00 2.745191689540543489e+00 2.755150569055340171e+00 2.765334086297718041e+00 2.775636499890548947e+00 2.785949431334844295e+00 2.796162746886917461e+00 2.806165455982835510e+00 2.815846619257953876e+00 2.825096259130445375e+00 2.833806265892560905e+00 2.841871292282224459e+00 2.849189629590049844e+00 2.855664058492552115e+00 2.861202667990073056e+00 2.865719636066339504e+00 2.869135965973876434e+00 2.871380172383460661e+00 2.872388912013909223e+00 2.872107553777932143e+00 2.870490683937242604e+00 2.867502542252256870e+00 2.863117385634699641e+00 2.857319776361341379e+00 2.850104792479695615e+00 2.841478158627482653e+00 2.831456296092544900e+00 2.820066291553996241e+00 2.807345784564093449e+00 2.793342774448966281e+00 2.778115347920053324e+00 2.761731329292446357e+00 2.744267855796489020e+00 2.725810881040612532e+00 2.706454610232017277e+00 2.686300871283402003e+00 2.665458426424331950e+00 2.644042229391501575e+00 2.622172633689443977e+00 2.599974557789034524e+00 2.577576613462673638e+00 2.555110203739562547e+00
2.542237978344749738e+00 2.516900502651889138e+00 2.491847557421001280e+00 2.467233413098846917e+00 2.443210693705918146e+00 2.419929281337435345e+00 2.397535238183364115e+00 2.376169754152142932e+00 2.355968127994573003e+00 2.337058789576172746e+00 2.319562370640138038e+00 2.303590831041252063e+00 2.289246647016252023e+00 2.276622067591610232e+00 2.265798444718783333e+00 2.256845642173694433e+00 2.249821527665718524e+00 2.244771551976194157e+00 2.241728418292252556e+00 2.240711844223541416e+00 2.241728418292252556e+00 2.244771551976194157e+00 2.249821527665718524e+00 2.256845642173694433e+00 2.265798444718783333e+00 2.276622067591610232e+00 2.289246647016252023e+00 2.303590831041252063e+00 2.319562370640138038e+00 2.337058789576172746e+00 2.355968127994573003e+00 2.376169754152142932e+00 2.397535238183364115e+00 2.419929281337435345e+00 2.443210693705918146e+00 2.467233413098846917e+00 2.491847557421001280e+00 2.516900502651889138e+00 2.542237978344749738e+00 2.567705172432917404e+00 2.593147837067186767e+00 2.618413387205863696e+00 2.643351983739968158e+00 2.667817593059079062e+00 2.691669015147709842e+00 2.714770872546348190e+00 2.736994552813629245e+00 2.758219097484149174e+00 2.778332030927453289e+00 2.797230122974676103e+00 2.814820079686523258e+00 2.831019157186034363e+00 2.845755694067610531e+00 2.858969558515575660e+00 2.870612506916543349e+00 2.880648451424769885e+00 2.889053634633805157e+00 2.895816710215364242e+00 2.900938729102409130e+00 2.904433031512258623e+00 2.906325045821817721e+00 2.906651996015201522e+00 2.905462520118742731e+00 2.902816202714403548e+00 2.898783025274683123e+00 2.893442738685411797e+00 2.886884162912545904e+00 2.879204419320612107e+00 2.870508101659967171e+00 2.860906392203159232e+00 2.850516129924363984e+00 2.839458837976666317e+00 2.827859718027238234e+00 2.815846619257953876e+00 2.803548990026696330e+00 2.791096820311255389e+00 2.778619583122218017e+00 2.766245183073229086e+00 2.754098920236387471e+00 2.742302477287851925e+00 2.730972937764856834e+00 2.720221843011753293e+00 2.710154295091237397e+00 2.700868112579881686e+00 2.692453045757240204e+00 2.684990057238199057e+00 2.678550673592562159e+00 2.673196412947698608e+00 2.668978292983948730e+00 2.665936423112552855e+00 2.664099683977086297e+00 2.663485496746606174e+00 2.664099683977086297e+00 2.665936423112552855e+00 2.668978292983948730e+00 2.673196412947698608e+00 2.678550673592562159e+00 2.684990057238199057e+00 2.692453045757240204e+00 2.700868112579881686e+00 2.710154295091237397e+00 2.720221843011753293e+00 2.730972937764856834e+00 2.742302477287851925e+00 2.754098920236387471e+00 2.766245183073229086e+00 2.778619583122218017e+00 2.791096820311255389e+00 2.803548990026696330e+00 2.815846619257953876e+00 2.827859718027238234e+00 2.839458837976666317e+00 2.850516129924363984e+00 2.860906392203159232e+00 2.870508101659967171e+00 2.879204419320612107e+00 2.886884162912545904e+00 2.893442738685411797e+00 2.898783025274683123e+00 2.902816202714403548e+00 2.905462520118742731e+00 2.906651996015201522e+00 2.906325045821817721e+00 2.904433031512258623e+00 2.900938729102409130e+00 2.895816710215364242e+00 2.889053634633805157e+00 2.880648451424769885e+00 2.870612506916543349e+00 2.858969558515575660e+00 2.845755694067610531e+00 2.831019157186034363e+00 2.814820079686523258e+00 2.797230122974676103e+00 2.778332030927453289e+00 2.758219097484149174e+00 2.736994552813629245e+00 2.714770872546348190e+00 2.691669015147709842e+00 2.667817593059079062e+00 2.643351983739968158e+00 2.618413387205863696e+00 2.593147837067186767e+00 2.567705172432917404e+00
2.558039677152834646e+00 2.529641078738683380e+00 2.501456405611770073e+00 2.473660718482248111e+00 2.446427875603201851e+00 2.419929281337435345e+00 2.394332649916945499e+00 2.369800793673641159e+00 2.346490444840625855e+00 2.324551119774871832e+00 2.304124034136655119e+00 2.285341077180845115e+00 2.268323852872962565e+00 2.253182795042286468e+00 2.240016363228883645e+00 2.228910325275516247e+00 2.219937132063555030e+00 2.213155389099243475e+00 2.208609428928086871e+00 2.206328987596476221e+00 2.206328987596476221e+00 2.208609428928086871e+00 2.213155389099243475e+00 2.219937132063555030e+00 2.228910325275516247e+00 2.240016363228883645e+00 2.253182795042286468e+00 2.268323852872962565e+00 2.285341077180845115e+00 2.304124034136655119e+00 2.324551119774871832e+00 2.346490444840625855e+00 2.369800793673641159e+00 2.394332649916945499e+00 2.419929281337435345e+00 2.446427875603201851e+00 2.473660718482248111e+00 2.501456405611770073e+00 2.529641078738683380e+00 2.558039677152834646e+00 2.586477194925243861e+00 2.614779934525974792e+00 2.642776747429847806e+00 2.670300252423081222e+00 2.697188022499142690e+00 2.723283731476394909e+00 2.748438251781555319e+00 2.772510695219173815e+00 2.795369388985579295e+00 2.816892779682368175e+00 2.836970258636116515e+00 2.855502902433032286e+00 2.872404123225420935e+00 2.887600224055939524e+00 2.901030855170644518e+00 2.912649368047031118e+00 2.922423064643108415e+00 2.930333340171903611e+00 2.936375718516738065e+00 2.940559780219832664e+00 2.942908983794255917e+00 2.943460381920443680e+00 2.942264234887623786e+00 2.939383524421131710e+00 2.934893371792994810e+00 2.928880364839556716e+00 2.921441799200714229e+00 2.912684839745294685e+00 2.902725608751401953e+00 2.891688207964373092e+00 2.879703682154373556e+00 2.866908932236623908e+00 2.853445586396526235e+00 2.839458837976666317e+00 2.825096259130445375e+00 2.810506599425956153e+00 2.795838578692495080e+00 2.781239683439781896e+00 2.766854976146399192e+00 2.752825926609440810e+00 2.739289274372502359e+00 2.726375931005584174e+00 2.714209930699798434e+00 2.702907437264551849e+00 2.692575815177892906e+00 2.683312771845288491e+00 2.675205577672122192e+00 2.668330369954760695e+00 2.662751545948755627e+00 2.658521249785644525e+00 2.655678957186930145e+00 2.654251161170951168e+00 2.654251161170951168e+00 2.655678957186930145e+00 2.658521249785644525e+00 2.662751545948755627e+00 2.668330369954760695e+00 2.675205577672122192e+00 2.683312771845288491e+00 2.692575815177892906e+00 2.702907437264551849e+00 2.714209930699798434e+00 2.726375931005584174e+00 2.739289274372502359e+00 2.752825926609440810e+00 2.766854976146399192e+00 2.781239683439781896e+00 2.795838578692495080e+00 2.810506599425956153e+00 2.825096259130445375e+00 2.839458837976666317e+00 2.853445586396526235e+00 2.866908932236623908e+00 2.879703682154373556e+00 2.891688207964373092e+00 2.902725608751401953e+00 2.912684839745294685e+00 2.921441799200714229e+00 2.928880364839556716e+00 2.934893371792994810e+00 2.939383524421131710e+00 2.942264234887623786e+00 2.943460381920443680e+00 2.942908983794255917e+00 2.940559780219832664e+00 2.936375718516738065e+00 2.930333340171903611e+00 2.922423064643108415e+00 2.912649368047031118e+00 2.901030855170644518e+00 2.887600224055939524e+00 2.872404123225420935e+00 2.855502902433032286e+00 2.836970258636116515e+00 2.816892779682368175e+00 2.795369388985579295e+00 2.772510695219173815e+00 2.748438251781555319e+00 2.723283731476394909e+00 2.697188022499142690e+00 2.670300252423081222e+00 2.642776747429847806e+00 2.614779934525974792e+00 2.586477194925243861e+00
2.579993433155050031e+00 2.548631165790217423e+00 2.517390568869465106e+00 2.486467033668256388e+00 2.456055347917051268e+00 2.426348290555507159e+00 2.397535238183364115e+00 2.369800793673641159e+00 2.343323447252175562e+00 2.318274280107859742e+00 2.294815720281788263e+00 2.273100360193492264e+00 2.253269844701395019e+00 2.235453838066002064e+00 2.219769077592280926e+00 2.206318521076534811e+00 2.195190594477917756e+00 2.186458545480783666e+00 2.180179907817135998e+00 2.176396080384545684e+00 2.175132024330376002e+00 2.176396080384545684e+00 2.180179907817135998e+00 2.186458545480783666e+00 2.195190594477917756e+00 2.206318521076534811e+00 2.219769077592280926e+00 2.235453838066002064e+00 2.253269844701395019e+00 2.273100360193492264e+00 2.294815720281788263e+00 2.318274280107859742e+00 2.343323447252175562e+00 2.369800793673641159e+00 2.397535238183364115e+00 2.426348290555507159e+00 2.456055347917051268e+00 2.486467033668256388e+00 2.517390568869465106e+00 2.548631165790217423e+00 2.579993433155050031e+00 2.611282782538175251e+00 2.642306825357058297e+00 2.672876749992703083e+00 2.702808668721691898e+00 2.731924924380398689e+00 2.760055346993585790e+00 2.787038450985376503e+00 2.812722564047426488e+00 2.836966879263557839e+00 2.859642422678061902e+00 2.880632929141973886e+00 2.899835619972872980e+00 2.917161876713748825e+00 2.932537806069696273e+00 2.945904691931349628e+00 2.957219331254960171e+00 2.966454251454121671e+00 2.973597807860727027e+00 2.978654160725933142e+00 2.981643132148599662e+00 2.982599944232181333e+00 2.981574840674098059e+00 2.978632594877584694e+00 2.973851908538017508e+00 2.967324705487301983e+00 2.959155326374600659e+00 2.949459630513645791e+00 2.938364011930184372e+00 2.926004337292552382e+00 2.912524813999008089e+00 2.898076797222657763e+00 2.882817545174808149e+00 2.866908932236623908e+00 2.850516129924363984e+00 2.833806265892560905e+00 2.816947071340749620e+00 2.800105527271318007e+00 2.783446520048227679e+00 2.767131516628763332e+00 2.751317269683608568e+00 2.736154562585753514e+00 2.721787003937683025e+00 2.708349880921488317e+00 2.695969080300818721e+00 2.684760085380512695e+00 2.674827056643218182e+00 2.666262003136968151e+00 2.659144050988267782e+00 2.653538814667191215e+00 2.649497875840098882e+00 2.647058373817641641e+00 2.646242710747361837e+00 2.647058373817641641e+00 2.649497875840098882e+00 2.653538814667191215e+00 2.659144050988267782e+00 2.666262003136968151e+00 2.674827056643218182e+00 2.684760085380512695e+00 2.695969080300818721e+00 2.708349880921488317e+00 2.721787003937683025e+00 2.736154562585753514e+00 2.751317269683608568e+00 2.767131516628763332e+00 2.783446520048227679e+00 2.800105527271318007e+00 2.816947071340749620e+00 2.833806265892560905e+00 2.850516129924363984e+00 2.866908932236623908e+00 2.882817545174808149e+00 2.898076797222657763e+00 2.912524813999008089e+00 2.926004337292552382e+00 2.938364011930184372e+00 2.949459630513645791e+00 2.959155326374600659e+00 2.967324705487301983e+00 2.973851908538017508e+00 2.978632594877584694e+00 2.981574840674098059e+00 2.982599944232181333e+00 2.981643132148599662e+00 2.978654160725933142e+00 2.973597807860727027e+00 2.966454251454121671e+00 2.957219331254960171e+00 2.945904691931349628e+00 2.932537806069696273e+00 2.917161876713748825e+00 2.899835619972872980e+00 2.880632929141973886e+00 2.859642422678061902e+00 2.836966879263557839e+00 2.812722564047426488e+00 2.787038450985376503e+00 2.760055346993585790e+00 2.731924924380398689e+00 2.702808668721691898e+00 2.672876749992703083e+00 2.642306825357058297e+00 2.611282782538175251e+00
2.607932165012177173e+00 2.573726860029842634e+00 2.539529814247210915e+00 2.505556133873429570e+00 2.472021072943447528e+00 2.439138477540619743e+00 2.407119237060419525e+00 2.376169754152142932e+00 2.346490444840625855e+00 2.318274280107859742e+00 2.291705379906659790e+00 2.266957670187550455e+00 2.244193613048757197e+00 2.223563019571136667e+00 2.205201954279325527e+00 2.189231739481872108e+00 2.175758066992039108e+00 2.164870223922882086e+00 2.156640438391322245e+00 2.151123350062786432e+00 2.148355609527340615e+00 2.148355609527340615e+00 2.151123350062786432e+00 2.156640438391322245e+00 2.164870223922882086e+00 2.175758066992039108e+00 2.189231739481872108e+00 2.205201954279325527e+00 2.223563019571136667e+00 2.244193613048757197e+00 2.266957670187550455e+00 2.291705379906659790e+00 2.318274280107859742e+00 2.346490444840625855e+00 2.376169754152142932e+00 2.407119237060419525e+00 2.439138477540619743e+00 2.472021072943447528e+00 2.505556133873429570e+00 2.539529814247210915e+00 2.573726860029842634e+00 2.607932165012177173e+00 2.641932321945880346e+00 2.675517157394597945e+00 2.708481238790148904e+00 2.740625342400186071e+00 2.771757871216994129e+00 2.801696212163595323e+00 2.830268022480208590e+00 2.857312435697712427e+00 2.882681178221058627e+00 2.906239588229794890e+00 2.927867529349791997e+00 2.947460192354196540e+00 2.964928779006592574e+00 2.980201063058519395e+00 2.993221824350403626e+00 3.003953152932135495e+00 3.012374621109829231e+00 3.018483322331105168e+00 3.022293776834852341e+00 3.023837705005268717e+00 3.023163670376144641e+00 3.020336595222384179e+00 3.015437152643932972e+00 3.008561039985392593e+00 2.999818139335409750e+00 2.989331571706551838e+00 2.977236652302526210e+00 2.963679755028763463e+00 2.948817095089291129e+00 2.932813439131898292e+00 2.915840752950355608e+00 2.898076797222657763e+00 2.879703682154373556e+00 2.860906392203159232e+00 2.841871292282224459e+00 2.822784626975020306e+00 2.803831024339974221e+00 2.785192015842140378e+00 2.767044583818634607e+00 2.749559747667600362e+00 2.732901199647967072e+00 2.717224000791617744e+00 2.702673346963813561e+00 2.689383414565391206e+00 2.677476294755404940e+00 2.667061024390361634e+00 2.658232721131073895e+00 2.651071829366241861e+00 2.645643482749152842e+00 2.641996988247038214e+00 2.640165435668294425e+00 2.640165435668294425e+00 2.641996988247038214e+00 2.645643482749152842e+00 2.651071829366241861e+00 2.658232721131073895e+00 2.667061024390361634e+00 2.677476294755404940e+00 2.689383414565391206e+00 2.702673346963813561e+00 2.717224000791617744e+00 2.732901199647967072e+00 2.749559747667600362e+00 2.767044583818634607e+00 2.785192015842140378e+00 2.803831024339974221e+00 2.822784626975020306e+00 2.841871292282224459e+00 2.860906392203159232e+00 2.879703682154373556e+00 2.898076797222657763e+00 2.915840752950355608e+00 2.932813439131898292e+00 2.948817095089291129e+00 2.963679755028763463e+00 2.977236652302526210e+00 2.989331571706551838e+00 2.999818139335409750e+00 3.008561039985392593e+00 3.015437152643932972e+00 3.020336595222384179e+00 3.023163670376144641e+00 3.023837705005268717e+00 3.022293776834852341e+00 3.018483322331105168e+00 3.012374621109829231e+00 3.003953152932135495e+00 2.993221824350403626e+00 2.980201063058519395e+00 2.964928779006592574e+00 2.947460192354196540e+00 2.927867529349791997e+00 2.906239588229794890e+00 2.882681178221058627e+00 2.857312435697712427e+00 2.830268022480208590e+00 2.801696212163595323e+00 2.771757871216994129e+00 2.740625342400186071e+00 2.708481238790148904e+00 2.675517157394597945e+00 2.641932321945880346e+00
2.641643242104918965e+00 2.604737995897274949e+00 2.567707095878140944e+00 2.530784595081863486e+00 2.494205594555357841e+00 2.458204541473249183e+00 2.423013528497710123e+00 2.388860607166647387e+00 2.355968127994573003e+00 2.324551119774871832e+00 2.294815720281788263e+00 2.266957670187550455e+00 2.241160881537340721e+00 2.217596091566170990e+00 2.196419612001073940e+00 2.177772183274442774e+00 2.161777942285197707e+00 2.148543511489734659e+00 2.138157216190785359e+00 2.130688435926365809e+00 2.126187094850216841e+00 2.124683294947226742e+00 2.126187094850216841e+00 2.130688435926365809e+00 2.138157216190785359e+00 2.148543511489734659e+00 2.161777942285197707e+00 2.177772183274442774e+00 2.196419612001073940e+00 2.217596091566170990e+00 2.241160881537340721e+00 2.266957670187550455e+00 2.294815720281788263e+00 2.324551119774871832e+00 2.355968127994573003e+00 2.388860607166647387e+00 2.423013528497710123e+00 2.458204541473249183e+00 2.494205594555357841e+00 2.530784595081863486e+00 2.567707095878140944e+00 2.604737995897274949e+00 2.641643242104918965e+00 2.678191519822777256e+00 2.714155918839311621e+00 2.749315562787117528e+00 2.783457189572121848e+00 2.816376671018018030e+00 2.847880460357368637e+00 2.877786956754986747e+00 2.905927776685217623e+00 2.932148922697955573e+00 2.956311840892965837e+00 2.978294359272511738e+00 2.997991500051936598e+00 3.015316159969662291e+00 3.030199653644852109e+00 3.042592116075063302e+00 3.052462761439484140e+00 3.059799996467885919e+00 3.064611387742684823e+00 3.066923483413134921e+00 3.066781490908313756e+00 3.064248813330539889e+00 3.059406448285150404e+00 3.052352253947720584e+00 3.043200088178056095e+00 3.032078827453858594e+00 3.019131273308631958e+00 3.004512954811064063e+00 2.988390836410506068e+00 2.970941941189129576e+00 2.952351900200513413e+00 2.932813439131898292e+00 2.912524813999008089e+00 2.891688207964373092e+00 2.870508101659967171e+00 2.849189629590049844e+00 2.827936935289331100e+00 2.806951537913918937e+00 2.786430722848081576e+00 2.766565968719421065e+00 2.747541422929930643e+00 2.729532437433046521e+00 2.712704176019707702e+00 2.697210303823595279e+00 2.683191769121032078e+00 2.670775686789535808e+00 2.660074332005996744e+00 2.651184251917092727e+00 2.644185502107066377e+00 2.639141013728559582e+00 2.636096096157922286e+00 2.635078078995120254e+00 2.636096096157922286e+00 2.639141013728559582e+00 2.644185502107066377e+00 2.651184251917092727e+00 2.660074332005996744e+00 2.670775686789535808e+00 2.683191769121032078e+00 2.697210303823595279e+00 2.712704176019707702e+00 2.729532437433046521e+00 2.747541422929930643e+00 2.766565968719421065e+00 2.786430722848081576e+00 2.806951537913918937e+00 2.827936935289331100e+00 2.849189629590049844e+00 2.870508101659967171e+00 2.891688207964373092e+00 2.912524813999008089e+00 2.932813439131898292e+00 2.952351900200513413e+00 2.970941941189129576e+00 2.988390836410506068e+00 3.004512954811064063e+00 3.019131273308631958e+00 3.032078827453858594e+00 3.043200088178056095e+00 3.052352253947720584e+00 3.059406448285150404e+00 3.064248813330539889e+00 3.066781490908313756e+00 3.066923483413134921e+00 3.064611387742684823e+00 3.059799996467885919e+00 3.052462761439484140e+00 3.042592116075063302e+00 3.030199653644852109e+00 3.015316159969662291e+00 2.997991500051936598e+00 2.978294359272511738e+00 2.956311840892965837e+00 2.932148922697955573e+00 2.905927776685217623e+00 2.877786956754986747e+00 2.847880460357368637e+00 2.816376671018018030e+00 2.783457189572121848e+00 2.749315562787117528e+00 2.714155918839311621e+00 2.678191519822777256e+00
2.680870102781293340e+00 2.641429591747521233e+00 2.601709823540560240e+00 2.561962882056380231e+00 2.522442943428596429e+00 2.483404433578466186e+00 2.445100180099727627e+00 2.407779572375608357e+00 2.371686743770205386e+00 2.337058789576172746e+00 2.304124034136655119e+00 2.273100360193492264e+00 2.244193613048757197e+00 2.217596091566170990e+00 2.193485137387142903e+00 2.172021832997964363e+00 2.153349818465776000e+00 2.137594235767446893e+00 2.124860808674220447e+00 2.115235065133317161e+00 2.108781708013223177e+00 2.105544138960443679e+00 2.105544138960443679e+00 2.108781708013223177e+00 2.115235065133317161e+00 2.124860808674220447e+00 2.137594235767446893e+00 2.153349818465776000e+00 2.172021832997964363e+00 2.193485137387142903e+00 2.217596091566170990e+00 2.244193613048757197e+00 2.273100360193492264e+00 2.304124034136655119e+00 2.337058789576172746e+00 2.371686743770205386e+00 2.407779572375608357e+00 2.445100180099727627e+00 2.483404433578466186e+00 2.522442943428596429e+00 2.561962882056380231e+00 2.601709823540560240e+00 2.641429591747521233e+00 2.680870102781293340e+00 2.719783187921346101e+00 2.757926383356419375e+00 2.795064673281868917e+00 2.830972173289049376e+00 2.865433741435398307e+00 2.898246504939699264e+00 2.929221291094107560e+00 2.958183951718048821e+00 2.984976571293554315e+00 3.009458549810510863e+00 3.031507552307258546e+00 3.051020318109332052e+00 3.067913323839431161e+00 3.082123295386571371e+00 3.093607565173506213e+00 3.102344272239973222e+00 3.108332403856275405e+00 3.111591678587975363e+00 3.112162271938942126e+00 3.110104386897332152e+00 3.105497672888369198e+00 3.098440497789958670e+00 3.089049078783347113e+00 3.077456478883018320e+00 3.063811477009327433e+00 3.048277320426451720e+00 3.031030369259802182e+00 3.012258643624146526e+00 2.992160284630362543e+00 2.970941941189129576e+00 2.948817095089291129e+00 2.926004337292552382e+00 2.902725608751401953e+00 2.879204419320612107e+00 2.855664058492552115e+00 2.832325811741665422e+00 2.809407196213230762e+00 2.787120229336537580e+00 2.765669743683954795e+00 2.745251761037061033e+00 2.726051938161756727e+00 2.708244096239712295e+00 2.691988845257721863e+00 2.677432313924548168e+00 2.664704994872268529e+00 2.653920714012029780e+00 2.645175731959476639e+00 2.638547984430006377e+00 2.634096467436301658e+00 2.631860772008411065e+00 2.631860772008411065e+00 2.634096467436301658e+00 2.638547984430006377e+00 2.645175731959476639e+00 2.653920714012029780e+00 2.664704994872268529e+00 2.677432313924548168e+00 2.691988845257721863e+00 2.708244096239712295e+00 2.726051938161756727e+00 2.745251761037061033e+00 2.765669743683954795e+00 2.787120229336537580e+00 2.809407196213230762e+00 2.832325811741665422e+00 2.855664058492552115e+00 2.879204419320612107e+00 2.902725608751401953e+00 2.926004337292552382e+00 2.948817095089291129e+00 2.970941941189129576e+00 2.992160284630362543e+00 3.012258643624146526e+00 3.031030369259802182e+00 3.048277320426451720e+00 3.063811477009327433e+00 3.077456478883018320e+00 3.089049078783347113e+00 3.098440497789958670e+00 3.105497672888369198e+00 3.110104386897332152e+00 3.112162271938942126e+00 3.111591678587975363e+00 3.108332403856275405e+00 3.102344272239973222e+00 3.093607565173506213e+00 3.082123295386571371e+00 3.067913323839431161e+00 3.051020318109332052e+00 3.031507552307258546e+00 3.009458549810510863e+00 2.984976571293554315e+00 2.958183951718048821e+00 2.929221291094107560e+00 2.898246504939699264e+00 2.865433741435398307e+00 2.830972173289049376e+00 2.795064673281868917e+00 2.757926383356419375e+00 2.719783187921346101e+00
2.725314206945727236e+00 2.683523636238940302e+00 2.641281477065080541e+00 2.598856786117036410e+00 2.556521894708662757e+00 2.514550432386597922e+00 2.473215336889559968e+00 2.432786865424531708e+00 2.393530622226768045e+00 2.355705617254469697e+00 2.319562370640138038e+00 2.285341077180845115e+00 2.253269844701395019e+00 2.223563019571136667e+00 2.196419612001073940e+00 2.172021832997964363e+00 2.150533754011959342e+00 2.132100099390390913e+00 2.116845180749538979e+00 2.104871981306298157e+00 2.096261397080620537e+00 2.091071640696127165e+00 2.089337812279250972e+00 2.091071640696127165e+00 2.096261397080620537e+00 2.104871981306298157e+00 2.116845180749538979e+00 2.132100099390390913e+00 2.150533754011959342e+00 2.172021832997964363e+00 2.196419612001073940e+00 2.223563019571136667e+00 2.253269844701395019e+00 2.285341077180845115e+00 2.319562370640138038e+00 2.355705617254469697e+00 2.393530622226768045e+00 2.432786865424531708e+00 2.473215336889559968e+00 2.514550432386597922e+00 2.556521894708662757e+00 2.598856786117036410e+00 2.641281477065080541e+00 2.683523636238940302e+00 2.725314206945727236e+00 2.766389354990783200e+00 2.806492373409542385e+00 2.845375529754244237e+00 2.882801842079119492e+00 2.918546770315970207e+00 2.952399810381345358e+00 2.984165979101683686e+00 3.013667178878215225e+00 3.040743431932743324e+00 3.065253974971661410e+00 3.087078206170977168e+00 3.106116477511892793e+00 3.122290726675696515e+00 3.135544943929629458e+00 3.145845470692627988e+00 3.153181127751756296e+00 3.157563172397059859e+00 3.159025085044648407e+00 3.157622187215010090e+00 3.153431094016127645e+00 3.146549005539114319e+00 3.137092842798223202e+00 3.125198235027824012e+00 3.111018366277569225e+00 3.094722690314499314e+00 3.076495523839508195e+00 3.056534528947643548e+00 3.035049096600079821e+00 3.012258643624146526e+00 2.988390836410506068e+00 2.963679755028763463e+00 2.938364011930184372e+00 2.912684839745294685e+00 2.886884162912545904e+00 2.861202667990073056e+00 2.835877887505118267e+00 2.811142312084796036e+00 2.787221545388502530e+00 2.764332516028103814e+00 2.742681760219607856e+00 2.722463788362761594e+00 2.703859548097048204e+00 2.687034995638928336e+00 2.672139786371392933e+00 2.659306094739548154e+00 2.648647572511843684e+00 2.640258453403358185e+00 2.634212810933422411e+00 2.630563975213240369e+00 2.629344113139184369e+00 2.630563975213240369e+00 2.634212810933422411e+00 2.640258453403358185e+00 2.648647572511843684e+00 2.659306094739548154e+00 2.672139786371392933e+00 2.687034995638928336e+00 2.703859548097048204e+00 2.722463788362761594e+00 2.742681760219607856e+00 2.764332516028103814e+00 2.787221545388502530e+00 2.811142312084796036e+00 2.835877887505118267e+00 2.861202667990073056e+00 2.886884162912545904e+00 2.912684839745294685e+00 2.938364011930184372e+00 2.963679755028763463e+00 2.988390836410506068e+00 3.012258643624146526e+00 3.035049096600079821e+00 3.056534528947643548e+00 3.076495523839508195e+00 3.094722690314499314e+00 3.111018366277569225e+00 3.125198235027824012e+00 3.137092842798223202e+00 3.146549005539114319e+00 3.153431094016127645e+00 3.157622187215010090e+00 3.159025085044648407e+00 3.157563172397059859e+00 3.153181127751756296e+00 3.145845470692627988e+00 3.135544943929629458e+00 3.122290726675696515e+00 3.106116477511892793e+00 3.087078206170977168e+00 3.065253974971661410e+00 3.040743431932743324e+00 3.013667178878215225e+00 2.984165979101683686e+00 2.952399810381345358e+00 2.918546770315970207e+00 2.882801842079119492e+00 2.845375529754244237e+00 2.806492373409542385e+00 2.766389354990783200e+00
2.774637308129443980e+00 2.730701201818714896e+00 2.686123554303823990e+00 2.641189201753525673e+00 2.596187568557343894e+00 2.551410564669144954e+00 2.507150460277356885e+00 2.463697753793622436e+00 2.421339049209964234e+00 2.380354958811151445e+00 2.341018047044081118e+00 2.303590831041252063e+00 2.268323852872962565e+00 2.235453838066002064e+00 2.205201954279325527e+00 2.177772183274442774e+00 2.153349818465776000e+00 2.132100099390390913e+00 2.114166993404585693e+00 2.099672133804633578e+00 2.088713922388850008e+00 2.081366803237252316e+00 2.077680713192611162e+00 2.077680713192611162e+00 2.081366803237252316e+00 2.088713922388850008e+00 2.099672133804633578e+00 2.114166993404585693e+00 2.132100099390390913e+00 2.153349818465776000e+00 2.177772183274442774e+00 2.205201954279325527e+00 2.235453838066002064e+00 2.268323852872962565e+00 2.303590831041252063e+00 2.341018047044081118e+00 2.380354958811151445e+00 2.421339049209964234e+00 2.463697753793622436e+00 2.507150460277356885e+00 2.551410564669144954e+00 2.596187568557343894e+00 2.641189201753525673e+00 2.686123554303823990e+00 2.730701201818714896e+00 2.774637308129443980e+00 2.817653689459045818e+00 2.859480824595581172e+00 2.899859795972605792e+00 2.938544147093708148e+00 2.975301642380298262e+00 3.009915916269618297e+00 3.042187999237667029e+00 3.071937709362712710e+00 3.099004899072383967e+00 3.123250547822896905e+00 3.144557692634584622e+00 3.162832189644518177e+00 3.178003301125101654e+00 3.190024103747580053e+00 3.198871715230945600e+00 3.204547337899654291e+00 3.207076119067256759e+00 3.206506829556838856e+00 3.202911363052573623e+00 3.196384060339078292e+00 3.187040863816345659e+00 3.175018308967559211e+00 3.160472360695502303e+00 3.143577103620766255e+00 3.124523296543015416e+00 3.103516802296370614e+00 3.080776905173976399e+00 3.056534528947643548e+00 3.031030369259802182e+00 3.004512954811064063e+00 2.977236652302526210e+00 2.949459630513645791e+00 2.921441799200714229e+00 2.893442738685411797e+00 2.865719636066339504e+00 2.838525243928088582e+00 2.812105877243163743e+00 2.786699463862813086e+00 2.762533663576327125e+00 2.739824070187447447e+00 2.718772510415477850e+00 2.699565452682254563e+00 2.682372538000138196e+00 2.667345244236984936e+00 2.654615694008851445e+00 2.644295615347874051e+00 2.636475463119571927e+00 2.631223707929944311e+00 2.628586297977367980e+00 2.628586297977367980e+00 2.631223707929944311e+00 2.636475463119571927e+00 2.644295615347874051e+00 2.654615694008851445e+00 2.667345244236984936e+00 2.682372538000138196e+00 2.699565452682254563e+00 2.718772510415477850e+00 2.739824070187447447e+00 2.762533663576327125e+00 2.786699463862813086e+00 2.812105877243163743e+00 2.838525243928088582e+00 2.865719636066339504e+00 2.893442738685411797e+00 2.921441799200714229e+00 2.949459630513645791e+00 2.977236652302526210e+00 3.004512954811064063e+00 3.031030369259802182e+00 3.056534528947643548e+00 3.080776905173976399e+00 3.103516802296370614e+00 3.124523296543015416e+00 3.143577103620766255e+00 3.160472360695502303e+00 3.175018308967559211e+00 3.187040863816345659e+00 3.196384060339078292e+00 3.202911363052573623e+00 3.206506829556838856e+00 3.207076119067256759e+00 3.204547337899654291e+00 3.198871715230945600e+00 3.190024103747580053e+00 3.178003301125101654e+00 3.162832189644518177e+00 3.144557692634584622e+00 3.123250547822896905e+00 3.099004899072383967e+00 3.071937709362712710e+00 3.042187999237667029e+00 3.009915916269618297e+00 2.975301642380298262e+00 2.938544147093708148e+00 2.899859795972605792e+00 2.859480824595581172e+00 2.817653689459045818e+00
2.828464027750335674e+00 2.782604869225258515e+00 2.735897837844690983e+00 2.688642228561524572e+00 2.641143361411282697e+00 2.593710361250505692e+00 2.546653904819600189e+00 2.500283952086581607e+00 2.454907478955233646e+00 2.410826228418609940e+00 2.368334497106529657e+00 2.327716973914799148e+00 2.289246647016252023e+00 2.253182795042286468e+00 2.219769077592280926e+00 2.189231739481872108e+00 2.161777942285197707e+00 2.137594235767446893e+00 2.116845180749538979e+00 2.099672133804633578e+00 2.086192202965051923e+00 2.076497382327296304e+00 2.070653872092117709e+00 2.068701589176143329e+00 2.070653872092117709e+00 2.076497382327296304e+00 2.086192202965051923e+00 2.099672133804633578e+00 2.116845180749538979e+00 2.137594235767446893e+00 2.161777942285197707e+00 2.189231739481872108e+00 2.219769077592280926e+00 2.253182795042286468e+00 2.289246647016252023e+00 2.327716973914799148e+00 2.368334497106529657e+00 2.410826228418609940e+00 2.454907478955233646e+00 2.500283952086581607e+00 2.546653904819600189e+00 2.593710361250505692e+00 2.641143361411282697e+00 2.688642228561524572e+00 2.735897837844690983e+00 2.782604869225258515e+00 2.828464027750335674e+00 2.873184214435021033e+00 2.916484631453343468e+00 2.958096805822835407e+00 2.997766516397095682e+00 3.035255609722005588e+00 3.070343691162266797e+00 3.102829678658725054e+00 3.132533207526751351e+00 3.159295875843267876e+00 3.182982321186639041e+00 3.203481120779903879e+00 3.220705508434308140e+00 3.234593903086214084e+00 3.245110245155780948e+00 3.252244138419424502e+00 3.256010796568622911e+00 3.256450795114158581e+00 3.253629630775789483e+00 3.247637091961587785e+00 3.238586445377416467e+00 3.226613445204500774e+00 3.211875172631025066e+00 3.194548714811920931e+00 3.174829693549773513e+00 3.152930655129721149e+00 3.129079333793696183e+00 3.103516802296370614e+00 3.076495523839508195e+00 3.048277320426451720e+00 3.019131273308631958e+00 2.989331571706551838e+00 2.959155326374600659e+00 2.928880364839556716e+00 2.898783025274683123e+00 2.869135965973876434e+00 2.840206007263553545e+00 2.812252022434573728e+00 2.785522893894748275e+00 2.760255550237072697e+00 2.736673099293714273e+00 2.714983071505737033e+00 2.695375787089235420e+00 2.678022859526354882e+00 2.663075846862037022e+00 2.650665061152055468e+00 2.640898545193801183e+00 2.633861224387490818e+00 2.629614240231907818e+00 2.628194470565543561e+00 2.629614240231907818e+00 2.633861224387490818e+00 2.640898545193801183e+00 2.650665061152055468e+00 2.663075846862037022e+00 2.678022859526354882e+00 2.695375787089235420e+00 2.714983071505737033e+00 2.736673099293714273e+00 2.760255550237072697e+00 2.785522893894748275e+00 2.812252022434573728e+00 2.840206007263553545e+00 2.869135965973876434e+00 2.898783025274683123e+00 2.928880364839556716e+00 2.959155326374600659e+00 2.989331571706551838e+00 3.019131273308631958e+00 3.048277320426451720e+00 3.076495523839508195e+00 3.103516802296370614e+00 3.129079333793696183e+00 3.152930655129721149e+00 3.174829693549773513e+00 3.194548714811920931e+00 3.211875172631025066e+00 3.226613445204500774e+00 3.238586445377416467e+00 3.247637091961587785e+00 3.253629630775789483e+00 3.256450795114158581e+00 3.256010796568622911e+00 3.252244138419424502e+00 3.245110245155780948e+00 3.234593903086214084e+00 3.220705508434308140e+00 3.203481120779903879e+00 3.182982321186639041e+00 3.159295875843267876e+00 3.132533207526751351e+00 3.102829678658725054e+00 3.070343691162266797e+00 3.035255609722005588e+00 2.997766516397095682e+00 2.958096805822835407e+00 2.916484631453343468e+00 2.873184214435021033e+00
2.886384711970622075e+00 2.838841444560875615e+00 2.790228963229251846e+00 2.740859582519330928e+00 2.691053193270706245e+00 2.641134934351075714e+00 2.591432820788785119e+00 2.542275346161793959e+00 2.493989077302305013e+00 2.446896259442458366e+00 2.401312449855071307e+00 2.357544197834919419e+00 2.315886788522035555e+00 2.276622067591610232e+00 2.240016363228883645e+00 2.206318521076534811e+00 2.175758066992039108e+00 2.148543511489734659e+00 2.124860808674220447e+00 2.104871981306298157e+00 2.088713922388850008e+00 2.076497382327296304e+00 2.068306149317749476e+00 2.064196429156323287e+00 2.064196429156323287e+00 2.068306149317749476e+00 2.076497382327296304e+00 2.088713922388850008e+00 2.104871981306298157e+00 2.124860808674220447e+00 2.148543511489734659e+00 2.175758066992039108e+00 2.206318521076534811e+00 2.240016363228883645e+00 2.276622067591610232e+00 2.315886788522035555e+00 2.357544197834919419e+00 2.401312449855071307e+00 2.446896259442458366e+00 2.493989077302305013e+00 2.542275346161793959e+00 2.591432820788785119e+00 2.641134934351075714e+00 2.691053193270706245e+00 2.740859582519330928e+00 2.790228963229251846e+00 2.838841444560875615e+00 2.886384711970622075e+00 2.932556294362108407e+00 2.977065753075118337e+00 3.019636776267951017e+00 3.060009162974488106e+00 3.097940681962340737e+00 3.133208791476182142e+00 3.165612207013616786e+00 3.194972305441526217e+00 3.221134355009935391e+00 3.243968562148630941e+00 3.263370927328750781e+00 3.279263903726894469e+00 3.291596853931795241e+00 3.300346301471776655e+00 3.305515975503558135e+00 3.307136648577317484e+00 3.305265768967506457e+00 3.299986890621702695e+00 3.291408905318767619e+00 3.279665083131221071e+00 3.264911928743498226e+00 3.247327862576534940e+00 3.227111736999374703e+00 3.204481199159952443e+00 3.179670913130571819e+00 3.152930655129721149e+00 3.124523296543015416e+00 3.094722690314499314e+00 3.063811477009327433e+00 3.032078827453858594e+00 2.999818139335409750e+00 2.967324705487301983e+00 2.934893371792994810e+00 2.902816202714403548e+00 2.871380172383460661e+00 2.840864898993016308e+00 2.811540439885032328e+00 2.783665164263025904e+00 2.757483719855759130e+00 2.733225109134606701e+00 2.711100889843528261e+00 2.691303513644444312e+00 2.674004815619589248e+00 2.659354666213799234e+00 2.647479795953026738e+00 2.638482801949643797e+00 2.632441343810852263e+00 2.629407535114115735e+00 2.629407535114115735e+00 2.632441343810852263e+00 2.638482801949643797e+00 2.647479795953026738e+00 2.659354666213799234e+00 2.674004815619589248e+00 2.691303513644444312e+00 2.711100889843528261e+00 2.733225109134606701e+00 2.757483719855759130e+00 2.783665164263025904e+00 2.811540439885032328e+00 2.840864898993016308e+00 2.871380172383460661e+00 2.902816202714403548e+00 2.934893371792994810e+00 2.967324705487301983e+00 2.999818139335409750e+00 3.032078827453858594e+00 3.063811477009327433e+00 3.094722690314499314e+00 3.124523296543015416e+00 3.152930655129721149e+00 3.179670913130571819e+00 3.204481199159952443e+00 3.227111736999374703e+00 3.247327862576534940e+00 3.264911928743498226e+00 3.279665083131221071e+00 3.291408905318767619e+00 3.299986890621702695e+00 3.305265768967506457e+00 3.307136648577317484e+00 3.305515975503558135e+00 3.300346301471776655e+00 3.291596853931795241e+00 3.279263903726894469e+00 3.263370927328750781e+00 3.243968562148630941e+00 3.221134355009935391e+00 3.194972305441526217e+00 3.165612207013616786e+00 3.133208791476182142e+00 3.097940681962340737e+00 3.060009162974488106e+00 3.019636776267951017e+00 2.977065753075118337e+00 2.932556294362108407e+00
2.947958549409924967e+00 2.898984948261974282e+00 2.848707269139665765e+00 2.797449298268981810e+00 2.745544053934212858e+00 2.693331360673837604e+00 2.641155368097805933e+00 2.589362033009474207e+00 2.538296583801924466e+00 2.488300986240844281e+00 2.439711429743542048e+00 2.392855853115887221e+00 2.348051528417264056e+00 2.305602721190141313e+00 2.265798444718783333e+00 2.228910325275516247e+00 2.195190594477917756e+00 2.164870223922882086e+00 2.138157216190785359e+00 2.115235065133317161e+00 2.096261397080620537e+00 2.081366803237252316e+00 2.070653872092117709e+00 2.064196429156323287e+00 2.062038989775959230e+00 2.064196429156323287e+00 2.070653872092117709e+00 2.081366803237252316e+00 2.096261397080620537e+00 2.115235065133317161e+00 2.138157216190785359e+00 2.164870223922882086e+00 2.195190594477917756e+00 2.228910325275516247e+00 2.265798444718783333e+00 2.305602721190141313e+00 2.348051528417264056e+00 2.392855853115887221e+00 2.439711429743542048e+00 2.488300986240844281e+00 2.538296583801924466e+00 2.589362033009474207e+00 2.641155368097805933e+00 2.693331360673837604e+00 2.745544053934212858e+00 2.797449298268981810e+00 2.848707269139665765e+00 2.898984948261974282e+00 2.947958549409924967e+00 2.995315870586360063e+00 3.040758554871731079e+00 3.084004242963972686e+00 3.124788601252242781e+00 3.162867210219692637e+00 3.198017299038176109e+00 3.230039313392626621e+00 3.258758304845908782e+00 3.284025131416488108e+00 3.305717460480944059e+00 3.323740566620200010e+00 3.338027918590909859e+00 3.348541551209742284e+00 3.355272219576266313e+00 3.358239334717145752e+00 3.357490681397857113e+00 3.353101920505517253e+00 3.345175880044951366e+00 3.333841640397457784e+00 3.319253421055601283e+00 3.301589277555775137e+00 3.281049618771902487e+00 3.257855556097517091e+00 3.232247097318916573e+00 3.204481199159952443e+00 3.174829693549773513e+00 3.143577103620766255e+00 3.111018366277569225e+00 3.077456478883018320e+00 3.043200088178056095e+00 3.008561039985392593e+00 2.973851908538017508e+00 2.939383524421131710e+00 2.905462520118742731e+00 2.872388912013909223e+00 2.840453737405618906e+00 2.809936764677706034e+00 2.781104294189306714e+00 2.754207066756460875e+00 2.729478295765960016e+00 2.707131838011692437e+00 2.687360517277811667e+00 2.670334613520263023e+00 2.656200529227338070e+00 2.645079643180837881e+00 2.637067360402396421e+00 2.632232365565458032e+00 2.630616085593944220e+00 2.632232365565458032e+00 2.637067360402396421e+00 2.645079643180837881e+00 2.656200529227338070e+00 2.670334613520263023e+00 2.687360517277811667e+00 2.707131838011692437e+00 2.729478295765960016e+00 2.754207066756460875e+00 2.781104294189306714e+00 2.809936764677706034e+00 2.840453737405618906e+00 2.872388912013909223e+00 2.905462520118742731e+00 2.939383524421131710e+00 2.973851908538017508e+00 3.008561039985392593e+00 3.043200088178056095e+00 3.077456478883018320e+00 3.111018366277569225e+00 3.143577103620766255e+00 3.174829693549773513e+00 3.204481199159952443e+00 3.232247097318916573e+00 3.257855556097517091e+00 3.281049618771902487e+00 3.301589277555775137e+00 3.319253421055601283e+00 3.333841640397457784e+00 3.345175880044951366e+00 3.353101920505517253e+00 3.357490681397857113e+00 3.358239334717145752e+00 3.355272219576266313e+00 3.348541551209742284e+00 3.338027918590909859e+00 3.323740566620200010e+00 3.305717460480944059e+00 3.284025131416488108e+00 3.258758304845908782e+00 3.230039313392626621e+00 3.198017299038176109e+00 3.162867210219692637e+00 3.124788601252242781e+00 3.084004242963972686e+00 3.040758554871731079e+00 2.995315870586360063e+00
3.012716925986028471e+00 2.962579853225610904e+00 2.910891907875469808e+00 2.857986701853512557e+00 2.804208828823194111e+00 2.749911352123229680e+00 2.695453224757986543e+00 2.641196660880258396e+00 2.587504478574326416e+00 2.534737433973031084e+00 2.483251566816256695e+00 2.433395577479268379e+00 2.385508255268252942e+00 2.339915977398961733e+00 2.296930297545471511e+00 2.256845642173694433e+00 2.219937132063555030e+00 2.186458545480783666e+00 2.156640438391322245e+00 2.130688435926365809e+00 2.108781708013223177e+00 2.091071640696127165e+00 2.077680713192611162e+00 2.068701589176143329e+00 2.064196429156323287e+00 2.064196429156323287e+00 2.068701589176143329e+00 2.077680713192611162e+00 2.091071640696127165e+00 2.108781708013223177e+00 2.130688435926365809e+00 2.156640438391322245e+00 2.186458545480783666e+00 2.219937132063555030e+00 2.256845642173694433e+00 2.296930297545471511e+00 2.339915977398961733e+00 2.385508255268252942e+00 2.433395577479268379e+00 2.483251566816256695e+00 2.534737433973031084e+00 2.587504478574326416e+00 2.641196660880258396e+00 2.695453224757986543e+00 2.749911352123229680e+00 2.804208828823194111e+00 2.857986701853512557e+00 2.910891907875469808e+00 2.962579853225610904e+00 3.012716925986028471e+00 3.060982921207260343e+00 3.107073361042978821e+00 3.150701692361185025e+00 3.191601345334549311e+00 3.229527637575472454e+00 3.264259509561478811e+00 3.295601078384616134e+00 3.323382998244735820e+00 3.347463617580541229e+00 3.367729924282602649e+00 3.384098272047554090e+00 3.396514882600090157e+00 3.404956120216311444e+00 3.409428536715667590e+00 3.409968686835844309e+00 3.406642715652267839e+00 3.399545721437940760e+00 3.388800899067271999e+00 3.374558470735937288e+00 3.356994412385355009e+00 3.336308985772453273e+00 3.312725087601466445e+00 3.286486428523145431e+00 3.257855556097517091e+00 3.227111736999374703e+00 3.194548714811920931e+00 3.160472360695502303e+00 3.125198235027824012e+00 3.089049078783347113e+00 3.052352253947720584e+00 3.015437152643932972e+00 2.978632594877584694e+00 2.942264234887623786e+00 2.906651996015201522e+00 2.872107553777932143e+00 2.838931886461178333e+00 2.807412912015114781e+00 2.777823229380186110e+00 2.750417981559218461e+00 2.725432856818041927e+00 2.703082243335246826e+00 2.683557551443526368e+00 2.667025716319205930e+00 2.653627892592605786e+00 2.643478350880492656e+00 2.636663584694254769e+00 2.633241634565346434e+00 2.633241634565346434e+00 2.636663584694254769e+00 2.643478350880492656e+00 2.653627892592605786e+00 2.667025716319205930e+00 2.683557551443526368e+00 2.703082243335246826e+00 2.725432856818041927e+00 2.750417981559218461e+00 2.777823229380186110e+00 2.807412912015114781e+00 2.838931886461178333e+00 2.872107553777932143e+00 2.906651996015201522e+00 2.942264234887623786e+00 2.978632594877584694e+00 3.015437152643932972e+00 3.052352253947720584e+00 3.089049078783347113e+00 3.125198235027824012e+00 3.160472360695502303e+00 3.194548714811920931e+00 3.227111736999374703e+00 3.257855556097517091e+00 3.286486428523145431e+00 3.312725087601466445e+00 3.336308985772453273e+00 3.356994412385355009e+00 3.374558470735937288e+00 3.388800899067271999e+00 3.399545721437940760e+00 3.406642715652267839e+00 3.409968686835844309e+00 3.409428536715667590e+00 3.404956120216311444e+00 3.396514882600090157e+00 3.384098272047554090e+00 3.367729924282602649e+00 3.347463617580541229e+00 3.323382998244735820e+00 3.295601078384616134e+00 3.264259509561478811e+00 3.229527637575472454e+00 3.191601345334549311e+00 3.150701692361185025e+00 3.107073361042978821e+00 3.060982921207260343e+00
3.080166991351012573e+00 3.029144547455536074e+00 2.976314192461524399e+00 2.922017631305720453e+00 2.866609382914421911e+00 2.810454193859518668e+00 2.753924370812323108e+00 2.697397051890496389e+00 2.641251437465214291e+00 2.585866001311448059e+00 2.531615703141365525e+00 2.478869223558211932e+00 2.427986242305667286e+00 2.379314780366665438e+00 2.333188625988646070e+00 2.289924864082564238e+00 2.249821527665718524e+00 2.213155389099243475e+00 2.180179907817135998e+00 2.151123350062786432e+00 2.126187094850216841e+00 2.105544138960443679e+00 2.089337812279250972e+00 2.077680713192611162e+00 2.070653872092117709e+00 2.068306149317749476e+00 2.070653872092117709e+00 2.077680713192611162e+00 2.089337812279250972e+00 2.105544138960443679e+00 2.126187094850216841e+00 2.151123350062786432e+00 2.180179907817135998e+00 2.213155389099243475e+00 2.249821527665718524e+00 2.289924864082564238e+00 2.333188625988646070e+00 2.379314780366665438e+00 2.427986242305667286e+00 2.478869223558211932e+00 2.531615703141365525e+00 2.585866001311448059e+00 2.641251437465214291e+00 2.697397051890496389e+00 2.753924370812323108e+00 2.810454193859518668e+00 2.866609382914421911e+00 2.922017631305720453e+00 2.976314192461524399e+00 3.029144547455536074e+00 3.080166991351012573e+00 3.129055118871612251e+00 3.175500190700425662e+00 3.219213362622517227e+00 3.259927760775370942e+00 3.297400387447484871e+00 3.331413843159308996e+00 3.361777852162765257e+00 3.388330579994959013e+00 3.410939733307274846e+00 3.429503433850426219e+00 3.443950860216773879e+00 3.454242652710218575e+00 3.460371078517674448e+00 3.462359956180865783e+00 3.460264340199054711e+00 3.454169968418396408e+00 3.444192476667936820e+00 3.430476386872243211e+00 3.413193876592680809e+00 3.392543339610407216e+00 3.368747748751537596e+00 3.342052833656662614e+00 3.312725087601466445e+00 3.281049618771902487e+00 3.247327862576534940e+00 3.211875172631025066e+00 3.175018308967559211e+00 3.137092842798223202e+00 3.098440497789958670e+00 3.059406448285150404e+00 3.020336595222384179e+00 2.981574840674098059e+00 2.943460381920443680e+00 2.906325045821817721e+00 2.870490683937242604e+00 2.836266648364590193e+00 2.803947367655196476e+00 2.773810041384360048e+00 2.746112471046469494e+00 2.721091043896160411e+00 2.698958885182701994e+00 2.679904192932987872e+00 2.664088768038647359e+00 2.651646750905836125e+00 2.642683574343349218e+00 2.637275140708146726e+00 2.635467229609611106e+00 2.637275140708146726e+00 2.642683574343349218e+00 2.651646750905836125e+00 2.664088768038647359e+00 2.679904192932987872e+00 2.698958885182701994e+00 2.721091043896160411e+00 2.746112471046469494e+00 2.773810041384360048e+00 2.803947367655196476e+00 2.836266648364590193e+00 2.870490683937242604e+00 2.906325045821817721e+00 2.943460381920443680e+00 2.981574840674098059e+00 3.020336595222384179e+00 3.059406448285150404e+00 3.098440497789958670e+00 3.137092842798223202e+00 3.175018308967559211e+00 3.211875172631025066e+00 3.247327862576534940e+00 3.281049618771902487e+00 3.312725087601466445e+00 3.342052833656662614e+00 3.368747748751537596e+00 3.392543339610407216e+00 3.413193876592680809e+00 3.430476386872243211e+00 3.444192476667936820e+00 3.454169968418396408e+00 3.460264340199054711e+00 3.462359956180865783e+00 3.460371078517674448e+00 3.454242652710218575e+00 3.443950860216773879e+00 3.429503433850426219e+00 3.410939733307274846e+00 3.388330579994959013e+00 3.361777852162765257e+00 3.331413843159308996e+00 3.297400387447484871e+00 3.259927760775370942e+00 3.219213362622517227e+00 3.175500190700425662e+00 3.129055118871612251e+00
3.149795409779987398e+00 3.098174994882924693e+00 3.044481154928840194e+00 2.989061880599579890e+00 2.932279879337725603e+00 2.874509927360762607e+00 2.816136126593114852e+00 2.757549087184543168e+00 2.699143056856353695e+00 2.641313018728383089e+00 2.584451779526972803e+00 2.528947070154977439e+00 2.475178680518772101e+00 2.423515650254829623e+00 2.374313536581664330e+00 2.327911779924852542e+00 2.284631187227986526e+00 2.244771551976194157e+00 2.208609428928086871e+00 2.176396080384545684e+00 2.148355609527340615e+00 2.124683294947226742e+00 2.105544138960443679e+00 2.091071640696127165e+00 2.081366803237252316e+00 2.076497382327296304e+00 2.076497382327296304e+00 2.081366803237252316e+00 2.091071640696127165e+00 2.105544138960443679e+00 2.124683294947226742e+00 2.148355609527340615e+00 2.176396080384545684e+00 2.208609428928086871e+00 2.244771551976194157e+00 2.284631187227986526e+00 2.327911779924852542e+00 2.374313536581664330e+00 2.423515650254829623e+00 2.475178680518772101e+00 2.528947070154977439e+00 2.584451779526972803e+00 2.641313018728383089e+00 2.699143056856353695e+00 2.757549087184543168e+00 2.816136126593114852e+00 2.874509927360762607e+00 2.932279879337725603e+00 2.989061880599579890e+00 3.044481154928840194e+00 3.098174994882924693e+00 3.149795409779987398e+00 3.199011658663866609e+00 3.245512649190521959e+00 3.289009184404105834e+00 3.329236040533320562e+00 3.365953860229246697e+00 3.398950847074428960e+00 3.428044248708989272e+00 3.453081617531441605e+00 3.473941839627233019e+00 3.490535924344200680e+00 3.502807548757362444e+00 3.510733353132177381e+00 3.514322985391119758e+00 3.513618894498947487e+00 3.508695874592660857e+00 3.499660363578371847e+00 3.486649501784830463e+00 3.469829958087715216e+00 3.449396532686343608e+00 3.425570547411661337e+00 3.398598036058261496e+00 3.368747748751537596e+00 3.336308985772453273e+00 3.301589277555775137e+00 3.264911928743498226e+00 3.226613445204500774e+00 3.187040863816345659e+00 3.146549005539114319e+00 3.105497672888369198e+00 3.064248813330539889e+00 3.023163670376144641e+00 2.982599944232181333e+00 2.942908983794255917e+00 2.904433031512258623e+00 2.867502542252256870e+00 2.832433596705282053e+00 2.799525429164867685e+00 2.769058088615322877e+00 2.741290251048475124e+00 2.716457199765686337e+00 2.694768989133423887e+00 2.676408805854066042e+00 2.661531540300000831e+00 2.650262578849694517e+00 2.642696826471718552e+00 2.638897967039522729e+00 2.638897967039522729e+00 2.642696826471718552e+00 2.650262578849694517e+00 2.661531540300000831e+00 2.676408805854066042e+00 2.694768989133423887e+00 2.716457199765686337e+00 2.741290251048475124e+00 2.769058088615322877e+00 2.799525429164867685e+00 2.832433596705282053e+00 2.867502542252256870e+00 2.904433031512258623e+00 2.942908983794255917e+00 2.982599944232181333e+00 3.023163670376144641e+00 3.064248813330539889e+00 3.105497672888369198e+00 3.146549005539114319e+00 3.187040863816345659e+00 3.226613445204500774e+00 3.264911928743498226e+00 3.301589277555775137e+00 3.336308985772453273e+00 3.368747748751537596e+00 3.398598036058261496e+00 3.425570547411661337e+00 3.449396532686343608e+00 3.469829958087715216e+00 3.486649501784830463e+00 3.499660363578371847e+00 3.508695874592660857e+00 3.513618894498947487e+00 3.514322985391119758e+00 3.510733353132177381e+00 3.502807548757362444e+00 3.490535924344200680e+00 3.473941839627233019e+00 3.453081617531441605e+00 3.428044248708989272e+00 3.398950847074428960e+00 3.365953860229246697e+00 3.329236040533320562e+00 3.289009184404105834e+00 3.245512649190521959e+00 3.199011658663866609e+00
3.221072266965919528e+00 3.169148566509336629e+00 3.114879288704202054e+00 3.058616840777561574e+00 3.000730307412448727e+00 2.941602754303197287e+00 2.881628422221652830e+00 2.821209832740822154e+00 2.760754827441118220e+00 2.700673562937256467e+00 2.641375484407106011e+00 2.583266300474801991e+00 2.526744982297838948e+00 2.472200809531738930e+00 2.420010485497470665e+00 2.370535343358791902e+00 2.324118664433028059e+00 2.281083128914588976e+00 2.241728418292252556e+00 2.206328987596476221e+00 2.175132024330376002e+00 2.148355609527340615e+00 2.126187094850216841e+00 2.108781708013223177e+00 2.096261397080620537e+00 2.088713922388850008e+00 2.086192202965051923e+00 2.088713922388850008e+00 2.096261397080620537e+00 2.108781708013223177e+00 2.126187094850216841e+00 2.148355609527340615e+00 2.175132024330376002e+00 2.206328987596476221e+00 2.241728418292252556e+00 2.281083128914588976e+00 2.324118664433028059e+00 2.370535343358791902e+00 2.420010485497470665e+00 2.472200809531738930e+00 2.526744982297838948e+00 2.583266300474801991e+00 2.641375484407106011e+00 2.700673562937256467e+00 2.760754827441118220e+00 2.821209832740822154e+00 2.881628422221652830e+00 2.941602754303197287e+00 3.000730307412448727e+00 3.058616840777561574e+00 3.114879288704202054e+00 3.169148566509336629e+00 3.221072266965919528e+00 3.270317226951059197e+00 3.316571944983582210e+00 3.359548831476756092e+00 3.398986274809680186e+00 3.434650507726801916e+00 3.466337260098339978e+00 3.493873185703645579e+00 3.517117052422131795e+00 3.535960687019429560e+00 3.550329667585986559e+00 3.560183758607242677e+00 3.565517085604238634e+00 3.566358048266008662e+00 3.562768972985301819e+00 3.554845507692058870e+00 3.542715763839362708e+00 3.526539212319448335e+00 3.506505341958234379e+00 3.482832091041423883e+00 3.455764064049643647e+00 3.425570547411661337e+00 3.392543339610407216e+00 3.356994412385355009e+00 3.319253421055601283e+00 3.279665083131221071e+00 3.238586445377416467e+00 3.196384060339078292e+00 3.153431094016127645e+00 3.110104386897332152e+00 3.066781490908313756e+00 3.023837705005268717e+00 2.981643132148599662e+00 2.940559780219832664e+00 2.900938729102409130e+00 2.863117385634699641e+00 2.827416847465897387e+00 2.794139396007418341e+00 2.763566137680420365e+00 2.735954811521809305e+00 2.711537779935069281e+00 2.690520217968288108e+00 2.673078514980630871e+00 2.659358900931609870e+00 2.649476307807498099e+00 2.643513474898967264e+00 2.641520304777464023e+00 2.643513474898967264e+00 2.649476307807498099e+00 2.659358900931609870e+00 2.673078514980630871e+00 2.690520217968288108e+00 2.711537779935069281e+00 2.735954811521809305e+00 2.763566137680420365e+00 2.794139396007418341e+00 2.827416847465897387e+00 2.863117385634699641e+00 2.900938729102409130e+00 2.940559780219832664e+00 2.981643132148599662e+00 3.023837705005268717e+00 3.066781490908313756e+00 3.110104386897332152e+00 3.153431094016127645e+00 3.196384060339078292e+00 3.238586445377416467e+00 3.279665083131221071e+00 3.319253421055601283e+00 3.356994412385355009e+00 3.392543339610407216e+00 3.425570547411661337e+00 3.455764064049643647e+00 3.482832091041423883e+00 3.506505341958234379e+00 3.526539212319448335e+00 3.542715763839362708e+00 3.554845507692058870e+00 3.562768972985301819e+00 3.566358048266008662e+00 3.565517085604238634e+00 3.560183758607242677e+00 3.550329667585986559e+00 3.535960687019429560e+00 3.517117052422131795e+00 3.493873185703645579e+00 3.466337260098339978e+00 3.434650507726801916e+00 3.398986274809680186e+00 3.359548831476756092e+00 3.316571944983582210e+00 3.270317226951059197e+00
3.293455102987481897e+00 3.241528012723913665e+00 3.186978446644629148e+00 3.130161310568413402e+00 3.071450193305063081e+00 3.011234635393613246e+00 2.949917273511761806e+00 2.887910882081682118e+00 2.825635334385773856e+00 2.763514506124851611e+00 2.701973144795997595e+00 2.641433728534544834e+00 2.582313338152286253e+00 2.525020566011276557e+00 2.469952485100378237e+00 2.417491701231872625e+00 2.368003510651533805e+00 2.321833184562209773e+00 2.279303401104284088e+00 2.240711844223541416e+00 2.206328987596476221e+00 2.176396080384545684e+00 2.151123350062786432e+00 2.130688435926365809e+00 2.115235065133317161e+00 2.104871981306298157e+00 2.099672133804633578e+00 2.099672133804633578e+00 2.104871981306298157e+00 2.115235065133317161e+00 2.130688435926365809e+00 2.151123350062786432e+00 2.176396080384545684e+00 2.206328987596476221e+00 2.240711844223541416e+00 2.279303401104284088e+00 2.321833184562209773e+00 2.368003510651533805e+00 2.417491701231872625e+00 2.469952485100378237e+00 2.525020566011276557e+00 2.582313338152286253e+00 2.641433728534544834e+00 2.701973144795997595e+00 2.763514506124851611e+00 2.825635334385773856e+00 2.887910882081682118e+00 2.949917273511761806e+00 3.011234635393613246e+00 3.071450193305063081e+00 3.130161310568413402e+00 3.186978446644629148e+00 3.241528012723913665e+00 3.293455102987481897e+00 3.342426080967154434e+00 3.388131001537281861e+00 3.430285850329285235e+00 3.468634583752896017e+00 3.502950954329554722e+00 3.533040107680866182e+00 3.558739939255735951e+00 3.579922200711040947e+00 3.596493347767915072e+00 3.608395123335047305e+00 3.615604871706191048e+00 3.618135581686594549e+00 3.616035658566238542e+00 3.609388426921174453e+00 3.598311368272170796e+00 3.582955099646538244e+00 3.563502101059284666e+00 3.540165201838525011e+00 3.513185837552883939e+00 3.482832091041423883e+00 3.449396532686343608e+00 3.413193876592680809e+00 3.374558470735937288e+00 3.333841640397457784e+00 3.291408905318767619e+00 3.247637091961587785e+00 3.202911363052573623e+00 3.157622187215010090e+00 3.112162271938942126e+00 3.066923483413134921e+00 3.022293776834852341e+00 2.978654160725933142e+00 2.936375718516738065e+00 2.895816710215364242e+00 2.857319776361341379e+00 2.821209265675634459e+00 2.787788706868246535e+00 2.757338443958104346e+00 2.730113453205910812e+00 2.706341358368597572e+00 2.686220659464694460e+00 2.669919188604739535e+00 2.657572804702561964e+00 2.649284337054681249e+00 2.645122785870614113e+00 2.645122785870614113e+00 2.649284337054681249e+00 2.657572804702561964e+00 2.669919188604739535e+00 2.686220659464694460e+00 2.706341358368597572e+00 2.730113453205910812e+00 2.757338443958104346e+00 2.787788706868246535e+00 2.821209265675634459e+00 2.857319776361341379e+00 2.895816710215364242e+00 2.936375718516738065e+00 2.978654160725933142e+00 3.022293776834852341e+00 3.066923483413134921e+00 3.112162271938942126e+00 3.157622187215010090e+00 3.202911363052573623e+00 3.247637091961587785e+00 3.291408905318767619e+00 3.333841640397457784e+00 3.374558470735937288e+00 3.413193876592680809e+00 3.449396532686343608e+00 3.482832091041423883e+00 3.513185837552883939e+00 3.540165201838525011e+00 3.563502101059284666e+00 3.582955099646538244e+00 3.598311368272170796e+00 3.609388426921174453e+00 3.616035658566238542e+00 3.618135581686594549e+00 3.615604871706191048e+00 3.608395123335047305e+00 3.596493347767915072e+00 3.579922200711040947e+00 3.558739939255735951e+00 3.533040107680866182e+00 3.502950954329554722e+00 3.468634583752896017e+00 3.430285850329285235e+00 3.388131001537281861e+00 3.342426080967154434e+00
3.366393040756598509e+00 3.314765546572944199e+00 3.260235865069434524e+00 3.203159447521993997e+00 3.143912465103025244e+00 3.082889056806871864e+00 3.020498437872003894e+00 2.957161890500845214e+00 2.893309659579650361e+00 2.829377776829838709e+00 2.765804837373266878e+00 2.703028753062832745e+00 2.641483507113715934e+00 2.581595934568106099e+00 2.523782552937359647e+00 2.468446466991741861e+00 2.415974371111881513e+00 2.366733671882191192e+00 2.321069752700234634e+00 2.279303401104284088e+00 2.241728418292252556e+00 2.208609428928086871e+00 2.180179907817135998e+00 2.156640438391322245e+00 2.138157216190785359e+00 2.124860808674220447e+00 2.116845180749538979e+00 2.114166993404585693e+00 2.116845180749538979e+00 2.124860808674220447e+00 2.138157216190785359e+00 2.156640438391322245e+00 2.180179907817135998e+00 2.208609428928086871e+00 2.241728418292252556e+00 2.279303401104284088e+00 2.321069752700234634e+00 2.366733671882191192e+00 2.415974371111881513e+00 2.468446466991741861e+00 2.523782552937359647e+00 2.581595934568106099e+00 2.641483507113715934e+00 2.703028753062832745e+00 2.765804837373266878e+00 2.829377776829838709e+00 2.893309659579650361e+00 2.957161890500845214e+00 3.020498437872003894e+00 3.082889056806871864e+00 3.143912465103025244e+00 3.203159447521993997e+00 3.260235865069434524e+00 3.314765546572944199e+00 3.366393040756598509e+00 3.414786208078158580e+00 3.459638632819335147e+00 3.500671837291847055e+00 3.537637281532072020e+00 3.570318133493262991e+00 3.598530796494056272e+00 3.622126182532215299e+00 3.640990722008850877e+00 3.655047102416371985e+00 3.664254730607407140e+00 3.668609915366719765e+00 3.668145769137097556e+00 3.662931829887757562e+00 3.653073406243115162e+00 3.638710651095090398e+00 3.620017370987091088e+00 3.597199580566991628e+00 3.570493813344280287e+00 3.540165201838525011e+00 3.506505341958234379e+00 3.469829958087715216e+00 3.430476386872243211e+00 3.388800899067271999e+00 3.345175880044951366e+00 3.299986890621702695e+00 3.253629630775789483e+00 3.206506829556838856e+00 3.159025085044648407e+00 3.111591678587975363e+00 3.064611387742684823e+00 3.018483322331105168e+00 2.973597807860727027e+00 2.930333340171903611e+00 2.889053634633805157e+00 2.850104792479695615e+00 2.813812605972243031e+00 2.780480023023921721e+00 2.750384790674676783e+00 2.723777295458329917e+00 2.700878617181030616e+00 2.681878811001013219e+00 2.666935430951414165e+00 2.656172306200200506e+00 2.649678579407558132e+00 2.647508014536027687e+00 2.649678579407558132e+00 2.656172306200200506e+00 2.666935430951414165e+00 2.681878811001013219e+00 2.700878617181030616e+00 2.723777295458329917e+00 2.750384790674676783e+00 2.780480023023921721e+00 2.813812605972243031e+00 2.850104792479695615e+00 2.889053634633805157e+00 2.930333340171903611e+00 2.973597807860727027e+00 3.018483322331105168e+00 3.064611387742684823e+00 3.111591678587975363e+00 3.159025085044648407e+00 3.206506829556838856e+00 3.253629630775789483e+00 3.299986890621702695e+00 3.345175880044951366e+00 3.388800899067271999e+00 3.430476386872243211e+00 3.469829958087715216e+00 3.506505341958234379e+00 3.540165201838525011e+00 3.570493813344280287e+00 3.597199580566991628e+00 3.620017370987091088e+00 3.638710651095090398e+00 3.653073406243115162e+00 3.662931829887757562e+00 3.668145769137097556e+00 3.668609915366719765e+00 3.664254730607407140e+00 3.655047102416371985e+00 3.640990722008850877e+00 3.622126182532215299e+00 3.598530796494056272e+00 3.570318133493262991e+00 3.537637281532072020e+00 3.500671837291847055e+00 3.459638632819335147e+00 3.414786208078158580e+00
3.439330978525713789e+00 3.388307006916225550e+00 3.334100283184927349e+00 3.277064829620173203e+00 3.217577442927302300e+00 3.156034935609247416e+00 3.092851222435298197e+00 3.028454273969149124e+00 2.963282960144358658e+00 2.897783807717859705e+00 2.832407696093615979e+00 2.767606516483966939e+00 2.703829819661949685e+00 2.641521477651765260e+00 2.581116384605876224e+00 2.523037221826637033e+00 2.467691311410164179e+00 2.415467582323910012e+00 2.366733671882191192e+00 2.321833184562209773e+00 2.281083128914588976e+00 2.244771551976194157e+00 2.213155389099243475e+00 2.186458545480783666e+00 2.164870223922882086e+00 2.148543511489734659e+00 2.137594235767446893e+00 2.132100099390390913e+00 2.132100099390390913e+00 2.137594235767446893e+00 2.148543511489734659e+00 2.164870223922882086e+00 2.186458545480783666e+00 2.213155389099243475e+00 2.244771551976194157e+00 2.281083128914588976e+00 2.321833184562209773e+00 2.366733671882191192e+00 2.415467582323910012e+00 2.467691311410164179e+00 2.523037221826637033e+00 2.581116384605876224e+00 2.641521477651765260e+00 2.703829819661949685e+00 2.767606516483966939e+00 2.832407696093615979e+00 2.897783807717859705e+00 2.963282960144358658e+00 3.028454273969149124e+00 3.092851222435298197e+00 3.156034935609247416e+00 3.217577442927302300e+00 3.277064829620173203e+00 3.334100283184927349e+00 3.388307006916225550e+00 3.439330978525713789e+00 3.486843533062386147e+00 3.530543750688389437e+00 3.570160631354009961e+00 3.605455040041164239e+00 3.636221407994019827e+00 3.662289177215420022e+00 3.683523977464021826e+00 3.699828527024925151e+00 3.711143250630384305e+00 3.717446610060928691e+00 3.718755145144589935e+00 3.715123225076184088e+00 3.706642512183019988e+00 3.693441142451217019e+00 3.675682629281265879e+00 3.653564499046378700e+00 3.627316669066267707e+00 3.597199580566991628e+00 3.563502101059284666e+00 3.526539212319448335e+00 3.486649501784830463e+00 3.444192476667936820e+00 3.399545721437940760e+00 3.353101920505517253e+00 3.305265768967506457e+00 3.256450795114158581e+00 3.207076119067256759e+00 3.157563172397059859e+00 3.108332403856275405e+00 3.059799996467885919e+00 3.012374621109829231e+00 2.966454251454121671e+00 2.922423064643108415e+00 2.880648451424769885e+00 2.841478158627482653e+00 2.805237585838698866e+00 2.772227256969537645e+00 2.742720486047040662e+00 2.716961255088418792e+00 2.695162320287922686e+00 2.677503560999806353e+00 2.664130584143145075e+00 2.655153594700494057e+00 2.650646540947193763e+00 2.650646540947193763e+00 2.655153594700494057e+00 2.664130584143145075e+00 2.677503560999806353e+00 2.695162320287922686e+00 2.716961255088418792e+00 2.742720486047040662e+00 2.772227256969537645e+00 2.805237585838698866e+00 2.841478158627482653e+00 2.880648451424769885e+00 2.922423064643108415e+00 2.966454251454121671e+00 3.012374621109829231e+00 3.059799996467885919e+00 3.108332403856275405e+00 3.157563172397059859e+00 3.207076119067256759e+00 3.256450795114158581e+00 3.305265768967506457e+00 3.353101920505517253e+00 3.399545721437940760e+00 3.444192476667936820e+00 3.486649501784830463e+00 3.526539212319448335e+00 3.563502101059284666e+00 3.597199580566991628e+00 3.627316669066267707e+00 3.653564499046378700e+00 3.675682629281265879e+00 3.693441142451217019e+00 3.706642512183019988e+00 3.715123225076184088e+00 3.718755145144589935e+00 3.717446610060928691e+00 3.711143250630384305e+00 3.699828527024925151e+00 3.683523977464021826e+00 3.662289177215420022e+00 3.636221407994019827e+00 3.605455040041164239e+00 3.570160631354009961e+00 3.530543750688389437e+00 3.486843533062386147e+00
3.511713814547274382e+00 3.461596069797124642e+00 3.408016126572065208e+00 3.351324596483847618e+00 3.291896923756795434e+00 3.230130634493634023e+00 3.166442415489873152e+00 3.101265044630321821e+00 3.035044196035808994e+00 2.968235144086714516e+00 2.901299391225167223e+00 2.834701245023893534e+00 2.768904370402157866e+00 2.704368343065016944e+00 2.641545230239825681e+00 2.580876224583439793e+00 2.522788356736460624e+00 2.467691311410164179e+00 2.415974371111881513e+00 2.368003510651533805e+00 2.324118664433028059e+00 2.284631187227986526e+00 2.249821527665718524e+00 2.219937132063555030e+00 2.195190594477917756e+00 2.175758066992039108e+00 2.161777942285197707e+00 2.153349818465776000e+00 2.150533754011959342e+00 2.153349818465776000e+00 2.161777942285197707e+00 2.175758066992039108e+00 2.195190594477917756e+00 2.219937132063555030e+00 2.249821527665718524e+00 2.284631187227986526e+00 2.324118664433028059e+00 2.368003510651533805e+00 2.415974371111881513e+00 2.467691311410164179e+00 2.522788356736460624e+00 2.580876224583439793e+00 2.641545230239825681e+00 2.704368343065016944e+00 2.768904370402157866e+00 2.834701245023893534e+00 2.901299391225167223e+00 2.968235144086714516e+00 3.035044196035808994e+00 3.101265044630321821e+00 3.166442415489873152e+00 3.230130634493634023e+00 3.291896923756795434e+00 3.351324596483847618e+00 3.408016126572065208e+00 3.461596069797124642e+00 3.511713814547274382e+00 3.558046141374287430e+00 3.600299572088560662e+00 3.638212490731298931e+00 3.671557020496161172e+00 3.700140642533124247e+00 3.723807544534315728e+00 3.742439689060216068e+00 3.755957593699263963e+00 3.764320817348387305e+00 3.767528149139321325e+00 3.765617498799179064e+00 3.758665489505901736e+00 3.746786756563045273e+00 3.730132957456344212e+00 3.708891501049814465e+00 3.683284005814910333e+00 3.653564499046378700e+00 3.620017370987091088e+00 3.582955099646538244e+00 3.542715763839362708e+00 3.499660363578371847e+00 3.454169968418396408e+00 3.406642715652267839e+00 3.357490681397857113e+00 3.307136648577317484e+00 3.256010796568622911e+00 3.204547337899654291e+00 3.153181127751756296e+00 3.102344272239973222e+00 3.052462761439484140e+00 3.003953152932135495e+00 2.957219331254960171e+00 2.912649368047031118e+00 2.870612506916543349e+00 2.831456296092544900e+00 2.795503890792366164e+00 2.763051545935493181e+00 2.734366318376958205e+00 2.709683996229682368e+00 2.689207271107601382e+00 2.673104167263240516e+00 2.661506739628747287e+00 2.654510050713202673e+00 2.652171434177094334e+00 2.654510050713202673e+00 2.661506739628747287e+00 2.673104167263240516e+00 2.689207271107601382e+00 2.709683996229682368e+00 2.734366318376958205e+00 2.763051545935493181e+00 2.795503890792366164e+00 2.831456296092544900e+00 2.870612506916543349e+00 2.912649368047031118e+00 2.957219331254960171e+00 3.003953152932135495e+00 3.052462761439484140e+00 3.102344272239973222e+00 3.153181127751756296e+00 3.204547337899654291e+00 3.256010796568622911e+00 3.307136648577317484e+00 3.357490681397857113e+00 3.406642715652267839e+00 3.454169968418396408e+00 3.499660363578371847e+00 3.542715763839362708e+00 3.582955099646538244e+00 3.620017370987091088e+00 3.653564499046378700e+00 3.683284005814910333e+00 3.708891501049814465e+00 3.730132957456344212e+00 3.746786756563045273e+00 3.758665489505901736e+00 3.765617498799179064e+00 3.767528149139321325e+00 3.764320817348387305e+00 3.755957593699263963e+00 3.742439689060216068e+00 3.723807544534315728e+00 3.700140642533124247e+00 3.671557020496161172e+00 3.638212490731298931e+00 3.600299572088560662e+00 3.558046141374287430e+00
3.582990671733206955e+00 3.534078475986989432e+00 3.481427722920875656e+00 3.425383638692114818e+00 3.366318329919434138e+00 3.304628055323688418e+00 3.240730311350669357e+00 3.175060753763240928e+00 3.108069978442902670e+00 3.040220185717301238e+00 2.971981753421959027e+00 2.903829744604648599e+00 2.836240376284199005e+00 2.769687475978214852e+00 2.704638952813787522e+00 2.641553309931197635e+00 2.580876224583439793e+00 2.523037221826637033e+00 2.468446466991741861e+00 2.417491701231872625e+00 2.370535343358791902e+00 2.327911779924852542e+00 2.289924864082564238e+00 2.256845642173694433e+00 2.228910325275516247e+00 2.206318521076534811e+00 2.189231739481872108e+00 2.177772183274442774e+00 2.172021832997964363e+00 2.172021832997964363e+00 2.177772183274442774e+00 2.189231739481872108e+00 2.206318521076534811e+00 2.228910325275516247e+00 2.256845642173694433e+00 2.289924864082564238e+00 2.327911779924852542e+00 2.370535343358791902e+00 2.417491701231872625e+00 2.468446466991741861e+00 2.523037221826637033e+00 2.580876224583439793e+00 2.641553309931197635e+00 2.704638952813787522e+00 2.769687475978214852e+00 2.836240376284199005e+00 2.903829744604648599e+00 2.971981753421959027e+00 3.040220185717301238e+00 3.108069978442902670e+00 3.175060753763240928e+00 3.240730311350669357e+00 3.304628055323688418e+00 3.366318329919434138e+00 3.425383638692114818e+00 3.481427722920875656e+00 3.534078475986989432e+00 3.582990671733206955e+00 3.627848486237989167e+00 3.668367794013446925e+00 3.704298221355994958e+00 3.735424941429982937e+00 3.761570197632828627e+00 3.782594543860351877e+00 3.798397792447403276e+00 3.808919662785154703e+00 3.814140125895388866e+00 3.814079442556815192e+00 3.808797894910774584e+00 3.798395213806395443e+00 3.783009706460204402e+00 3.762817091284941018e+00 3.738029048969531143e+00 3.708891501049814465e+00 3.675682629281265879e+00 3.638710651095090398e+00 3.598311368272170796e+00 3.554845507692058870e+00 3.508695874592660857e+00 3.460264340199054711e+00 3.409968686835844309e+00 3.358239334717145752e+00 3.305515975503558135e+00 3.252244138419424502e+00 3.198871715230945600e+00 3.145845470692627988e+00 3.093607565173506213e+00 3.042592116075063302e+00 2.993221824350403626e+00 2.945904691931349628e+00 2.901030855170644518e+00 2.858969558515575660e+00 2.820066291553996241e+00 2.784640111321998290e+00 2.752981170344097617e+00 2.725348469302244059e+00 2.701967851511685392e+00 2.683030254532299708e+00 2.668690232278075225e+00 2.659064758919408522e+00 2.654232323719070585e+00 2.654232323719070585e+00 2.659064758919408522e+00 2.668690232278075225e+00 2.683030254532299708e+00 2.701967851511685392e+00 2.725348469302244059e+00 2.752981170344097617e+00 2.784640111321998290e+00 2.820066291553996241e+00 2.858969558515575660e+00 2.901030855170644518e+00 2.945904691931349628e+00 2.993221824350403626e+00 3.042592116075063302e+00 3.093607565173506213e+00 3.145845470692627988e+00 3.198871715230945600e+00 3.252244138419424502e+00 3.305515975503558135e+00 3.358239334717145752e+00 3.409968686835844309e+00 3.460264340199054711e+00 3.508695874592660857e+00 3.554845507692058870e+00 3.598311368272170796e+00 3.638710651095090398e+00 3.675682629281265879e+00 3.708891501049814465e+00 3.738029048969531143e+00 3.762817091284941018e+00 3.783009706460204402e+00 3.798395213806395443e+00 3.808797894910774584e+00 3.814079442556815192e+00 3.814140125895388866e+00 3.808919662785154703e+00 3.798397792447403276e+00 3.782594543860351877e+00 3.761570197632828627e+00 3.735424941429982937e+00 3.704298221355994958e+00 3.668367794013446925e+00 3.627848486237989167e+00
3.652619090162182669e+00 3.605206242541955763e+00 3.553783517951230042e+00 3.498688803365119782e+00 3.440288889722483479e+00 3.378976780387084933e+00 3.315168798102675396e+00 3.249301512273348180e+00 3.181828509772178126e+00 3.113217033676493273e+00 3.043944515338203871e+00 2.974495026014551513e+00 2.905355674902403873e+00 2.837012980832914533e+00 2.769949245089982526e+00 2.704638952813787522e+00 2.641545230239825681e+00 2.581116384605876224e+00 2.523782552937359647e+00 2.469952485100378237e+00 2.420010485497470665e+00 2.374313536581664330e+00 2.333188625988646070e+00 2.296930297545471511e+00 2.265798444718783333e+00 2.240016363228883645e+00 2.219769077592280926e+00 2.205201954279325527e+00 2.196419612001073940e+00 2.193485137387142903e+00 2.196419612001073940e+00 2.205201954279325527e+00 2.219769077592280926e+00 2.240016363228883645e+00 2.265798444718783333e+00 2.296930297545471511e+00 2.333188625988646070e+00 2.374313536581664330e+00 2.420010485497470665e+00 2.469952485100378237e+00 2.523782552937359647e+00 2.581116384605876224e+00 2.641545230239825681e+00 2.704638952813787522e+00 2.769949245089982526e+00 2.837012980832914533e+00 2.905355674902403873e+00 2.974495026014551513e+00 3.043944515338203871e+00 3.113217033676493273e+00 3.181828509772178126e+00 3.249301512273348180e+00 3.315168798102675396e+00 3.378976780387084933e+00 3.440288889722483479e+00 3.498688803365119782e+00 3.553783517951230042e+00 3.605206242541955763e+00 3.652619090162182669e+00 3.695715547539339951e+00 3.734222704439702500e+00 3.767903225832483383e+00 3.796557052071896976e+00 3.820022814359763430e+00 3.838178954919968078e+00 3.850944543565096634e+00 3.858279784647280497e+00 3.860186210742543533e+00 3.856706561802391686e+00 3.847924350900246537e+00 3.833963120085064791e+00 3.814985392212243642e+00 3.791191326934441719e+00 3.762817091284941018e+00 3.730132957456344212e+00 3.693441142451217019e+00 3.653073406243115162e+00 3.609388426921174453e+00 3.562768972985301819e+00 3.513618894498947487e+00 3.462359956180865783e+00 3.409428536715667590e+00 3.355272219576266313e+00 3.300346301471776655e+00 3.245110245155780948e+00 3.190024103747580053e+00 3.135544943929629458e+00 3.082123295386571371e+00 3.030199653644852109e+00 2.980201063058519395e+00 2.932537806069696273e+00 2.887600224055939524e+00 2.845755694067610531e+00 2.807345784564093449e+00 2.772683611887384103e+00 2.742051417675600344e+00 2.715698385729104825e+00 2.693838715011042328e+00 2.676649963506084529e+00 2.664271675591022959e+00 2.656804303404332490e+00 2.654308430455321055e+00 2.656804303404332490e+00 2.664271675591022959e+00 2.676649963506084529e+00 2.693838715011042328e+00 2.715698385729104825e+00 2.742051417675600344e+00 2.772683611887384103e+00 2.807345784564093449e+00 2.845755694067610531e+00 2.887600224055939524e+00 2.932537806069696273e+00 2.980201063058519395e+00 3.030199653644852109e+00 3.082123295386571371e+00 3.135544943929629458e+00 3.190024103747580053e+00 3.245110245155780948e+00 3.300346301471776655e+00 3.355272219576266313e+00 3.409428536715667590e+00 3.462359956180865783e+00 3.513618894498947487e+00 3.562768972985301819e+00 3.609388426921174453e+00 3.653073406243115162e+00 3.693441142451217019e+00 3.730132957456344212e+00 3.762817091284941018e+00 3.791191326934441719e+00 3.814985392212243642e+00 3.833963120085064791e+00 3.847924350900246537e+00 3.856706561802391686e+00 3.860186210742543533e+00 3.858279784647280497e+00 3.850944543565096634e+00 3.838178954919968078e+00 3.820022814359763430e+00 3.796557052071896976e+00 3.767903225832483383e+00 3.734222704439702500e+00 3.695715547539339951e+00
3.720069155527167215e+00 3.674441826332345062e+00 3.624540259459151148e+00 3.570693084040017506e+00 3.513259818452176386e+00 3.452628229897765078e+00 3.389211477172556553e+00 3.323445058189764101e+00 3.255783585315191520e+00 3.186697412884530234e+00 3.116669142403074577e+00 3.046190031863842407e+00 2.975756336354843157e+00 2.905865607654619875e+00 2.837012980832914533e+00 2.769687475978214852e+00 2.704368343065016944e+00 2.641521477651765260e+00 2.581595934568106099e+00 2.525020566011276557e+00 2.472200809531738930e+00 2.423515650254829623e+00 2.379314780366665438e+00 2.339915977398961733e+00 2.305602721190141313e+00 2.276622067591610232e+00 2.253182795042286468e+00 2.235453838066002064e+00 2.223563019571136667e+00 2.217596091566170990e+00 2.217596091566170990e+00 2.223563019571136667e+00 2.235453838066002064e+00 2.253182795042286468e+00 2.276622067591610232e+00 2.305602721190141313e+00 2.339915977398961733e+00 2.379314780366665438e+00 2.423515650254829623e+00 2.472200809531738930e+00 2.525020566011276557e+00 2.581595934568106099e+00 2.641521477651765260e+00 2.704368343065016944e+00 2.769687475978214852e+00 2.837012980832914533e+00 2.905865607654619875e+00 2.975756336354843157e+00 3.046190031863842407e+00 3.116669142403074577e+00 3.186697412884530234e+00 3.255783585315191520e+00 3.323445058189764101e+00 3.389211477172556553e+00 3.452628229897765078e+00 3.513259818452176386e+00 3.570693084040017506e+00 3.624540259459151148e+00 3.674441826332345062e+00 3.720069155527167215e+00 3.761126910851514182e+00 3.797355197916578717e+00 3.828531442001215535e+00 3.854471980816530419e+00 3.875033360241399105e+00 3.890113323361807485e+00 3.899651485482398261e+00 3.903629690169459376e+00 3.902072043812731206e+00 3.895044628640234041e+00 3.882654896567286240e+00 3.865050748689411009e+00 3.842419307620282609e+00 3.814985392212243642e+00 3.783009706460204402e+00 3.746786756563045273e+00 3.706642512183019988e+00 3.662931829887757562e+00 3.616035658566238542e+00 3.566358048266008662e+00 3.514322985391119758e+00 3.460371078517674448e+00 3.404956120216311444e+00 3.348541551209742284e+00 3.291596853931795241e+00 3.234593903086214084e+00 3.178003301125101654e+00 3.122290726675696515e+00 3.067913323839431161e+00 3.015316159969662291e+00 2.964928779006592574e+00 2.917161876713748825e+00 2.872404123225420935e+00 2.831019157186034363e+00 2.793342774448966281e+00 2.759680332813809311e+00 2.730304392629157473e+00 2.705452611284744346e+00 2.685325907676484380e+00 2.670086910664957625e+00 2.659858703378226608e+00 2.654723872949843688e+00 2.654723872949843688e+00 2.659858703378226608e+00 2.670086910664957625e+00 2.685325907676484380e+00 2.705452611284744346e+00 2.730304392629157473e+00 2.759680332813809311e+00 2.793342774448966281e+00 2.831019157186034363e+00 2.872404123225420935e+00 2.917161876713748825e+00 2.964928779006592574e+00 3.015316159969662291e+00 3.067913323839431161e+00 3.122290726675696515e+00 3.178003301125101654e+00 3.234593903086214084e+00 3.291596853931795241e+00 3.348541551209742284e+00 3.404956120216311444e+00 3.460371078517674448e+00 3.514322985391119758e+00 3.566358048266008662e+00 3.616035658566238542e+00 3.662931829887757562e+00 3.706642512183019988e+00 3.746786756563045273e+00 3.783009706460204402e+00 3.814985392212243642e+00 3.842419307620282609e+00 3.865050748689411009e+00 3.882654896567286240e+00 3.895044628640234041e+00 3.902072043812731206e+00 3.903629690169459376e+00 3.899651485482398261e+00 3.890113323361807485e+00 3.875033360241399105e+00 3.854471980816530419e+00 3.828531442001215535e+00 3.797355197916578717e+00 3.761126910851514182e+00
3.784827532103270276e+00 3.741262207870998058e+00 3.693167117671459110e+00 3.640859762990513726e+00 3.584690467972100336e+00 3.525039804166047119e+00 3.462315783445963024e+00 3.396950840290836382e+00 3.329398626230422931e+00 3.260130640687817216e+00 3.189632723701780748e+00 3.118401437066886217e+00 3.046940361283446919e+00 2.975756336354843157e+00 2.905355674902403873e+00 2.836240376284199005e+00 2.768904370402157866e+00 2.703829819661949685e+00 2.641483507113715934e+00 2.582313338152286253e+00 2.526744982297838948e+00 2.475178680518772101e+00 2.427986242305667286e+00 2.385508255268252942e+00 2.348051528417264056e+00 2.315886788522035555e+00 2.289246647016252023e+00 2.268323852872962565e+00 2.253269844701395019e+00 2.244193613048757197e+00 2.241160881537340721e+00 2.244193613048757197e+00 2.253269844701395019e+00 2.268323852872962565e+00 2.289246647016252023e+00 2.315886788522035555e+00 2.348051528417264056e+00 2.385508255268252942e+00 2.427986242305667286e+00 2.475178680518772101e+00 2.526744982297838948e+00 2.582313338152286253e+00 2.641483507113715934e+00 2.703829819661949685e+00 2.768904370402157866e+00 2.836240376284199005e+00 2.905355674902403873e+00 2.975756336354843157e+00 3.046940361283446919e+00 3.118401437066886217e+00 3.189632723701780748e+00 3.260130640687817216e+00 3.329398626230422931e+00 3.396950840290836382e+00 3.462315783445963024e+00 3.525039804166047119e+00 3.584690467972100336e+00 3.640859762990513726e+00 3.693167117671459110e+00 3.741262207870998058e+00 3.784827532103270276e+00 3.823580735536638908e+00 3.857276665222607814e+00 3.885709141094304542e+00 3.908712429436503211e+00 3.926162407795389608e+00 3.937977412645883302e+00 3.944118763549916640e+00 3.944590960001805424e+00 3.939441549648245999e+00 3.928760669071560852e+00 3.912680260816388422e+00 3.891372972803361474e+00 3.865050748689411009e+00 3.833963120085064791e+00 3.798395213806395443e+00 3.758665489505901736e+00 3.715123225076184088e+00 3.668145769137097556e+00 3.618135581686594549e+00 3.565517085604238634e+00 3.510733353132177381e+00 3.454242652710218575e+00 3.396514882600090157e+00 3.338027918590909859e+00 3.279263903726894469e+00 3.220705508434308140e+00 3.162832189644518177e+00 3.106116477511892793e+00 3.051020318109332052e+00 2.997991500051936598e+00 2.947460192354196540e+00 2.899835619972872980e+00 2.855502902433032286e+00 2.814820079686523258e+00 2.778115347920053324e+00 2.745684526424816863e+00 2.717788774873650670e+00 2.694652578438294199e+00 2.676462016133202670e+00 2.663363325609011678e+00 2.655461775354651888e+00 2.652820852919610228e+00 2.655461775354651888e+00 2.663363325609011678e+00 2.676462016133202670e+00 2.694652578438294199e+00 2.717788774873650670e+00 2.745684526424816863e+00 2.778115347920053324e+00 2.814820079686523258e+00 2.855502902433032286e+00 2.899835619972872980e+00 2.947460192354196540e+00 2.997991500051936598e+00 3.051020318109332052e+00 3.106116477511892793e+00 3.162832189644518177e+00 3.220705508434308140e+00 3.279263903726894469e+00 3.338027918590909859e+00 3.396514882600090157e+00 3.454242652710218575e+00 3.510733353132177381e+00 3.565517085604238634e+00 3.618135581686594549e+00 3.668145769137097556e+00 3.715123225076184088e+00 3.758665489505901736e+00 3.798395213806395443e+00 3.833963120085064791e+00 3.865050748689411009e+00 3.891372972803361474e+00 3.912680260816388422e+00 3.928760669071560852e+00 3.939441549648245999e+00 3.944590960001805424e+00 3.944118763549916640e+00 3.937977412645883302e+00 3.926162407795389608e+00 3.908712429436503211e+00 3.885709141094304542e+00 3.857276665222607814e+00 3.823580735536638908e+00
3.846401369542572724e+00 3.805162864373759835e+00 3.759149710577249781e+00 3.708666474503905963e+00 3.654052413390755039e+00 3.595678978974710116e+00 3.533947074646833553e+00 3.469284086861669891e+00 3.402140713237347569e+00 3.332987611332760114e+00 3.262311893456563805e+00 3.190613494038404330e+00 3.118401437066886217e+00 3.046190031863842407e+00 2.974495026014551513e+00 2.903829744604648599e+00 2.834701245023893534e+00 2.767606516483966939e+00 2.703028753062832745e+00 2.641433728534544834e+00 2.583266300474801991e+00 2.528947070154977439e+00 2.478869223558211932e+00 2.433395577479268379e+00 2.392855853115887221e+00 2.357544197834919419e+00 2.327716973914799148e+00 2.303590831041252063e+00 2.285341077180845115e+00 2.273100360193492264e+00 2.266957670187550455e+00 2.266957670187550455e+00 2.273100360193492264e+00 2.285341077180845115e+00 2.303590831041252063e+00 2.327716973914799148e+00 2.357544197834919419e+00 2.392855853115887221e+00 2.433395577479268379e+00 2.478869223558211932e+00 2.528947070154977439e+00 2.583266300474801991e+00 2.641433728534544834e+00 2.703028753062832745e+00 2.767606516483966939e+00 2.834701245023893534e+00 2.903829744604648599e+00 2.974495026014551513e+00 3.046190031863842407e+00 3.118401437066886217e+00 3.190613494038404330e+00 3.262311893456563805e+00 3.332987611332760114e+00 3.402140713237347569e+00 3.469284086861669891e+00 3.533947074646833553e+00 3.595678978974710116e+00 3.654052413390755039e+00 3.708666474503905963e+00 3.759149710577249781e+00 3.805162864373759835e+00 3.846401369542572724e+00 3.882597581709633427e+00 3.913522727458095929e+00 3.938988556532992291e+00 3.958848684865103440e+00 3.972999618363516561e+00 3.981381449857056776e+00 3.983978224053082773e+00 3.980817967909299426e+00 3.971972386360745233e+00 3.957556225890844104e+00 3.937726310962775145e+00 3.912680260816388422e+00 3.882654896567286240e+00 3.847924350900246537e+00 3.808797894910774584e+00 3.765617498799179064e+00 3.718755145144589935e+00 3.668609915366719765e+00 3.615604871706191048e+00 3.560183758607242677e+00 3.502807548757362444e+00 3.443950860216773879e+00 3.384098272047554090e+00 3.323740566620200010e+00 3.263370927328750781e+00 3.203481120779903879e+00 3.144557692634584622e+00 3.087078206170977168e+00 3.031507552307258546e+00 2.978294359272511738e+00 2.927867529349791997e+00 2.880632929141973886e+00 2.836970258636116515e+00 2.797230122974676103e+00 2.761731329292446357e+00 2.730758429258214992e+00 2.704559526083206933e+00 2.683344362738389055e+00 2.667282705975345891e+00 2.656503038486803803e+00 2.651091569190356712e+00 2.651091569190356712e+00 2.656503038486803803e+00 2.667282705975345891e+00 2.683344362738389055e+00 2.704559526083206933e+00 2.730758429258214992e+00 2.761731329292446357e+00 2.797230122974676103e+00 2.836970258636116515e+00 2.880632929141973886e+00 2.927867529349791997e+00 2.978294359272511738e+00 3.031507552307258546e+00 3.087078206170977168e+00 3.144557692634584622e+00 3.203481120779903879e+00 3.263370927328750781e+00 3.323740566620200010e+00 3.384098272047554090e+00 3.443950860216773879e+00 3.502807548757362444e+00 3.560183758607242677e+00 3.615604871706191048e+00 3.668609915366719765e+00 3.718755145144589935e+00 3.765617498799179064e+00 3.808797894910774584e+00 3.847924350900246537e+00 3.882654896567286240e+00 3.912680260816388422e+00 3.937726310962775145e+00 3.957556225890844104e+00 3.971972386360745233e+00 3.980817967909299426e+00 3.983978224053082773e+00 3.981381449857056776e+00 3.972999618363516561e+00 3.958848684865103440e+00 3.938988556532992291e+00 3.913522727458095929e+00 3.882597581709633427e+00
3.904322053762860012e+00 3.865661601828953575e+00 3.821994003628800041e+00 3.773609158232496430e+00 3.720833445749536228e+00 3.664027323057772900e+00 3.603582658931962612e+00 3.539919828703917748e+00 3.473484590419019469e+00 3.404744766119797372e+00 3.334186753373561629e+00 3.262311893456563805e+00 3.189632723701780748e+00 3.116669142403074577e+00 3.043944515338203871e+00 2.971981753421959027e+00 2.901299391225167223e+00 2.832407696093615979e+00 2.765804837373266878e+00 2.701973144795997595e+00 2.641375484407106011e+00 2.584451779526972803e+00 2.531615703141365525e+00 2.483251566816256695e+00 2.439711429743542048e+00 2.401312449855071307e+00 2.368334497106529657e+00 2.341018047044081118e+00 2.319562370640138038e+00 2.304124034136655119e+00 2.294815720281788263e+00 2.291705379906659790e+00 2.294815720281788263e+00 2.304124034136655119e+00 2.319562370640138038e+00 2.341018047044081118e+00 2.368334497106529657e+00 2.401312449855071307e+00 2.439711429743542048e+00 2.483251566816256695e+00 2.531615703141365525e+00 2.584451779526972803e+00 2.641375484407106011e+00 2.701973144795997595e+00 2.765804837373266878e+00 2.832407696093615979e+00 2.901299391225167223e+00 2.971981753421959027e+00 3.043944515338203871e+00 3.116669142403074577e+00 3.189632723701780748e+00 3.262311893456563805e+00 3.334186753373561629e+00 3.404744766119797372e+00 3.473484590419019469e+00 3.539919828703917748e+00 3.603582658931962612e+00 3.664027323057772900e+00 3.720833445749536228e+00 3.773609158232496430e+00 3.821994003628800041e+00 3.865661601828953575e+00 3.904322053762860012e+00 3.937724066924189970e+00 3.965656786125288047e+00 3.987951315705105859e+00 4.004481921762283569e+00 4.015166905422009158e+00 4.019969140649750194e+00 4.018896272678648351e+00 4.012000575700513494e+00 3.999378471063631313e+00 3.981169709804032397e+00 3.957556225890844104e+00 3.928760669071560852e+00 3.895044628640234041e+00 3.856706561802391686e+00 3.814079442556815192e+00 3.767528149139321325e+00 3.717446610060928691e+00 3.664254730607407140e+00 3.608395123335047305e+00 3.550329667585986559e+00 3.490535924344200680e+00 3.429503433850426219e+00 3.367729924282602649e+00 3.305717460480944059e+00 3.243968562148630941e+00 3.182982321186639041e+00 3.123250547822896905e+00 3.065253974971661410e+00 3.009458549810510863e+00 2.956311840892965837e+00 2.906239588229794890e+00 2.859642422678061902e+00 2.816892779682368175e+00 2.778332030927453289e+00 2.744267855796489020e+00 2.714971872697935051e+00 2.690677548339455161e+00 2.671578400905417983e+00 2.657826510850948232e+00 2.649531350677534203e+00 2.646758942620680344e+00 2.649531350677534203e+00 2.657826510850948232e+00 2.671578400905417983e+00 2.690677548339455161e+00 2.714971872697935051e+00 2.744267855796489020e+00 2.778332030927453289e+00 2.816892779682368175e+00 2.859642422678061902e+00 2.906239588229794890e+00 2.956311840892965837e+00 3.009458549810510863e+00 3.065253974971661410e+00 3.123250547822896905e+00 3.182982321186639041e+00 3.243968562148630941e+00 3.305717460480944059e+00 3.367729924282602649e+00 3.429503433850426219e+00 3.490535924344200680e+00 3.550329667585986559e+00 3.608395123335047305e+00 3.664254730607407140e+00 3.717446610060928691e+00 3.767528149139321325e+00 3.814079442556815192e+00 3.856706561802391686e+00 3.895044628640234041e+00 3.928760669071560852e+00 3.957556225890844104e+00 3.981169709804032397e+00 3.999378471063631313e+00 4.012000575700513494e+00 4.018896272678648351e+00 4.019969140649750194e+00 4.015166905422009158e+00 4.004481921762283569e+00 3.987951315705105859e+00 3.965656786125288047e+00 3.937724066924189970e+00
3.958148773383751262e+00 3.922302216925987128e+00 3.881230054161488141e+00 3.835205872574171337e+00 3.784541440399519008e+00 3.729584407173792027e+00 3.670715730127113385e+00 3.608346845869642383e+00 3.542916608760861674e+00 3.474888019130246253e+00 3.404744766119797372e+00 3.332987611332760114e+00 3.260130640687817216e+00 3.186697412884530234e+00 3.113217033676493273e+00 3.040220185717301238e+00 2.968235144086714516e+00 2.897783807717859705e+00 2.829377776829838709e+00 2.763514506124851611e+00 2.700673562937256467e+00 2.641313018728383089e+00 2.585866001311448059e+00 2.534737433973031084e+00 2.488300986240844281e+00 2.446896259442458366e+00 2.410826228418609940e+00 2.380354958811151445e+00 2.355705617254469697e+00 2.337058789576172746e+00 2.324551119774871832e+00 2.318274280107859742e+00 2.318274280107859742e+00 2.324551119774871832e+00 2.337058789576172746e+00 2.355705617254469697e+00 2.380354958811151445e+00 2.410826228418609940e+00 2.446896259442458366e+00 2.488300986240844281e+00 2.534737433973031084e+00 2.585866001311448059e+00 2.641313018728383089e+00 2.700673562937256467e+00 2.763514506124851611e+00 2.829377776829838709e+00 2.897783807717859705e+00 2.968235144086714516e+00 3.040220185717301238e+00 3.113217033676493273e+00 3.186697412884530234e+00 3.260130640687817216e+00 3.332987611332760114e+00 3.404744766119797372e+00 3.474888019130246253e+00 3.542916608760861674e+00 3.608346845869642383e+00 3.670715730127113385e+00 3.729584407173792027e+00 3.784541440399519008e+00 3.835205872574171337e+00 3.881230054161488141e+00 3.922302216925987128e+00 3.958148773383751262e+00 3.988536324736356775e+00 4.013273362147711687e+00 4.032211648558835293e+00 4.045247270668224537e+00 4.052321353216631117e+00 4.053420430285863851e+00 4.048576470931913640e+00 4.037866559103666653e+00 4.021412230429299406e+00 3.999378471063631313e+00 3.971972386360745233e+00 3.939441549648245999e+00 3.902072043812731206e+00 3.860186210742543533e+00 3.814140125895388866e+00 3.764320817348387305e+00 3.711143250630384305e+00 3.655047102416371985e+00 3.596493347767915072e+00 3.535960687019429560e+00 3.473941839627233019e+00 3.410939733307274846e+00 3.347463617580541229e+00 3.284025131416488108e+00 3.221134355009935391e+00 3.159295875843267876e+00 3.099004899072383967e+00 3.040743431932743324e+00 2.984976571293554315e+00 2.932148922697955573e+00 2.882681178221058627e+00 2.836966879263557839e+00 2.795369388985579295e+00 2.758219097484149174e+00 2.725810881040612532e+00 2.698401834824639689e+00 2.676209296354351341e+00 2.659409174793041952e+00 2.648134598829270825e+00 2.642474893456126406e+00 2.642474893456126406e+00 2.648134598829270825e+00 2.659409174793041952e+00 2.676209296354351341e+00 2.698401834824639689e+00 2.725810881040612532e+00 2.758219097484149174e+00 2.795369388985579295e+00 2.836966879263557839e+00 2.882681178221058627e+00 2.932148922697955573e+00 2.984976571293554315e+00 3.040743431932743324e+00 3.099004899072383967e+00 3.159295875843267876e+00 3.221134355009935391e+00 3.284025131416488108e+00 3.347463617580541229e+00 3.410939733307274846e+00 3.473941839627233019e+00 3.535960687019429560e+00 3.596493347767915072e+00 3.655047102416371985e+00 3.711143250630384305e+00 3.764320817348387305e+00 3.814140125895388866e+00 3.860186210742543533e+00 3.902072043812731206e+00 3.939441549648245999e+00 3.971972386360745233e+00 3.999378471063631313e+00 4.021412230429299406e+00 4.037866559103666653e+00 4.048576470931913640e+00 4.053420430285863851e+00 4.052321353216631117e+00 4.045247270668224537e+00 4.032211648558835293e+00 4.013273362147711687e+00 3.988536324736356775e+00
4.007471874567468895e+00 3.974657960988627892e+00 3.936415572064895230e+00 3.893000439103494248e+00 3.844708071683116568e+00 3.791871575092774282e+00 3.734859180736561424e+00 3.674071508174714840e+00 3.609938579515674650e+00 3.542916608760861674e+00 3.473484590419019469e+00 3.402140713237347569e+00 3.329398626230422931e+00 3.255783585315191520e+00 3.181828509772178126e+00 3.108069978442902670e+00 3.035044196035808994e+00 2.963282960144358658e+00 2.893309659579650361e+00 2.825635334385773856e+00 2.760754827441118220e+00 2.699143056856353695e+00 2.641251437465214291e+00 2.587504478574326416e+00 2.538296583801924466e+00 2.493989077302305013e+00 2.454907478955233646e+00 2.421339049209964234e+00 2.393530622226768045e+00 2.371686743770205386e+00 2.355968127994573003e+00 2.346490444840625855e+00 2.343323447252175562e+00 2.346490444840625855e+00 2.355968127994573003e+00 2.371686743770205386e+00 2.393530622226768045e+00 2.421339049209964234e+00 2.454907478955233646e+00 2.493989077302305013e+00 2.538296583801924466e+00 2.587504478574326416e+00 2.641251437465214291e+00 2.699143056856353695e+00 2.760754827441118220e+00 2.825635334385773856e+00 2.893309659579650361e+00 2.963282960144358658e+00 3.035044196035808994e+00 3.108069978442902670e+00 3.181828509772178126e+00 3.255783585315191520e+00 3.329398626230422931e+00 3.402140713237347569e+00 3.473484590419019469e+00 3.542916608760861674e+00 3.609938579515674650e+00 3.674071508174714840e+00 3.734859180736561424e+00 3.791871575092774282e+00 3.844708071683116568e+00 3.893000439103494248e+00 3.936415572064895230e+00 3.974657960988627892e+00 4.007471874567468895e+00 4.034643238808632404e+00 4.056001198385836837e+00 4.071419348546881700e+00 4.080816628331373153e+00 4.084157868431638860e+00 4.081453989658740511e+00 4.072761850634853076e+00 4.058183746002873349e+00 4.037866559103666653e+00 4.012000575700513494e+00 3.980817967909299426e+00 3.944590960001805424e+00 3.903629690169459376e+00 3.858279784647280497e+00 3.808919662785154703e+00 3.755957593699263963e+00 3.699828527024925151e+00 3.640990722008850877e+00 3.579922200711040947e+00 3.517117052422131795e+00 3.453081617531441605e+00 3.388330579994959013e+00 3.323382998244735820e+00 3.258758304845908782e+00 3.194972305441526217e+00 3.132533207526751351e+00 3.071937709362712710e+00 3.013667178878215225e+00 2.958183951718048821e+00 2.905927776685217623e+00 2.857312435697712427e+00 2.812722564047426488e+00 2.772510695219173815e+00 2.736994552813629245e+00 2.706454610232017277e+00 2.681131936737164434e+00 2.661226346320583414e+00 2.646894863495123040e+00 2.638250517715127419e+00 2.635361475619353300e+00 2.638250517715127419e+00 2.646894863495123040e+00 2.661226346320583414e+00 2.681131936737164434e+00 2.706454610232017277e+00 2.736994552813629245e+00 2.772510695219173815e+00 2.812722564047426488e+00 2.857312435697712427e+00 2.905927776685217623e+00 2.958183951718048821e+00 3.013667178878215225e+00 3.071937709362712710e+00 3.132533207526751351e+00 3.194972305441526217e+00 3.258758304845908782e+00 3.323382998244735820e+00 3.388330579994959013e+00 3.453081617531441605e+00 3.517117052422131795e+00 3.579922200711040947e+00 3.640990722008850877e+00 3.699828527024925151e+00 3.755957593699263963e+00 3.808919662785154703e+00 3.858279784647280497e+00 3.903629690169459376e+00 3.944590960001805424e+00 3.980817967909299426e+00 4.012000575700513494e+00 4.037866559103666653e+00 4.058183746002873349e+00 4.072761850634853076e+00 4.081453989658740511e+00 4.084157868431638860e+00 4.080816628331373153e+00 4.071419348546881700e+00 4.056001198385836837e+00 4.034643238808632404e+00
4.051915978731901014e+00 4.022334779565563068e+00 3.987139269636462924e+00 3.946565890361563245e+00 3.900892345708094400e+00 3.850435547868746866e+00 3.795549263790702899e+00 3.736621480358647940e+00 3.674071508174714840e+00 3.608346845869642383e+00 3.539919828703917748e+00 3.469284086861669891e+00 3.396950840290836382e+00 3.323445058189764101e+00 3.249301512273348180e+00 3.175060753763240928e+00 3.101265044630321821e+00 3.028454273969149124e+00 2.957161890500845214e+00 2.887910882081682118e+00 2.821209832740822154e+00 2.757549087184543168e+00 2.697397051890496389e+00 2.641196660880258396e+00 2.589362033009474207e+00 2.542275346161793959e+00 2.500283952086581607e+00 2.463697753793622436e+00 2.432786865424531708e+00 2.407779572375608357e+00 2.388860607166647387e+00 2.376169754152142932e+00 2.369800793673641159e+00 2.369800793673641159e+00 2.376169754152142932e+00 2.388860607166647387e+00 2.407779572375608357e+00 2.432786865424531708e+00 2.463697753793622436e+00 2.500283952086581607e+00 2.542275346161793959e+00 2.589362033009474207e+00 2.641196660880258396e+00 2.697397051890496389e+00 2.757549087184543168e+00 2.821209832740822154e+00 2.887910882081682118e+00 2.957161890500845214e+00 3.028454273969149124e+00 3.101265044630321821e+00 3.175060753763240928e+00 3.249301512273348180e+00 3.323445058189764101e+00 3.396950840290836382e+00 3.469284086861669891e+00 3.539919828703917748e+00 3.608346845869642383e+00 3.674071508174714840e+00 3.736621480358647940e+00 3.795549263790702899e+00 3.850435547868746866e+00 3.900892345708094400e+00 3.946565890361563245e+00 3.987139269636462924e+00 4.022334779565563068e+00 4.051915978731901014e+00 4.075689427925428099e+00 4.093506102005471270e+00 4.105262463338754664e+00 4.110901188759050306e+00 4.110411544632039949e+00 4.103829407287386211e+00 4.091236928779161452e+00 4.072761850634853076e+00 4.048576470931913640e+00 4.018896272678648351e+00 3.983978224053082773e+00 3.944118763549916640e+00 3.899651485482398261e+00 3.850944543565096634e+00 3.798397792447403276e+00 3.742439689060216068e+00 3.683523977464021826e+00 3.622126182532215299e+00 3.558739939255735951e+00 3.493873185703645579e+00 3.428044248708989272e+00 3.361777852162765257e+00 3.295601078384616134e+00 3.230039313392626621e+00 3.165612207013616786e+00 3.102829678658725054e+00 3.042187999237667029e+00 2.984165979101683686e+00 2.929221291094107560e+00 2.877786956754986747e+00 2.830268022480208590e+00 2.787038450985376503e+00 2.748438251781555319e+00 2.714770872546348190e+00 2.686300871283402003e+00 2.663251887021676811e+00 2.645804924528886826e+00 2.634096966118693928e+00 2.628219921136901949e+00 2.628219921136901949e+00 2.634096966118693928e+00 2.645804924528886826e+00 2.663251887021676811e+00 2.686300871283402003e+00 2.714770872546348190e+00 2.748438251781555319e+00 2.787038450985376503e+00 2.830268022480208590e+00 2.877786956754986747e+00 2.929221291094107560e+00 2.984165979101683686e+00 3.042187999237667029e+00 3.102829678658725054e+00 3.165612207013616786e+00 3.230039313392626621e+00 3.295601078384616134e+00 3.361777852162765257e+00 3.428044248708989272e+00 3.493873185703645579e+00 3.558739939255735951e+00 3.622126182532215299e+00 3.683523977464021826e+00 3.742439689060216068e+00 3.798397792447403276e+00 3.850944543565096634e+00 3.899651485482398261e+00 3.944118763549916640e+00 3.983978224053082773e+00 4.018896272678648351e+00 4.048576470931913640e+00 4.072761850634853076e+00 4.091236928779161452e+00 4.103829407287386211e+00 4.110411544632039949e+00 4.110901188759050306e+00 4.105262463338754664e+00 4.093506102005471270e+00 4.075689427925428099e+00
4.091142839408274945e+00 4.064974303038755288e+00 4.033023975154189422e+00 3.995507694810584542e+00 3.952683924387262682e+00 3.904851834040759417e+00 3.852349075749140539e+00 3.795549263790702899e+00 3.734859180736561424e+00 3.670715730127113385e+00 3.603582658931962612e+00 3.533947074646833553e+00 3.462315783445963024e+00 3.389211477172556553e+00 3.315168798102675396e+00 3.240730311350669357e+00 3.166442415489873152e+00 3.092851222435298197e+00 3.020498437872003894e+00 2.949917273511761806e+00 2.881628422221652830e+00 2.816136126593114852e+00 2.753924370812323108e+00 2.695453224757986543e+00 2.641155368097805933e+00 2.591432820788785119e+00 2.546653904819600189e+00 2.507150460277356885e+00 2.473215336889559968e+00 2.445100180099727627e+00 2.423013528497710123e+00 2.407119237060419525e+00 2.397535238183364115e+00 2.394332649916945499e+00 2.397535238183364115e+00 2.407119237060419525e+00 2.423013528497710123e+00 2.445100180099727627e+00 2.473215336889559968e+00 2.507150460277356885e+00 2.546653904819600189e+00 2.591432820788785119e+00 2.641155368097805933e+00 2.695453224757986543e+00 2.753924370812323108e+00 2.816136126593114852e+00 2.881628422221652830e+00 2.949917273511761806e+00 3.020498437872003894e+00 3.092851222435298197e+00 3.166442415489873152e+00 3.240730311350669357e+00 3.315168798102675396e+00 3.389211477172556553e+00 3.462315783445963024e+00 3.533947074646833553e+00 3.603582658931962612e+00 3.670715730127113385e+00 3.734859180736561424e+00 3.795549263790702899e+00 3.852349075749140539e+00 3.904851834040759417e+00 3.952683924387262682e+00 3.995507694810584542e+00 4.033023975154189422e+00 4.064974303038755288e+00 4.091142839408274945e+00 4.111357959186186406e+00 4.125493505034650177e+00 4.133469694774914771e+00 4.135253675663060235e+00 4.130859721403481011e+00 4.120349070501669431e+00 4.103829407287386211e+00 4.081453989658740511e+00 4.053420430285863851e+00 4.019969140649750194e+00 3.981381449857056776e+00 3.937977412645883302e+00 3.890113323361807485e+00 3.838178954919968078e+00 3.782594543860351877e+00 3.723807544534315728e+00 3.662289177215420022e+00 3.598530796494056272e+00 3.533040107680866182e+00 3.466337260098339978e+00 3.398950847074428960e+00 3.331413843159308996e+00 3.264259509561478811e+00 3.198017299038176109e+00 3.133208791476182142e+00 3.070343691162266797e+00 3.009915916269618297e+00 2.952399810381345358e+00 2.898246504939699264e+00 2.847880460357368637e+00 2.801696212163595323e+00 2.760055346993585790e+00 2.723283731476394909e+00 2.691669015147709842e+00 2.665458426424331950e+00 2.644856878442544357e+00 2.630025399200111913e+00 2.621079897969124772e+00 2.618090277383422926e+00 2.621079897969124772e+00 2.630025399200111913e+00 2.644856878442544357e+00 2.665458426424331950e+00 2.691669015147709842e+00 2.723283731476394909e+00 2.760055346993585790e+00 2.801696212163595323e+00 2.847880460357368637e+00 2.898246504939699264e+00 2.952399810381345358e+00 3.009915916269618297e+00 3.070343691162266797e+00 3.133208791476182142e+00 3.198017299038176109e+00 3.264259509561478811e+00 3.331413843159308996e+00 3.398950847074428960e+00 3.466337260098339978e+00 3.533040107680866182e+00 3.598530796494056272e+00 3.662289177215420022e+00 3.723807544534315728e+00 3.782594543860351877e+00 3.838178954919968078e+00 3.890113323361807485e+00 3.937977412645883302e+00 3.981381449857056776e+00 4.019969140649750194e+00 4.053420430285863851e+00 4.081453989658740511e+00 4.103829407287386211e+00 4.120349070501669431e+00 4.130859721403481011e+00 4.135253675663060235e+00 4.133469694774914771e+00 4.125493505034650177e+00 4.111357959186186406e+00
4.124853916501018070e+00 4.102256565505139285e+00 4.073729486503787633e+00 4.039466734455996466e+00 3.999706215507198070e+00 3.954727919883863851e+00 3.904851834040759417e+00 3.850435547868746866e+00 3.791871575092774282e+00 3.729584407173792027e+00 3.664027323057772900e+00 3.595678978974710116e+00 3.525039804166047119e+00 3.452628229897765078e+00 3.378976780387084933e+00 3.304628055323688418e+00 3.230130634493634023e+00 3.156034935609247416e+00 3.082889056806871864e+00 3.011234635393613246e+00 2.941602754303197287e+00 2.874509927360762607e+00 2.810454193859518668e+00 2.749911352123229680e+00 2.693331360673837604e+00 2.641134934351075714e+00 2.593710361250505692e+00 2.551410564669144954e+00 2.514550432386597922e+00 2.483404433578466186e+00 2.458204541473249183e+00 2.439138477540619743e+00 2.426348290555507159e+00 2.419929281337435345e+00 2.419929281337435345e+00 2.426348290555507159e+00 2.439138477540619743e+00 2.458204541473249183e+00 2.483404433578466186e+00 2.514550432386597922e+00 2.551410564669144954e+00 2.593710361250505692e+00 2.641134934351075714e+00 2.693331360673837604e+00 2.749911352123229680e+00 2.810454193859518668e+00 2.874509927360762607e+00 2.941602754303197287e+00 3.011234635393613246e+00 3.082889056806871864e+00 3.156034935609247416e+00 3.230130634493634023e+00 3.304628055323688418e+00 3.378976780387084933e+00 3.452628229897765078e+00 3.525039804166047119e+00 3.595678978974710116e+00 3.664027323057772900e+00 3.729584407173792027e+00 3.791871575092774282e+00 3.850435547868746866e+00 3.904851834040759417e+00 3.954727919883863851e+00 3.999706215507198070e+00 4.039466734455996466e+00 4.073729486503787633e+00 4.102256565505139285e+00 4.124853916501018070e+00 4.141372768710862573e+00 4.151710723588966978e+00 4.155812489748504035e+00 4.153670259244459650e+00 4.145323722436500269e+00 4.130859721403481011e+00 4.110411544632039949e+00 4.084157868431638860e+00 4.052321353216631117e+00 4.015166905422009158e+00 3.972999618363516561e+00 3.926162407795389608e+00 3.875033360241399105e+00 3.820022814359763430e+00 3.761570197632828627e+00 3.700140642533124247e+00 3.636221407994019827e+00 3.570318133493262991e+00 3.502950954329554722e+00 3.434650507726801916e+00 3.365953860229246697e+00 3.297400387447484871e+00 3.229527637575472454e+00 3.162867210219692637e+00 3.097940681962340737e+00 3.035255609722005588e+00 2.975301642380298262e+00 2.918546770315970207e+00 2.865433741435398307e+00 2.816376671018018030e+00 2.771757871216994129e+00 2.731924924380398689e+00 2.697188022499142690e+00 2.667817593059079062e+00 2.644042229391501575e+00 2.626046941295234749e+00 2.613971739262546112e+00 2.607910563098465140e+00 2.607910563098465140e+00 2.613971739262546112e+00 2.626046941295234749e+00 2.644042229391501575e+00 2.667817593059079062e+00 2.697188022499142690e+00 2.731924924380398689e+00 2.771757871216994129e+00 2.816376671018018030e+00 2.865433741435398307e+00 2.918546770315970207e+00 2.975301642380298262e+00 3.035255609722005588e+00 3.097940681962340737e+00 3.162867210219692637e+00 3.229527637575472454e+00 3.297400387447484871e+00 3.365953860229246697e+00 3.434650507726801916e+00 3.502950954329554722e+00 3.570318133493262991e+00 3.636221407994019827e+00 3.700140642533124247e+00 3.761570197632828627e+00 3.820022814359763430e+00 3.875033360241399105e+00 3.926162407795389608e+00 3.972999618363516561e+00 4.015166905422009158e+00 4.052321353216631117e+00 4.084157868431638860e+00 4.110411544632039949e+00 4.130859721403481011e+00 4.145323722436500269e+00 4.153670259244459650e+00 4.155812489748504035e+00 4.151710723588966978e+00 4.141372768710862573e+00
4.152792648358146543e+00 4.133902431255602750e+00 4.108955143174567226e+00 4.078122012522224615e+00 4.041619205371226542e+00 3.999706215507198070e+00 3.952683924387262682e+00 3.900892345708094400e+00 3.844708071683116568e+00 3.784541440399519008e+00 3.720833445749536228e+00 3.654052413390755039e+00 3.584690467972100336e+00 3.513259818452176386e+00 3.440288889722483479e+00 3.366318329919434138e+00 3.291896923756795434e+00 3.217577442927302300e+00 3.143912465103025244e+00 3.071450193305063081e+00 3.000730307412448727e+00 2.932279879337725603e+00 2.866609382914421911e+00 2.804208828823194111e+00 2.745544053934212858e+00 2.691053193270706245e+00 2.641143361411282697e+00 2.596187568557343894e+00 2.556521894708662757e+00 2.522442943428596429e+00 2.494205594555357841e+00 2.472021072943447528e+00 2.456055347917051268e+00 2.446427875603201851e+00 2.443210693705918146e+00 2.446427875603201851e+00 2.456055347917051268e+00 2.472021072943447528e+00 2.494205594555357841e+00 2.522442943428596429e+00 2.556521894708662757e+00 2.596187568557343894e+00 2.641143361411282697e+00 2.691053193270706245e+00 2.745544053934212858e+00 2.804208828823194111e+00 2.866609382914421911e+00 2.932279879337725603e+00 3.000730307412448727e+00 3.071450193305063081e+00 3.143912465103025244e+00 3.217577442927302300e+00 3.291896923756795434e+00 3.366318329919434138e+00 3.440288889722483479e+00 3.513259818452176386e+00 3.584690467972100336e+00 3.654052413390755039e+00 3.720833445749536228e+00 3.784541440399519008e+00 3.844708071683116568e+00 3.900892345708094400e+00 3.952683924387262682e+00 3.999706215507198070e+00 4.041619205371226542e+00 4.078122012522224615e+00 4.108955143174567226e+00 4.133902431255602750e+00 4.152792648358146543e+00 4.165500771418280124e+00 4.171948898538197170e+00 4.172106806052032546e+00 4.165992142663259123e+00 4.153670259244459650e+00 4.135253675663060235e+00 4.110901188759050306e+00 4.080816628331373153e+00 4.045247270668224537e+00 4.004481921762283569e+00 3.958848684865103440e+00 3.908712429436503211e+00 3.854471980816530419e+00 3.796557052071896976e+00 3.735424941429982937e+00 3.671557020496161172e+00 3.605455040041164239e+00 3.537637281532072020e+00 3.468634583752896017e+00 3.398986274809680186e+00 3.329236040533320562e+00 3.259927760775370942e+00 3.191601345334549311e+00 3.124788601252242781e+00 3.060009162974488106e+00 2.997766516397095682e+00 2.938544147093708148e+00 2.882801842079119492e+00 2.830972173289049376e+00 2.783457189572121848e+00 2.740625342400186071e+00 2.702808668721691898e+00 2.670300252423081222e+00 2.643351983739968158e+00 2.622172633689443977e+00 2.606926258194496526e+00 2.597730944059440716e+00 2.594657906350640530e+00 2.597730944059440716e+00 2.606926258194496526e+00 2.622172633689443977e+00 2.643351983739968158e+00 2.670300252423081222e+00 2.702808668721691898e+00 2.740625342400186071e+00 2.783457189572121848e+00 2.830972173289049376e+00 2.882801842079119492e+00 2.938544147093708148e+00 2.997766516397095682e+00 3.060009162974488106e+00 3.124788601252242781e+00 3.191601345334549311e+00 3.259927760775370942e+00 3.329236040533320562e+00 3.398986274809680186e+00 3.468634583752896017e+00 3.537637281532072020e+00 3.605455040041164239e+00 3.671557020496161172e+00 3.735424941429982937e+00 3.796557052071896976e+00 3.854471980816530419e+00 3.908712429436503211e+00 3.958848684865103440e+00 4.004481921762283569e+00 4.045247270668224537e+00 4.080816628331373153e+00 4.110901188759050306e+00 4.135253675663060235e+00 4.153670259244459650e+00 4.165992142663259123e+00 4.172106806052032546e+00 4.171948898538197170e+00 4.165500771418280124e+00
4.174746404360360152e+00 4.159675710400740023e+00 4.138442097082264404e+00 4.111193070623435197e+00 4.078122012522224615e+00 4.039466734455996466e+00 3.995507694810584542e+00 3.946565890361563245e+00 3.893000439103494248e+00 3.835205872574171337e+00 3.773609158232496430e+00 3.708666474503905963e+00 3.640859762990513726e+00 3.570693084040017506e+00 3.498688803365119782e+00 3.425383638692114818e+00 3.351324596483847618e+00 3.277064829620173203e+00 3.203159447521993997e+00 3.130161310568413402e+00 3.058616840777561574e+00 2.989061880599579890e+00 2.922017631305720453e+00 2.857986701853512557e+00 2.797449298268981810e+00 2.740859582519330928e+00 2.688642228561524572e+00 2.641189201753525673e+00 2.598856786117036410e+00 2.561962882056380231e+00 2.530784595081863486e+00 2.505556133873429570e+00 2.486467033668256388e+00 2.473660718482248111e+00 2.467233413098846917e+00 2.467233413098846917e+00 2.473660718482248111e+00 2.486467033668256388e+00 2.505556133873429570e+00 2.530784595081863486e+00 2.561962882056380231e+00 2.598856786117036410e+00 2.641189201753525673e+00 2.688642228561524572e+00 2.740859582519330928e+00 2.797449298268981810e+00 2.857986701853512557e+00 2.922017631305720453e+00 2.989061880599579890e+00 3.058616840777561574e+00 3.130161310568413402e+00 3.203159447521993997e+00 3.277064829620173203e+00 3.351324596483847618e+00 3.425383638692114818e+00 3.498688803365119782e+00 3.570693084040017506e+00 3.640859762990513726e+00 3.708666474503905963e+00 3.773609158232496430e+00 3.835205872574171337e+00 3.893000439103494248e+00 3.946565890361563245e+00 3.995507694810584542e+00 4.039466734455996466e+00 4.078122012522224615e+00 4.111193070623435197e+00 4.138442097082264404e+00 4.159675710400740023e+00 4.174746404360360152e+00 4.183553643803988642e+00 4.186044602811082704e+00 4.182214539699593558e+00 4.172106806052032546e+00 4.155812489748504035e+00 4.133469694774914771e+00 4.105262463338754664e+00 4.071419348546881700e+00 4.032211648558835293e+00 3.987951315705105859e+00 3.938988556532992291e+00 3.885709141094304542e+00 3.828531442001215535e+00 3.767903225832483383e+00 3.704298221355994958e+00 3.638212490731298931e+00 3.570160631354009961e+00 3.500671837291847055e+00 3.430285850329285235e+00 3.359548831476756092e+00 3.289009184404105834e+00 3.219213362622517227e+00 3.150701692361185025e+00 3.084004242963972686e+00 3.019636776267951017e+00 2.958096805822835407e+00 2.899859795972605792e+00 2.845375529754244237e+00 2.795064673281868917e+00 2.749315562787117528e+00 2.708481238790148904e+00 2.672876749992703083e+00 2.642776747429847806e+00 2.618413387205863696e+00 2.599974557789034524e+00 2.587602445367860771e+00 2.581392448196142997e+00 2.581392448196142997e+00 2.587602445367860771e+00 2.599974557789034524e+00 2.618413387205863696e+00 2.642776747429847806e+00 2.672876749992703083e+00 2.708481238790148904e+00 2.749315562787117528e+00 2.795064673281868917e+00 2.845375529754244237e+00 2.899859795972605792e+00 2.958096805822835407e+00 3.019636776267951017e+00 3.084004242963972686e+00 3.150701692361185025e+00 3.219213362622517227e+00 3.289009184404105834e+00 3.359548831476756092e+00 3.430285850329285235e+00 3.500671837291847055e+00 3.570160631354009961e+00 3.638212490731298931e+00 3.704298221355994958e+00 3.767903225832483383e+00 3.828531442001215535e+00 3.885709141094304542e+00 3.938988556532992291e+00 3.987951315705105859e+00 4.032211648558835293e+00 4.071419348546881700e+00 4.105262463338754664e+00 4.133469694774914771e+00 4.155812489748504035e+00 4.172106806052032546e+00 4.182214539699593558e+00 4.186044602811082704e+00 4.183553643803988642e+00
4.190548103168445060e+00 4.179384947558889785e+00 4.161975264969568933e+00 4.138442097082264404e+00 4.108955143174567226e+00 4.073729486503787633e+00 4.033023975154189422e+00 3.987139269636462924e+00 3.936415572064895230e+00 3.881230054161488141e+00 3.821994003628800041e+00 3.759149710577249781e+00 3.693167117671459110e+00 3.624540259459151148e+00 3.553783517951230042e+00 3.481427722920875656e+00 3.408016126572065208e+00 3.334100283184927349e+00 3.260235865069434524e+00 3.186978446644629148e+00 3.114879288704202054e+00 3.044481154928840194e+00 2.976314192461524399e+00 2.910891907875469808e+00 2.848707269139665765e+00 2.790228963229251846e+00 2.735897837844690983e+00 2.686123554303823990e+00 2.641281477065080541e+00 2.601709823540560240e+00 2.567707095878140944e+00 2.539529814247210915e+00 2.517390568869465106e+00 2.501456405611770073e+00 2.491847557421001280e+00 2.488636531250152828e+00 2.491847557421001280e+00 2.501456405611770073e+00 2.517390568869465106e+00 2.539529814247210915e+00 2.567707095878140944e+00 2.601709823540560240e+00 2.641281477065080541e+00 2.686123554303823990e+00 2.735897837844690983e+00 2.790228963229251846e+00 2.848707269139665765e+00 2.910891907875469808e+00 2.976314192461524399e+00 3.044481154928840194e+00 3.114879288704202054e+00 3.186978446644629148e+00 3.260235865069434524e+00 3.334100283184927349e+00 3.408016126572065208e+00 3.481427722920875656e+00 3.553783517951230042e+00 3.624540259459151148e+00 3.693167117671459110e+00 3.759149710577249781e+00 3.821994003628800041e+00 3.881230054161488141e+00 3.936415572064895230e+00 3.987139269636462924e+00 4.033023975154189422e+00 4.073729486503787633e+00 4.108955143174567226e+00 4.138442097082264404e+00 4.161975264969568933e+00 4.179384947558889785e+00 4.190548103168445060e+00 4.195389266132726114e+00 4.193881103071917416e+00 4.186044602811082704e+00 4.171948898538197170e+00 4.151710723588966978e+00 4.125493505034650177e+00 4.093506102005471270e+00 4.056001198385836837e+00 4.013273362147711687e+00 3.965656786125288047e+00 3.913522727458095929e+00 3.857276665222607814e+00 3.797355197916578717e+00 3.734222704439702500e+00 3.668367794013446925e+00 3.600299572088560662e+00 3.530543750688389437e+00 3.459638632819335147e+00 3.388131001537281861e+00 3.316571944983582210e+00 3.245512649190521959e+00 3.175500190700425662e+00 3.107073361042978821e+00 3.040758554871731079e+00 2.977065753075118337e+00 2.916484631453343468e+00 2.859480824595581172e+00 2.806492373409542385e+00 2.757926383356419375e+00 2.714155918839311621e+00 2.675517157394597945e+00 2.642306825357058297e+00 2.614779934525974792e+00 2.593147837067186767e+00 2.577576613462673638e+00 2.568185805783052889e+00 2.565047505928813365e+00 2.568185805783052889e+00 2.577576613462673638e+00 2.593147837067186767e+00 2.614779934525974792e+00 2.642306825357058297e+00 2.675517157394597945e+00 2.714155918839311621e+00 2.757926383356419375e+00 2.806492373409542385e+00 2.859480824595581172e+00 2.916484631453343468e+00 2.977065753075118337e+00 3.040758554871731079e+00 3.107073361042978821e+00 3.175500190700425662e+00 3.245512649190521959e+00 3.316571944983582210e+00 3.388131001537281861e+00 3.459638632819335147e+00 3.530543750688389437e+00 3.600299572088560662e+00 3.668367794013446925e+00 3.734222704439702500e+00 3.797355197916578717e+00 3.857276665222607814e+00 3.913522727458095929e+00 3.965656786125288047e+00 4.013273362147711687e+00 4.056001198385836837e+00 4.093506102005471270e+00 4.125493505034650177e+00 4.151710723588966978e+00 4.171948898538197170e+00 4.186044602811082704e+00 4.193881103071917416e+00 4.195389266132726114e+00
4.200077484313143650e+00 4.192884870010304077e+00 4.179384947558889785e+00 4.159675710400740023e+00 4.133902431255602750e+00 4.102256565505139285e+00 4.064974303038755288e+00 4.022334779565563068e+00 3.974657960988627892e+00 3.922302216925987128e+00 3.865661601828953575e+00 3.805162864373759835e+00 3.741262207870998058e+00 3.674441826332345062e+00 3.605206242541955763e+00 3.534078475986989432e+00 3.461596069797124642e+00 3.388307006916225550e+00 3.314765546572944199e+00 3.241528012723913665e+00 3.169148566509336629e+00 3.098174994882924693e+00 3.029144547455536074e+00 2.962579853225610904e+00 2.898984948261974282e+00 2.838841444560875615e+00 2.782604869225258515e+00 2.730701201818714896e+00 2.683523636238940302e+00 2.641429591747521233e+00 2.604737995897274949e+00 2.573726860029842634e+00 2.548631165790217423e+00 2.529641078738683380e+00 2.516900502651889138e+00 2.510505985512708538e+00 2.510505985512708538e+00 2.516900502651889138e+00 2.529641078738683380e+00 2.548631165790217423e+00 2.573726860029842634e+00 2.604737995897274949e+00 2.641429591747521233e+00 2.683523636238940302e+00 2.730701201818714896e+00 2.782604869225258515e+00 2.838841444560875615e+00 2.898984948261974282e+00 2.962579853225610904e+00 3.029144547455536074e+00 3.098174994882924693e+00 3.169148566509336629e+00 3.241528012723913665e+00 3.314765546572944199e+00 3.388307006916225550e+00 3.461596069797124642e+00 3.534078475986989432e+00 3.605206242541955763e+00 3.674441826332345062e+00 3.741262207870998058e+00 3.805162864373759835e+00 3.865661601828953575e+00 3.922302216925987128e+00 3.974657960988627892e+00 4.022334779565563068e+00 4.064974303038755288e+00 4.102256565505139285e+00 4.133902431255602750e+00 4.159675710400740023e+00 4.179384947558889785e+00 4.192884870010304077e+00 4.200077484313143650e+00 4.200912813052528172e+00 4.195389266132726114e+00 4.183553643803988642e+00 4.165500771418280124e+00 4.141372768710862573e+00 4.111357959186186406e+00 4.075689427925428099e+00 4.034643238808632404e+00 3.988536324736356775e+00 3.937724066924189970e+00 3.882597581709633427e+00 3.823580735536638908e+00 3.761126910851514182e+00 3.695715547539339951e+00 3.627848486237989167e+00 3.558046141374287430e+00 3.486843533062386147e+00 3.414786208078158580e+00 3.342426080967154434e+00 3.270317226951059197e+00 3.199011658663866609e+00 3.129055118871612251e+00 3.060982921207260343e+00 2.995315870586360063e+00 2.932556294362108407e+00 2.873184214435021033e+00 2.817653689459045818e+00 2.766389354990783200e+00 2.719783187921346101e+00 2.678191519822777256e+00 2.641932321945880346e+00 2.611282782538175251e+00 2.586477194925243861e+00 2.567705172432917404e+00 2.555110203739562547e+00 2.548788559656103292e+00 2.548788559656103292e+00 2.555110203739562547e+00 2.567705172432917404e+00 2.586477194925243861e+00 2.611282782538175251e+00 2.641932321945880346e+00 2.678191519822777256e+00 2.719783187921346101e+00 2.766389354990783200e+00 2.817653689459045818e+00 2.873184214435021033e+00 2.932556294362108407e+00 2.995315870586360063e+00 3.060982921207260343e+00 3.129055118871612251e+00 3.199011658663866609e+00 3.270317226951059197e+00 3.342426080967154434e+00 3.414786208078158580e+00 3.486843533062386147e+00 3.558046141374287430e+00 3.627848486237989167e+00 3.695715547539339951e+00 3.761126910851514182e+00 3.823580735536638908e+00 3.882597581709633427e+00 3.937724066924189970e+00 3.988536324736356775e+00 4.034643238808632404e+00 4.075689427925428099e+00 4.111357959186186406e+00 4.141372768710862573e+00 4.165500771418280124e+00 4.183553643803988642e+00 4.195389266132726114e+00 4.200912813052528172e+00
